iddespesa,data_transacao,nomefornecedor,nomeproduto,quantidade,preco_unitario,valor_total_despesa
1,2025-09-19,Freitas Cassiano e Filhos,Pomada para Assaduras Rexona 90g,19,148,2827
2,2025-09-19,Freitas Cassiano e Filhos,Omeprazol Pomada 30g - EMS (Genérico),164,14,2334
3,2025-09-19,Freitas Cassiano e Filhos,Escitalopram 25mg - 30 Comprimidos - Aché,263,8,2260
4,2025-09-19,Freitas Cassiano e Filhos,Vacina contra Anemia - Dose Única,167,5,969
5,2025-09-19,Freitas Cassiano e Filhos,Fluoxetina 25mg - 30 Comprimidos - Aché,435,5,2333
6,2025-12-22,Monteiro - ME,Vacina contra Hipertensão - Reforço,111,22,2512
7,2025-12-22,Monteiro - ME,Losartana Potássica 500mg - 20 Comprimidos - Aché,226,7,1710
8,2025-12-22,Monteiro - ME,Creme Dental Nivea Tamanho G (32 un),493,4,2055
9,2025-12-22,Monteiro - ME,Vacina contra Hipertireoidismo - Reforço,396,0,54
10,2025-12-22,Monteiro - ME,Sertralina Suspensão Oral 50ml - Eurofarma,397,5,2340
11,2025-12-22,Monteiro - ME,Soro Fisiológico CeraVe FPS 50,451,3,1570
12,2025-12-22,Monteiro - ME,Escitalopram 25mg - 30 Comprimidos - Medley (Genérico),455,1,780
13,2025-12-22,Monteiro - ME,Cefalexina 1g - 10 Comprimidos - Medley (Genérico),252,9,2372
14,2025-12-22,Monteiro - ME,Metformina 500mg - 20 Comprimidos - Neo Química (Genérico),76,47,3624
15,2026-03-15,Vieira das Neves Ltda.,Álcool em Gel 70% Johnson's 50 Metros,293,8,2576
16,2026-01-24,Monteiro - ME,Loratadina 500mg - 20 Comprimidos - Neo Química (Genérico),408,4,1754
17,2026-01-24,Monteiro - ME,Tadalafila Suspensão Oral 50ml - EMS (Genérico),306,8,2461
18,2026-01-24,Monteiro - ME,Dipirona Sódica Pomada 30g - Medley (Genérico),429,3,1422
19,2026-08-21,da Luz,Vacina contra COVID-19 - Dose Única,350,3,1156
20,2025-10-02,Monteiro Ltda.,Fralda Descartável Listerine 50g,350,11,4070
21,2025-10-02,Monteiro Ltda.,Vacina contra Gripe - Reforço,360,6,2257
22,2025-10-02,Monteiro Ltda.,Vacina contra Depressão - Dose Única,248,3,925
23,2025-10-30,Andrade,Desodorante Roll-on Bepantol 50g,159,13,2098
24,2025-10-30,Andrade,Fluoxetina 50mg - 30 Comprimidos - Eurofarma,481,6,2917
25,2025-10-30,Andrade,Azitromicina Xarope 120ml - Aché,247,1,480
26,2025-10-30,Andrade,Vacina contra Ansiedade - Dose Única,179,25,4616
27,2025-10-30,Andrade,Clonazepam 25mg - 30 Comprimidos - Bayer,330,6,1991
28,2025-10-30,Andrade,Desodorante Roll-on G-Tech Tamanho M (40 un),421,2,1172
29,2025-12-15,Castro,Amoxicilina 25mg - 30 Comprimidos - Eurofarma,176,16,2991
30,2025-12-15,Castro,Atenolol Gotas 20ml - Eurofarma,179,1,349
31,2025-12-15,Castro,Pomada para Assaduras Needs 90g,361,8,3158
32,2025-12-15,Castro,Metformina 1g - 10 Comprimidos - Neo Química (Genérico),234,8,1879
33,2025-12-15,Castro,Enxaguante Bucal Sempre Livre Tamanho G (32 un),238,8,2018
34,2025-12-15,Castro,Água Micelar Dove 150ml,231,8,1854
35,2025-12-15,Castro,Metformina Suspensão Oral 50ml - Bayer,165,22,3716
36,2026-08-21,Sousa,Escitalopram 25mg - 30 Comprimidos - Aché,214,8,1903
37,2026-08-21,Sousa,Sérum Vitamina C Nivea 200ml,12,166,1998
38,2026-08-21,Sousa,Fluoxetina 25mg - 30 Comprimidos - EMS (Genérico),397,5,2184
39,2026-08-21,Sousa,Shampoo Anticaspa Huggies 400ml,474,3,1603
40,2026-08-21,Sousa,Vacina contra Colesterol Alto - Reforço,296,8,2570
41,2026-08-21,Sousa,Omeprazol Pomada 30g - Bayer,413,5,2119
42,2026-08-21,Sousa,Pomada para Assaduras G-Tech 50 Metros,242,4,1083
43,2026-04-30,Monteiro Ltda.,Protetor Solar Facial Johnson's 90g,100,10,1003
44,2026-04-30,Monteiro Ltda.,Pomada para Assaduras Vichy FPS 70,245,9,2242
45,2026-04-30,Monteiro Ltda.,Nimesulida Suspensão Oral 50ml - Aché,221,7,1666
46,2026-04-30,Monteiro Ltda.,Sildenafila Suspensão Oral 50ml - Eurofarma,76,31,2372
47,2026-04-30,Monteiro Ltda.,Enxaguante Bucal Dove 50 Metros,63,17,1100
48,2026-04-30,Monteiro Ltda.,Azitromicina Xarope 120ml - Aché,198,3,608
49,2026-04-30,Monteiro Ltda.,Atenolol 1g - 10 Comprimidos - Eurofarma,155,16,2486
50,2026-04-30,Monteiro Ltda.,Tadalafila 50mg - 30 Comprimidos - Eurofarma,121,19,2309
51,2026-04-30,Monteiro Ltda.,Água Micelar Vichy 500ml,409,6,2473
52,2026-04-30,Monteiro Ltda.,Sinvastatina Pomada 30g - Bayer,459,3,1613
53,2026-03-20,Nascimento S.A.,Metformina Gotas 20ml - Bayer,265,4,1260
54,2026-03-20,Nascimento S.A.,Atenolol 1g - 10 Comprimidos - Aché,234,2,599
55,2026-03-20,Nascimento S.A.,Vacina contra Hipertireoidismo - Reforço,43,65,2807
56,2026-03-20,Nascimento S.A.,Sabonete Líquido Clear 90g,316,9,3092
57,2025-10-27,Aragão e Filhos,Nimesulida 50mg - 30 Comprimidos - Medley (Genérico),214,6,1458
58,2025-10-27,Aragão e Filhos,Ibuprofeno Pomada 30g - Bayer,491,2,1448
59,2025-10-27,Aragão e Filhos,Absorvente com Abas Nivea 200ml,159,11,1807
60,2025-11-14,Nascimento,Paracetamol 25mg - 30 Comprimidos - Medley (Genérico),98,21,2105
61,2025-11-14,Nascimento,Hastes Flexíveis (Cotonetes) Rexona 150ml,397,6,2466
62,2025-11-14,Nascimento,Água Micelar La Roche-Posay 50 Metros,199,3,728
63,2025-11-14,Nascimento,Ibuprofeno 50mg - 30 Comprimidos - Bayer,24,87,2098
64,2025-11-14,Nascimento,Curativos (Band-Aid) Panvel 50g,141,0,29
65,2025-11-14,Nascimento,Nimesulida Gotas 20ml - Aché,89,5,527
66,2025-11-14,Nascimento,Água Micelar Colgate 200ml,235,9,2307
67,2025-11-14,Nascimento,Fluoxetina 500mg - 20 Comprimidos - Aché,295,3,978
68,2025-11-14,Nascimento,Azitromicina 500mg - 20 Comprimidos - Medley (Genérico),26,119,3099
69,2025-11-14,Nascimento,Sertralina Pomada 30g - Medley (Genérico),187,3,619
70,2025-11-14,Nascimento,Azitromicina 1g - 10 Comprimidos - Medley (Genérico),359,4,1789
71,2025-11-14,Nascimento,Vacina contra Chikungunya - Dose Única,167,3,647
72,2026-02-04,Casa Grande - ME,Creme Hidratante CeraVe 500ml,253,14,3630
73,2026-02-04,Casa Grande - ME,Escitalopram Pomada 30g - Eurofarma,335,6,2045
74,2026-02-04,Casa Grande - ME,Paracetamol Suspensão Oral 50ml - Aché,209,12,2657
75,2026-02-04,Casa Grande - ME,Pomada para Assaduras Vichy FPS 70,274,9,2631
76,2026-02-04,Casa Grande - ME,Vacina contra Zika - Dose Única,443,3,1467
77,2026-02-04,Casa Grande - ME,Vacina contra Trombose - Dose Única,135,16,2223
78,2026-02-04,Casa Grande - ME,Clonazepam Pomada 30g - Medley (Genérico),28,45,1285
79,2026-06-21,Moreira,Paracetamol Suspensão Oral 50ml - Medley (Genérico),205,9,1888
80,2026-06-21,Moreira,Soro Fisiológico Needs 90g,427,4,1874
81,2026-06-21,Moreira,Sabonete em Barra Dove 50g,53,67,3552
82,2026-06-04,Vieira,Sinvastatina Pomada 30g - Bayer,397,5,2054
83,2026-06-04,Vieira,Omeprazol 500mg - 20 Comprimidos - Aché,475,7,3694
84,2026-06-04,Vieira,Dipirona Sódica Xarope 120ml - Neo Química (Genérico),36,48,1736
85,2026-06-04,Vieira,Fluoxetina 25mg - 30 Comprimidos - Neo Química (Genérico),16,82,1323
86,2026-06-04,Vieira,Omeprazol Pomada 30g - EMS (Genérico),200,10,2121
87,2026-06-04,Vieira,Ibuprofeno 25mg - 30 Comprimidos - Medley (Genérico),99,26,2657
88,2026-06-04,Vieira,Vacina contra Leucemia - Reforço,490,3,1686
89,2025-09-28,Macedo Leão S/A,Amoxicilina 500mg - 20 Comprimidos - Eurofarma,429,7,3216
90,2025-09-28,Macedo Leão S/A,Vacina contra Lúpus - Dose Única,185,21,3989
91,2025-09-28,Macedo Leão S/A,Amoxicilina Pomada 30g - Bayer,42,68,2873
92,2025-09-28,Macedo Leão S/A,Tadalafila Suspensão Oral 50ml - EMS (Genérico),394,7,2814
93,2025-09-28,Macedo Leão S/A,Vacina contra Catarata - Dose Única,270,6,1800
94,2025-09-28,Macedo Leão S/A,Vacina contra Rinite - Dose Única,252,6,1529
95,2025-09-28,Macedo Leão S/A,Escitalopram Xarope 120ml - EMS (Genérico),306,4,1418
96,2026-03-12,Nogueira S/A,Vacina contra Rinite - Dose Única,339,2,816
97,2026-03-12,Nogueira S/A,Losartana Potássica 500mg - 20 Comprimidos - Bayer,473,4,2129
98,2026-03-12,Nogueira S/A,Fralda Descartável Bepantol 400ml,486,5,2833
99,2026-03-12,Nogueira S/A,Cefalexina 50mg - 30 Comprimidos - Eurofarma,372,4,1817
100,2026-03-12,Nogueira S/A,Pomada para Assaduras Rexona 90g,313,4,1507
101,2026-03-12,Nogueira S/A,Ibuprofeno Pomada 30g - Bayer,249,11,2789
102,2026-03-12,Nogueira S/A,Dipirona Sódica 500mg - 20 Comprimidos - Medley (Genérico),165,6,1107
103,2026-03-12,Nogueira S/A,Condicionador Hidratação Needs 200ml,74,41,3093
104,2026-03-12,Nogueira S/A,Absorvente com Abas Colgate 400ml,455,4,2149
105,2026-03-12,Nogueira S/A,Shampoo Anticaspa Huggies FPS 70,141,16,2258
106,2026-01-15,Barros,Clonazepam Xarope 120ml - EMS (Genérico),276,6,1759
107,2026-01-15,Barros,Sérum Vitamina C Needs FPS 70,154,10,1690
108,2026-01-15,Barros,Água Micelar Panvel 150ml,172,12,2142
109,2026-01-15,Barros,Creme Hidratante Sempre Livre 400ml,145,6,976
110,2026-01-15,Barros,Hastes Flexíveis (Cotonetes) Rexona 150ml,261,8,2334
111,2026-01-15,Barros,Azitromicina 25mg - 30 Comprimidos - Medley (Genérico),462,2,1061
112,2026-01-15,Barros,Escitalopram Xarope 120ml - Aché,395,3,1309
113,2026-01-15,Barros,Vacina contra Hipertensão - Reforço,114,14,1605
114,2026-01-15,Barros,Losartana Potássica Pomada 30g - Neo Química (Genérico),269,0,155
115,2026-01-15,Barros,Vacina contra Psoríase - Dose Única,19,172,3281
116,2026-01-15,Barros,Ibuprofeno Suspensão Oral 50ml - Bayer,405,2,1188
117,2026-01-15,Barros,Tadalafila Gotas 20ml - Eurofarma,59,19,1129
118,2025-10-04,Mendonça - EI,Cefalexina Suspensão Oral 50ml - Medley (Genérico),81,40,3258
119,2025-10-04,Mendonça - EI,Termômetro Digital Listerine 50g,292,7,2287
120,2025-10-04,Mendonça - EI,Ibuprofeno Xarope 120ml - Medley (Genérico),159,14,2276
121,2025-10-04,Mendonça - EI,Fluoxetina 500mg - 20 Comprimidos - Bayer,136,14,2037
122,2025-10-04,Mendonça - EI,Curativos (Band-Aid) Bepantol Tamanho M (40 un),94,31,2924
123,2025-10-04,Mendonça - EI,Álcool em Gel 70% Rexona 150ml,410,2,1069
124,2025-10-04,Mendonça - EI,Atenolol Suspensão Oral 50ml - Neo Química (Genérico),31,33,1041
125,2026-03-04,Barbosa Martins S.A.,Diclofenaco 500mg - 20 Comprimidos - Medley (Genérico),227,2,466
126,2026-03-04,Barbosa Martins S.A.,Amoxicilina Pomada 30g - Bayer,479,3,1782
127,2026-03-04,Barbosa Martins S.A.,Termômetro Digital Bepantol 150ml,381,4,1556
128,2026-03-04,Barbosa Martins S.A.,Vacina contra Lúpus - Reforço,387,4,1811
129,2026-03-04,Barbosa Martins S.A.,Paracetamol Pomada 30g - EMS (Genérico),251,10,2607
130,2026-03-04,Barbosa Martins S.A.,Nimesulida 1g - 10 Comprimidos - EMS (Genérico),414,8,3348
131,2026-08-17,da Paz - EI,Vacina contra Tuberculose - Dose Única,295,6,1889
132,2026-08-17,da Paz - EI,Cefalexina Gotas 20ml - EMS (Genérico),320,2,780
133,2026-08-17,da Paz - EI,Paracetamol 25mg - 30 Comprimidos - Neo Química (Genérico),438,1,463
134,2026-08-17,da Paz - EI,Ibuprofeno Suspensão Oral 50ml - EMS (Genérico),300,10,3188
135,2026-08-17,da Paz - EI,Pantoprazol 25mg - 30 Comprimidos - Neo Química (Genérico),147,22,3273
136,2026-08-17,da Paz - EI,Curativos (Band-Aid) Pampers Tamanho G (32 un),489,6,3363
137,2026-01-03,Montenegro - EI,Álcool em Gel 70% Johnson's 50 Metros,236,9,2153
138,2026-01-03,Montenegro - EI,Soro Fisiológico Dove FPS 70,481,7,3643
139,2026-01-03,Montenegro - EI,Água Micelar La Roche-Posay 50 Metros,209,9,1960
140,2026-01-03,Montenegro - EI,Metformina Gotas 20ml - EMS (Genérico),84,17,1460
141,2026-01-03,Montenegro - EI,Cefalexina 50mg - 30 Comprimidos - Neo Química (Genérico),131,6,841
142,2026-01-03,Montenegro - EI,Vacina contra Lúpus - Reforço,42,24,1040
143,2026-04-03,da Cruz,Sildenafila 50mg - 30 Comprimidos - Medley (Genérico),299,2,800
144,2026-04-03,da Cruz,Fralda Descartável Needs 150ml,133,13,1770
145,2026-04-03,da Cruz,Escitalopram 1g - 10 Comprimidos - EMS (Genérico),332,10,3480
146,2026-04-03,da Cruz,Sertralina Pomada 30g - Neo Química (Genérico),457,0,347
147,2026-04-03,da Cruz,Leite em Pó Infantil Colgate 150ml,262,8,2190
148,2026-04-03,da Cruz,Loratadina Suspensão Oral 50ml - Eurofarma,79,4,390
149,2026-04-03,da Cruz,Atenolol 1g - 10 Comprimidos - Aché,119,22,2669
150,2026-04-03,da Cruz,Loratadina 1g - 10 Comprimidos - EMS (Genérico),342,3,1080
151,2026-07-07,Vasconcelos S/A,Protetor Solar Facial Panvel 90g,323,0,126
152,2026-07-07,Vasconcelos S/A,Ibuprofeno Suspensão Oral 50ml - EMS (Genérico),135,7,1070
153,2025-11-17,da Mota - EI,Ibuprofeno 50mg - 30 Comprimidos - Aché,113,16,1840
154,2025-11-17,da Mota - EI,Água Micelar Clear Tamanho M (40 un),237,7,1812
155,2025-11-17,da Mota - EI,Enxaguante Bucal Johnson's FPS 50,238,5,1287
156,2025-11-17,da Mota - EI,Ibuprofeno 1g - 10 Comprimidos - Eurofarma,22,97,2150
157,2026-05-05,Sousa Camargo S/A,Cefalexina 500mg - 20 Comprimidos - Medley (Genérico),109,8,889
158,2026-05-05,Sousa Camargo S/A,Atenolol Gotas 20ml - Eurofarma,165,8,1459
159,2026-05-05,Sousa Camargo S/A,Cefalexina 1g - 10 Comprimidos - Medley (Genérico),354,7,2701
160,2026-05-05,Sousa Camargo S/A,Loratadina Xarope 120ml - Aché,99,19,1934
161,2026-05-05,Sousa Camargo S/A,Sinvastatina Suspensão Oral 50ml - Aché,372,5,2037
162,2026-05-05,Sousa Camargo S/A,Azitromicina 50mg - 30 Comprimidos - Medley (Genérico),105,24,2579
163,2026-05-05,Sousa Camargo S/A,Vacina contra Câncer de Mama - Dose Única,245,7,1806
164,2026-05-05,Sousa Camargo S/A,Amoxicilina 50mg - 30 Comprimidos - Aché,446,2,1271
165,2026-05-05,Sousa Camargo S/A,Vacina contra Embolia - Reforço,383,2,900
166,2026-05-05,Sousa Camargo S/A,Vacina contra Glaucoma - Dose Única,17,90,1533
167,2026-05-05,Sousa Camargo S/A,Amoxicilina 50mg - 30 Comprimidos - Eurofarma,352,6,2151
168,2026-04-11,Ramos,Nimesulida Gotas 20ml - EMS (Genérico),34,43,1484
169,2026-04-11,Ramos,Amoxicilina Gotas 20ml - Neo Química (Genérico),375,2,1117
170,2026-04-11,Ramos,Pantoprazol 25mg - 30 Comprimidos - Neo Química (Genérico),263,2,750
171,2026-04-11,Ramos,Escitalopram Suspensão Oral 50ml - Medley (Genérico),43,46,1984
172,2026-04-11,Ramos,Atenolol Pomada 30g - Medley (Genérico),28,75,2122
173,2026-04-11,Ramos,Atenolol Gotas 20ml - Eurofarma,131,28,3723
174,2026-04-11,Ramos,Hidroclorotiazida 25mg - 30 Comprimidos - Aché,333,8,2826
175,2026-03-04,Casa Grande Garcia S.A.,Vacina contra Chikungunya - Dose Única,418,8,3414
176,2026-03-04,Casa Grande Garcia S.A.,Vacina contra Trombose - Dose Única,145,11,1649
177,2026-03-04,Casa Grande Garcia S.A.,Vacina contra Lúpus - Dose Única,208,7,1531
178,2026-03-04,Casa Grande Garcia S.A.,Sabonete Líquido Nivea Tamanho M (40 un),74,45,3388
179,2026-03-04,Casa Grande Garcia S.A.,Pantoprazol Suspensão Oral 50ml - Bayer,139,0,117
180,2026-03-04,Casa Grande Garcia S.A.,Cefalexina 500mg - 20 Comprimidos - Eurofarma,246,3,783
181,2026-03-04,Casa Grande Garcia S.A.,Vacina contra Gripe - Dose Única,369,6,2424
182,2026-03-04,Casa Grande Garcia S.A.,Fluoxetina 25mg - 30 Comprimidos - Neo Química (Genérico),147,12,1804
183,2026-03-04,Casa Grande Garcia S.A.,Sertralina 25mg - 30 Comprimidos - Eurofarma,302,9,2723
184,2026-03-04,Casa Grande Garcia S.A.,Fluoxetina 50mg - 30 Comprimidos - Eurofarma,341,6,2265
185,2026-03-04,Casa Grande Garcia S.A.,Atenolol 1g - 10 Comprimidos - Aché,188,11,2181
186,2026-03-04,Casa Grande Garcia S.A.,Hidroclorotiazida Pomada 30g - EMS (Genérico),431,8,3584
187,2025-12-30,Duarte,Pantoprazol Suspensão Oral 50ml - Bayer,194,14,2827
188,2025-12-30,Duarte,Diclofenaco Gotas 20ml - Aché,296,4,1386
189,2025-12-30,Duarte,Hastes Flexíveis (Cotonetes) Johnson's 90g,417,8,3522
190,2025-12-30,Duarte,Escitalopram 500mg - 20 Comprimidos - Eurofarma,292,9,2649
191,2025-12-30,Duarte,Ibuprofeno Suspensão Oral 50ml - Bayer,308,3,951
192,2025-12-30,Duarte,Sertralina Xarope 120ml - Neo Química (Genérico),476,4,2109
193,2025-12-30,Duarte,Ibuprofeno Pomada 30g - Bayer,419,13,5470
194,2025-12-30,Duarte,Enalapril 500mg - 20 Comprimidos - EMS (Genérico),454,3,1580
195,2025-12-30,Duarte,Soro Fisiológico Clear 50 Metros,382,7,2747
196,2025-12-30,Duarte,Fralda Descartável G-Tech 50g,371,8,3087
197,2026-07-13,Aragão da Conceição - ME,Fluoxetina 500mg - 20 Comprimidos - Eurofarma,298,7,2186
198,2026-07-13,Aragão da Conceição - ME,Sildenafila Suspensão Oral 50ml - Eurofarma,374,2,1022
199,2026-07-13,Aragão da Conceição - ME,Sinvastatina Pomada 30g - EMS (Genérico),312,7,2285
200,2026-07-13,Aragão da Conceição - ME,Cefalexina Pomada 30g - Bayer,392,2,822
201,2026-07-13,Aragão da Conceição - ME,Shampoo Anticaspa Mió 150ml,203,3,736
202,2026-07-13,Aragão da Conceição - ME,Creme Dental Nivea Tamanho G (32 un),419,8,3469
203,2026-07-13,Aragão da Conceição - ME,Azitromicina Xarope 120ml - Aché,200,7,1570
204,2026-07-13,Aragão da Conceição - ME,Diclofenaco 50mg - 30 Comprimidos - Bayer,165,13,2263
205,2025-10-25,Martins,Fralda Descartável G-Tech 50g,241,15,3676
206,2025-10-25,Martins,Paracetamol 25mg - 30 Comprimidos - EMS (Genérico),254,7,1786
207,2025-10-25,Martins,Hastes Flexíveis (Cotonetes) Johnson's 200ml,18,21,390
208,2025-10-25,Martins,Protetor Solar Facial Rexona 50 Metros,497,1,807
209,2026-06-12,Fernandes,Escitalopram 25mg - 30 Comprimidos - Medley (Genérico),243,8,2036
210,2026-06-12,Fernandes,Fralda Descartável G-Tech 50g,159,14,2310
211,2026-06-12,Fernandes,Loratadina 25mg - 30 Comprimidos - Bayer,370,2,875
212,2026-06-12,Fernandes,Vacina contra Osteoporose - Reforço,101,30,3040
213,2026-06-12,Fernandes,Enxaguante Bucal Dove 50 Metros,125,14,1836
214,2026-06-12,Fernandes,Losartana Potássica Pomada 30g - Bayer,314,7,2292
215,2026-06-12,Fernandes,Protetor Solar Corporal Vichy 50 Metros,18,106,1913
216,2026-06-12,Fernandes,Vacina contra Psoríase - Reforço,347,4,1629
217,2026-06-12,Fernandes,Amoxicilina 25mg - 30 Comprimidos - Bayer,259,9,2470
218,2026-06-12,Fernandes,Soro Fisiológico Mió 50g,249,6,1699
219,2026-06-12,Fernandes,Creme Hidratante CeraVe 500ml,377,9,3448
220,2025-09-24,Viana,Loratadina 500mg - 20 Comprimidos - Neo Química (Genérico),293,11,3248
221,2025-09-24,Viana,Sabonete em Barra Mió FPS 70,307,6,1994
222,2025-09-24,Viana,Soro Fisiológico Needs 90g,93,27,2547
223,2025-09-24,Viana,Dipirona Sódica 1g - 10 Comprimidos - Eurofarma,84,50,4273
224,2025-09-24,Viana,Creme Hidratante CeraVe 500ml,180,18,3295
225,2025-12-07,da Cruz Cavalcanti - EI,Paracetamol Gotas 20ml - Aché,231,9,2213
226,2025-12-07,da Cruz Cavalcanti - EI,Amoxicilina 50mg - 30 Comprimidos - Aché,488,4,1964
227,2025-12-07,da Cruz Cavalcanti - EI,Enalapril 500mg - 20 Comprimidos - EMS (Genérico),374,4,1517
228,2025-12-07,da Cruz Cavalcanti - EI,Sertralina Pomada 30g - Neo Química (Genérico),152,7,1175
229,2025-12-07,da Cruz Cavalcanti - EI,Clonazepam 25mg - 30 Comprimidos - Bayer,211,8,1782
230,2026-04-11,Freitas - EI,Enalapril Suspensão Oral 50ml - Medley (Genérico),38,59,2268
231,2026-04-11,Freitas - EI,Fralda Descartável Johnson's FPS 50,191,7,1518
232,2026-04-11,Freitas - EI,Cefalexina 25mg - 30 Comprimidos - Eurofarma,372,8,3305
233,2026-04-11,Freitas - EI,Sertralina Suspensão Oral 50ml - Neo Química (Genérico),433,1,763
234,2026-04-11,Freitas - EI,Vacina contra Parkinson - Reforço,437,8,3666
235,2026-04-11,Freitas - EI,Pomada para Assaduras Dove 150ml,335,13,4474
236,2026-04-11,Freitas - EI,Loratadina 1g - 10 Comprimidos - Bayer,323,5,1619
237,2026-04-11,Freitas - EI,Tadalafila Pomada 30g - Eurofarma,152,14,2188
238,2026-04-11,Freitas - EI,Termômetro Digital Colgate 90g,55,62,3411
239,2026-04-11,Freitas - EI,Nimesulida Gotas 20ml - Aché,327,5,1879
240,2026-04-11,Freitas - EI,Metformina Gotas 20ml - Bayer,21,147,3102
241,2026-04-11,Freitas - EI,Álcool em Gel 70% Nivea FPS 50,15,163,2453
242,2026-07-07,da Mota,Protetor Solar Facial Johnson's 90g,43,13,570
243,2026-07-07,da Mota,Vacina contra Depressão - Dose Única,378,8,3285
244,2026-07-07,da Mota,Creme Hidratante Nivea 50 Metros,461,1,865
245,2026-07-07,da Mota,Escitalopram Pomada 30g - Eurofarma,213,8,1905
246,2026-07-07,da Mota,Curativos (Band-Aid) Pampers Tamanho G (32 un),451,5,2299
247,2026-07-07,da Mota,Losartana Potássica 25mg - 30 Comprimidos - Bayer,33,48,1597
248,2026-07-07,da Mota,Omeprazol Pomada 30g - EMS (Genérico),99,18,1853
249,2026-07-07,da Mota,Nimesulida Gotas 20ml - Aché,465,6,3208
250,2026-06-23,das Neves,Cefalexina Gotas 20ml - EMS (Genérico),76,27,2078
251,2026-06-23,das Neves,Sinvastatina Suspensão Oral 50ml - Medley (Genérico),166,14,2445
252,2026-06-23,das Neves,Vacina contra Artrite - Dose Única,201,3,685
253,2026-06-23,das Neves,Amoxicilina Pomada 30g - Aché,452,7,3293
254,2026-06-23,das Neves,Paracetamol 50mg - 30 Comprimidos - Neo Química (Genérico),203,12,2442
255,2026-06-23,das Neves,Sinvastatina Pomada 30g - Medley (Genérico),29,52,1532
256,2026-06-23,das Neves,Desodorante Roll-on Aptamil 50g,99,33,3303
257,2026-03-06,Garcia,Tadalafila Suspensão Oral 50ml - EMS (Genérico),144,12,1807
258,2026-06-21,Cavalcante,Vacina contra Psoríase - Dose Única,98,16,1631
259,2026-06-21,Cavalcante,Vacina contra Câncer de Mama - Dose Única,190,7,1449
260,2026-06-21,Cavalcante,Metformina Gotas 20ml - Neo Química (Genérico),146,1,182
261,2026-02-20,Sampaio e Filhos,Amoxicilina Gotas 20ml - Neo Química (Genérico),409,3,1546
262,2026-02-20,Sampaio e Filhos,Tadalafila Pomada 30g - Neo Química (Genérico),19,34,647
263,2026-02-20,Sampaio e Filhos,Loratadina Suspensão Oral 50ml - Bayer,408,4,1844
264,2026-02-20,Sampaio e Filhos,Nimesulida 50mg - 30 Comprimidos - EMS (Genérico),328,7,2612
265,2026-02-20,Sampaio e Filhos,Ibuprofeno Xarope 120ml - Aché,276,8,2395
266,2026-02-20,Sampaio e Filhos,Atenolol Gotas 20ml - Eurofarma,189,3,706
267,2026-02-20,Sampaio e Filhos,Protetor Solar Facial Pampers 400ml,475,0,361
268,2026-02-20,Sampaio e Filhos,Escitalopram 25mg - 30 Comprimidos - Aché,306,10,3225
269,2026-02-20,Sampaio e Filhos,Vacina contra Diabetes Tipo 2 - Dose Única,293,5,1593
270,2026-03-29,da Luz,Absorvente com Abas Needs 90g,104,19,2054
271,2026-03-29,da Luz,Pantoprazol 25mg - 30 Comprimidos - Neo Química (Genérico),352,3,1371
272,2026-03-29,da Luz,Ibuprofeno Suspensão Oral 50ml - Bayer,133,16,2216
273,2026-06-06,Freitas - EI,Sildenafila Gotas 20ml - EMS (Genérico),194,9,1786
274,2026-06-06,Freitas - EI,Vacina contra Trombose - Dose Única,241,8,2147
275,2026-06-06,Freitas - EI,Cefalexina Xarope 120ml - Aché,122,16,1967
276,2026-06-06,Freitas - EI,Paracetamol Suspensão Oral 50ml - EMS (Genérico),425,2,1236
277,2026-06-06,Freitas - EI,Vacina contra Cirrose - Reforço,458,2,1170
278,2026-06-06,Freitas - EI,Nimesulida 25mg - 30 Comprimidos - Aché,20,24,495
279,2026-07-17,Monteiro - ME,Desodorante Roll-on Bepantol 50g,362,3,1405
280,2026-07-17,Monteiro - ME,Atenolol Suspensão Oral 50ml - Eurofarma,289,6,1839
281,2026-07-17,Monteiro - ME,Amoxicilina Gotas 20ml - Neo Química (Genérico),445,7,3427
282,2026-07-17,Monteiro - ME,Enalapril 500mg - 20 Comprimidos - Bayer,58,8,475
283,2026-07-17,Monteiro - ME,Azitromicina 50mg - 30 Comprimidos - Medley (Genérico),235,11,2700
284,2026-07-17,Monteiro - ME,Vacina contra Conjuntivite - Reforço,140,20,2918
285,2026-07-17,Monteiro - ME,Sildenafila Suspensão Oral 50ml - Eurofarma,363,6,2362
286,2026-07-17,Monteiro - ME,Amoxicilina 50mg - 30 Comprimidos - EMS (Genérico),359,10,3756
287,2026-07-17,Monteiro - ME,Ibuprofeno 500mg - 20 Comprimidos - Aché,276,16,4591
288,2026-07-17,Monteiro - ME,Fluoxetina Suspensão Oral 50ml - Aché,227,6,1487
289,2025-10-01,Peixoto,Enxaguante Bucal Dove 50 Metros,269,1,383
290,2025-10-01,Peixoto,Condicionador Hidratação Panvel 400ml,188,10,1927
291,2025-10-01,Peixoto,Sildenafila 1g - 10 Comprimidos - EMS (Genérico),365,5,2019
292,2025-10-01,Peixoto,Vacina contra Catarata - Reforço,302,4,1487
293,2025-10-01,Peixoto,Pomada para Assaduras Rexona 90g,22,161,3547
294,2025-10-01,Peixoto,Clonazepam 25mg - 30 Comprimidos - EMS (Genérico),225,9,2223
295,2025-10-01,Peixoto,Tadalafila Gotas 20ml - EMS (Genérico),199,13,2780
296,2025-10-01,Peixoto,Sabonete em Barra Huggies FPS 70,135,17,2389
297,2025-10-01,Peixoto,Soro Fisiológico Sempre Livre 50 Metros,424,5,2261
298,2025-10-01,Peixoto,Metformina Pomada 30g - EMS (Genérico),30,76,2296
299,2025-09-18,Cavalcante,Curativos (Band-Aid) Dove Tamanho M (40 un),111,10,1132
300,2025-09-18,Cavalcante,Fluoxetina Xarope 120ml - Eurofarma,48,22,1076
301,2025-09-18,Cavalcante,Protetor Solar Corporal Panvel 150ml,378,6,2559
302,2025-09-18,Cavalcante,Termômetro Digital CeraVe 150ml,431,4,2133
303,2025-09-18,Cavalcante,Clonazepam 25mg - 30 Comprimidos - Bayer,227,11,2717
304,2026-04-09,Câmara Porto S/A,Diclofenaco Gotas 20ml - Aché,460,4,2002
305,2026-04-09,Câmara Porto S/A,Cefalexina 50mg - 30 Comprimidos - Eurofarma,214,10,2342
306,2026-04-09,Câmara Porto S/A,Sabonete Líquido La Roche-Posay FPS 70,200,3,633
307,2026-04-09,Câmara Porto S/A,Metformina Gotas 20ml - EMS (Genérico),223,1,422
308,2026-04-09,Câmara Porto S/A,Soro Fisiológico Pampers 400ml,412,3,1570
309,2026-04-09,Câmara Porto S/A,Sabonete em Barra Pampers 90g,380,7,2736
310,2026-04-09,Câmara Porto S/A,Shampoo Anticaspa Rexona 90g,145,11,1667
311,2026-04-09,Câmara Porto S/A,Clonazepam 500mg - 20 Comprimidos - Medley (Genérico),263,9,2597
312,2026-04-09,Câmara Porto S/A,Desodorante Roll-on Johnson's FPS 50,450,8,3635
313,2026-04-09,Câmara Porto S/A,Azitromicina Suspensão Oral 50ml - Eurofarma,441,10,4849
314,2025-09-24,Aragão,Soro Fisiológico Dove FPS 70,77,40,3139
315,2025-09-24,Aragão,Dipirona Sódica 50mg - 30 Comprimidos - Medley (Genérico),312,7,2218
316,2026-03-20,Aparecida,Sertralina Pomada 30g - Medley (Genérico),86,28,2480
317,2026-03-20,Aparecida,Fluoxetina Xarope 120ml - Neo Química (Genérico),480,4,2155
318,2026-03-20,Aparecida,Clonazepam Gotas 20ml - Neo Química (Genérico),443,7,3104
319,2026-03-20,Aparecida,Sinvastatina 50mg - 30 Comprimidos - Eurofarma,128,5,753
320,2026-03-20,Aparecida,Azitromicina 1g - 10 Comprimidos - Bayer,120,20,2420
321,2026-03-20,Aparecida,Hidroclorotiazida Pomada 30g - Aché,71,44,3131
322,2026-03-20,Aparecida,Amoxicilina 50mg - 30 Comprimidos - EMS (Genérico),200,14,2830
323,2026-03-20,Aparecida,Fralda Descartável Rexona Tamanho G (32 un),104,22,2324
324,2026-03-20,Aparecida,Protetor Solar Facial Pampers 200ml,330,0,301
325,2026-03-20,Aparecida,Loratadina 500mg - 20 Comprimidos - EMS (Genérico),135,7,1024
326,2026-03-20,Aparecida,Loratadina Xarope 120ml - Aché,430,8,3494
327,2026-03-20,Aparecida,Vacina contra Artrose - Dose Única,11,242,2663
328,2026-07-21,Freitas - EI,Pantoprazol Suspensão Oral 50ml - Aché,376,5,2159
329,2026-07-21,Freitas - EI,Enalapril Xarope 120ml - Eurofarma,62,39,2426
330,2026-07-21,Freitas - EI,Clonazepam Pomada 30g - Medley (Genérico),230,1,424
331,2026-07-21,Freitas - EI,Cefalexina 500mg - 20 Comprimidos - Aché,194,1,202
332,2026-07-21,Freitas - EI,Sérum Vitamina C Sempre Livre FPS 50,334,0,63
333,2025-09-23,Lopes,Fio Dental La Roche-Posay FPS 50,238,4,1080
334,2026-09-10,Gonçalves e Filhos,Tadalafila Pomada 30g - Eurofarma,167,5,841
335,2026-09-10,Gonçalves e Filhos,Termômetro Digital CeraVe 150ml,325,3,1098
336,2026-09-10,Gonçalves e Filhos,Fluoxetina 50mg - 30 Comprimidos - Eurofarma,392,5,2141
337,2026-09-10,Gonçalves e Filhos,Ibuprofeno Pomada 30g - EMS (Genérico),353,10,3650
338,2026-09-10,Gonçalves e Filhos,Losartana Potássica 500mg - 20 Comprimidos - Bayer,116,17,2021
339,2026-09-10,Gonçalves e Filhos,Sertralina Xarope 120ml - Neo Química (Genérico),169,9,1643
340,2026-09-10,Gonçalves e Filhos,Nimesulida Pomada 30g - Eurofarma,337,0,126
341,2026-09-10,Gonçalves e Filhos,Cefalexina Pomada 30g - Bayer,44,17,781
342,2026-09-10,Gonçalves e Filhos,Amoxicilina 25mg - 30 Comprimidos - Bayer,34,80,2721
343,2026-09-10,Gonçalves e Filhos,Soro Fisiológico Sempre Livre 400ml,106,16,1725
344,2026-09-10,Gonçalves e Filhos,Vacina contra Melanoma - Reforço,454,5,2487
345,2026-08-27,Pires Mendonça - ME,Vacina contra Conjuntivite - Reforço,485,4,2026
346,2026-08-27,Pires Mendonça - ME,Losartana Potássica 25mg - 30 Comprimidos - Bayer,467,2,1019
347,2026-08-27,Pires Mendonça - ME,Cefalexina Xarope 120ml - Eurofarma,344,2,957
348,2026-08-27,Pires Mendonça - ME,Fralda Descartável Rexona Tamanho G (32 un),211,9,1937
349,2026-08-27,Pires Mendonça - ME,Nimesulida Suspensão Oral 50ml - Medley (Genérico),90,41,3708
350,2026-08-27,Pires Mendonça - ME,Fluoxetina 1g - 10 Comprimidos - EMS (Genérico),237,6,1610
351,2026-03-12,Pastor,Shampoo Anticaspa Mió 150ml,170,14,2456
352,2026-03-12,Pastor,Amoxicilina 25mg - 30 Comprimidos - EMS (Genérico),188,3,636
353,2026-03-12,Pastor,Dipirona Sódica 50mg - 30 Comprimidos - Medley (Genérico),437,3,1319
354,2026-03-12,Pastor,Lenço Umedecido Mió Tamanho M (40 un),389,8,3156
355,2026-03-12,Pastor,Azitromicina 1g - 10 Comprimidos - EMS (Genérico),90,28,2547
356,2026-03-12,Pastor,Hidroclorotiazida Pomada 30g - EMS (Genérico),273,3,1069
357,2026-03-12,Pastor,Atenolol 50mg - 30 Comprimidos - Aché,272,13,3557
358,2026-05-03,Rezende Pimenta e Filhos,Metformina Gotas 20ml - EMS (Genérico),46,49,2273
359,2026-05-03,Rezende Pimenta e Filhos,Vacina contra Insônia - Dose Única,237,5,1249
360,2026-05-03,Rezende Pimenta e Filhos,Omeprazol Pomada 30g - EMS (Genérico),411,7,3276
361,2026-05-03,Rezende Pimenta e Filhos,Água Micelar Colgate 500ml,132,16,2139
362,2026-05-03,Rezende Pimenta e Filhos,Vacina contra Bipolaridade - Dose Única,205,7,1481
363,2026-05-03,Rezende Pimenta e Filhos,Vacina contra Enxaqueca - Dose Única,287,7,2077
364,2026-05-03,Rezende Pimenta e Filhos,Amoxicilina Suspensão Oral 50ml - Bayer,317,5,1623
365,2026-05-03,Rezende Pimenta e Filhos,Sildenafila 50mg - 30 Comprimidos - Medley (Genérico),283,5,1582
366,2026-05-03,Rezende Pimenta e Filhos,Diclofenaco Suspensão Oral 50ml - Medley (Genérico),68,25,1731
367,2026-05-03,Rezende Pimenta e Filhos,Nimesulida 50mg - 30 Comprimidos - Medley (Genérico),355,8,2954
368,2026-07-26,Nascimento,Cefalexina 500mg - 20 Comprimidos - Eurofarma,290,10,2901
369,2026-07-26,Nascimento,Clonazepam 25mg - 30 Comprimidos - EMS (Genérico),426,4,2012
370,2026-07-26,Nascimento,Diclofenaco Gotas 20ml - Aché,469,5,2638
371,2026-07-26,Nascimento,Creme Hidratante CeraVe 500ml,487,4,2215
372,2026-07-26,Nascimento,Vacina contra Câncer de Mama - Dose Única,98,18,1857
373,2026-07-26,Nascimento,Água Micelar Colgate 500ml,84,11,972
374,2026-07-26,Nascimento,Clonazepam Pomada 30g - Aché,21,150,3151
375,2026-07-26,Nascimento,Paracetamol 500mg - 20 Comprimidos - EMS (Genérico),66,9,605
376,2026-07-26,Nascimento,Atenolol 1g - 10 Comprimidos - Medley (Genérico),282,6,1700
377,2026-06-15,da Paz Cassiano e Filhos,Sabonete em Barra Huggies FPS 70,32,3,121
378,2026-06-15,da Paz Cassiano e Filhos,Escitalopram Suspensão Oral 50ml - Medley (Genérico),439,9,4011
379,2026-04-12,da Mata,Cefalexina Xarope 120ml - Eurofarma,96,24,2364
380,2026-04-12,da Mata,Pomada para Assaduras Dove FPS 70,21,68,1433
381,2026-07-07,Pires Mendonça - ME,Sérum Vitamina C Nivea 500ml,496,7,3828
382,2026-07-07,Pires Mendonça - ME,Atenolol Pomada 30g - Medley (Genérico),402,8,3407
383,2026-07-07,Pires Mendonça - ME,Vacina contra Rinite - Reforço,292,2,806
384,2026-07-07,Pires Mendonça - ME,Paracetamol 500mg - 20 Comprimidos - Medley (Genérico),116,11,1286
385,2026-07-07,Pires Mendonça - ME,Amoxicilina 500mg - 20 Comprimidos - Aché,57,48,2753
386,2026-07-07,Pires Mendonça - ME,Escitalopram 500mg - 20 Comprimidos - Bayer,72,35,2591
387,2026-07-07,Pires Mendonça - ME,Curativos (Band-Aid) Dove Tamanho M (40 un),459,3,1595
388,2026-07-07,Pires Mendonça - ME,Diclofenaco Suspensão Oral 50ml - Medley (Genérico),237,10,2469
389,2026-07-07,Pires Mendonça - ME,Loratadina Suspensão Oral 50ml - Eurofarma,256,7,1859
390,2026-02-12,Fernandes,Fluoxetina Xarope 120ml - Medley (Genérico),32,109,3493
391,2026-02-12,Fernandes,Sérum Vitamina C Needs FPS 70,297,3,1176
392,2026-02-12,Fernandes,Absorvente com Abas Sempre Livre 90g,423,2,1202
393,2026-02-12,Fernandes,Pantoprazol Gotas 20ml - EMS (Genérico),359,5,1922
394,2026-02-12,Fernandes,Creme Dental Needs 200ml,381,6,2320
395,2026-02-12,Fernandes,Amoxicilina 500mg - 20 Comprimidos - Bayer,145,7,1043
396,2026-02-12,Fernandes,Sérum Vitamina C Rexona Tamanho G (32 un),201,0,181
397,2026-02-12,Fernandes,Vacina contra COVID-19 - Dose Única,125,9,1170
398,2026-02-12,Fernandes,Vacina contra Parkinson - Reforço,500,1,864
399,2026-02-12,Fernandes,Curativos (Band-Aid) Pampers Tamanho G (32 un),433,4,2059
400,2026-02-12,Fernandes,Sildenafila Pomada 30g - Aché,495,1,697
401,2026-02-12,Fernandes,Diclofenaco Gotas 20ml - Aché,486,6,2939
402,2026-02-07,Pires,Creme Dental Needs 200ml,262,9,2604
403,2026-08-14,Aragão,Termômetro Digital CeraVe 50 Metros,263,8,2221
404,2025-11-26,Câmara Porto S/A,Vacina contra Conjuntivite - Dose Única,388,5,2252
405,2025-11-26,Câmara Porto S/A,Sinvastatina 1g - 10 Comprimidos - Medley (Genérico),289,6,1856
406,2025-11-26,Câmara Porto S/A,Água Micelar Johnson's Tamanho M (40 un),461,5,2457
407,2025-11-26,Câmara Porto S/A,Vacina contra Osteoporose - Reforço,499,4,2102
408,2025-11-26,Câmara Porto S/A,Fluoxetina 25mg - 30 Comprimidos - Eurofarma,428,3,1695
409,2026-08-27,Pastor Vieira - ME,Soro Fisiológico Sempre Livre Tamanho M (40 un),74,24,1839
410,2026-08-27,Pastor Vieira - ME,Pomada para Assaduras Dove FPS 70,433,9,4270
411,2026-08-27,Pastor Vieira - ME,Ibuprofeno Xarope 120ml - Medley (Genérico),435,5,2233
412,2026-08-27,Pastor Vieira - ME,Lenço Umedecido Bepantol 500ml,125,23,2983
413,2026-08-27,Pastor Vieira - ME,Ibuprofeno Xarope 120ml - Aché,390,6,2382
414,2026-08-27,Pastor Vieira - ME,Soro Fisiológico Clear 50 Metros,93,10,977
415,2026-08-27,Pastor Vieira - ME,Cefalexina Xarope 120ml - Eurofarma,343,3,1108
416,2026-08-27,Pastor Vieira - ME,Ibuprofeno Xarope 120ml - Eurofarma,60,31,1879
417,2026-08-27,Pastor Vieira - ME,Sérum Vitamina C Rexona Tamanho G (32 un),128,8,1055
418,2026-08-27,Pastor Vieira - ME,Atenolol 25mg - 30 Comprimidos - Medley (Genérico),63,49,3139
419,2026-08-27,Pastor Vieira - ME,Água Micelar CeraVe Tamanho G (32 un),405,7,2988
420,2026-08-06,Sousa Fogaça e Filhos,Clonazepam Gotas 20ml - Neo Química (Genérico),134,16,2220
421,2026-08-06,Sousa Fogaça e Filhos,Hastes Flexíveis (Cotonetes) G-Tech FPS 50,162,17,2912
422,2026-08-06,Sousa Fogaça e Filhos,Azitromicina 50mg - 30 Comprimidos - Aché,201,7,1415
423,2026-08-06,Sousa Fogaça e Filhos,Sildenafila 25mg - 30 Comprimidos - Eurofarma,356,4,1602
424,2026-08-06,Sousa Fogaça e Filhos,Omeprazol 500mg - 20 Comprimidos - Aché,253,2,684
425,2026-08-06,Sousa Fogaça e Filhos,Vacina contra Artrose - Reforço,381,4,1593
426,2026-08-06,Sousa Fogaça e Filhos,Metformina Gotas 20ml - Bayer,491,3,1553
427,2026-05-20,Casa Grande - ME,Amoxicilina 500mg - 20 Comprimidos - Aché,74,24,1777
428,2026-05-20,Casa Grande - ME,Ibuprofeno Xarope 120ml - Eurofarma,262,4,1152
429,2026-01-23,Pereira,Sabonete Líquido Rexona 90g,201,3,786
430,2026-01-23,Pereira,Protetor Solar Facial Rexona 50g,143,18,2586
431,2026-01-23,Pereira,Cefalexina 25mg - 30 Comprimidos - Eurofarma,462,0,276
432,2026-01-23,Pereira,Sinvastatina Suspensão Oral 50ml - Medley (Genérico),214,7,1641
433,2026-01-23,Pereira,Fluoxetina 25mg - 30 Comprimidos - Neo Química (Genérico),98,14,1377
434,2026-01-23,Pereira,Água Micelar CeraVe Tamanho G (32 un),131,8,1158
435,2026-01-23,Pereira,Termômetro Digital Bepantol 150ml,423,2,1191
436,2026-01-23,Pereira,Dipirona Sódica 1g - 10 Comprimidos - EMS (Genérico),230,7,1695
437,2026-01-23,Pereira,Losartana Potássica 500mg - 20 Comprimidos - EMS (Genérico),82,33,2776
438,2026-06-21,Sampaio e Filhos,Fralda Descartável Needs 500ml,49,19,956
439,2026-06-21,Sampaio e Filhos,Amoxicilina Suspensão Oral 50ml - Bayer,111,12,1405
440,2026-06-21,Sampaio e Filhos,Omeprazol 25mg - 30 Comprimidos - Neo Química (Genérico),328,11,3641
441,2026-01-27,Sampaio e Filhos,Creme Hidratante Nivea 50 Metros,65,23,1546
442,2026-01-27,Sampaio e Filhos,Enalapril Xarope 120ml - Eurofarma,36,71,2559
443,2026-01-27,Sampaio e Filhos,Vacina contra Gripe - Dose Única,44,46,2054
444,2026-01-27,Sampaio e Filhos,Creme Hidratante La Roche-Posay 50g,321,14,4518
445,2026-01-27,Sampaio e Filhos,Protetor Solar Facial Rexona 50g,55,47,2612
446,2026-01-19,Duarte,Enxaguante Bucal Vichy 50 Metros,367,4,1501
447,2026-01-19,Duarte,Escitalopram Xarope 120ml - Aché,119,12,1468
448,2026-01-19,Duarte,Nimesulida Gotas 20ml - Aché,96,24,2383
449,2026-01-19,Duarte,Lenço Umedecido Sempre Livre 150ml,94,16,1542
450,2026-01-19,Duarte,Desodorante Roll-on Johnson's FPS 50,399,4,1716
451,2026-01-19,Duarte,Ibuprofeno 50mg - 30 Comprimidos - Aché,287,9,2849
452,2026-01-19,Duarte,Losartana Potássica 50mg - 30 Comprimidos - Medley (Genérico),150,18,2740
453,2026-01-19,Duarte,Cefalexina 50mg - 30 Comprimidos - Neo Química (Genérico),497,7,3556
454,2026-01-19,Duarte,Cefalexina Suspensão Oral 50ml - Medley (Genérico),454,4,2181
455,2026-03-24,Gonçalves Nogueira S.A.,Tadalafila Suspensão Oral 50ml - EMS (Genérico),242,5,1311
456,2026-03-24,Gonçalves Nogueira S.A.,Enxaguante Bucal Dove 50 Metros,219,6,1339
457,2026-03-24,Gonçalves Nogueira S.A.,Amoxicilina Gotas 20ml - Neo Química (Genérico),326,6,2025
458,2026-03-24,Gonçalves Nogueira S.A.,Sertralina 50mg - 30 Comprimidos - Eurofarma,166,10,1677
459,2026-03-24,Gonçalves Nogueira S.A.,Ibuprofeno Suspensão Oral 50ml - EMS (Genérico),279,11,3270
460,2026-03-24,Gonçalves Nogueira S.A.,Paracetamol Suspensão Oral 50ml - Aché,150,10,1634
461,2026-03-24,Gonçalves Nogueira S.A.,Sinvastatina Pomada 30g - Bayer,347,2,944
462,2026-03-24,Gonçalves Nogueira S.A.,Lenço Umedecido Bepantol 500ml,160,8,1428
463,2026-03-24,Gonçalves Nogueira S.A.,Sinvastatina Suspensão Oral 50ml - Aché,475,3,1497
464,2026-05-02,Gonçalves Nogueira S.A.,Escitalopram Pomada 30g - Aché,128,18,2397
465,2026-05-02,Gonçalves Nogueira S.A.,Omeprazol Pomada 30g - Bayer,150,9,1466
466,2026-05-02,Gonçalves Nogueira S.A.,Sildenafila 25mg - 30 Comprimidos - Medley (Genérico),449,5,2264
467,2026-05-02,Gonçalves Nogueira S.A.,Escitalopram 1g - 10 Comprimidos - Eurofarma,329,2,787
468,2026-05-02,Gonçalves Nogueira S.A.,Cefalexina Xarope 120ml - EMS (Genérico),483,0,365
469,2026-05-02,Gonçalves Nogueira S.A.,Enalapril Xarope 120ml - EMS (Genérico),258,14,3704
470,2026-05-02,Gonçalves Nogueira S.A.,Sertralina Pomada 30g - Medley (Genérico),264,11,3162
471,2026-05-02,Gonçalves Nogueira S.A.,Paracetamol Gotas 20ml - Aché,361,4,1639
472,2026-08-18,Aparecida,Amoxicilina 500mg - 20 Comprimidos - Aché,86,1,129
473,2026-08-18,Aparecida,Vacina contra Sinusite - Dose Única,366,1,457
474,2026-08-18,Aparecida,Escitalopram 1g - 10 Comprimidos - Eurofarma,361,3,1142
475,2026-08-18,Aparecida,Fluoxetina Suspensão Oral 50ml - Aché,274,3,934
476,2026-08-18,Aparecida,Sertralina Gotas 20ml - Aché,134,10,1437
477,2026-08-18,Aparecida,Dipirona Sódica 50mg - 30 Comprimidos - Neo Química (Genérico),111,22,2450
478,2026-08-18,Aparecida,Condicionador Hidratação Mió 150ml,165,13,2300
479,2026-08-18,Aparecida,Metformina 1g - 10 Comprimidos - Neo Química (Genérico),78,7,558
480,2026-08-18,Aparecida,Fralda Descartável G-Tech 50g,485,3,1797
481,2026-08-18,Aparecida,Clonazepam Suspensão Oral 50ml - EMS (Genérico),461,2,1316
482,2026-08-18,Aparecida,Enxaguante Bucal Dove 50 Metros,30,16,503
483,2025-11-03,Silveira,Vacina contra Ansiedade - Reforço,389,1,445
484,2025-11-03,Silveira,Hidroclorotiazida 50mg - 30 Comprimidos - Aché,476,0,459
485,2025-11-03,Silveira,Vacina contra Vitiligo - Reforço,350,5,1958
486,2025-11-03,Silveira,Tadalafila 500mg - 20 Comprimidos - Neo Química (Genérico),355,6,2405
487,2025-11-03,Silveira,Cefalexina Gotas 20ml - EMS (Genérico),63,15,1003
488,2025-11-03,Silveira,Dipirona Sódica Gotas 20ml - EMS (Genérico),358,8,2936
489,2025-11-03,Silveira,Vacina contra Sinusite - Dose Única,339,0,281
490,2025-11-03,Silveira,Dipirona Sódica 500mg - 20 Comprimidos - Medley (Genérico),235,15,3550
491,2025-11-03,Silveira,Vacina contra Insuficiência Cardíaca - Dose Única,57,40,2326
492,2025-11-03,Silveira,Cefalexina Xarope 120ml - Aché,471,2,1103
493,2025-12-22,Costela Silveira - EI,Hastes Flexíveis (Cotonetes) Panvel 150ml,67,28,1921
494,2025-12-22,Costela Silveira - EI,Fio Dental Huggies 50 Metros,155,5,915
495,2025-12-22,Costela Silveira - EI,Sabonete Líquido Rexona 90g,254,5,1395
496,2025-12-22,Costela Silveira - EI,Absorvente com Abas Colgate 400ml,33,103,3421
497,2025-12-22,Costela Silveira - EI,Loratadina 500mg - 20 Comprimidos - Aché,408,3,1445
498,2025-12-22,Costela Silveira - EI,Pomada para Assaduras G-Tech 50 Metros,136,19,2679
499,2025-12-22,Costela Silveira - EI,Loratadina Xarope 120ml - EMS (Genérico),491,8,4010
500,2025-12-22,Costela Silveira - EI,Fralda Descartável Rexona Tamanho G (32 un),468,5,2393
501,2025-12-22,Costela Silveira - EI,Sildenafila 1g - 10 Comprimidos - EMS (Genérico),433,5,2315
502,2025-12-22,Costela Silveira - EI,Amoxicilina Pomada 30g - Aché,471,0,170
503,2025-12-22,Costela Silveira - EI,Hastes Flexíveis (Cotonetes) Rexona 150ml,176,18,3206
504,2025-12-31,Pacheco S/A,Loratadina 1g - 10 Comprimidos - EMS (Genérico),151,22,3343
505,2025-12-31,Pacheco S/A,Omeprazol Gotas 20ml - Medley (Genérico),278,4,1386
506,2025-12-31,Pacheco S/A,Shampoo Anticaspa Mió 90g,103,26,2777
507,2025-12-31,Pacheco S/A,Paracetamol 500mg - 20 Comprimidos - Bayer,273,1,425
508,2025-12-31,Pacheco S/A,Cefalexina 500mg - 20 Comprimidos - Aché,303,7,2157
509,2025-12-31,Pacheco S/A,Losartana Potássica 500mg - 20 Comprimidos - EMS (Genérico),428,6,2805
510,2025-12-31,Pacheco S/A,Nimesulida Suspensão Oral 50ml - Medley (Genérico),446,4,1858
511,2025-10-17,Nogueira S/A,Sildenafila 25mg - 30 Comprimidos - Medley (Genérico),381,5,2103
512,2025-10-17,Nogueira S/A,Paracetamol Gotas 20ml - Medley (Genérico),116,5,687
513,2025-10-17,Nogueira S/A,Dipirona Sódica 1g - 10 Comprimidos - Eurofarma,31,44,1365
514,2025-10-17,Nogueira S/A,Sildenafila Pomada 30g - Aché,491,1,590
515,2025-10-17,Nogueira S/A,Tadalafila Suspensão Oral 50ml - EMS (Genérico),223,1,308
516,2025-10-17,Nogueira S/A,Enalapril 25mg - 30 Comprimidos - Eurofarma,281,3,908
517,2025-10-17,Nogueira S/A,Cefalexina 500mg - 20 Comprimidos - Medley (Genérico),234,7,1734
518,2025-10-17,Nogueira S/A,Escitalopram Suspensão Oral 50ml - Aché,22,37,815
519,2025-10-17,Nogueira S/A,Protetor Solar Corporal Panvel 150ml,27,23,633
520,2026-02-09,Fogaça,Ibuprofeno 1g - 10 Comprimidos - Neo Química (Genérico),55,28,1561
521,2026-06-01,Mendes S/A,Tadalafila Gotas 20ml - Eurofarma,465,5,2451
522,2026-06-01,Mendes S/A,Nimesulida Pomada 30g - Aché,285,1,296
523,2026-06-01,Mendes S/A,Vacina contra Vitiligo - Reforço,381,6,2536
524,2026-06-01,Mendes S/A,Sertralina Suspensão Oral 50ml - Aché,497,3,1764
525,2026-01-11,Casa Grande,Shampoo Anticaspa Aptamil 500ml,419,3,1259
526,2026-01-11,Casa Grande,Metformina 50mg - 30 Comprimidos - Eurofarma,318,3,1032
527,2026-01-11,Casa Grande,Paracetamol 500mg - 20 Comprimidos - Bayer,127,20,2555
528,2026-01-11,Casa Grande,Diclofenaco Suspensão Oral 50ml - Bayer,324,6,2104
529,2026-01-11,Casa Grande,Ibuprofeno 500mg - 20 Comprimidos - Aché,70,37,2612
530,2026-01-11,Casa Grande,Vacina contra Epilepsia - Dose Única,285,4,1309
531,2026-07-17,Costela Silveira - EI,Vacina contra Trombose - Reforço,331,4,1649
532,2026-07-17,Costela Silveira - EI,Fluoxetina 25mg - 30 Comprimidos - Aché,19,80,1537
533,2026-07-17,Costela Silveira - EI,Condicionador Hidratação La Roche-Posay 500ml,255,5,1516
534,2026-07-17,Costela Silveira - EI,Clonazepam Gotas 20ml - Neo Química (Genérico),334,7,2412
535,2026-07-17,Costela Silveira - EI,Vacina contra Alzheimer - Dose Única,223,16,3738
536,2025-10-26,Castro,Sabonete em Barra Clear Tamanho M (40 un),193,13,2685
537,2025-10-26,Castro,Azitromicina 1g - 10 Comprimidos - Medley (Genérico),106,17,1813
538,2025-10-26,Castro,Escitalopram 1g - 10 Comprimidos - Medley (Genérico),342,6,2380
539,2025-10-26,Castro,Fluoxetina 500mg - 20 Comprimidos - Bayer,247,2,541
540,2025-10-26,Castro,Sinvastatina 50mg - 30 Comprimidos - Eurofarma,410,9,3777
541,2025-11-09,Montenegro - EI,Fluoxetina Xarope 120ml - Medley (Genérico),302,8,2604
542,2025-11-09,Montenegro - EI,Amoxicilina Xarope 120ml - Aché,124,14,1791
543,2025-11-09,Montenegro - EI,Omeprazol Gotas 20ml - Aché,197,17,3445
544,2025-11-09,Montenegro - EI,Protetor Solar Facial Rexona 50g,62,31,1982
545,2025-11-09,Montenegro - EI,Desodorante Roll-on Needs 150ml,147,1,200
546,2026-01-09,da Paz Camargo Ltda.,Sildenafila 25mg - 30 Comprimidos - Medley (Genérico),20,122,2442
547,2026-01-09,da Paz Camargo Ltda.,Vacina contra Hepatite B - Reforço,395,9,3733
548,2026-01-09,da Paz Camargo Ltda.,Amoxicilina 50mg - 30 Comprimidos - Aché,424,4,1930
549,2026-01-09,da Paz Camargo Ltda.,Fluoxetina Suspensão Oral 50ml - Aché,336,3,1157
550,2026-01-09,da Paz Camargo Ltda.,Nimesulida Suspensão Oral 50ml - Aché,188,7,1349
551,2025-12-26,Freitas Cassiano e Filhos,Sabonete em Barra Needs 400ml,372,8,3172
552,2025-12-26,Freitas Cassiano e Filhos,Enalapril 1g - 10 Comprimidos - Neo Química (Genérico),50,77,3891
553,2025-12-26,Freitas Cassiano e Filhos,Absorvente com Abas Johnson's 150ml,257,2,540
554,2025-12-26,Freitas Cassiano e Filhos,Vacina contra Insuficiência Renal - Reforço,333,6,2025
555,2026-04-24,da Luz,Pomada para Assaduras Needs 90g,199,9,1796
556,2026-04-24,da Luz,Losartana Potássica Pomada 30g - Bayer,315,4,1489
557,2026-04-24,da Luz,Vacina contra Úlcera - Reforço,459,3,1522
558,2026-04-24,da Luz,Escitalopram Pomada 30g - Eurofarma,109,29,3261
559,2026-04-24,da Luz,Vacina contra Artrose - Dose Única,69,42,2917
560,2026-04-24,da Luz,Termômetro Digital Colgate 90g,212,4,1010
561,2026-05-19,Moreira,Loratadina 1g - 10 Comprimidos - EMS (Genérico),265,8,2179
562,2026-05-19,Moreira,Dipirona Sódica 1g - 10 Comprimidos - Eurofarma,214,5,1244
563,2026-05-19,Moreira,Sérum Vitamina C Nivea 500ml,273,8,2426
564,2026-05-19,Moreira,Soro Fisiológico Clear 50 Metros,340,1,374
565,2026-05-19,Moreira,Absorvente com Abas Johnson's 150ml,172,14,2484
566,2026-05-19,Moreira,Vacina contra Zika - Dose Única,280,10,2844
567,2026-05-19,Moreira,Fluoxetina 500mg - 20 Comprimidos - Neo Química (Genérico),107,12,1335
568,2026-05-19,Moreira,Condicionador Hidratação Sempre Livre 50g,420,4,1877
569,2026-03-19,Sampaio,Vacina contra Câncer de Mama - Dose Única,447,5,2374
570,2026-03-19,Sampaio,Vacina contra Enxaqueca - Dose Única,489,0,242
571,2026-06-02,Gomes e Filhos,Condicionador Hidratação La Roche-Posay 500ml,84,34,2856
572,2026-06-02,Gomes e Filhos,Metformina Gotas 20ml - Neo Química (Genérico),180,15,2709
573,2026-06-02,Gomes e Filhos,Pantoprazol 50mg - 30 Comprimidos - Medley (Genérico),433,4,1887
574,2026-06-02,Gomes e Filhos,Vacina contra Bipolaridade - Dose Única,383,5,2096
575,2026-06-02,Gomes e Filhos,Leite em Pó Infantil Nivea FPS 50,99,19,1945
576,2026-06-02,Gomes e Filhos,Vacina contra Ansiedade - Reforço,443,2,1193
577,2025-12-12,Cavalcante,Sildenafila Suspensão Oral 50ml - Eurofarma,221,18,4140
578,2025-12-12,Cavalcante,Paracetamol Gotas 20ml - Aché,365,3,1396
579,2025-12-12,Cavalcante,Amoxicilina 50mg - 30 Comprimidos - EMS (Genérico),306,4,1364
580,2025-12-12,Cavalcante,Absorvente com Abas Johnson's FPS 50,148,1,234
581,2025-12-12,Cavalcante,Paracetamol Suspensão Oral 50ml - EMS (Genérico),330,8,2964
582,2025-12-12,Cavalcante,Creme Hidratante Dove 200ml,193,23,4490
583,2025-12-12,Cavalcante,Fluoxetina 50mg - 30 Comprimidos - Eurofarma,452,4,1831
584,2025-12-12,Cavalcante,Amoxicilina 500mg - 20 Comprimidos - Aché,492,3,1607
585,2025-12-12,Cavalcante,Hidroclorotiazida Pomada 30g - Aché,224,12,2875
586,2025-12-12,Cavalcante,Vacina contra Depressão - Reforço,424,5,2163
587,2025-09-15,Montenegro,Paracetamol 500mg - 20 Comprimidos - Bayer,416,5,2283
588,2025-09-15,Montenegro,Paracetamol Gotas 20ml - EMS (Genérico),414,2,996
589,2025-09-15,Montenegro,Azitromicina 50mg - 30 Comprimidos - Aché,445,3,1387
590,2025-09-15,Montenegro,Protetor Solar Corporal Panvel 150ml,292,3,1163
591,2026-08-23,Pires Mendonça - ME,Dipirona Sódica Gotas 20ml - Medley (Genérico),203,1,347
592,2026-08-23,Pires Mendonça - ME,Dipirona Sódica 50mg - 30 Comprimidos - Neo Química (Genérico),295,6,2019
593,2026-03-11,Macedo Leão S/A,Metformina Gotas 20ml - Neo Química (Genérico),398,1,610
594,2026-03-11,Macedo Leão S/A,Amoxicilina Gotas 20ml - Eurofarma,235,9,2165
595,2026-03-11,Macedo Leão S/A,Lenço Umedecido Bepantol 500ml,350,9,3234
596,2026-03-11,Macedo Leão S/A,Vacina contra Cirrose - Reforço,380,8,3310
597,2026-03-11,Macedo Leão S/A,Lenço Umedecido Clear FPS 70,14,155,2175
598,2026-03-11,Macedo Leão S/A,Sertralina Suspensão Oral 50ml - Neo Química (Genérico),352,9,3376
599,2026-03-11,Macedo Leão S/A,Diclofenaco Pomada 30g - Medley (Genérico),188,5,1088
600,2026-07-21,Fonseca,Sabonete em Barra Dove 50g,434,3,1708
601,2026-07-21,Fonseca,Losartana Potássica Pomada 30g - Eurofarma,376,1,498
602,2026-07-21,Fonseca,Pantoprazol Suspensão Oral 50ml - Aché,83,33,2795
603,2026-07-21,Fonseca,Sildenafila Pomada 30g - Neo Química (Genérico),420,7,2977
604,2026-07-21,Fonseca,Escitalopram Xarope 120ml - EMS (Genérico),192,6,1214
605,2026-07-21,Fonseca,Tadalafila 500mg - 20 Comprimidos - Eurofarma,493,2,1016
606,2026-07-21,Fonseca,Pantoprazol 50mg - 30 Comprimidos - Aché,453,3,1615
607,2026-07-21,Fonseca,Escitalopram 25mg - 30 Comprimidos - Aché,251,4,1139
608,2026-07-21,Fonseca,Vacina contra Artrose - Dose Única,243,10,2649
609,2026-07-21,Fonseca,Vacina contra Melanoma - Reforço,319,7,2257
610,2025-10-05,Gomes e Filhos,Atenolol 1g - 10 Comprimidos - Medley (Genérico),59,31,1887
611,2025-10-05,Gomes e Filhos,Atenolol 25mg - 30 Comprimidos - Medley (Genérico),76,18,1369
612,2025-10-05,Gomes e Filhos,Diclofenaco Pomada 30g - Bayer,295,4,1219
613,2025-10-05,Gomes e Filhos,Azitromicina Xarope 120ml - Eurofarma,400,5,2272
614,2025-10-05,Gomes e Filhos,Vacina contra Hepatite B - Reforço,11,179,1975
615,2025-10-05,Gomes e Filhos,Protetor Solar Corporal Vichy 50 Metros,22,91,2006
616,2025-10-05,Gomes e Filhos,Hastes Flexíveis (Cotonetes) Panvel 150ml,230,4,1035
617,2025-10-05,Gomes e Filhos,Água Micelar CeraVe Tamanho G (32 un),365,9,3302
618,2025-10-05,Gomes e Filhos,Tadalafila Pomada 30g - Neo Química (Genérico),74,25,1880
619,2025-10-05,Gomes e Filhos,Pantoprazol Suspensão Oral 50ml - Bayer,322,2,780
620,2025-10-05,Gomes e Filhos,Fio Dental Huggies 50 Metros,295,5,1530
621,2025-10-05,Gomes e Filhos,Água Micelar Pampers FPS 50,184,5,1081
622,2026-02-01,Moreira,Diclofenaco 1g - 10 Comprimidos - Neo Química (Genérico),77,10,773
623,2026-02-01,Moreira,Sérum Vitamina C Dove 90g,299,5,1644
624,2026-02-01,Moreira,Loratadina Xarope 120ml - Aché,323,6,2007
625,2026-02-01,Moreira,Protetor Solar Facial Panvel 90g,52,41,2144
626,2026-02-01,Moreira,Nimesulida 1g - 10 Comprimidos - Medley (Genérico),402,1,737
627,2026-02-01,Moreira,Escitalopram Pomada 30g - Bayer,270,6,1742
628,2026-03-13,Caldeira S/A,Água Micelar Dove 90g,70,25,1814
629,2026-03-13,Caldeira S/A,Termômetro Digital Bepantol 150ml,383,2,939
630,2026-03-13,Caldeira S/A,Azitromicina 500mg - 20 Comprimidos - Medley (Genérico),117,13,1613
631,2026-03-13,Caldeira S/A,Pantoprazol 25mg - 30 Comprimidos - Neo Química (Genérico),91,32,2971
632,2026-03-13,Caldeira S/A,Hastes Flexíveis (Cotonetes) Panvel 150ml,98,28,2811
633,2026-03-13,Caldeira S/A,Losartana Potássica 500mg - 20 Comprimidos - Bayer,306,7,2287
634,2026-03-13,Caldeira S/A,Desodorante Roll-on Bepantol 50g,299,9,2857
635,2026-03-13,Caldeira S/A,Azitromicina 500mg - 20 Comprimidos - Bayer,50,20,1007
636,2026-06-29,Câmara Porto S/A,Absorvente com Abas Colgate 500ml,76,18,1418
637,2026-06-29,Câmara Porto S/A,Clonazepam 500mg - 20 Comprimidos - Medley (Genérico),407,4,1864
638,2026-06-29,Câmara Porto S/A,Protetor Solar Facial CeraVe FPS 50,75,7,526
639,2026-06-29,Câmara Porto S/A,Tadalafila 50mg - 30 Comprimidos - Eurofarma,394,4,1714
640,2026-06-29,Câmara Porto S/A,Fluoxetina 500mg - 20 Comprimidos - Aché,322,12,4035
641,2026-06-29,Câmara Porto S/A,Omeprazol Suspensão Oral 50ml - Aché,437,2,1158
642,2026-06-29,Câmara Porto S/A,Cefalexina Pomada 30g - Bayer,113,17,1931
643,2026-06-29,Câmara Porto S/A,Sérum Vitamina C Sempre Livre FPS 50,495,6,3296
644,2026-06-29,Câmara Porto S/A,Pomada para Assaduras Panvel 400ml,120,26,3214
645,2026-08-30,Rios,Diclofenaco 25mg - 30 Comprimidos - Aché,442,4,2206
646,2026-08-30,Rios,Sildenafila Pomada 30g - Aché,339,3,1068
647,2026-08-30,Rios,Termômetro Digital CeraVe 50 Metros,223,16,3628
648,2026-08-30,Rios,Omeprazol Pomada 30g - EMS (Genérico),259,9,2574
649,2026-08-30,Rios,Soro Fisiológico Dove FPS 70,435,4,1945
650,2026-08-30,Rios,Leite em Pó Infantil Nivea FPS 50,293,2,714
651,2026-08-30,Rios,Curativos (Band-Aid) Mió FPS 50,496,6,3184
652,2026-08-30,Rios,Creme Dental Dove 50 Metros,469,2,1116
653,2026-01-06,Martins,Vacina contra Dengue - Reforço,52,12,671
654,2026-01-06,Martins,Omeprazol 50mg - 30 Comprimidos - Neo Química (Genérico),213,9,2068
655,2026-04-26,Garcia,Vacina contra Hepatite B - Reforço,222,10,2239
656,2026-04-26,Garcia,Termômetro Digital Needs 50g,438,8,3882
657,2026-04-26,Garcia,Clonazepam Gotas 20ml - Medley (Genérico),421,1,764
658,2026-01-05,Cirino,Amoxicilina Pomada 30g - Bayer,246,12,2966
659,2026-01-05,Cirino,Curativos (Band-Aid) Bepantol Tamanho M (40 un),430,4,1905
660,2026-01-05,Cirino,Diclofenaco 1g - 10 Comprimidos - Neo Química (Genérico),131,4,571
661,2026-01-05,Cirino,Lenço Umedecido Sempre Livre 150ml,271,10,2784
662,2026-01-05,Cirino,Atenolol 500mg - 20 Comprimidos - Neo Química (Genérico),68,37,2564
663,2026-01-05,Cirino,Fio Dental Nivea Tamanho M (40 un),413,5,2340
664,2025-12-25,Costa,Água Micelar Panvel 150ml,297,2,765
665,2025-12-25,Costa,Sertralina 1g - 10 Comprimidos - EMS (Genérico),393,4,1582
666,2025-10-18,Cirino,Losartana Potássica 50mg - 30 Comprimidos - Aché,71,57,4071
667,2025-10-18,Cirino,Dipirona Sódica Gotas 20ml - Medley (Genérico),374,2,947
668,2025-10-18,Cirino,Metformina Gotas 20ml - Neo Química (Genérico),357,5,1786
669,2025-10-18,Cirino,Sertralina 25mg - 30 Comprimidos - Eurofarma,82,3,295
670,2025-10-18,Cirino,Sertralina Pomada 30g - Medley (Genérico),218,7,1559
671,2025-10-18,Cirino,Diclofenaco 1g - 10 Comprimidos - Neo Química (Genérico),248,1,391
672,2025-10-18,Cirino,Nimesulida Pomada 30g - Aché,197,6,1326
673,2025-10-18,Cirino,Nimesulida 1g - 10 Comprimidos - EMS (Genérico),15,131,1969
674,2025-10-18,Cirino,Sabonete em Barra Pampers 90g,25,104,2622
675,2026-07-15,Aragão e Filhos,Curativos (Band-Aid) Pampers Tamanho G (32 un),385,3,1500
676,2026-07-15,Aragão e Filhos,Água Micelar Pampers FPS 50,484,6,3155
677,2026-07-15,Aragão e Filhos,Pomada para Assaduras Dove 150ml,444,1,472
678,2026-07-15,Aragão e Filhos,Enxaguante Bucal Bepantol Tamanho M (40 un),228,9,2076
679,2026-07-15,Aragão e Filhos,Álcool em Gel 70% Nivea FPS 50,346,1,613
680,2026-07-15,Aragão e Filhos,Paracetamol Suspensão Oral 50ml - EMS (Genérico),496,2,1211
681,2026-07-15,Aragão e Filhos,Vacina contra Refluxo - Dose Única,131,13,1771
682,2026-07-15,Aragão e Filhos,Fralda Descartável Rexona Tamanho G (32 un),118,38,4575
683,2026-07-15,Aragão e Filhos,Absorvente com Abas G-Tech 90g,495,2,1202
684,2026-07-15,Aragão e Filhos,Ibuprofeno Pomada 30g - EMS (Genérico),310,4,1413
685,2026-07-15,Aragão e Filhos,Dipirona Sódica 1g - 10 Comprimidos - Eurofarma,281,8,2467
686,2026-04-11,Caldeira,Atenolol 50mg - 30 Comprimidos - Aché,246,8,2188
687,2026-04-11,Caldeira,Lenço Umedecido Sempre Livre 150ml,478,2,1159
688,2026-04-11,Caldeira,Pantoprazol Suspensão Oral 50ml - Bayer,272,4,1228
689,2026-04-11,Caldeira,Termômetro Digital Bepantol 150ml,339,1,563
690,2026-04-11,Caldeira,Cefalexina Pomada 30g - Neo Química (Genérico),267,12,3385
691,2026-04-11,Caldeira,Escitalopram Suspensão Oral 50ml - Eurofarma,164,27,4456
692,2026-04-11,Caldeira,Dipirona Sódica Pomada 30g - Medley (Genérico),95,35,3335
693,2026-04-11,Caldeira,Pantoprazol 25mg - 30 Comprimidos - Neo Química (Genérico),358,2,1067
694,2026-04-11,Caldeira,Loratadina Xarope 120ml - Bayer,20,88,1777
695,2026-04-11,Caldeira,Cefalexina 500mg - 20 Comprimidos - Neo Química (Genérico),438,2,1253
696,2026-04-11,Caldeira,Hastes Flexíveis (Cotonetes) Aptamil Tamanho M (40 un),460,0,142
697,2026-03-29,da Mota,Fluoxetina Xarope 120ml - Medley (Genérico),213,5,1075
698,2026-03-11,Mendes - ME,Tadalafila 500mg - 20 Comprimidos - Eurofarma,55,35,1958
699,2026-03-11,Mendes - ME,Clonazepam Xarope 120ml - EMS (Genérico),226,3,888
700,2026-05-29,Macedo,Escitalopram Xarope 120ml - Aché,255,5,1394
701,2026-05-29,Macedo,Fluoxetina 25mg - 30 Comprimidos - Eurofarma,307,1,565
702,2026-05-29,Macedo,Hidroclorotiazida 500mg - 20 Comprimidos - Bayer,136,13,1873
703,2026-05-29,Macedo,Amoxicilina 50mg - 30 Comprimidos - Bayer,375,8,3275
704,2026-05-29,Macedo,Fralda Descartável Johnson's 400ml,303,7,2169
705,2026-05-29,Macedo,Hidroclorotiazida 1g - 10 Comprimidos - Eurofarma,415,2,1019
706,2026-05-29,Macedo,Termômetro Digital Rexona 400ml,488,4,2214
707,2026-05-29,Macedo,Desodorante Aerosol Listerine 90g,308,3,1029
708,2025-09-24,Pastor Vieira - ME,Hastes Flexíveis (Cotonetes) Johnson's 90g,428,3,1633
709,2025-09-24,Pastor Vieira - ME,Curativos (Band-Aid) Listerine FPS 70,31,43,1337
710,2025-09-24,Pastor Vieira - ME,Álcool em Gel 70% Johnson's 50 Metros,413,6,2880
711,2025-09-24,Pastor Vieira - ME,Losartana Potássica 500mg - 20 Comprimidos - EMS (Genérico),129,2,304
712,2025-09-24,Pastor Vieira - ME,Termômetro Digital Bepantol 150ml,441,8,3833
713,2025-09-24,Pastor Vieira - ME,Dipirona Sódica 1g - 10 Comprimidos - Neo Química (Genérico),195,7,1445
714,2025-09-24,Pastor Vieira - ME,Cefalexina Xarope 120ml - EMS (Genérico),310,1,490
715,2025-09-24,Pastor Vieira - ME,Vacina contra Tuberculose - Dose Única,392,2,1151
716,2026-08-06,Novaes - EI,Tadalafila Pomada 30g - Eurofarma,187,11,2084
717,2026-08-06,Novaes - EI,Pomada para Assaduras Vichy FPS 70,319,3,1102
718,2026-08-06,Novaes - EI,Pomada para Assaduras Colgate FPS 70,206,3,669
719,2026-08-06,Novaes - EI,Sinvastatina 50mg - 30 Comprimidos - Eurofarma,129,9,1208
720,2026-08-06,Novaes - EI,Fralda Descartável G-Tech 50g,487,2,1113
721,2026-08-06,Novaes - EI,Clonazepam Suspensão Oral 50ml - EMS (Genérico),169,24,4130
722,2026-08-06,Novaes - EI,Sabonete Líquido Nivea Tamanho M (40 un),30,70,2129
723,2026-08-06,Novaes - EI,Azitromicina 500mg - 20 Comprimidos - Neo Química (Genérico),441,4,2047
724,2026-08-06,Novaes - EI,Sérum Vitamina C Nivea 500ml,19,210,3998
725,2026-08-06,Novaes - EI,Cefalexina 50mg - 30 Comprimidos - Neo Química (Genérico),136,20,2848
726,2026-08-06,Novaes - EI,Atenolol 1g - 10 Comprimidos - Medley (Genérico),137,11,1544
727,2026-08-06,Novaes - EI,Cefalexina 25mg - 30 Comprimidos - EMS (Genérico),310,9,3098
728,2026-01-12,Garcia,Vacina contra Catarata - Dose Única,312,1,469
729,2026-01-12,Garcia,Sinvastatina Pomada 30g - EMS (Genérico),415,2,1064
730,2026-07-23,Cavalcanti Borges Ltda.,Soro Fisiológico Needs 90g,390,4,1790
731,2026-07-23,Cavalcanti Borges Ltda.,Losartana Potássica 1g - 10 Comprimidos - Bayer,428,3,1598
732,2025-10-29,Lopes Martins - ME,Absorvente com Abas Johnson's 150ml,148,19,2870
733,2025-10-29,Lopes Martins - ME,Lenço Umedecido Bepantol 500ml,287,8,2570
734,2025-10-29,Lopes Martins - ME,Creme Dental Nivea Tamanho G (32 un),269,10,2784
735,2025-10-29,Lopes Martins - ME,Cefalexina 500mg - 20 Comprimidos - EMS (Genérico),180,13,2382
736,2025-10-29,Lopes Martins - ME,Creme Dental Dove 50 Metros,255,13,3433
737,2025-10-29,Lopes Martins - ME,Diclofenaco Suspensão Oral 50ml - Bayer,287,5,1585
738,2025-10-29,Lopes Martins - ME,Diclofenaco Xarope 120ml - Eurofarma,96,9,921
739,2025-10-29,Lopes Martins - ME,Diclofenaco 50mg - 30 Comprimidos - Bayer,71,8,585
740,2025-10-15,Brito Viana e Filhos,Amoxicilina Pomada 30g - Bayer,173,10,1872
741,2025-10-15,Brito Viana e Filhos,Dipirona Sódica 1g - 10 Comprimidos - Eurofarma,81,26,2152
742,2025-10-15,Brito Viana e Filhos,Protetor Solar Facial CeraVe FPS 50,377,5,2157
743,2025-10-15,Brito Viana e Filhos,Amoxicilina 50mg - 30 Comprimidos - Bayer,39,62,2432
744,2025-10-15,Brito Viana e Filhos,Diclofenaco 1g - 10 Comprimidos - Neo Química (Genérico),453,3,1778
745,2025-10-15,Brito Viana e Filhos,Vacina contra Câncer de Pulmão - Reforço,389,5,2176
746,2025-10-15,Brito Viana e Filhos,Vacina contra Úlcera - Reforço,265,9,2484
747,2025-10-15,Brito Viana e Filhos,Dipirona Sódica 50mg - 30 Comprimidos - Medley (Genérico),303,6,2071
748,2025-10-15,Brito Viana e Filhos,Pantoprazol Suspensão Oral 50ml - Bayer,191,7,1464
749,2025-10-15,Brito Viana e Filhos,Paracetamol 50mg - 30 Comprimidos - Neo Química (Genérico),488,2,1262
750,2025-10-15,Brito Viana e Filhos,Vacina contra Embolia - Reforço,188,5,1052
751,2026-05-16,Vargas,Sabonete em Barra Needs 400ml,323,10,3459
752,2026-05-16,Vargas,Amoxicilina Gotas 20ml - Eurofarma,300,3,1047
753,2026-05-16,Vargas,Vacina contra Artrose - Reforço,297,11,3475
754,2026-05-16,Vargas,Escitalopram 25mg - 30 Comprimidos - Medley (Genérico),173,10,1849
755,2026-05-16,Vargas,Vacina contra Dermatite - Reforço,352,2,827
756,2026-05-16,Vargas,Absorvente com Abas Needs 90g,98,8,800
757,2026-05-16,Vargas,Diclofenaco Xarope 120ml - Eurofarma,436,4,1829
758,2026-05-16,Vargas,Absorvente com Abas La Roche-Posay Tamanho G (32 un),80,23,1918
759,2026-05-21,Moreira,Vacina contra Trombose - Reforço,381,4,1828
760,2026-05-21,Moreira,Losartana Potássica 25mg - 30 Comprimidos - EMS (Genérico),201,11,2327
761,2026-05-21,Moreira,Vacina contra Rinite - Reforço,281,6,1689
762,2026-05-21,Moreira,Leite em Pó Infantil Mió FPS 50,156,16,2650
763,2026-05-21,Moreira,Vacina contra Hepatite C - Dose Única,470,10,4923
764,2026-05-21,Moreira,Sabonete em Barra Needs 400ml,499,9,4531
765,2026-05-21,Moreira,Creme Hidratante CeraVe 500ml,49,26,1294
766,2026-05-21,Moreira,Termômetro Digital Listerine 50g,205,3,656
767,2026-05-21,Moreira,Fralda Descartável Needs 500ml,110,11,1245
768,2026-08-08,Pastor Vieira - ME,Dipirona Sódica Pomada 30g - Medley (Genérico),282,3,885
769,2026-08-08,Pastor Vieira - ME,Clonazepam Xarope 120ml - EMS (Genérico),340,10,3430
770,2026-08-08,Pastor Vieira - ME,Ibuprofeno Pomada 30g - Bayer,218,11,2544
771,2026-08-08,Pastor Vieira - ME,Curativos (Band-Aid) Dove Tamanho M (40 un),378,11,4519
772,2026-08-08,Pastor Vieira - ME,Vacina contra Hepatite C - Dose Única,37,55,2064
773,2026-03-03,Lopes,Lenço Umedecido Mió Tamanho M (40 un),34,67,2278
774,2026-03-03,Lopes,Sérum Vitamina C Dove 90g,71,31,2232
775,2025-11-18,Moreira,Escitalopram 500mg - 20 Comprimidos - Medley (Genérico),235,6,1614
776,2025-11-18,Moreira,Amoxicilina 500mg - 20 Comprimidos - Eurofarma,11,221,2440
777,2025-11-18,Moreira,Fralda Descartável Bepantol 400ml,97,30,2980
778,2025-11-18,Moreira,Azitromicina 1g - 10 Comprimidos - Bayer,146,11,1701
779,2026-01-03,Duarte,Nimesulida Pomada 30g - Eurofarma,42,65,2750
780,2026-01-03,Duarte,Clonazepam 1g - 10 Comprimidos - Aché,370,9,3490
781,2026-01-03,Duarte,Cefalexina 50mg - 30 Comprimidos - Neo Química (Genérico),61,53,3263
782,2026-01-03,Duarte,Amoxicilina 25mg - 30 Comprimidos - Bayer,403,8,3540
783,2026-01-03,Duarte,Protetor Solar Corporal Listerine FPS 70,100,21,2144
784,2026-01-03,Duarte,Creme Hidratante Nivea 50 Metros,61,32,1954
785,2026-01-03,Duarte,Pantoprazol 25mg - 30 Comprimidos - Neo Química (Genérico),429,2,1174
786,2026-01-03,Duarte,Dipirona Sódica 500mg - 20 Comprimidos - EMS (Genérico),331,1,435
787,2026-01-03,Duarte,Ibuprofeno 1g - 10 Comprimidos - Neo Química (Genérico),472,0,453
788,2026-01-03,Duarte,Hastes Flexíveis (Cotonetes) Johnson's 90g,284,5,1454
789,2026-01-03,Duarte,Termômetro Digital La Roche-Posay 500ml,189,12,2424
790,2026-07-14,da Mata Ltda.,Enalapril 25mg - 30 Comprimidos - Eurofarma,55,15,865
791,2026-07-14,da Mata Ltda.,Absorvente com Abas G-Tech 90g,193,1,305
792,2026-07-14,da Mata Ltda.,Amoxicilina Gotas 20ml - Neo Química (Genérico),156,1,207
793,2026-07-14,da Mata Ltda.,Vacina contra Depressão - Dose Única,191,11,2129
794,2026-07-14,da Mata Ltda.,Sinvastatina 1g - 10 Comprimidos - Eurofarma,222,5,1214
795,2026-02-07,Nascimento S.A.,Vacina contra Conjuntivite - Dose Única,45,33,1529
796,2026-02-07,Nascimento S.A.,Vacina contra Resfriado - Dose Única,119,7,919
797,2026-03-11,Costela Silveira - EI,Loratadina 500mg - 20 Comprimidos - Neo Química (Genérico),168,9,1607
798,2026-03-11,Costela Silveira - EI,Vacina contra Rinite - Reforço,159,22,3646
799,2026-03-11,Costela Silveira - EI,Cefalexina Pomada 30g - Medley (Genérico),300,14,4280
800,2026-06-04,Rezende,Diclofenaco Gotas 20ml - Bayer,54,27,1467
801,2026-06-04,Rezende,Ibuprofeno 50mg - 30 Comprimidos - Aché,342,4,1523
802,2026-06-04,Rezende,Diclofenaco Pomada 30g - Medley (Genérico),27,41,1120
803,2026-06-04,Rezende,Vacina contra Leucemia - Reforço,188,11,2183
804,2026-06-04,Rezende,Ibuprofeno 500mg - 20 Comprimidos - EMS (Genérico),347,5,1813
805,2025-12-20,da Conceição S/A,Paracetamol Suspensão Oral 50ml - Bayer,440,5,2630
806,2025-12-20,da Conceição S/A,Loratadina Xarope 120ml - Aché,396,6,2744
807,2026-06-07,Rezende,Sinvastatina Pomada 30g - Medley (Genérico),124,14,1740
808,2026-06-07,Rezende,Vacina contra Gota - Dose Única,333,1,584
809,2026-06-07,Rezende,Vacina contra Gota - Reforço,470,3,1511
810,2026-08-17,Pastor Vieira - ME,Azitromicina 500mg - 20 Comprimidos - Bayer,449,3,1600
811,2026-08-17,Pastor Vieira - ME,Soro Fisiológico Sempre Livre 400ml,468,3,1519
812,2026-08-17,Pastor Vieira - ME,Metformina 500mg - 20 Comprimidos - Neo Química (Genérico),284,12,3448
813,2026-08-17,Pastor Vieira - ME,Azitromicina Xarope 120ml - Neo Química (Genérico),387,2,974
814,2026-08-17,Pastor Vieira - ME,Enxaguante Bucal Sempre Livre Tamanho G (32 un),145,5,787
815,2026-08-17,Pastor Vieira - ME,Paracetamol Xarope 120ml - EMS (Genérico),118,11,1380
816,2026-08-17,Pastor Vieira - ME,Omeprazol Suspensão Oral 50ml - Aché,183,15,2811
817,2026-08-17,Pastor Vieira - ME,Clonazepam Pomada 30g - Medley (Genérico),143,18,2639
818,2026-08-17,Pastor Vieira - ME,Sabonete em Barra Pampers 90g,395,5,2324
819,2026-08-17,Pastor Vieira - ME,Vacina contra Hepatite B - Reforço,207,6,1349
820,2026-04-08,da Rocha,Diclofenaco Pomada 30g - Medley (Genérico),83,50,4182
821,2026-04-08,da Rocha,Amoxicilina Xarope 120ml - Aché,135,17,2339
822,2026-04-08,da Rocha,Sildenafila Pomada 30g - Aché,58,19,1104
823,2026-04-08,da Rocha,Vacina contra Osteoporose - Reforço,316,14,4484
824,2026-04-08,da Rocha,Soro Fisiológico Sempre Livre 50 Metros,147,3,542
825,2026-04-08,da Rocha,Omeprazol Suspensão Oral 50ml - Bayer,244,9,2279
826,2026-04-10,Almeida,Diclofenaco Gotas 20ml - Neo Química (Genérico),446,7,3194
827,2026-04-10,Almeida,Creme Dental Clear 50g,447,1,878
828,2026-04-10,Almeida,Amoxicilina Pomada 30g - Aché,84,24,2055
829,2026-04-10,Almeida,Pantoprazol 25mg - 30 Comprimidos - Neo Química (Genérico),13,129,1685
830,2026-04-10,Almeida,Ibuprofeno Pomada 30g - Bayer,422,3,1374
831,2026-04-10,Almeida,Vacina contra Artrose - Dose Única,386,3,1522
832,2026-04-10,Almeida,Protetor Solar Corporal Panvel 50g,267,7,1970
833,2026-07-22,Campos da Costa - ME,Creme Hidratante CeraVe 500ml,83,12,999
834,2026-07-22,Campos da Costa - ME,Paracetamol 50mg - 30 Comprimidos - Neo Química (Genérico),319,0,145
835,2026-07-22,Campos da Costa - ME,Pomada para Assaduras G-Tech 50 Metros,41,43,1797
836,2026-07-22,Campos da Costa - ME,Pomada para Assaduras Dove 150ml,188,8,1684
837,2026-07-22,Campos da Costa - ME,Vacina contra Câncer de Próstata - Reforço,63,19,1252
838,2026-09-08,Fonseca S/A,Nimesulida Suspensão Oral 50ml - Aché,350,2,702
839,2026-09-08,Fonseca S/A,Sérum Vitamina C Dove 90g,279,8,2370
840,2026-09-08,Fonseca S/A,Ibuprofeno Pomada 30g - Bayer,347,1,407
841,2026-09-08,Fonseca S/A,Metformina Xarope 120ml - Bayer,149,4,613
842,2026-09-08,Fonseca S/A,Enxaguante Bucal Nivea Tamanho M (40 un),255,0,60
843,2026-09-08,Fonseca S/A,Vacina contra Trombose - Dose Única,292,4,1336
844,2026-09-08,Fonseca S/A,Amoxicilina 1g - 10 Comprimidos - Bayer,122,27,3339
845,2026-09-08,Fonseca S/A,Sertralina 50mg - 30 Comprimidos - Eurofarma,164,9,1577
846,2026-09-08,Fonseca S/A,Escitalopram Gotas 20ml - Aché,211,12,2598
847,2026-09-08,Fonseca S/A,Fluoxetina 50mg - 30 Comprimidos - EMS (Genérico),138,16,2227
848,2026-09-08,Fonseca S/A,Loratadina Gotas 20ml - Medley (Genérico),243,6,1464
849,2026-09-08,Fonseca S/A,Água Micelar Clear Tamanho M (40 un),263,1,377
850,2026-01-22,da Conceição S/A,Atenolol Suspensão Oral 50ml - Eurofarma,206,9,2001
851,2026-01-22,da Conceição S/A,Pomada para Assaduras Dove 150ml,238,2,638
852,2026-01-22,da Conceição S/A,Vacina contra Tuberculose - Dose Única,167,4,783
853,2025-10-30,Casa Grande,Ibuprofeno 1g - 10 Comprimidos - Eurofarma,323,5,1918
854,2026-04-25,Vieira,Água Micelar Panvel 150ml,445,3,1752
855,2026-04-25,Vieira,Loratadina Suspensão Oral 50ml - Medley (Genérico),411,2,947
856,2026-04-25,Vieira,Shampoo Anticaspa Huggies 400ml,390,7,2923
857,2025-09-16,Ramos,Atenolol Suspensão Oral 50ml - Neo Química (Genérico),88,20,1812
858,2025-09-16,Ramos,Azitromicina Pomada 30g - Medley (Genérico),212,12,2679
859,2025-09-16,Ramos,Dipirona Sódica 1g - 10 Comprimidos - Bayer,167,4,693
860,2025-09-16,Ramos,Vacina contra Câncer de Mama - Dose Única,388,3,1541
861,2025-09-16,Ramos,Creme Dental Clear 50g,58,35,2058
862,2025-09-16,Ramos,Amoxicilina 25mg - 30 Comprimidos - Eurofarma,245,13,3428
863,2025-09-16,Ramos,Enalapril 25mg - 30 Comprimidos - Eurofarma,318,4,1530
864,2025-09-16,Ramos,Sabonete Líquido Clear 90g,157,11,1856
865,2025-09-16,Ramos,Cefalexina Xarope 120ml - Aché,372,6,2286
866,2025-09-16,Ramos,Atenolol 1g - 10 Comprimidos - Eurofarma,71,40,2874
867,2025-09-16,Ramos,Hidroclorotiazida 500mg - 20 Comprimidos - Neo Química (Genérico),387,6,2705
868,2025-09-16,Ramos,Fluoxetina 25mg - 30 Comprimidos - Aché,446,0,214
869,2025-11-18,Viana,Atenolol 500mg - 20 Comprimidos - Neo Química (Genérico),163,21,3517
870,2025-12-03,Rodrigues S/A,Vacina contra Lúpus - Reforço,178,10,1943
871,2025-12-03,Rodrigues S/A,Vacina contra Artrite - Reforço,324,8,2639
872,2025-12-03,Rodrigues S/A,Termômetro Digital Listerine 50g,204,1,224
873,2025-12-03,Rodrigues S/A,Tadalafila Pomada 30g - Eurofarma,225,9,2045
874,2025-12-03,Rodrigues S/A,Clonazepam Pomada 30g - Medley (Genérico),65,9,601
875,2025-12-03,Rodrigues S/A,Tadalafila Suspensão Oral 50ml - EMS (Genérico),51,47,2419
876,2025-12-03,Rodrigues S/A,Ibuprofeno Pomada 30g - EMS (Genérico),329,3,1160
877,2025-12-03,Rodrigues S/A,Sildenafila Pomada 30g - Neo Química (Genérico),264,3,1052
878,2025-12-03,Rodrigues S/A,Pomada para Assaduras Panvel 400ml,361,7,2585
879,2026-02-22,Aragão da Conceição - ME,Paracetamol Pomada 30g - Bayer,351,6,2300
880,2026-06-13,Siqueira - ME,Tadalafila Suspensão Oral 50ml - EMS (Genérico),45,38,1740
881,2026-06-13,Siqueira - ME,Sildenafila 500mg - 20 Comprimidos - Medley (Genérico),253,3,844
882,2026-06-13,Siqueira - ME,Sertralina 50mg - 30 Comprimidos - Bayer,155,22,3531
883,2026-06-13,Siqueira - ME,Sinvastatina 1g - 10 Comprimidos - Eurofarma,26,61,1603
884,2026-06-13,Siqueira - ME,Protetor Solar Corporal Panvel 50g,130,12,1610
885,2026-06-13,Siqueira - ME,Vacina contra Lúpus - Dose Única,77,17,1380
886,2026-06-13,Siqueira - ME,Dipirona Sódica 50mg - 30 Comprimidos - Medley (Genérico),24,94,2272
887,2026-06-13,Siqueira - ME,Protetor Solar Facial Panvel 90g,17,80,1360
888,2026-06-13,Siqueira - ME,Vacina contra Gota - Reforço,259,0,246
889,2026-06-13,Siqueira - ME,Água Micelar CeraVe Tamanho G (32 un),355,7,2806
890,2026-06-13,Siqueira - ME,Absorvente com Abas Johnson's FPS 50,73,43,3154
891,2026-06-13,Siqueira - ME,Cefalexina Pomada 30g - Bayer,191,9,1796
892,2026-01-04,Pires Mendonça - ME,Shampoo Anticaspa Mió 90g,54,23,1268
893,2026-01-04,Pires Mendonça - ME,Sérum Vitamina C Dove 90g,454,0,256
894,2026-01-04,Pires Mendonça - ME,Enalapril Suspensão Oral 50ml - Aché,478,7,3639
895,2026-01-04,Pires Mendonça - ME,Atenolol Suspensão Oral 50ml - Neo Química (Genérico),188,8,1675
896,2026-01-04,Pires Mendonça - ME,Sertralina Pomada 30g - Neo Química (Genérico),211,13,2944
897,2026-01-04,Pires Mendonça - ME,Ibuprofeno Suspensão Oral 50ml - Eurofarma,201,9,1991
898,2026-01-04,Pires Mendonça - ME,Clonazepam 1g - 10 Comprimidos - Eurofarma,413,8,3408
899,2026-01-04,Pires Mendonça - ME,Sabonete em Barra Pampers 90g,11,371,4084
900,2025-11-08,Duarte,Fluoxetina Xarope 120ml - Medley (Genérico),462,3,1717
901,2025-11-08,Duarte,Paracetamol 1g - 10 Comprimidos - Bayer,141,18,2645
902,2025-11-08,Duarte,Dipirona Sódica 500mg - 20 Comprimidos - Aché,326,4,1453
903,2025-12-25,Moreira,Vacina contra Enxaqueca - Dose Única,65,40,2611
904,2025-12-23,Pereira S.A.,Vacina contra Úlcera - Reforço,146,3,565
905,2026-01-24,Fonseca,Termômetro Digital Aptamil 400ml,177,6,1092
906,2026-01-24,Fonseca,Hidroclorotiazida 1g - 10 Comprimidos - Bayer,115,37,4313
907,2026-01-24,Fonseca,Vacina contra Insônia - Dose Única,297,9,2917
908,2026-01-24,Fonseca,Omeprazol 500mg - 20 Comprimidos - Neo Química (Genérico),424,5,2527
909,2026-01-24,Fonseca,Dipirona Sódica 500mg - 20 Comprimidos - EMS (Genérico),409,5,2391
910,2026-01-24,Fonseca,Loratadina 50mg - 30 Comprimidos - Neo Química (Genérico),430,0,279
911,2026-01-24,Fonseca,Azitromicina 500mg - 20 Comprimidos - Neo Química (Genérico),249,10,2679
912,2026-01-24,Fonseca,Clonazepam 50mg - 30 Comprimidos - Bayer,87,52,4586
913,2026-01-24,Fonseca,Dipirona Sódica Gotas 20ml - Eurofarma,156,10,1577
914,2026-07-10,Rezende,Nimesulida Suspensão Oral 50ml - Aché,271,6,1666
915,2026-07-10,Rezende,Escitalopram 1g - 10 Comprimidos - EMS (Genérico),393,0,281
916,2026-07-10,Rezende,Cefalexina 500mg - 20 Comprimidos - Medley (Genérico),69,13,899
917,2026-07-10,Rezende,Sérum Vitamina C Sempre Livre FPS 50,307,3,1061
918,2026-07-10,Rezende,Hidroclorotiazida 500mg - 20 Comprimidos - Bayer,20,142,2841
919,2026-07-10,Rezende,Amoxicilina 25mg - 30 Comprimidos - EMS (Genérico),345,6,2099
920,2026-07-10,Rezende,Sabonete em Barra Huggies FPS 70,139,4,686
921,2026-07-10,Rezende,Vacina contra Bipolaridade - Dose Única,14,13,183
922,2026-07-10,Rezende,Ibuprofeno 500mg - 20 Comprimidos - Aché,406,9,3909
923,2025-12-18,Rezende,Metformina Gotas 20ml - EMS (Genérico),241,0,227
924,2025-12-18,Rezende,Azitromicina 500mg - 20 Comprimidos - Medley (Genérico),459,2,1074
925,2025-12-18,Rezende,Protetor Solar Facial CeraVe FPS 70,190,8,1570
926,2025-12-18,Rezende,Dipirona Sódica Suspensão Oral 50ml - Neo Química (Genérico),337,0,107
927,2025-12-18,Rezende,Vacina contra Cirrose - Reforço,266,7,1989
928,2026-02-22,Monteiro,Hidroclorotiazida 1g - 10 Comprimidos - Bayer,460,2,1025
929,2026-02-22,Monteiro,Sérum Vitamina C Needs FPS 70,367,3,1142
930,2026-02-22,Monteiro,Loratadina 500mg - 20 Comprimidos - Neo Química (Genérico),419,5,2137
931,2026-02-22,Monteiro,Ibuprofeno Pomada 30g - EMS (Genérico),332,4,1400
932,2026-02-22,Monteiro,Condicionador Hidratação La Roche-Posay 500ml,466,4,1984
933,2026-02-22,Monteiro,Hastes Flexíveis (Cotonetes) Rexona 150ml,138,11,1518
934,2026-02-22,Monteiro,Sildenafila 500mg - 20 Comprimidos - Medley (Genérico),362,2,830
935,2026-02-22,Monteiro,Fralda Descartável Needs 150ml,99,0,24
936,2026-02-22,Monteiro,Sildenafila 50mg - 30 Comprimidos - Medley (Genérico),463,7,3645
937,2026-02-22,Monteiro,Diclofenaco 50mg - 30 Comprimidos - Neo Química (Genérico),327,3,1275
938,2025-11-26,Brito Viana e Filhos,Fluoxetina 500mg - 20 Comprimidos - Eurofarma,314,2,750
939,2025-11-26,Brito Viana e Filhos,Sinvastatina Xarope 120ml - EMS (Genérico),434,2,1297
940,2025-11-26,Brito Viana e Filhos,Atenolol 1g - 10 Comprimidos - Aché,119,21,2535
941,2025-11-26,Brito Viana e Filhos,Vacina contra Artrose - Dose Única,234,10,2473
942,2025-11-26,Brito Viana e Filhos,Vacina contra Lúpus - Reforço,59,8,472
943,2025-11-26,Brito Viana e Filhos,Azitromicina Suspensão Oral 50ml - Aché,166,6,1144
944,2026-01-08,Rezende Pimenta e Filhos,Escitalopram Suspensão Oral 50ml - Eurofarma,200,12,2562
945,2026-01-08,Rezende Pimenta e Filhos,Creme Hidratante G-Tech Tamanho G (32 un),293,3,1012
946,2026-01-08,Rezende Pimenta e Filhos,Tadalafila 50mg - 30 Comprimidos - Eurofarma,450,5,2620
947,2026-01-08,Rezende Pimenta e Filhos,Fralda Descartável G-Tech 50g,186,13,2598
948,2026-01-08,Rezende Pimenta e Filhos,Termômetro Digital Listerine 50g,236,6,1558
949,2026-01-08,Rezende Pimenta e Filhos,Cefalexina 50mg - 30 Comprimidos - Eurofarma,468,4,2290
950,2026-01-08,Rezende Pimenta e Filhos,Shampoo Anticaspa Panvel Tamanho G (32 un),266,4,1269
951,2026-02-22,Aragão,Losartana Potássica 500mg - 20 Comprimidos - Bayer,323,8,2695
952,2026-02-22,Aragão,Vacina contra Hepatite C - Dose Única,445,0,88
953,2026-02-22,Aragão,Soro Fisiológico Mió 50g,221,14,3223
954,2026-03-22,Dias e Filhos,Azitromicina 50mg - 30 Comprimidos - Bayer,315,3,1054
955,2025-11-12,Fernandes,Termômetro Digital La Roche-Posay 500ml,367,6,2508
956,2025-11-12,Fernandes,Sildenafila 25mg - 30 Comprimidos - Eurofarma,365,6,2510
957,2025-11-12,Fernandes,Condicionador Hidratação Huggies 90g,380,8,3281
958,2025-10-14,Moraes,Dipirona Sódica 1g - 10 Comprimidos - Bayer,383,8,3154
959,2025-10-14,Moraes,Ibuprofeno 500mg - 20 Comprimidos - EMS (Genérico),456,5,2453
960,2025-10-14,Moraes,Absorvente com Abas Colgate 500ml,381,2,986
961,2025-10-14,Moraes,Pomada para Assaduras Rexona 90g,314,5,1801
962,2025-10-14,Moraes,Fralda Descartável G-Tech 50g,459,0,354
963,2025-10-14,Moraes,Termômetro Digital La Roche-Posay 500ml,130,5,659
964,2025-10-14,Moraes,Dipirona Sódica 1g - 10 Comprimidos - EMS (Genérico),328,5,1877
965,2025-10-14,Moraes,Diclofenaco Pomada 30g - Medley (Genérico),315,8,2830
966,2026-08-17,Montenegro,Termômetro Digital G-Tech Tamanho M (40 un),477,1,737
967,2026-08-17,Montenegro,Dipirona Sódica Pomada 30g - Medley (Genérico),221,23,5097
968,2026-08-17,Montenegro,Sérum Vitamina C Nivea 500ml,170,11,2010
969,2026-03-12,Rocha e Filhos,Vacina contra Insônia - Dose Única,104,6,650
970,2026-03-12,Rocha e Filhos,Dipirona Sódica 500mg - 20 Comprimidos - EMS (Genérico),107,31,3385
971,2026-03-12,Rocha e Filhos,Losartana Potássica 1g - 10 Comprimidos - Medley (Genérico),385,5,2039
972,2026-03-12,Rocha e Filhos,Paracetamol Suspensão Oral 50ml - Aché,450,9,4163
973,2026-03-12,Rocha e Filhos,Hidroclorotiazida 50mg - 30 Comprimidos - Aché,412,1,434
974,2026-07-15,Silveira,Tadalafila 500mg - 20 Comprimidos - Neo Química (Genérico),100,16,1653
975,2026-07-15,Silveira,Vacina contra Sinusite - Dose Única,369,4,1567
976,2026-07-15,Silveira,Vacina contra Rinite - Dose Única,275,1,369
977,2026-07-15,Silveira,Pantoprazol Suspensão Oral 50ml - Aché,410,2,1218
978,2026-07-15,Silveira,Protetor Solar Facial Rexona 50 Metros,307,10,3106
979,2025-10-13,Mendes - ME,Amoxicilina 500mg - 20 Comprimidos - Bayer,441,5,2614
980,2025-10-13,Mendes - ME,Diclofenaco Xarope 120ml - Aché,24,145,3485
981,2025-10-13,Mendes - ME,Losartana Potássica 50mg - 30 Comprimidos - Medley (Genérico),23,95,2196
982,2025-10-13,Mendes - ME,Azitromicina 50mg - 30 Comprimidos - Aché,494,0,429
983,2025-10-13,Mendes - ME,Escitalopram Pomada 30g - Aché,269,9,2519
984,2025-10-13,Mendes - ME,Loratadina 500mg - 20 Comprimidos - EMS (Genérico),337,9,3312
985,2025-10-13,Mendes - ME,Fluoxetina 25mg - 30 Comprimidos - Aché,416,3,1314
986,2025-10-13,Mendes - ME,Enalapril Suspensão Oral 50ml - Aché,213,10,2158
987,2025-10-13,Mendes - ME,Loratadina Suspensão Oral 50ml - Neo Química (Genérico),159,13,2122
988,2025-10-13,Mendes - ME,Dipirona Sódica 1g - 10 Comprimidos - Eurofarma,298,11,3423
989,2026-01-09,Garcia,Dipirona Sódica 1g - 10 Comprimidos - Neo Química (Genérico),53,6,338
990,2026-01-09,Garcia,Enxaguante Bucal Johnson's FPS 50,175,4,818
991,2026-01-09,Garcia,Amoxicilina 500mg - 20 Comprimidos - Eurofarma,194,20,4069
992,2026-01-09,Garcia,Absorvente com Abas Johnson's 150ml,395,9,3555
993,2026-02-25,Ramos,Diclofenaco Pomada 30g - Bayer,370,8,3183
994,2026-02-25,Ramos,Paracetamol 25mg - 30 Comprimidos - Neo Química (Genérico),297,9,2771
995,2026-02-25,Ramos,Losartana Potássica 1g - 10 Comprimidos - Medley (Genérico),417,3,1377
996,2026-02-25,Ramos,Sertralina Suspensão Oral 50ml - Neo Química (Genérico),103,33,3497
997,2026-02-25,Ramos,Amoxicilina 25mg - 30 Comprimidos - Eurofarma,432,7,3118
998,2026-02-25,Ramos,Amoxicilina 500mg - 20 Comprimidos - Aché,413,3,1320
999,2026-02-25,Ramos,Escitalopram Suspensão Oral 50ml - Aché,326,2,786
1000,2026-02-25,Ramos,Sérum Vitamina C Nivea 200ml,337,5,1689
1001,2026-02-25,Ramos,Clonazepam 25mg - 30 Comprimidos - Bayer,376,8,3313
1002,2026-02-25,Ramos,Pomada para Assaduras G-Tech 50 Metros,495,6,3145
1003,2026-02-25,Ramos,Atenolol Suspensão Oral 50ml - Neo Química (Genérico),425,2,1245
1004,2025-11-10,Vieira,Enalapril 500mg - 20 Comprimidos - Bayer,481,4,2391
1005,2025-11-10,Vieira,Azitromicina Xarope 120ml - Aché,24,131,3161
1006,2025-11-10,Vieira,Amoxicilina 50mg - 30 Comprimidos - Bayer,167,5,919
1007,2025-11-10,Vieira,Absorvente com Abas Colgate 400ml,183,4,785
1008,2025-11-10,Vieira,Protetor Solar Facial Rexona 50 Metros,195,11,2151
1009,2025-11-10,Vieira,Paracetamol Suspensão Oral 50ml - Medley (Genérico),215,4,1044
1010,2025-11-10,Vieira,Soro Fisiológico Sempre Livre Tamanho M (40 un),80,35,2842
1011,2026-08-27,Silva - EI,Pantoprazol 25mg - 30 Comprimidos - Neo Química (Genérico),291,4,1390
1012,2026-08-27,Silva - EI,Amoxicilina 25mg - 30 Comprimidos - Eurofarma,288,5,1475
1013,2026-08-27,Silva - EI,Vacina contra Lúpus - Reforço,340,4,1431
1014,2026-08-27,Silva - EI,Omeprazol 50mg - 30 Comprimidos - Neo Química (Genérico),207,12,2612
1015,2026-08-27,Silva - EI,Fluoxetina Xarope 120ml - Eurofarma,162,1,301
1016,2026-08-27,Silva - EI,Vacina contra Insuficiência Renal - Dose Única,415,4,2032
1017,2026-09-03,da Cunha,Pantoprazol Suspensão Oral 50ml - Aché,202,18,3709
1018,2026-09-03,da Cunha,Sabonete em Barra Pampers 90g,477,5,2415
1019,2026-09-03,da Cunha,Vacina contra Insuficiência Renal - Dose Única,364,3,1096
1020,2026-09-03,da Cunha,Sildenafila 1g - 10 Comprimidos - Neo Química (Genérico),30,87,2631
1021,2026-09-03,da Cunha,Metformina 1g - 10 Comprimidos - Aché,278,4,1115
1022,2026-09-03,da Cunha,Fralda Descartável Sempre Livre 50 Metros,279,7,2024
1023,2025-10-29,Castro,Água Micelar CeraVe Tamanho G (32 un),170,10,1725
1024,2025-10-29,Castro,Soro Fisiológico Dove FPS 70,443,4,2083
1025,2025-10-29,Castro,Azitromicina 1g - 10 Comprimidos - Bayer,16,93,1492
1026,2025-10-29,Castro,Metformina 50mg - 30 Comprimidos - Eurofarma,470,0,303
1027,2025-10-29,Castro,Escitalopram Pomada 30g - Eurofarma,323,6,2227
1028,2025-10-29,Castro,Vacina contra Trombose - Dose Única,323,3,980
1029,2025-10-29,Castro,Paracetamol 500mg - 20 Comprimidos - Bayer,136,18,2474
1030,2025-10-29,Castro,Fluoxetina 1g - 10 Comprimidos - EMS (Genérico),253,4,1127
1031,2025-10-29,Castro,Absorvente com Abas Colgate 500ml,486,4,1998
1032,2026-04-03,da Paz Cassiano e Filhos,Fluoxetina 500mg - 20 Comprimidos - Aché,107,11,1215
1033,2026-04-03,da Paz Cassiano e Filhos,Ibuprofeno 500mg - 20 Comprimidos - EMS (Genérico),300,8,2609
1034,2026-04-03,da Paz Cassiano e Filhos,Amoxicilina 25mg - 30 Comprimidos - Medley (Genérico),200,11,2217
1035,2026-04-03,da Paz Cassiano e Filhos,Pomada para Assaduras Needs 90g,20,69,1398
1036,2026-04-03,da Paz Cassiano e Filhos,Absorvente com Abas Sempre Livre 90g,35,58,2059
1037,2026-04-03,da Paz Cassiano e Filhos,Pomada para Assaduras Huggies Tamanho G (32 un),144,17,2504
1038,2026-04-03,da Paz Cassiano e Filhos,Sildenafila 25mg - 30 Comprimidos - Medley (Genérico),370,7,2867
1039,2026-04-03,da Paz Cassiano e Filhos,Omeprazol 500mg - 20 Comprimidos - Aché,223,3,778
1040,2026-04-03,da Paz Cassiano e Filhos,Amoxicilina 50mg - 30 Comprimidos - EMS (Genérico),354,6,2364
1041,2026-07-06,Freitas - EI,Vacina contra Hepatite A - Dose Única,22,70,1545
1042,2026-03-09,Macedo,Dipirona Sódica 1g - 10 Comprimidos - Neo Química (Genérico),260,8,2319
1043,2026-03-09,Macedo,Vacina contra Trombose - Dose Única,28,73,2044
1044,2026-03-09,Macedo,Ibuprofeno Pomada 30g - Bayer,471,6,2997
1045,2026-03-09,Macedo,Azitromicina Suspensão Oral 50ml - Eurofarma,399,8,3376
1046,2026-03-09,Macedo,Fio Dental Needs FPS 50,70,48,3373
1047,2026-03-09,Macedo,Azitromicina 1g - 10 Comprimidos - Bayer,244,15,3858
1048,2026-01-17,Freitas Cassiano e Filhos,Loratadina 25mg - 30 Comprimidos - Bayer,29,55,1607
1049,2026-01-17,Freitas Cassiano e Filhos,Sildenafila 1g - 10 Comprimidos - EMS (Genérico),78,10,798
1050,2026-01-17,Freitas Cassiano e Filhos,Álcool em Gel 70% Johnson's 50 Metros,457,9,4428
1051,2026-01-17,Freitas Cassiano e Filhos,Fralda Descartável G-Tech 50g,54,41,2217
1052,2026-01-17,Freitas Cassiano e Filhos,Loratadina 500mg - 20 Comprimidos - Bayer,352,8,3111
1053,2026-01-17,Freitas Cassiano e Filhos,Fluoxetina 50mg - 30 Comprimidos - Eurofarma,471,4,2252
1054,2026-05-23,Machado - ME,Diclofenaco Suspensão Oral 50ml - Neo Química (Genérico),214,6,1419
1055,2026-05-23,Machado - ME,Clonazepam Pomada 30g - Aché,421,5,2279
1056,2026-05-23,Machado - ME,Fio Dental Huggies 50 Metros,64,41,2678
1057,2026-05-23,Machado - ME,Enxaguante Bucal Pampers 500ml,468,3,1455
1058,2026-05-23,Machado - ME,Cefalexina Suspensão Oral 50ml - Neo Química (Genérico),49,50,2450
1059,2026-05-23,Machado - ME,Amoxicilina 25mg - 30 Comprimidos - EMS (Genérico),30,1,59
1060,2026-05-23,Machado - ME,Sabonete em Barra Nivea 500ml,196,19,3770
1061,2026-05-23,Machado - ME,Loratadina 500mg - 20 Comprimidos - Bayer,419,9,3929
1062,2026-05-23,Machado - ME,Vacina contra Lúpus - Reforço,288,5,1657
1063,2026-05-23,Machado - ME,Sérum Vitamina C Nivea 200ml,344,6,2144
1064,2026-05-23,Machado - ME,Enxaguante Bucal Pampers 200ml,352,0,153
1065,2026-05-23,Machado - ME,Losartana Potássica Pomada 30g - Bayer,143,16,2308
1066,2025-09-14,Mendes S/A,Loratadina 500mg - 20 Comprimidos - Bayer,455,3,1416
1067,2025-12-21,Nascimento S.A.,Amoxicilina Suspensão Oral 50ml - Bayer,253,15,3845
1068,2025-12-21,Nascimento S.A.,Água Micelar CeraVe Tamanho G (32 un),171,18,3166
1069,2026-02-09,Fonseca S/A,Azitromicina 25mg - 30 Comprimidos - Medley (Genérico),421,5,2382
1070,2026-02-09,Fonseca S/A,Sinvastatina Gotas 20ml - Bayer,460,4,1948
1071,2026-02-09,Fonseca S/A,Vacina contra Colesterol Alto - Reforço,156,26,4095
1072,2026-02-09,Fonseca S/A,Clonazepam Pomada 30g - Medley (Genérico),438,5,2488
1073,2026-02-09,Fonseca S/A,Enxaguante Bucal Nivea Tamanho M (40 un),12,94,1128
1074,2026-02-09,Fonseca S/A,Azitromicina 25mg - 30 Comprimidos - Aché,245,5,1303
1075,2026-02-09,Fonseca S/A,Fralda Descartável Rexona Tamanho G (32 un),298,5,1743
1076,2026-02-09,Fonseca S/A,Vacina contra Diabetes Tipo 2 - Dose Única,315,7,2407
1077,2026-02-09,Fonseca S/A,Dipirona Sódica 1g - 10 Comprimidos - Bayer,73,15,1165
1078,2026-02-09,Fonseca S/A,Ibuprofeno 500mg - 20 Comprimidos - EMS (Genérico),123,11,1399
1079,2026-02-09,Fonseca S/A,Loratadina 500mg - 20 Comprimidos - EMS (Genérico),432,2,1143
1080,2026-05-26,Martins,Sérum Vitamina C Johnson's 500ml,341,11,3854
1081,2026-05-26,Martins,Creme Dental Clear 50g,417,5,2221
1082,2026-05-26,Martins,Desodorante Roll-on Aptamil 50g,242,6,1565
1083,2026-05-26,Martins,Omeprazol 500mg - 20 Comprimidos - Aché,268,7,2087
1084,2026-05-26,Martins,Vacina contra Hepatite A - Dose Única,479,4,2346
1085,2026-05-26,Martins,Enxaguante Bucal Pampers 500ml,163,12,2011
1086,2026-05-26,Martins,Enxaguante Bucal Pampers 200ml,338,2,750
1087,2026-05-26,Martins,Loratadina Gotas 20ml - Medley (Genérico),106,6,662
1088,2026-05-26,Martins,Paracetamol Pomada 30g - EMS (Genérico),108,27,2929
1089,2026-05-26,Martins,Metformina Xarope 120ml - Bayer,454,4,1980
1090,2026-09-04,Novaes - EI,Clonazepam Gotas 20ml - Bayer,57,2,160
1091,2026-09-04,Novaes - EI,Termômetro Digital Listerine 50g,64,15,1000
1092,2026-09-04,Novaes - EI,Dipirona Sódica Suspensão Oral 50ml - Aché,430,4,2124
1093,2026-09-04,Novaes - EI,Clonazepam 1g - 10 Comprimidos - Eurofarma,460,6,3005
1094,2026-04-09,da Mota,Vacina contra Insuficiência Renal - Reforço,149,14,2158
1095,2026-04-09,da Mota,Pomada para Assaduras Nivea 90g,151,14,2216
1096,2026-04-09,da Mota,Loratadina 1g - 10 Comprimidos - Aché,74,19,1427
1097,2025-12-12,da Luz,Sinvastatina Pomada 30g - EMS (Genérico),293,2,757
1098,2025-12-12,da Luz,Vacina contra Lúpus - Dose Única,138,28,3877
1099,2025-12-12,da Luz,Nimesulida 1g - 10 Comprimidos - Medley (Genérico),166,13,2255
1100,2026-07-25,Montenegro - EI,Azitromicina Suspensão Oral 50ml - Eurofarma,262,10,2746
1101,2026-07-25,Montenegro - EI,Loratadina 25mg - 30 Comprimidos - Eurofarma,242,7,1822
1102,2026-07-25,Montenegro - EI,Atenolol 1g - 10 Comprimidos - Eurofarma,234,13,3067
1103,2026-07-25,Montenegro - EI,Dipirona Sódica 50mg - 30 Comprimidos - Neo Química (Genérico),192,8,1628
1104,2026-07-25,Montenegro - EI,Pantoprazol 25mg - 30 Comprimidos - Eurofarma,190,12,2432
1105,2026-07-25,Montenegro - EI,Lenço Umedecido Huggies Tamanho M (40 un),67,12,838
1106,2026-07-25,Montenegro - EI,Pantoprazol 50mg - 30 Comprimidos - Aché,11,217,2394
1107,2026-07-25,Montenegro - EI,Azitromicina Xarope 120ml - Neo Química (Genérico),64,28,1803
1108,2026-07-25,Montenegro - EI,Diclofenaco 1g - 10 Comprimidos - Neo Química (Genérico),364,5,1876
1109,2026-05-31,Mendes - ME,Azitromicina 50mg - 30 Comprimidos - Medley (Genérico),44,29,1309
1110,2026-05-31,Mendes - ME,Losartana Potássica Pomada 30g - Neo Química (Genérico),18,127,2290
1111,2026-05-31,Mendes - ME,Amoxicilina Suspensão Oral 50ml - Neo Química (Genérico),102,21,2204
1112,2026-05-31,Mendes - ME,Pomada para Assaduras G-Tech 50 Metros,33,41,1363
1113,2025-11-11,Fogaça,Condicionador Hidratação La Roche-Posay 150ml,310,9,2821
1114,2025-11-11,Fogaça,Cefalexina Xarope 120ml - EMS (Genérico),495,9,4911
1115,2025-11-11,Fogaça,Paracetamol Gotas 20ml - EMS (Genérico),111,16,1842
1116,2025-11-11,Fogaça,Diclofenaco 50mg - 30 Comprimidos - Neo Química (Genérico),233,4,1006
1117,2025-11-11,Fogaça,Sérum Vitamina C Johnson's FPS 70,482,5,2751
1118,2025-11-11,Fogaça,Enxaguante Bucal Johnson's FPS 50,283,1,510
1119,2025-11-11,Fogaça,Ibuprofeno 25mg - 30 Comprimidos - Medley (Genérico),356,0,293
1120,2025-11-11,Fogaça,Amoxicilina 25mg - 30 Comprimidos - EMS (Genérico),457,5,2388
1121,2025-11-11,Fogaça,Escitalopram 50mg - 30 Comprimidos - Bayer,134,10,1471
1122,2026-01-15,Porto e Filhos,Sabonete em Barra Huggies FPS 70,107,14,1522
1123,2026-01-15,Porto e Filhos,Metformina Suspensão Oral 50ml - Bayer,84,12,1073
1124,2026-01-15,Porto e Filhos,Sérum Vitamina C Nivea 200ml,289,8,2455
1125,2026-01-15,Porto e Filhos,Ibuprofeno Suspensão Oral 50ml - Bayer,273,2,659
1126,2026-01-15,Porto e Filhos,Cefalexina 500mg - 20 Comprimidos - Neo Química (Genérico),98,24,2416
1127,2026-01-15,Porto e Filhos,Dipirona Sódica Gotas 20ml - Eurofarma,93,5,525
1128,2026-01-15,Porto e Filhos,Amoxicilina Xarope 120ml - Aché,399,6,2401
1129,2026-01-15,Porto e Filhos,Escitalopram 500mg - 20 Comprimidos - Bayer,130,19,2503
1130,2026-01-15,Porto e Filhos,Fio Dental Needs FPS 50,417,6,2837
1131,2026-08-02,Vargas,Vacina contra Tuberculose - Dose Única,128,16,2118
1132,2026-08-02,Vargas,Cefalexina Xarope 120ml - EMS (Genérico),483,6,3018
1133,2026-08-02,Vargas,Fralda Descartável Johnson's 400ml,142,17,2425
1134,2026-08-02,Vargas,Sertralina Pomada 30g - Medley (Genérico),195,0,118
1135,2026-05-15,Rios,Álcool em Gel 70% Nivea FPS 50,385,7,2943
1136,2025-11-21,Fonseca S/A,Protetor Solar Facial Panvel 90g,93,37,3453
1137,2025-11-21,Fonseca S/A,Fluoxetina 25mg - 30 Comprimidos - Aché,425,2,995
1138,2025-11-21,Fonseca S/A,Desodorante Aerosol Listerine 90g,199,19,3827
1139,2025-11-21,Fonseca S/A,Vacina contra Melanoma - Reforço,490,2,1282
1140,2025-11-21,Fonseca S/A,Paracetamol Gotas 20ml - Medley (Genérico),74,37,2793
1141,2025-11-21,Fonseca S/A,Dipirona Sódica Pomada 30g - Medley (Genérico),149,15,2299
1142,2025-11-21,Fonseca S/A,Diclofenaco 500mg - 20 Comprimidos - Aché,225,12,2719
1143,2025-11-21,Fonseca S/A,Loratadina Xarope 120ml - Medley (Genérico),209,5,1067
1144,2025-11-21,Fonseca S/A,Creme Hidratante Nivea Tamanho M (40 un),303,5,1563
1145,2025-11-21,Fonseca S/A,Soro Fisiológico Sempre Livre 400ml,16,201,3216
1146,2025-11-21,Fonseca S/A,Metformina Pomada 30g - EMS (Genérico),154,19,3019
1147,2025-11-21,Fonseca S/A,Dipirona Sódica Suspensão Oral 50ml - Neo Química (Genérico),76,23,1812
1148,2026-04-16,Sousa Camargo S/A,Azitromicina 1g - 10 Comprimidos - Bayer,97,10,1035
1149,2026-04-16,Sousa Camargo S/A,Curativos (Band-Aid) Clear 400ml,488,3,1706
1150,2026-04-16,Sousa Camargo S/A,Sinvastatina Suspensão Oral 50ml - Aché,126,24,3105
1151,2026-03-05,Aragão da Conceição - ME,Hidroclorotiazida 500mg - 20 Comprimidos - Bayer,476,5,2446
1152,2026-03-05,Aragão da Conceição - ME,Vacina contra Rinite - Dose Única,240,5,1272
1153,2026-03-05,Aragão da Conceição - ME,Omeprazol Suspensão Oral 50ml - Aché,455,5,2582
1154,2026-03-05,Aragão da Conceição - ME,Vacina contra Obesidade - Reforço,226,8,1919
1155,2026-03-05,Aragão da Conceição - ME,Sildenafila Suspensão Oral 50ml - Eurofarma,50,37,1866
1156,2026-03-05,Aragão da Conceição - ME,Sabonete em Barra Needs 400ml,323,4,1595
1157,2026-03-05,Aragão da Conceição - ME,Protetor Solar Corporal Listerine FPS 70,315,3,1076
1158,2026-03-05,Aragão da Conceição - ME,Enalapril 50mg - 30 Comprimidos - Bayer,110,8,943
1159,2026-03-05,Aragão da Conceição - ME,Loratadina Gotas 20ml - Medley (Genérico),173,11,2043
1160,2026-03-05,Aragão da Conceição - ME,Vacina contra Rinite - Reforço,422,7,3301
1161,2026-03-05,Aragão da Conceição - ME,Sinvastatina 1g - 10 Comprimidos - Eurofarma,142,5,755
1162,2026-07-30,Vasconcelos S/A,Amoxicilina Gotas 20ml - Eurofarma,78,14,1166
1163,2026-07-30,Vasconcelos S/A,Diclofenaco 50mg - 30 Comprimidos - EMS (Genérico),173,17,2977
1164,2026-07-30,Vasconcelos S/A,Absorvente com Abas Needs 90g,465,4,2216
1165,2026-07-30,Vasconcelos S/A,Sabonete em Barra Clear Tamanho M (40 un),223,14,3129
1166,2026-03-27,Correia Alves - EI,Ibuprofeno 50mg - 30 Comprimidos - Bayer,220,10,2405
1167,2026-03-27,Correia Alves - EI,Sabonete em Barra Mió FPS 70,366,8,3047
1168,2026-03-27,Correia Alves - EI,Diclofenaco Pomada 30g - Medley (Genérico),286,8,2418
1169,2026-03-27,Correia Alves - EI,Escitalopram Pomada 30g - Eurofarma,449,4,2047
1170,2025-10-05,Nascimento,Enalapril 50mg - 30 Comprimidos - Bayer,213,15,3200
1171,2025-10-05,Nascimento,Protetor Solar Facial Rexona 50g,57,44,2556
1172,2025-10-05,Nascimento,Enalapril Xarope 120ml - Eurofarma,114,14,1675
1173,2025-10-05,Nascimento,Leite em Pó Infantil CeraVe 400ml,88,20,1799
1174,2025-10-05,Nascimento,Escitalopram 25mg - 30 Comprimidos - Aché,449,5,2498
1175,2025-10-05,Nascimento,Desodorante Roll-on Needs 150ml,168,13,2274
1176,2025-10-05,Nascimento,Hastes Flexíveis (Cotonetes) Johnson's 200ml,232,6,1568
1177,2025-10-05,Nascimento,Soro Fisiológico CeraVe FPS 50,36,42,1542
1178,2025-10-05,Nascimento,Enxaguante Bucal Nivea Tamanho M (40 un),203,1,402
1179,2026-06-07,Silva - EI,Omeprazol Gotas 20ml - Medley (Genérico),408,0,3
1180,2026-06-07,Silva - EI,Vacina contra Leucemia - Reforço,204,20,4213
1181,2026-06-07,Silva - EI,Pantoprazol 25mg - 30 Comprimidos - Eurofarma,216,5,1124
1182,2026-06-07,Silva - EI,Omeprazol 50mg - 30 Comprimidos - Neo Química (Genérico),28,75,2108
1183,2026-06-07,Silva - EI,Protetor Solar Facial Rexona Tamanho G (32 un),294,6,2025
1184,2026-06-07,Silva - EI,Paracetamol 500mg - 20 Comprimidos - Medley (Genérico),302,4,1285
1185,2026-06-07,Silva - EI,Nimesulida 25mg - 30 Comprimidos - Aché,252,9,2389
1186,2026-06-07,Silva - EI,Atenolol 1g - 10 Comprimidos - Eurofarma,369,5,2110
1187,2026-06-07,Silva - EI,Vacina contra Acne - Reforço,222,6,1460
1188,2026-06-07,Silva - EI,Creme Hidratante Nivea 50 Metros,192,11,2189
1189,2026-06-07,Silva - EI,Hastes Flexíveis (Cotonetes) Panvel 150ml,400,7,2881
1190,2026-03-05,Nogueira S/A,Ibuprofeno Xarope 120ml - Eurofarma,420,6,2600
1191,2026-03-05,Nogueira S/A,Vacina contra Enxaqueca - Dose Única,231,4,1141
1192,2026-03-05,Nogueira S/A,Amoxicilina Xarope 120ml - Aché,128,26,3351
1193,2026-04-25,Caldeira S/A,Tadalafila Pomada 30g - Eurofarma,24,131,3146
1194,2026-04-25,Caldeira S/A,Dipirona Sódica Pomada 30g - Medley (Genérico),284,4,1230
1195,2026-04-25,Caldeira S/A,Leite em Pó Infantil Nivea FPS 50,296,1,442
1196,2026-04-25,Caldeira S/A,Vacina contra Pedra nos Rins - Reforço,338,4,1399
1197,2026-04-25,Caldeira S/A,Desodorante Roll-on Bepantol 50g,378,4,1553
1198,2026-01-05,Martins,Sertralina Suspensão Oral 50ml - Eurofarma,339,8,2791
1199,2026-01-05,Martins,Loratadina 1g - 10 Comprimidos - Aché,267,2,732
1200,2026-01-05,Martins,Dipirona Sódica Suspensão Oral 50ml - Neo Química (Genérico),73,20,1490
1201,2026-01-05,Martins,Atenolol Pomada 30g - Neo Química (Genérico),295,5,1751
1202,2026-01-05,Martins,Desodorante Roll-on Needs 150ml,159,7,1271
1203,2026-01-05,Martins,Ibuprofeno 1g - 10 Comprimidos - Eurofarma,435,6,3039
1204,2026-01-05,Martins,Clonazepam Suspensão Oral 50ml - EMS (Genérico),228,9,2099
1205,2026-01-05,Martins,Paracetamol 25mg - 30 Comprimidos - EMS (Genérico),48,64,3106
1206,2026-01-05,Martins,Protetor Solar Corporal Panvel 50g,107,15,1705
1207,2026-01-05,Martins,Hastes Flexíveis (Cotonetes) La Roche-Posay 150ml,259,2,768
1208,2026-01-05,Martins,Hidroclorotiazida 25mg - 30 Comprimidos - Neo Química (Genérico),297,5,1660
1209,2026-02-03,Rios,Creme Hidratante Dove 200ml,68,28,1960
1210,2026-02-03,Rios,Clonazepam Xarope 120ml - EMS (Genérico),370,5,2086
1211,2026-02-03,Rios,Amoxicilina Suspensão Oral 50ml - Bayer,303,4,1423
1212,2026-02-03,Rios,Vacina contra Câncer de Próstata - Reforço,450,5,2412
1213,2026-02-03,Rios,Sildenafila Xarope 120ml - Eurofarma,59,34,2031
1214,2026-02-03,Rios,Tadalafila 500mg - 20 Comprimidos - Eurofarma,76,5,402
1215,2026-02-03,Rios,Vacina contra Leucemia - Reforço,352,3,1327
1216,2026-02-03,Rios,Escitalopram Suspensão Oral 50ml - Eurofarma,347,4,1473
1217,2026-02-03,Rios,Enxaguante Bucal Vichy 50 Metros,96,14,1417
1218,2026-07-13,Lopes,Cefalexina Xarope 120ml - Eurofarma,252,9,2279
1219,2026-07-13,Lopes,Termômetro Digital Listerine 50g,347,5,2074
1220,2026-07-13,Lopes,Nimesulida Xarope 120ml - Eurofarma,286,11,3147
1221,2026-07-13,Lopes,Água Micelar Pampers FPS 50,463,2,1141
1222,2026-07-13,Lopes,Escitalopram Gotas 20ml - Aché,483,1,883
1223,2026-07-13,Lopes,Protetor Solar Facial CeraVe FPS 50,304,3,945
1224,2026-07-13,Lopes,Paracetamol Gotas 20ml - EMS (Genérico),453,2,1319
1225,2026-07-13,Lopes,Condicionador Hidratação Needs 200ml,286,7,2098
1226,2026-07-13,Lopes,Cefalexina 500mg - 20 Comprimidos - Medley (Genérico),171,8,1404
1227,2026-09-04,Castro da Rosa - EI,Metformina Pomada 30g - Neo Química (Genérico),298,8,2618
1228,2026-09-04,Castro da Rosa - EI,Escitalopram 1g - 10 Comprimidos - Eurofarma,144,10,1576
1229,2026-09-04,Castro da Rosa - EI,Tadalafila Gotas 20ml - EMS (Genérico),94,15,1503
1230,2026-09-04,Castro da Rosa - EI,Sabonete em Barra Mió FPS 70,266,4,1303
1231,2026-09-04,Castro da Rosa - EI,Termômetro Digital Needs 50g,484,5,2854
1232,2026-09-04,Castro da Rosa - EI,Pantoprazol Gotas 20ml - EMS (Genérico),207,13,2836
1233,2026-09-04,Castro da Rosa - EI,Paracetamol Pomada 30g - Medley (Genérico),172,16,2895
1234,2026-09-04,Castro da Rosa - EI,Ibuprofeno Xarope 120ml - Eurofarma,152,17,2682
1235,2026-09-04,Castro da Rosa - EI,Azitromicina Pomada 30g - Medley (Genérico),404,4,1666
1236,2026-09-04,Castro da Rosa - EI,Vacina contra Osteoporose - Reforço,67,31,2122
1237,2025-09-16,Vasconcelos,Creme Dental Nivea Tamanho G (32 un),346,7,2533
1238,2025-09-16,Vasconcelos,Dipirona Sódica Suspensão Oral 50ml - Neo Química (Genérico),22,86,1905
1239,2025-09-16,Vasconcelos,Sérum Vitamina C Dove 90g,281,7,2221
1240,2025-09-16,Vasconcelos,Enalapril Xarope 120ml - EMS (Genérico),183,16,2936
1241,2025-09-16,Vasconcelos,Condicionador Hidratação La Roche-Posay 150ml,255,9,2508
1242,2026-02-09,Moreira,Cefalexina Pomada 30g - Bayer,286,7,2113
1243,2026-02-09,Moreira,Álcool em Gel 70% Nivea 500ml,472,1,545
1244,2026-02-09,Moreira,Nimesulida 50mg - 30 Comprimidos - Medley (Genérico),18,66,1193
1245,2026-01-04,Almeida,Atenolol Gotas 20ml - Eurofarma,94,11,1127
1246,2026-01-04,Almeida,Amoxicilina 50mg - 30 Comprimidos - Aché,157,6,1067
1247,2026-01-04,Almeida,Álcool em Gel 70% Pampers 400ml,197,16,3163
1248,2026-01-04,Almeida,Diclofenaco 50mg - 30 Comprimidos - Bayer,273,8,2313
1249,2026-01-04,Almeida,Vacina contra Chikungunya - Dose Única,210,16,3386
1250,2026-01-04,Almeida,Metformina 1g - 10 Comprimidos - Aché,402,2,975
1251,2026-01-04,Almeida,Omeprazol Pomada 30g - EMS (Genérico),487,1,611
1252,2026-01-04,Almeida,Tadalafila 500mg - 20 Comprimidos - Eurofarma,475,4,2099
1253,2026-08-13,Pires,Shampoo Anticaspa Rexona 90g,201,5,1026
1254,2026-08-13,Pires,Amoxicilina Suspensão Oral 50ml - Bayer,77,13,1065
1255,2026-08-13,Pires,Hidroclorotiazida Suspensão Oral 50ml - Bayer,202,14,2849
1256,2026-08-13,Pires,Cefalexina 1g - 10 Comprimidos - Medley (Genérico),422,8,3395
1257,2026-08-13,Pires,Nimesulida 50mg - 30 Comprimidos - Medley (Genérico),233,13,3048
1258,2026-08-13,Pires,Absorvente com Abas Colgate 400ml,351,11,3922
1259,2026-08-13,Pires,Álcool em Gel 70% Pampers 400ml,280,4,1193
1260,2026-08-13,Pires,Vacina contra Hipertireoidismo - Reforço,212,6,1445
1261,2025-11-24,Garcia,Dipirona Sódica 1g - 10 Comprimidos - Bayer,233,11,2759
1262,2025-11-24,Garcia,Nimesulida Suspensão Oral 50ml - Aché,446,5,2575
1263,2025-11-24,Garcia,Pantoprazol Gotas 20ml - Medley (Genérico),205,10,2105
1264,2025-11-24,Garcia,Curativos (Band-Aid) Dove Tamanho M (40 un),66,40,2641
1265,2025-11-24,Garcia,Ibuprofeno Gotas 20ml - EMS (Genérico),71,34,2481
1266,2025-11-24,Garcia,Protetor Solar Facial Rexona 50 Metros,202,4,951
1267,2025-11-24,Garcia,Pantoprazol Pomada 30g - Eurofarma,40,44,1792
1268,2025-11-24,Garcia,Sérum Vitamina C Needs FPS 70,52,37,1975
1269,2025-11-24,Garcia,Curativos (Band-Aid) Bepantol Tamanho M (40 un),241,5,1342
1270,2025-11-24,Garcia,Vacina contra Tuberculose - Dose Única,374,6,2582
1271,2025-11-24,Garcia,Cefalexina Pomada 30g - Bayer,416,4,1940
1272,2025-11-24,Garcia,Diclofenaco Pomada 30g - Bayer,476,6,3089
1273,2026-04-03,Cardoso,Fluoxetina Suspensão Oral 50ml - Bayer,158,8,1369
1274,2026-04-03,Cardoso,Creme Hidratante Sempre Livre 400ml,396,4,1833
1275,2026-04-03,Cardoso,Vacina contra Diabetes Tipo 2 - Dose Única,76,22,1716
1276,2026-04-03,Cardoso,Sérum Vitamina C Nivea 200ml,12,180,2161
1277,2026-04-03,Cardoso,Vacina contra Depressão - Dose Única,323,7,2410
1278,2026-04-03,Cardoso,Protetor Solar Facial CeraVe FPS 70,64,36,2337
1279,2026-04-03,Cardoso,Fio Dental La Roche-Posay FPS 50,169,15,2613
1280,2026-04-03,Cardoso,Losartana Potássica 1g - 10 Comprimidos - Bayer,393,5,2312
1281,2026-04-03,Cardoso,Condicionador Hidratação La Roche-Posay 500ml,403,8,3609
1282,2026-04-03,Cardoso,Fralda Descartável Bepantol 400ml,348,7,2536
1283,2026-04-03,Cardoso,Diclofenaco 1g - 10 Comprimidos - Neo Química (Genérico),459,1,826
1284,2026-02-03,Fonseca S/A,Pomada para Assaduras Huggies Tamanho G (32 un),31,100,3113
1285,2026-02-03,Fonseca S/A,Cefalexina Xarope 120ml - EMS (Genérico),456,5,2588
1286,2026-02-03,Fonseca S/A,Paracetamol Suspensão Oral 50ml - EMS (Genérico),441,5,2495
1287,2026-02-03,Fonseca S/A,Termômetro Digital Aptamil 400ml,162,8,1297
1288,2026-02-03,Fonseca S/A,Loratadina Xarope 120ml - Aché,403,7,3185
1289,2026-02-03,Fonseca S/A,Nimesulida Pomada 30g - Eurofarma,355,2,850
1290,2026-02-03,Fonseca S/A,Fralda Descartável Bepantol 400ml,477,2,1312
1291,2026-02-03,Fonseca S/A,Sabonete Líquido Rexona 90g,87,6,584
1292,2026-02-03,Fonseca S/A,Vacina contra Pedra nos Rins - Reforço,200,15,3041
1293,2026-02-03,Fonseca S/A,Vacina contra Conjuntivite - Reforço,409,10,4297
1294,2026-02-03,Fonseca S/A,Hidroclorotiazida 50mg - 30 Comprimidos - Aché,332,7,2405
1295,2026-05-04,Sampaio,Loratadina 50mg - 30 Comprimidos - Neo Química (Genérico),135,3,408
1296,2026-01-10,Macedo,Tadalafila 500mg - 20 Comprimidos - Eurofarma,104,29,3050
1297,2026-01-10,Macedo,Clonazepam 50mg - 30 Comprimidos - Bayer,375,3,1185
1298,2026-01-10,Macedo,Loratadina 25mg - 30 Comprimidos - Eurofarma,409,2,1188
1299,2026-01-10,Macedo,Vacina contra Anemia - Dose Única,352,3,1087
1300,2026-01-10,Macedo,Azitromicina Xarope 120ml - Eurofarma,202,1,324
1301,2026-02-21,Martins S/A,Vacina contra Depressão - Reforço,235,15,3590
1302,2026-02-21,Martins S/A,Vacina contra Insuficiência Renal - Dose Única,154,2,397
1303,2026-02-21,Martins S/A,Diclofenaco Gotas 20ml - Aché,224,15,3366
1304,2026-02-21,Martins S/A,Escitalopram Xarope 120ml - EMS (Genérico),265,9,2417
1305,2026-02-21,Martins S/A,Hidroclorotiazida 500mg - 20 Comprimidos - Bayer,160,16,2600
1306,2026-02-21,Martins S/A,Metformina Suspensão Oral 50ml - Bayer,103,27,2881
1307,2026-02-21,Martins S/A,Curativos (Band-Aid) Mió FPS 50,338,12,4088
1308,2026-02-21,Martins S/A,Vacina contra Embolia - Reforço,376,6,2459
1309,2026-02-21,Martins S/A,Clonazepam Pomada 30g - Aché,322,8,2683
1310,2026-02-21,Martins S/A,Termômetro Digital Vichy 50g,48,30,1482
1311,2026-04-21,Nogueira,Termômetro Digital Listerine 50g,395,4,1909
1312,2026-04-21,Nogueira,Sildenafila 50mg - 30 Comprimidos - Medley (Genérico),302,9,2724
1313,2026-04-21,Nogueira,Escitalopram Xarope 120ml - EMS (Genérico),21,120,2527
1314,2026-04-21,Nogueira,Clonazepam 1g - 10 Comprimidos - Aché,127,11,1522
1315,2026-04-21,Nogueira,Enalapril 1g - 10 Comprimidos - Neo Química (Genérico),174,5,1006
1316,2026-04-21,Nogueira,Vacina contra Infecção Urinária - Reforço,63,41,2636
1317,2026-04-21,Nogueira,Sinvastatina Xarope 120ml - EMS (Genérico),278,5,1640
1318,2025-10-09,Monteiro,Hidroclorotiazida Pomada 30g - EMS (Genérico),302,5,1520
1319,2026-07-09,Casa Grande - ME,Hastes Flexíveis (Cotonetes) Mió 150ml,174,5,940
1320,2026-07-09,Casa Grande - ME,Absorvente com Abas Colgate 500ml,29,34,1006
1321,2026-07-09,Casa Grande - ME,Cefalexina Gotas 20ml - Medley (Genérico),320,4,1551
1322,2026-07-09,Casa Grande - ME,Pantoprazol Suspensão Oral 50ml - Bayer,167,15,2539
1323,2026-06-19,Fernandes Alves S/A,Termômetro Digital Bepantol 150ml,416,1,563
1324,2026-06-19,Fernandes Alves S/A,Vacina contra Gripe - Reforço,366,5,2006
1325,2026-06-19,Fernandes Alves S/A,Água Micelar Colgate 200ml,309,10,3251
1326,2026-06-19,Fernandes Alves S/A,Sertralina Xarope 120ml - Neo Química (Genérico),31,73,2265
1327,2026-06-19,Fernandes Alves S/A,Loratadina 25mg - 30 Comprimidos - Eurofarma,381,4,1703
1328,2026-06-19,Fernandes Alves S/A,Shampoo Anticaspa Huggies FPS 70,326,5,1702
1329,2025-10-25,Costela,Fralda Descartável G-Tech 50g,109,4,441
1330,2025-10-25,Costela,Pantoprazol 25mg - 30 Comprimidos - Eurofarma,75,27,2035
1331,2025-10-25,Costela,Vacina contra Acne - Reforço,91,13,1265
1332,2025-10-25,Costela,Amoxicilina 50mg - 30 Comprimidos - EMS (Genérico),470,7,3531
1333,2025-10-25,Costela,Creme Hidratante La Roche-Posay 50g,10,224,2249
1334,2025-10-25,Costela,Paracetamol Suspensão Oral 50ml - Bayer,450,7,3324
1335,2025-10-25,Costela,Ibuprofeno 1g - 10 Comprimidos - Neo Química (Genérico),298,6,1818
1336,2025-10-25,Costela,Água Micelar La Roche-Posay 50 Metros,60,45,2748
1337,2025-10-25,Costela,Sabonete Líquido Clear 90g,336,6,2081
1338,2025-10-25,Costela,Loratadina Suspensão Oral 50ml - Medley (Genérico),306,3,1118
1339,2025-10-25,Costela,Azitromicina 1g - 10 Comprimidos - Medley (Genérico),351,9,3311
1340,2025-12-07,Costela Silveira - EI,Dipirona Sódica 500mg - 20 Comprimidos - Medley (Genérico),217,4,915
1341,2025-12-07,Costela Silveira - EI,Azitromicina 500mg - 20 Comprimidos - Medley (Genérico),321,2,845
1342,2025-12-07,Costela Silveira - EI,Pantoprazol 50mg - 30 Comprimidos - Medley (Genérico),139,22,3116
1343,2025-12-07,Costela Silveira - EI,Cefalexina 1g - 10 Comprimidos - Medley (Genérico),274,6,1692
1344,2025-12-07,Costela Silveira - EI,Vacina contra Hepatite B - Reforço,398,7,2869
1345,2025-12-07,Costela Silveira - EI,Atenolol Pomada 30g - Medley (Genérico),12,58,701
1346,2025-12-07,Costela Silveira - EI,Pantoprazol Gotas 20ml - Bayer,358,12,4335
1347,2025-12-07,Costela Silveira - EI,Azitromicina Pomada 30g - Medley (Genérico),188,6,1296
1348,2025-12-07,Costela Silveira - EI,Condicionador Hidratação Mió 150ml,92,38,3522
1349,2025-12-07,Costela Silveira - EI,Vacina contra Hepatite C - Dose Única,393,7,3122
1350,2026-03-12,Almeida,Vacina contra Hipertensão - Reforço,191,8,1694
1351,2026-03-12,Almeida,Amoxicilina 50mg - 30 Comprimidos - Eurofarma,451,5,2641
1352,2026-03-12,Almeida,Tadalafila Gotas 20ml - Eurofarma,287,11,3419
1353,2026-03-12,Almeida,Azitromicina 500mg - 20 Comprimidos - Bayer,146,15,2202
1354,2026-03-12,Almeida,Amoxicilina Pomada 30g - Aché,32,12,397
1355,2026-03-12,Almeida,Creme Hidratante Sempre Livre 400ml,247,8,2135
1356,2026-03-12,Almeida,Pomada para Assaduras Rexona 90g,188,10,1994
1357,2026-03-12,Almeida,Pantoprazol 25mg - 30 Comprimidos - Aché,20,97,1949
1358,2026-03-12,Almeida,Fluoxetina 25mg - 30 Comprimidos - Eurofarma,367,6,2205
1359,2026-02-14,Sá,Amoxicilina 1g - 10 Comprimidos - Bayer,210,11,2390
1360,2026-02-14,Sá,Fralda Descartável Needs 500ml,85,12,1084
1361,2026-02-14,Sá,Atenolol Xarope 120ml - Eurofarma,43,20,895
1362,2026-02-14,Sá,Loratadina 500mg - 20 Comprimidos - Neo Química (Genérico),341,6,2298
1363,2026-02-14,Sá,Losartana Potássica 1g - 10 Comprimidos - Bayer,187,12,2358
1364,2026-02-14,Sá,Pantoprazol Pomada 30g - Eurofarma,332,6,2307
1365,2026-02-14,Sá,Paracetamol 1g - 10 Comprimidos - Bayer,77,39,3057
1366,2026-02-14,Sá,Azitromicina Pomada 30g - Medley (Genérico),398,7,3118
1367,2026-04-13,Machado e Filhos,Pantoprazol Suspensão Oral 50ml - Bayer,82,5,417
1368,2026-04-13,Machado e Filhos,Diclofenaco 500mg - 20 Comprimidos - Medley (Genérico),466,2,1093
1369,2026-04-13,Machado e Filhos,Sinvastatina Pomada 30g - Bayer,193,13,2610
1370,2026-04-13,Machado e Filhos,Fluoxetina Xarope 120ml - Medley (Genérico),232,6,1503
1371,2026-04-13,Machado e Filhos,Hastes Flexíveis (Cotonetes) G-Tech FPS 50,35,41,1453
1372,2026-04-13,Machado e Filhos,Dipirona Sódica 500mg - 20 Comprimidos - EMS (Genérico),346,7,2594
1373,2026-04-13,Machado e Filhos,Protetor Solar Facial Pampers 200ml,224,12,2729
1374,2026-04-13,Machado e Filhos,Hidroclorotiazida Xarope 120ml - Medley (Genérico),375,5,2025
1375,2026-04-13,Machado e Filhos,Omeprazol Gotas 20ml - Medley (Genérico),484,7,3838
1376,2025-11-29,Cavalcante Marques S/A,Sildenafila Gotas 20ml - Bayer,338,5,1783
1377,2025-11-29,Cavalcante Marques S/A,Protetor Solar Facial Rexona 50 Metros,464,2,1312
1378,2025-11-29,Cavalcante Marques S/A,Amoxicilina Suspensão Oral 50ml - Bayer,336,7,2547
1379,2025-11-29,Cavalcante Marques S/A,Fluoxetina 50mg - 30 Comprimidos - Eurofarma,249,9,2426
1380,2025-11-29,Cavalcante Marques S/A,Vacina contra Catarata - Reforço,147,14,2191
1381,2025-11-29,Cavalcante Marques S/A,Amoxicilina 25mg - 30 Comprimidos - Eurofarma,447,0,0
1382,2025-11-29,Cavalcante Marques S/A,Ibuprofeno 500mg - 20 Comprimidos - EMS (Genérico),52,51,2654
1383,2025-11-29,Cavalcante Marques S/A,Tadalafila Pomada 30g - Neo Química (Genérico),142,10,1481
1384,2025-11-29,Cavalcante Marques S/A,Fluoxetina Xarope 120ml - Eurofarma,180,10,1938
1385,2025-11-29,Cavalcante Marques S/A,Sabonete em Barra Huggies FPS 70,277,13,3676
1386,2025-11-29,Cavalcante Marques S/A,Amoxicilina Gotas 20ml - Eurofarma,455,4,1833
1387,2026-05-13,Montenegro,Losartana Potássica Pomada 30g - Eurofarma,378,5,1936
1388,2026-05-13,Montenegro,Condicionador Hidratação La Roche-Posay 500ml,368,6,2449
1389,2026-05-13,Montenegro,Amoxicilina Pomada 30g - Aché,366,7,2874
1390,2026-05-13,Montenegro,Clonazepam 25mg - 30 Comprimidos - EMS (Genérico),134,24,3292
1391,2026-05-13,Montenegro,Diclofenaco Gotas 20ml - Aché,394,7,3099
1392,2026-05-13,Montenegro,Paracetamol Pomada 30g - Medley (Genérico),280,6,1709
1393,2026-05-13,Montenegro,Fralda Descartável Johnson's FPS 50,319,5,1709
1394,2026-05-13,Montenegro,Protetor Solar Corporal Panvel 150ml,210,13,2884
1395,2026-05-13,Montenegro,Cefalexina Xarope 120ml - EMS (Genérico),285,8,2368
1396,2026-05-13,Montenegro,Hastes Flexíveis (Cotonetes) Johnson's 90g,123,20,2470
1397,2026-05-13,Montenegro,Cefalexina Gotas 20ml - EMS (Genérico),447,2,1022
1398,2026-05-13,Montenegro,Fluoxetina 500mg - 20 Comprimidos - Bayer,407,2,1038
1399,2026-09-02,Vasconcelos,Atenolol 1g - 10 Comprimidos - Medley (Genérico),250,5,1427
1400,2026-08-13,Rezende,Sinvastatina 50mg - 30 Comprimidos - Neo Química (Genérico),27,81,2209
1401,2026-08-13,Rezende,Vacina contra Enxaqueca - Dose Única,366,2,1083
1402,2026-08-13,Rezende,Shampoo Anticaspa Aptamil 500ml,142,11,1612
1403,2026-08-13,Rezende,Vacina contra Câncer de Próstata - Reforço,291,13,3888
1404,2026-08-13,Rezende,Absorvente com Abas G-Tech 90g,250,6,1681
1405,2026-08-13,Rezende,Pomada para Assaduras Nivea 90g,11,124,1374
1406,2025-12-09,da Mota,Desodorante Roll-on Needs 150ml,99,25,2516
1407,2025-12-09,da Mota,Cefalexina Xarope 120ml - Aché,281,9,2668
1408,2025-12-09,da Mota,Curativos (Band-Aid) Dove Tamanho M (40 un),93,34,3216
1409,2026-02-21,da Mata Ltda.,Hidroclorotiazida 25mg - 30 Comprimidos - Aché,344,6,2221
1410,2026-02-21,da Mata Ltda.,Desodorante Roll-on Johnson's FPS 50,383,8,3091
1411,2026-02-21,da Mata Ltda.,Sertralina Suspensão Oral 50ml - Eurofarma,15,223,3347
1412,2026-02-21,da Mata Ltda.,Vacina contra Conjuntivite - Reforço,44,23,1047
1413,2026-02-21,da Mata Ltda.,Clonazepam Xarope 120ml - EMS (Genérico),460,4,1952
1414,2026-02-21,da Mata Ltda.,Amoxicilina Xarope 120ml - Aché,330,10,3404
1415,2026-02-21,da Mata Ltda.,Sildenafila 50mg - 30 Comprimidos - Medley (Genérico),81,13,1054
1416,2026-02-21,da Mata Ltda.,Atenolol Pomada 30g - Neo Química (Genérico),146,8,1295
1417,2026-02-21,da Mata Ltda.,Vacina contra Hipotireoidismo - Dose Única,381,2,862
1418,2025-10-02,Costa - EI,Azitromicina 500mg - 20 Comprimidos - Neo Química (Genérico),283,5,1671
1419,2025-10-02,Costa - EI,Vacina contra Insuficiência Cardíaca - Dose Única,457,5,2571
1420,2025-10-02,Costa - EI,Loratadina Suspensão Oral 50ml - Neo Química (Genérico),42,39,1660
1421,2025-10-02,Costa - EI,Vacina contra Epilepsia - Dose Única,439,5,2257
1422,2025-10-02,Costa - EI,Condicionador Hidratação Johnson's 500ml,310,7,2180
1423,2025-10-02,Costa - EI,Sérum Vitamina C Nivea 200ml,165,7,1251
1424,2025-10-02,Costa - EI,Amoxicilina 1g - 10 Comprimidos - Bayer,221,7,1606
1425,2025-10-02,Costa - EI,Pomada para Assaduras Dove FPS 70,398,0,152
1426,2025-09-14,Rios,Fluoxetina Suspensão Oral 50ml - Aché,287,1,423
1427,2025-09-14,Rios,Diclofenaco 50mg - 30 Comprimidos - EMS (Genérico),179,6,1118
1428,2025-09-14,Rios,Hastes Flexíveis (Cotonetes) Colgate 50g,163,8,1342
1429,2025-09-14,Rios,Termômetro Digital Listerine 400ml,436,4,1895
1430,2025-09-14,Rios,Vacina contra Gripe - Dose Única,284,7,2219
1431,2026-04-08,Caldeira S/A,Losartana Potássica 1g - 10 Comprimidos - Bayer,476,4,1929
1432,2026-04-08,Caldeira S/A,Pantoprazol Xarope 120ml - Bayer,465,7,3652
1433,2026-04-08,Caldeira S/A,Creme Dental Mió 150ml,319,8,2771
1434,2026-04-08,Caldeira S/A,Pomada para Assaduras Vichy FPS 70,457,5,2694
1435,2026-07-30,Moreira,Tadalafila Suspensão Oral 50ml - EMS (Genérico),437,5,2566
1436,2026-07-30,Moreira,Vacina contra Bipolaridade - Dose Única,465,2,993
1437,2026-07-30,Moreira,Vacina contra Pneumonia - Dose Única,466,2,1058
1438,2026-07-30,Moreira,Escitalopram Suspensão Oral 50ml - Aché,43,65,2806
1439,2026-05-18,Novaes - EI,Losartana Potássica Pomada 30g - Neo Química (Genérico),378,6,2403
1440,2026-05-18,Novaes - EI,Sinvastatina Pomada 30g - EMS (Genérico),428,4,2026
1441,2026-05-18,Novaes - EI,Atenolol Gotas 20ml - Eurofarma,51,35,1793
1442,2026-05-18,Novaes - EI,Losartana Potássica Pomada 30g - Bayer,151,8,1355
1443,2026-05-18,Novaes - EI,Vacina contra Acne - Reforço,247,10,2647
1444,2026-05-18,Novaes - EI,Losartana Potássica 1g - 10 Comprimidos - Bayer,331,10,3524
1445,2026-05-18,Novaes - EI,Shampoo Anticaspa Rexona 90g,312,6,2181
1446,2026-05-18,Novaes - EI,Loratadina Xarope 120ml - Bayer,128,14,1845
1447,2026-05-18,Novaes - EI,Metformina Pomada 30g - Neo Química (Genérico),22,142,3133
1448,2026-05-18,Novaes - EI,Sérum Vitamina C Nivea 500ml,410,8,3314
1449,2026-05-18,Novaes - EI,Termômetro Digital CeraVe 150ml,154,9,1494
1450,2026-04-08,Rodrigues S/A,Paracetamol Suspensão Oral 50ml - Aché,169,10,1841
1451,2026-04-08,Rodrigues S/A,Soro Fisiológico CeraVe FPS 50,137,22,3100
1452,2026-04-08,Rodrigues S/A,Nimesulida 50mg - 30 Comprimidos - EMS (Genérico),73,24,1794
1453,2026-04-08,Rodrigues S/A,Tadalafila Gotas 20ml - EMS (Genérico),236,4,951
1454,2026-04-08,Rodrigues S/A,Loratadina 1g - 10 Comprimidos - Aché,18,85,1540
1455,2026-04-08,Rodrigues S/A,Atenolol 500mg - 20 Comprimidos - Neo Química (Genérico),377,9,3399
1456,2026-04-08,Rodrigues S/A,Pantoprazol Xarope 120ml - Bayer,462,1,649
1457,2026-04-08,Rodrigues S/A,Curativos (Band-Aid) Panvel 50g,61,7,442
1458,2026-04-08,Rodrigues S/A,Vacina contra Trombose - Dose Única,108,21,2355
1459,2026-04-08,Rodrigues S/A,Fluoxetina 25mg - 30 Comprimidos - EMS (Genérico),455,3,1603
1460,2026-04-26,Mendonça - EI,Loratadina 1g - 10 Comprimidos - Bayer,266,7,1973
1461,2026-04-26,Mendonça - EI,Escitalopram 25mg - 30 Comprimidos - Aché,156,14,2320
1462,2026-04-26,Mendonça - EI,Pantoprazol 50mg - 30 Comprimidos - Medley (Genérico),397,9,3598
1463,2026-04-26,Mendonça - EI,Pomada para Assaduras Vichy FPS 70,92,21,1987
1464,2026-04-26,Mendonça - EI,Enalapril Xarope 120ml - EMS (Genérico),210,11,2356
1465,2026-04-26,Mendonça - EI,Metformina 500mg - 20 Comprimidos - Neo Química (Genérico),42,32,1359
1466,2026-04-26,Mendonça - EI,Losartana Potássica 25mg - 30 Comprimidos - Bayer,103,11,1156
1467,2026-09-05,Brito Viana e Filhos,Enxaguante Bucal Vichy 50 Metros,52,9,517
1468,2026-09-05,Brito Viana e Filhos,Sildenafila 500mg - 20 Comprimidos - Medley (Genérico),50,27,1387
1469,2026-09-05,Brito Viana e Filhos,Termômetro Digital La Roche-Posay 500ml,287,2,858
1470,2026-09-05,Brito Viana e Filhos,Vacina contra Leucemia - Dose Única,499,2,1010
1471,2026-09-05,Brito Viana e Filhos,Soro Fisiológico Dove FPS 70,454,7,3318
1472,2026-09-05,Brito Viana e Filhos,Sildenafila Gotas 20ml - Bayer,123,5,659
1473,2026-09-05,Brito Viana e Filhos,Pomada para Assaduras Huggies Tamanho G (32 un),187,10,1886
1474,2026-09-05,Brito Viana e Filhos,Sinvastatina Suspensão Oral 50ml - Aché,369,2,866
1475,2026-09-05,Brito Viana e Filhos,Losartana Potássica 500mg - 20 Comprimidos - Bayer,171,16,2780
1476,2026-09-05,Brito Viana e Filhos,Dipirona Sódica 500mg - 20 Comprimidos - Aché,497,0,211
1477,2026-09-05,Brito Viana e Filhos,Enxaguante Bucal Nivea Tamanho M (40 un),100,21,2186
1478,2026-01-30,Cassiano,Hidroclorotiazida Pomada 30g - Aché,99,19,1978
1479,2026-01-30,Cassiano,Fluoxetina 500mg - 20 Comprimidos - Bayer,344,4,1637
1480,2026-01-30,Cassiano,Protetor Solar Corporal Vichy 50 Metros,423,1,589
1481,2026-01-30,Cassiano,Enalapril 1g - 10 Comprimidos - Neo Química (Genérico),70,27,1911
1482,2026-01-30,Cassiano,Termômetro Digital Listerine 50g,436,4,1936
1483,2026-01-30,Cassiano,Sabonete Líquido Sempre Livre FPS 50,391,2,1029
1484,2026-01-30,Cassiano,Vacina contra Parkinson - Reforço,66,38,2564
1485,2026-01-30,Cassiano,Sérum Vitamina C Dove 90g,230,12,2910
1486,2026-01-30,Cassiano,Ibuprofeno Pomada 30g - Bayer,271,2,543
1487,2026-01-30,Cassiano,Azitromicina 1g - 10 Comprimidos - Medley (Genérico),133,10,1451
1488,2026-01-12,Oliveira Silva S.A.,Dipirona Sódica 1g - 10 Comprimidos - Eurofarma,92,29,2674
1489,2026-01-12,Oliveira Silva S.A.,Sérum Vitamina C Needs FPS 70,482,0,241
1490,2026-01-12,Oliveira Silva S.A.,Diclofenaco Suspensão Oral 50ml - Medley (Genérico),269,6,1648
1491,2026-01-12,Oliveira Silva S.A.,Enxaguante Bucal Johnson's FPS 50,277,11,3227
1492,2026-01-12,Oliveira Silva S.A.,Vacina contra Conjuntivite - Dose Única,368,4,1487
1493,2026-01-12,Oliveira Silva S.A.,Enxaguante Bucal Pampers 200ml,150,11,1724
1494,2026-01-12,Oliveira Silva S.A.,Pantoprazol 25mg - 30 Comprimidos - Eurofarma,368,7,2736
1495,2026-01-12,Oliveira Silva S.A.,Losartana Potássica 1g - 10 Comprimidos - Medley (Genérico),115,26,3097
1496,2026-09-06,Lima,Dipirona Sódica 500mg - 20 Comprimidos - EMS (Genérico),327,1,568
1497,2026-09-06,Lima,Curativos (Band-Aid) Panvel 50g,142,18,2589
1498,2026-01-02,Barbosa Martins S.A.,Paracetamol Suspensão Oral 50ml - Bayer,332,7,2603
1499,2026-01-02,Barbosa Martins S.A.,Dipirona Sódica Gotas 20ml - Eurofarma,318,3,1105
1500,2026-01-02,Barbosa Martins S.A.,Pomada para Assaduras Rexona 400ml,414,3,1269
1501,2026-01-02,Barbosa Martins S.A.,Pantoprazol Gotas 20ml - Medley (Genérico),121,13,1591
1502,2026-01-02,Barbosa Martins S.A.,Sinvastatina 1g - 10 Comprimidos - EMS (Genérico),361,7,2756
1503,2026-01-02,Barbosa Martins S.A.,Sérum Vitamina C Rexona Tamanho G (32 un),449,5,2676
1504,2026-01-02,Barbosa Martins S.A.,Vacina contra Artrose - Reforço,225,4,942
1505,2026-01-02,Barbosa Martins S.A.,Leite em Pó Infantil Nivea FPS 50,373,9,3407
1506,2026-03-13,Pires,Termômetro Digital CeraVe 150ml,22,150,3319
1507,2026-03-13,Pires,Curativos (Band-Aid) Listerine FPS 70,285,3,982
1508,2026-03-13,Pires,Fio Dental Huggies 50 Metros,19,41,786
1509,2026-03-13,Pires,Vacina contra Conjuntivite - Reforço,90,39,3521
1510,2026-03-13,Pires,Hastes Flexíveis (Cotonetes) Rexona 150ml,33,82,2738
1511,2026-03-13,Pires,Pantoprazol Suspensão Oral 50ml - Bayer,381,5,2043
1512,2026-03-13,Pires,Lenço Umedecido Clear FPS 70,123,13,1706
1513,2026-03-13,Pires,Sertralina 50mg - 30 Comprimidos - Eurofarma,459,5,2699
1514,2026-03-13,Pires,Fio Dental Sempre Livre 50 Metros,479,2,1162
1515,2026-03-13,Pires,Leite em Pó Infantil Mió FPS 50,266,10,2818
1516,2026-03-13,Pires,Protetor Solar Facial Johnson's 90g,377,2,1105
1517,2026-08-11,Cavalcanti Borges Ltda.,Vacina contra Acne - Reforço,372,6,2398
1518,2026-08-11,Cavalcanti Borges Ltda.,Diclofenaco Pomada 30g - Medley (Genérico),406,7,2998
1519,2026-02-20,Costa,Amoxicilina Suspensão Oral 50ml - Bayer,154,13,2068
1520,2026-02-20,Costa,Paracetamol 1g - 10 Comprimidos - Bayer,186,0,90
1521,2026-02-20,Costa,Azitromicina 500mg - 20 Comprimidos - Medley (Genérico),465,4,1871
1522,2026-02-20,Costa,Soro Fisiológico Nivea 50g,93,31,2972
1523,2026-02-20,Costa,Paracetamol 25mg - 30 Comprimidos - Medley (Genérico),480,6,3164
1524,2026-02-20,Costa,Fluoxetina 500mg - 20 Comprimidos - Bayer,190,13,2511
1525,2026-02-20,Costa,Sabonete em Barra Clear Tamanho M (40 un),270,10,2723
1526,2026-02-20,Costa,Cefalexina 50mg - 30 Comprimidos - Eurofarma,435,7,3185
1527,2026-05-06,Cassiano,Sildenafila Suspensão Oral 50ml - Eurofarma,314,6,2053
1528,2026-05-06,Cassiano,Vacina contra Leucemia - Reforço,358,12,4453
1529,2026-05-06,Cassiano,Vacina contra Insuficiência Cardíaca - Dose Única,242,6,1544
1530,2026-05-06,Cassiano,Loratadina 25mg - 30 Comprimidos - Eurofarma,22,107,2365
1531,2026-05-06,Cassiano,Metformina Suspensão Oral 50ml - Bayer,378,4,1749
1532,2026-05-06,Cassiano,Escitalopram 500mg - 20 Comprimidos - Aché,70,13,968
1533,2026-05-06,Cassiano,Termômetro Digital Listerine 400ml,210,4,920
1534,2026-05-06,Cassiano,Sildenafila 25mg - 30 Comprimidos - Medley (Genérico),275,8,2357
1535,2026-05-06,Cassiano,Pomada para Assaduras Dove 150ml,137,27,3714
1536,2026-04-19,Fernandes Alves S/A,Metformina Gotas 20ml - Bayer,175,10,1883
1537,2026-08-10,Sampaio,Curativos (Band-Aid) Panvel 50g,484,2,1400
1538,2026-08-10,Sampaio,Água Micelar Dove 90g,197,4,904
1539,2026-08-10,Sampaio,Enxaguante Bucal Pampers 200ml,131,14,1850
1540,2026-08-10,Sampaio,Vacina contra Hepatite A - Dose Única,133,22,3038
1541,2026-08-10,Sampaio,Lenço Umedecido Sempre Livre 150ml,407,7,3054
1542,2026-08-10,Sampaio,Shampoo Anticaspa Mió 150ml,39,25,1003
1543,2025-12-24,das Neves,Creme Dental Mió 150ml,352,10,3684
1544,2025-12-24,das Neves,Vacina contra Artrite - Dose Única,287,8,2553
1545,2025-12-24,das Neves,Pomada para Assaduras Needs 90g,25,111,2796
1546,2025-12-24,das Neves,Paracetamol Pomada 30g - EMS (Genérico),112,15,1710
1547,2025-12-24,das Neves,Protetor Solar Facial Panvel 90g,340,3,1309
1548,2025-09-19,Rios,Termômetro Digital Aptamil 400ml,193,1,194
1549,2025-09-19,Rios,Diclofenaco 50mg - 30 Comprimidos - Neo Química (Genérico),314,3,1229
1550,2025-09-19,Rios,Azitromicina Pomada 30g - Medley (Genérico),275,9,2563
1551,2025-09-19,Rios,Sinvastatina Pomada 30g - EMS (Genérico),169,10,1846
1552,2026-09-08,Aparecida,Cefalexina Pomada 30g - Neo Química (Genérico),373,5,1885
1553,2026-09-08,Aparecida,Termômetro Digital Colgate 500ml,201,15,3167
1554,2026-09-08,Aparecida,Losartana Potássica 50mg - 30 Comprimidos - Medley (Genérico),235,6,1629
1555,2026-09-08,Aparecida,Metformina 50mg - 30 Comprimidos - Eurofarma,369,5,1846
1556,2026-09-08,Aparecida,Sertralina Xarope 120ml - Neo Química (Genérico),210,12,2579
1557,2026-09-08,Aparecida,Azitromicina 500mg - 20 Comprimidos - Medley (Genérico),25,73,1832
1558,2026-08-23,Souza Cunha Ltda.,Paracetamol 25mg - 30 Comprimidos - Medley (Genérico),28,55,1567
1559,2026-08-23,Souza Cunha Ltda.,Paracetamol Suspensão Oral 50ml - Aché,482,4,2338
1560,2026-08-23,Souza Cunha Ltda.,Absorvente com Abas Needs 90g,324,4,1444
1561,2026-08-23,Souza Cunha Ltda.,Fluoxetina 500mg - 20 Comprimidos - Bayer,418,5,2472
1562,2026-08-23,Souza Cunha Ltda.,Soro Fisiológico Clear 50 Metros,373,7,2619
1563,2026-08-23,Souza Cunha Ltda.,Sildenafila Gotas 20ml - EMS (Genérico),306,8,2680
1564,2026-08-23,Souza Cunha Ltda.,Vacina contra Chikungunya - Dose Única,366,3,1283
1565,2026-08-23,Souza Cunha Ltda.,Absorvente com Abas La Roche-Posay Tamanho G (32 un),153,19,2975
1566,2026-08-23,Souza Cunha Ltda.,Dipirona Sódica Gotas 20ml - EMS (Genérico),73,69,5103
1567,2026-03-04,Oliveira Silva S.A.,Nimesulida 50mg - 30 Comprimidos - EMS (Genérico),343,5,1726
1568,2026-03-04,Oliveira Silva S.A.,Paracetamol 50mg - 30 Comprimidos - Neo Química (Genérico),247,9,2391
1569,2026-03-04,Oliveira Silva S.A.,Cefalexina Gotas 20ml - EMS (Genérico),67,16,1105
1570,2026-03-04,Oliveira Silva S.A.,Pantoprazol Gotas 20ml - Medley (Genérico),212,7,1660
1571,2026-03-04,Oliveira Silva S.A.,Vacina contra Acne - Reforço,238,9,2310
1572,2026-02-11,Cavalcanti Borges Ltda.,Amoxicilina 50mg - 30 Comprimidos - Eurofarma,10,199,1992
1573,2026-02-11,Cavalcanti Borges Ltda.,Vacina contra Enxaqueca - Dose Única,491,5,2786
1574,2026-02-11,Cavalcanti Borges Ltda.,Leite em Pó Infantil Nivea FPS 50,269,6,1644
1575,2026-02-11,Cavalcanti Borges Ltda.,Vacina contra Artrite - Reforço,93,16,1539
1576,2026-02-11,Cavalcanti Borges Ltda.,Leite em Pó Infantil CeraVe 400ml,94,4,401
1577,2025-11-13,Nascimento,Cefalexina Gotas 20ml - EMS (Genérico),220,9,2022
1578,2025-11-13,Nascimento,Hidroclorotiazida Pomada 30g - Aché,295,4,1306
1579,2025-11-13,Nascimento,Cefalexina 500mg - 20 Comprimidos - Medley (Genérico),455,5,2468
1580,2025-11-13,Nascimento,Vacina contra Infecção Urinária - Reforço,40,80,3215
1581,2025-11-13,Nascimento,Fralda Descartável G-Tech 50g,286,6,1909
1582,2025-11-13,Nascimento,Leite em Pó Infantil Mió FPS 50,220,7,1610
1583,2025-11-13,Nascimento,Escitalopram Pomada 30g - Aché,453,4,2106
1584,2025-11-13,Nascimento,Soro Fisiológico Clear 50 Metros,266,5,1433
1585,2025-11-13,Nascimento,Fio Dental Huggies 50 Metros,290,8,2369
1586,2025-11-13,Nascimento,Pantoprazol Gotas 20ml - EMS (Genérico),481,4,2145
1587,2025-11-13,Nascimento,Escitalopram 25mg - 30 Comprimidos - Aché,15,139,2087
1588,2025-11-13,Nascimento,Diclofenaco Gotas 20ml - Eurofarma,141,12,1713
1589,2026-06-04,Cardoso,Fluoxetina 50mg - 30 Comprimidos - EMS (Genérico),45,47,2144
1590,2026-06-04,Cardoso,Protetor Solar Facial Pampers 200ml,146,10,1548
1591,2026-06-04,Cardoso,Vacina contra Vitiligo - Reforço,487,4,2173
1592,2026-06-04,Cardoso,Loratadina 500mg - 20 Comprimidos - Aché,16,61,990
1593,2026-06-04,Cardoso,Enalapril 500mg - 20 Comprimidos - Bayer,148,16,2391
1594,2026-06-04,Cardoso,Hidroclorotiazida Pomada 30g - EMS (Genérico),313,4,1505
1595,2026-06-04,Cardoso,Curativos (Band-Aid) Bepantol Tamanho M (40 un),421,4,1709
1596,2026-06-04,Cardoso,Loratadina Xarope 120ml - Medley (Genérico),366,4,1788
1597,2026-06-20,Barbosa,Termômetro Digital Bepantol 150ml,44,46,2059
1598,2026-01-26,Costela Silveira - EI,Sertralina 1g - 10 Comprimidos - EMS (Genérico),423,7,3079
1599,2026-01-26,Costela Silveira - EI,Enalapril Gotas 20ml - Medley (Genérico),340,6,2378
1600,2026-01-26,Costela Silveira - EI,Creme Hidratante CeraVe 500ml,264,9,2539
1601,2026-01-26,Costela Silveira - EI,Cefalexina Xarope 120ml - EMS (Genérico),322,9,2999
1602,2026-01-26,Costela Silveira - EI,Escitalopram Suspensão Oral 50ml - Aché,141,14,2041
1603,2026-01-26,Costela Silveira - EI,Fralda Descartável Rexona Tamanho G (32 un),35,54,1900
1604,2026-01-26,Costela Silveira - EI,Losartana Potássica 500mg - 20 Comprimidos - EMS (Genérico),291,8,2456
1605,2026-01-26,Costela Silveira - EI,Sabonete em Barra Pampers 90g,385,8,3375
1606,2026-01-26,Costela Silveira - EI,Enalapril 1g - 10 Comprimidos - Neo Química (Genérico),233,6,1525
1607,2026-01-26,Costela Silveira - EI,Vacina contra Leucemia - Reforço,79,28,2239
1608,2026-06-10,Gonçalves e Filhos,Vacina contra Pneumonia - Dose Única,23,19,456
1609,2026-06-10,Gonçalves e Filhos,Hidroclorotiazida Pomada 30g - Aché,149,23,3555
1610,2026-06-10,Gonçalves e Filhos,Vacina contra Gota - Dose Única,210,16,3428
1611,2026-06-10,Gonçalves e Filhos,Protetor Solar Facial Rexona 50g,229,10,2422
1612,2026-06-10,Gonçalves e Filhos,Cefalexina Pomada 30g - Neo Química (Genérico),15,224,3367
1613,2026-06-10,Gonçalves e Filhos,Dipirona Sódica Pomada 30g - Medley (Genérico),39,46,1802
1614,2026-06-10,Gonçalves e Filhos,Creme Hidratante Dove 200ml,350,1,611
1615,2026-06-10,Gonçalves e Filhos,Paracetamol Suspensão Oral 50ml - Medley (Genérico),147,16,2440
1616,2026-06-10,Gonçalves e Filhos,Água Micelar Johnson's Tamanho M (40 un),421,5,2153
1617,2026-06-10,Gonçalves e Filhos,Fio Dental Sempre Livre 50 Metros,205,18,3723
1618,2026-05-02,da Paz Camargo Ltda.,Creme Hidratante Dove 200ml,236,4,1113
1619,2026-05-02,da Paz Camargo Ltda.,Termômetro Digital Rexona 400ml,276,5,1539
1620,2026-05-02,da Paz Camargo Ltda.,Dipirona Sódica Gotas 20ml - Medley (Genérico),365,6,2554
1621,2026-05-02,da Paz Camargo Ltda.,Vacina contra Câncer de Mama - Dose Única,294,5,1536
1622,2026-05-02,da Paz Camargo Ltda.,Sérum Vitamina C Rexona Tamanho G (32 un),97,2,209
1623,2026-05-02,da Paz Camargo Ltda.,Paracetamol Suspensão Oral 50ml - Medley (Genérico),403,5,2325
1624,2026-05-02,da Paz Camargo Ltda.,Amoxicilina Gotas 20ml - Eurofarma,64,9,608
1625,2026-05-02,da Paz Camargo Ltda.,Amoxicilina Xarope 120ml - Aché,81,10,865
1626,2026-05-02,da Paz Camargo Ltda.,Paracetamol 50mg - 30 Comprimidos - Aché,35,41,1452
1627,2026-05-02,da Paz Camargo Ltda.,Pomada para Assaduras Dove FPS 70,460,3,1454
1628,2026-05-02,da Paz Camargo Ltda.,Vacina contra Câncer de Pulmão - Reforço,141,21,3078
1629,2026-05-02,da Paz Camargo Ltda.,Fluoxetina 25mg - 30 Comprimidos - Eurofarma,462,1,715
1630,2026-06-13,Rezende,Hastes Flexíveis (Cotonetes) Johnson's 200ml,482,5,2793
1631,2026-06-13,Rezende,Atenolol 1g - 10 Comprimidos - Eurofarma,28,42,1196
1632,2026-01-06,Sá,Fluoxetina 25mg - 30 Comprimidos - EMS (Genérico),470,2,1324
1633,2026-01-06,Sá,Azitromicina 25mg - 30 Comprimidos - Aché,99,22,2201
1634,2026-01-06,Sá,Dipirona Sódica Xarope 120ml - Eurofarma,150,10,1530
1635,2026-01-06,Sá,Desodorante Roll-on Needs 150ml,17,171,2910
1636,2026-01-06,Sá,Nimesulida Gotas 20ml - EMS (Genérico),307,4,1497
1637,2026-01-06,Sá,Vacina contra Artrite - Reforço,440,3,1321
1638,2026-01-06,Sá,Metformina Suspensão Oral 50ml - Bayer,298,9,2775
1639,2026-01-06,Sá,Fralda Descartável Sempre Livre 50 Metros,418,4,2023
1640,2026-01-06,Sá,Álcool em Gel 70% Johnson's 50 Metros,37,31,1171
1641,2026-01-06,Sá,Clonazepam 25mg - 30 Comprimidos - EMS (Genérico),392,6,2375
1642,2026-02-14,Alves S/A,Água Micelar Colgate 500ml,195,9,1821
1643,2026-02-14,Alves S/A,Tadalafila 50mg - 30 Comprimidos - Eurofarma,354,0,99
1644,2026-02-14,Alves S/A,Dipirona Sódica Gotas 20ml - EMS (Genérico),272,4,1104
1645,2026-02-14,Alves S/A,Sinvastatina 50mg - 30 Comprimidos - Neo Química (Genérico),442,2,1252
1646,2026-02-14,Alves S/A,Atenolol 500mg - 20 Comprimidos - Neo Química (Genérico),347,1,371
1647,2026-02-14,Alves S/A,Termômetro Digital Needs 50g,37,58,2165
1648,2026-02-14,Alves S/A,Soro Fisiológico Pampers 400ml,420,4,1989
1649,2026-02-14,Alves S/A,Condicionador Hidratação Johnson's 500ml,460,4,2100
1650,2026-02-14,Alves S/A,Azitromicina 50mg - 30 Comprimidos - Medley (Genérico),378,2,798
1651,2026-02-14,Alves S/A,Shampoo Anticaspa Panvel Tamanho G (32 un),396,4,1769
1652,2026-02-14,Alves S/A,Ibuprofeno 50mg - 30 Comprimidos - Medley (Genérico),487,2,1345
1653,2025-10-21,Campos S/A,Fralda Descartável Johnson's FPS 50,319,7,2484
1654,2025-10-21,Campos S/A,Atenolol 1g - 10 Comprimidos - Eurofarma,178,9,1673
1655,2025-10-21,Campos S/A,Amoxicilina Pomada 30g - Aché,324,10,3260
1656,2025-10-21,Campos S/A,Sinvastatina 1g - 10 Comprimidos - Medley (Genérico),493,3,1906
1657,2025-10-21,Campos S/A,Loratadina 500mg - 20 Comprimidos - Neo Química (Genérico),133,27,3625
1658,2025-10-21,Campos S/A,Desodorante Roll-on Aptamil 50g,65,28,1874
1659,2025-10-21,Campos S/A,Tadalafila Gotas 20ml - Eurofarma,196,8,1596
1660,2025-10-21,Campos S/A,Termômetro Digital Listerine 400ml,154,9,1469
1661,2025-10-21,Campos S/A,Shampoo Anticaspa Huggies FPS 70,227,3,715
1662,2025-10-21,Campos S/A,Atenolol Suspensão Oral 50ml - Eurofarma,335,0,178
1663,2025-11-28,Machado e Filhos,Hidroclorotiazida 1g - 10 Comprimidos - Eurofarma,436,2,970
1664,2025-11-25,Santos,Loratadina Suspensão Oral 50ml - Medley (Genérico),54,17,932
1665,2025-11-25,Santos,Vacina contra Pneumonia - Dose Única,266,13,3526
1666,2025-11-25,Santos,Shampoo Anticaspa Panvel Tamanho G (32 un),21,36,764
1667,2025-11-25,Santos,Vacina contra Parkinson - Reforço,73,50,3658
1668,2025-11-25,Santos,Enxaguante Bucal Johnson's FPS 50,246,12,3041
1669,2026-07-10,Fernandes,Enxaguante Bucal Pampers 200ml,380,3,1221
1670,2026-07-10,Fernandes,Omeprazol 50mg - 30 Comprimidos - Neo Química (Genérico),479,0,384
1671,2026-07-10,Fernandes,Vacina contra Lúpus - Dose Única,248,10,2531
1672,2026-07-10,Fernandes,Vacina contra Trombose - Reforço,475,4,2310
1673,2026-07-10,Fernandes,Desodorante Roll-on Bepantol 50g,243,1,370
1674,2026-07-10,Fernandes,Ibuprofeno Xarope 120ml - Medley (Genérico),40,66,2652
1675,2026-07-10,Fernandes,Creme Hidratante Nivea 50 Metros,378,9,3557
1676,2026-07-10,Fernandes,Fio Dental Sempre Livre 50 Metros,314,10,3316
1677,2026-07-10,Fernandes,Vacina contra Infecção Urinária - Reforço,411,5,2278
1678,2026-07-10,Fernandes,Diclofenaco Xarope 120ml - Aché,78,16,1313
1679,2026-07-10,Fernandes,Escitalopram 1g - 10 Comprimidos - Eurofarma,466,4,2019
1680,2026-07-10,Fernandes,Azitromicina 1g - 10 Comprimidos - EMS (Genérico),256,2,529
1681,2025-10-22,Silveira,Escitalopram Suspensão Oral 50ml - Eurofarma,196,9,1874
1682,2026-04-11,Pereira S.A.,Loratadina 25mg - 30 Comprimidos - Bayer,269,8,2276
1683,2026-04-11,Pereira S.A.,Enxaguante Bucal Johnson's FPS 50,208,12,2661
1684,2026-04-11,Pereira S.A.,Vacina contra Artrite - Reforço,223,7,1662
1685,2026-04-11,Pereira S.A.,Vacina contra Dengue - Reforço,303,6,1825
1686,2026-04-11,Pereira S.A.,Creme Hidratante Dove 200ml,227,9,2121
1687,2026-04-11,Pereira S.A.,Escitalopram 1g - 10 Comprimidos - EMS (Genérico),383,7,2850
1688,2026-04-11,Pereira S.A.,Termômetro Digital Needs 50g,458,3,1421
1689,2026-04-11,Pereira S.A.,Vacina contra Hepatite A - Dose Única,419,9,3781
1690,2026-04-11,Pereira S.A.,Vacina contra Artrose - Dose Única,287,10,2887
1691,2026-07-16,Pereira S.A.,Pomada para Assaduras Dove FPS 70,13,20,265
1692,2026-07-16,Pereira S.A.,Leite em Pó Infantil Colgate 150ml,304,6,1896
1693,2026-07-16,Pereira S.A.,Dipirona Sódica 1g - 10 Comprimidos - EMS (Genérico),279,2,836
1694,2026-07-16,Pereira S.A.,Fralda Descartável Needs 150ml,450,3,1389
1695,2026-07-16,Pereira S.A.,Loratadina 25mg - 30 Comprimidos - Bayer,323,6,2099
1696,2026-07-16,Pereira S.A.,Pomada para Assaduras Panvel 400ml,371,0,106
1697,2026-07-16,Pereira S.A.,Omeprazol Suspensão Oral 50ml - Aché,35,90,3174
1698,2026-07-16,Pereira S.A.,Nimesulida Gotas 20ml - EMS (Genérico),182,6,1137
1699,2026-08-28,Sales - ME,Água Micelar Vichy 500ml,163,7,1243
1700,2026-02-19,Freitas - EI,Soro Fisiológico Clear 50 Metros,195,2,451
1701,2026-02-19,Freitas - EI,Sildenafila Suspensão Oral 50ml - Eurofarma,163,13,2139
1702,2026-02-19,Freitas - EI,Pantoprazol 50mg - 30 Comprimidos - Medley (Genérico),147,12,1824
1703,2026-02-19,Freitas - EI,Vacina contra Catarata - Reforço,221,10,2338
1704,2026-02-19,Freitas - EI,Ibuprofeno 25mg - 30 Comprimidos - Medley (Genérico),100,20,2032
1705,2026-02-19,Freitas - EI,Creme Dental Dove 50 Metros,162,13,2207
1706,2026-02-19,Freitas - EI,Vacina contra Gripe - Dose Única,168,23,3990
1707,2026-02-19,Freitas - EI,Sildenafila 1g - 10 Comprimidos - Neo Química (Genérico),287,7,2167
1708,2026-02-19,Freitas - EI,Pantoprazol 25mg - 30 Comprimidos - Aché,164,12,2083
1709,2026-06-22,Aragão e Filhos,Paracetamol Suspensão Oral 50ml - EMS (Genérico),307,3,1122
1710,2026-06-22,Aragão e Filhos,Sinvastatina 1g - 10 Comprimidos - Medley (Genérico),264,3,1027
1711,2026-06-22,Aragão e Filhos,Omeprazol 25mg - 30 Comprimidos - Neo Química (Genérico),451,4,2023
1712,2026-02-11,Nascimento,Azitromicina Xarope 120ml - Neo Química (Genérico),91,13,1257
1713,2026-02-09,Macedo,Condicionador Hidratação Huggies 90g,222,10,2330
1714,2026-02-09,Macedo,Paracetamol Pomada 30g - Bayer,343,6,2188
1715,2026-02-09,Macedo,Pomada para Assaduras Dove 150ml,211,8,1814
1716,2026-02-09,Macedo,Sildenafila Pomada 30g - Aché,23,90,2080
1717,2026-02-09,Macedo,Sérum Vitamina C Johnson's FPS 70,409,2,963
1718,2026-02-09,Macedo,Paracetamol Suspensão Oral 50ml - EMS (Genérico),357,4,1561
1719,2026-08-09,Barros,Azitromicina Pomada 30g - Medley (Genérico),230,5,1315
1720,2026-08-09,Barros,Vacina contra Lúpus - Dose Única,169,15,2698
1721,2026-08-09,Barros,Sabonete em Barra Needs 400ml,371,5,2206
1722,2026-08-26,Campos da Costa - ME,Sinvastatina Pomada 30g - Medley (Genérico),47,67,3156
1723,2026-08-26,Campos da Costa - ME,Fralda Descartável Nivea FPS 50,121,19,2372
1724,2026-08-26,Campos da Costa - ME,Dipirona Sódica 1g - 10 Comprimidos - Eurofarma,38,68,2615
1725,2026-08-26,Campos da Costa - ME,Sertralina 1g - 10 Comprimidos - EMS (Genérico),282,10,2909
1726,2026-08-26,Campos da Costa - ME,Nimesulida 50mg - 30 Comprimidos - EMS (Genérico),389,3,1547
1727,2026-08-26,Campos da Costa - ME,Vacina contra Insuficiência Renal - Reforço,96,8,841
1728,2026-08-26,Campos da Costa - ME,Vacina contra Resfriado - Dose Única,408,3,1356
1729,2026-08-26,Campos da Costa - ME,Vacina contra Rinite - Reforço,204,5,1219
1730,2026-08-26,Campos da Costa - ME,Sinvastatina 50mg - 30 Comprimidos - Eurofarma,399,1,677
1731,2026-08-26,Campos da Costa - ME,Vacina contra Úlcera - Reforço,334,4,1648
1732,2026-08-26,Campos da Costa - ME,Omeprazol 500mg - 20 Comprimidos - Aché,98,27,2672
1733,2025-12-01,Souza Cunha Ltda.,Vacina contra Enxaqueca - Dose Única,406,5,2420
1734,2025-12-01,Souza Cunha Ltda.,Tadalafila Suspensão Oral 50ml - EMS (Genérico),384,2,993
1735,2025-12-01,Souza Cunha Ltda.,Sildenafila Pomada 30g - Aché,115,24,2823
1736,2025-12-01,Souza Cunha Ltda.,Loratadina 1g - 10 Comprimidos - EMS (Genérico),262,9,2396
1737,2025-12-01,Souza Cunha Ltda.,Diclofenaco 25mg - 30 Comprimidos - Aché,247,10,2612
1738,2025-12-01,Souza Cunha Ltda.,Clonazepam 500mg - 20 Comprimidos - Medley (Genérico),473,5,2762
1739,2025-12-01,Souza Cunha Ltda.,Fluoxetina 50mg - 30 Comprimidos - EMS (Genérico),480,2,1222
1740,2025-12-01,Souza Cunha Ltda.,Ibuprofeno Gotas 20ml - EMS (Genérico),427,3,1400
1741,2025-12-01,Souza Cunha Ltda.,Amoxicilina Gotas 20ml - Eurofarma,447,3,1781
1742,2025-12-01,Souza Cunha Ltda.,Vacina contra Pneumonia - Dose Única,119,10,1193
1743,2025-10-07,Machado e Filhos,Shampoo Anticaspa Rexona 90g,208,19,4009
1744,2025-10-07,Machado e Filhos,Sinvastatina Pomada 30g - EMS (Genérico),61,39,2404
1745,2025-10-07,Machado e Filhos,Paracetamol 1g - 10 Comprimidos - Bayer,24,88,2124
1746,2025-10-07,Machado e Filhos,Tadalafila Pomada 30g - Eurofarma,271,5,1479
1747,2025-10-07,Machado e Filhos,Condicionador Hidratação La Roche-Posay 150ml,385,4,1849
1748,2026-06-13,Pires,Desodorante Roll-on Mió FPS 50,406,8,3265
1749,2026-06-13,Pires,Pomada para Assaduras Dove 150ml,242,8,2112
1750,2025-12-29,da Paz Camargo Ltda.,Paracetamol 50mg - 30 Comprimidos - Aché,406,7,2969
1751,2025-12-29,da Paz Camargo Ltda.,Curativos (Band-Aid) Bepantol Tamanho M (40 un),354,6,2204
1752,2025-12-29,da Paz Camargo Ltda.,Diclofenaco Suspensão Oral 50ml - Neo Química (Genérico),408,6,2678
1753,2025-12-29,da Paz Camargo Ltda.,Cefalexina Pomada 30g - Bayer,321,8,2746
1754,2026-01-02,Lopes,Paracetamol 25mg - 30 Comprimidos - Medley (Genérico),488,3,1526
1755,2026-01-02,Lopes,Vacina contra Asma - Reforço,130,14,1854
1756,2026-01-02,Lopes,Sildenafila Xarope 120ml - Eurofarma,183,16,3003
1757,2026-01-02,Lopes,Vacina contra Depressão - Reforço,397,4,1852
1758,2026-01-02,Lopes,Amoxicilina 25mg - 30 Comprimidos - Bayer,489,5,2810
1759,2026-01-02,Lopes,Metformina Gotas 20ml - EMS (Genérico),160,12,1956
1760,2026-08-30,Martins S/A,Cefalexina 500mg - 20 Comprimidos - Aché,262,2,594
1761,2026-08-30,Martins S/A,Loratadina Suspensão Oral 50ml - Medley (Genérico),500,4,2153
1762,2026-08-30,Martins S/A,Hidroclorotiazida 25mg - 30 Comprimidos - Neo Química (Genérico),13,47,615
1763,2026-08-30,Martins S/A,Pantoprazol 25mg - 30 Comprimidos - Eurofarma,272,10,2788
1764,2026-08-30,Martins S/A,Vacina contra Lúpus - Dose Única,41,50,2087
1765,2025-12-27,Rezende,Pomada para Assaduras Colgate FPS 70,314,9,2953
1766,2025-12-27,Rezende,Água Micelar Panvel 150ml,365,4,1703
1767,2025-12-27,Rezende,Pomada para Assaduras Dove FPS 70,16,72,1156
1768,2025-12-27,Rezende,Escitalopram 1g - 10 Comprimidos - Medley (Genérico),331,7,2431
1769,2025-12-27,Rezende,Amoxicilina Xarope 120ml - Aché,183,21,3906
1770,2025-12-27,Rezende,Sabonete em Barra La Roche-Posay 150ml,255,8,2045
1771,2025-12-27,Rezende,Vacina contra Ansiedade - Reforço,468,4,2231
1772,2025-12-27,Rezende,Fluoxetina 500mg - 20 Comprimidos - Aché,286,8,2545
1773,2025-12-27,Rezende,Lenço Umedecido Mió Tamanho G (32 un),246,3,847
1774,2025-12-27,Rezende,Atenolol 1g - 10 Comprimidos - Medley (Genérico),240,13,3243
1775,2025-12-27,Rezende,Ibuprofeno 50mg - 30 Comprimidos - Medley (Genérico),85,16,1426
1776,2025-12-27,Rezende,Paracetamol Pomada 30g - Bayer,175,14,2581
1777,2026-02-03,Nascimento S.A.,Sertralina Xarope 120ml - Neo Química (Genérico),231,14,3402
1778,2026-02-16,Casa Grande,Diclofenaco 50mg - 30 Comprimidos - EMS (Genérico),346,8,3073
1779,2026-02-16,Casa Grande,Vacina contra Depressão - Dose Única,279,5,1398
1780,2026-02-16,Casa Grande,Sertralina Suspensão Oral 50ml - Aché,219,12,2683
1781,2026-02-16,Casa Grande,Azitromicina 1g - 10 Comprimidos - EMS (Genérico),391,7,3028
1782,2026-02-16,Casa Grande,Álcool em Gel 70% Nivea 500ml,473,4,2023
1783,2026-02-16,Casa Grande,Curativos (Band-Aid) Bepantol Tamanho M (40 un),75,17,1338
1784,2026-02-16,Casa Grande,Escitalopram 500mg - 20 Comprimidos - Aché,69,22,1532
1785,2026-02-16,Casa Grande,Ibuprofeno Pomada 30g - EMS (Genérico),379,4,1706
1786,2026-02-16,Casa Grande,Amoxicilina Gotas 20ml - Eurofarma,400,0,314
1787,2026-02-16,Casa Grande,Fio Dental La Roche-Posay FPS 50,365,1,615
1788,2026-06-13,Souza Cunha Ltda.,Escitalopram 50mg - 30 Comprimidos - Bayer,157,17,2720
1789,2026-06-13,Souza Cunha Ltda.,Álcool em Gel 70% Rexona 150ml,136,13,1830
1790,2026-03-24,Freitas - EI,Protetor Solar Facial Vichy Tamanho G (32 un),158,18,2943
1791,2026-03-24,Freitas - EI,Creme Hidratante G-Tech Tamanho G (32 un),446,4,2084
1792,2026-04-01,Nogueira,Creme Hidratante Dove 200ml,376,8,3158
1793,2026-04-01,Nogueira,Soro Fisiológico Sempre Livre Tamanho M (40 un),154,6,1068
1794,2026-04-01,Nogueira,Sinvastatina 1g - 10 Comprimidos - EMS (Genérico),175,9,1575
1795,2026-04-01,Nogueira,Pomada para Assaduras Panvel 400ml,123,15,1893
1796,2026-04-01,Nogueira,Ibuprofeno 50mg - 30 Comprimidos - Bayer,475,6,2957
1797,2026-06-21,Gonçalves Nogueira S.A.,Amoxicilina 500mg - 20 Comprimidos - Aché,271,13,3648
1798,2026-06-21,Gonçalves Nogueira S.A.,Ibuprofeno Suspensão Oral 50ml - Eurofarma,373,6,2531
1799,2026-06-21,Gonçalves Nogueira S.A.,Tadalafila Gotas 20ml - Eurofarma,49,13,643
1800,2026-06-21,Gonçalves Nogueira S.A.,Absorvente com Abas Needs 90g,162,21,3557
1801,2026-06-21,Gonçalves Nogueira S.A.,Água Micelar Dove 150ml,190,12,2282
1802,2026-06-21,Gonçalves Nogueira S.A.,Losartana Potássica 25mg - 30 Comprimidos - Bayer,395,6,2702
1803,2026-06-21,Gonçalves Nogueira S.A.,Escitalopram Xarope 120ml - Aché,143,22,3235
1804,2026-01-03,Monteiro Ltda.,Paracetamol 500mg - 20 Comprimidos - Medley (Genérico),292,1,572
1805,2026-01-03,Monteiro Ltda.,Cefalexina Xarope 120ml - Aché,295,14,4307
1806,2026-01-03,Monteiro Ltda.,Sabonete Líquido Nivea Tamanho M (40 un),474,4,2096
1807,2026-01-03,Monteiro Ltda.,Vacina contra Artrite - Dose Única,141,27,3907
1808,2026-01-03,Monteiro Ltda.,Creme Hidratante Sempre Livre 400ml,18,139,2507
1809,2026-01-03,Monteiro Ltda.,Sabonete Líquido La Roche-Posay FPS 70,500,4,2255
1810,2026-01-17,Caldeira,Desodorante Aerosol Listerine 90g,147,23,3433
1811,2026-01-17,Caldeira,Amoxicilina 50mg - 30 Comprimidos - Eurofarma,237,8,1976
1812,2026-01-17,Caldeira,Hidroclorotiazida 25mg - 30 Comprimidos - Aché,192,10,2054
1813,2026-01-17,Caldeira,Amoxicilina 25mg - 30 Comprimidos - Eurofarma,90,17,1598
1814,2026-01-17,Caldeira,Vacina contra Leucemia - Reforço,449,6,3041
1815,2026-01-17,Caldeira,Condicionador Hidratação Huggies 90g,66,41,2750
1816,2026-01-17,Caldeira,Protetor Solar Corporal Panvel 50g,282,10,2848
1817,2026-01-17,Caldeira,Termômetro Digital G-Tech Tamanho M (40 un),461,2,1045
1818,2026-01-17,Caldeira,Vacina contra Trombose - Dose Única,288,11,3357
1819,2026-01-17,Caldeira,Sertralina 50mg - 30 Comprimidos - Eurofarma,227,11,2675
1820,2026-04-22,Gonçalves Nogueira S.A.,Fluoxetina 25mg - 30 Comprimidos - Neo Química (Genérico),465,2,1119
1821,2026-04-22,Gonçalves Nogueira S.A.,Loratadina 1g - 10 Comprimidos - Bayer,212,12,2603
1822,2026-03-17,Martins S/A,Escitalopram 25mg - 30 Comprimidos - Medley (Genérico),324,0,138
1823,2026-03-17,Martins S/A,Pantoprazol Pomada 30g - Eurofarma,35,63,2222
1824,2026-03-17,Martins S/A,Ibuprofeno Xarope 120ml - Eurofarma,236,9,2178
1825,2026-03-17,Martins S/A,Clonazepam Xarope 120ml - Aché,264,2,789
1826,2026-03-17,Martins S/A,Termômetro Digital Colgate 500ml,468,4,2116
1827,2026-03-17,Martins S/A,Vacina contra Hepatite B - Reforço,80,12,1001
1828,2026-03-17,Martins S/A,Desodorante Roll-on G-Tech Tamanho M (40 un),344,1,416
1829,2025-10-06,Casa Grande Garcia S.A.,Creme Dental Dove 50 Metros,244,0,3
1830,2025-10-06,Casa Grande Garcia S.A.,Creme Dental Clear 50g,103,2,288
1831,2025-10-06,Casa Grande Garcia S.A.,Enalapril 50mg - 30 Comprimidos - Bayer,123,23,2857
1832,2025-10-06,Casa Grande Garcia S.A.,Hastes Flexíveis (Cotonetes) Aptamil Tamanho M (40 un),356,5,1879
1833,2025-10-06,Casa Grande Garcia S.A.,Cefalexina Pomada 30g - Medley (Genérico),481,4,2211
1834,2026-05-10,Dias e Filhos,Escitalopram 500mg - 20 Comprimidos - Eurofarma,213,14,2982
1835,2026-05-10,Dias e Filhos,Hidroclorotiazida Pomada 30g - EMS (Genérico),356,3,1275
1836,2026-05-10,Dias e Filhos,Hastes Flexíveis (Cotonetes) Colgate 50g,295,13,3962
1837,2026-05-10,Dias e Filhos,Sertralina 1g - 10 Comprimidos - Bayer,29,83,2407
1838,2026-05-10,Dias e Filhos,Diclofenaco 50mg - 30 Comprimidos - EMS (Genérico),466,4,2091
1839,2026-05-10,Dias e Filhos,Escitalopram 1g - 10 Comprimidos - EMS (Genérico),224,2,646
1840,2026-05-10,Dias e Filhos,Sinvastatina Suspensão Oral 50ml - Bayer,127,10,1355
1841,2026-06-10,Casa Grande - ME,Diclofenaco 1g - 10 Comprimidos - Neo Química (Genérico),258,8,2154
1842,2026-06-10,Casa Grande - ME,Vacina contra Leucemia - Reforço,274,7,2039
1843,2026-06-10,Casa Grande - ME,Cefalexina 50mg - 30 Comprimidos - Eurofarma,185,8,1661
1844,2026-06-10,Casa Grande - ME,Condicionador Hidratação Huggies 90g,478,1,563
1845,2026-06-10,Casa Grande - ME,Água Micelar CeraVe Tamanho G (32 un),437,2,983
1846,2026-06-10,Casa Grande - ME,Clonazepam Xarope 120ml - Aché,324,11,3737
1847,2026-06-10,Casa Grande - ME,Soro Fisiológico Sempre Livre 50 Metros,62,12,753
1848,2026-06-10,Casa Grande - ME,Clonazepam 1g - 10 Comprimidos - Eurofarma,136,25,3434
1849,2026-06-10,Casa Grande - ME,Paracetamol Xarope 120ml - EMS (Genérico),378,6,2367
1850,2026-06-10,Casa Grande - ME,Água Micelar Dove 90g,33,54,1786
1851,2026-06-10,Casa Grande - ME,Vacina contra Obesidade - Reforço,391,4,1806
1852,2026-06-10,Casa Grande - ME,Atenolol 1g - 10 Comprimidos - Aché,225,16,3758
1853,2026-04-16,Peixoto,Enalapril 500mg - 20 Comprimidos - EMS (Genérico),368,4,1568
1854,2026-04-16,Peixoto,Omeprazol Pomada 30g - Bayer,285,5,1494
1855,2026-04-16,Peixoto,Clonazepam Xarope 120ml - EMS (Genérico),492,2,1398
1856,2026-04-16,Peixoto,Protetor Solar Facial Vichy Tamanho G (32 un),269,4,1127
1857,2026-04-16,Peixoto,Clonazepam Pomada 30g - Aché,267,2,718
1858,2026-04-16,Peixoto,Loratadina Suspensão Oral 50ml - Eurofarma,446,1,806
1859,2026-04-16,Peixoto,Sildenafila 25mg - 30 Comprimidos - Eurofarma,429,4,1935
1860,2026-04-16,Peixoto,Sérum Vitamina C Sempre Livre FPS 50,259,6,1666
1861,2026-04-16,Peixoto,Protetor Solar Facial Pampers 200ml,64,11,726
1862,2026-04-16,Peixoto,Vacina contra Depressão - Dose Única,496,1,745
1863,2026-04-16,Peixoto,Sinvastatina Suspensão Oral 50ml - Medley (Genérico),440,6,2643
1864,2026-04-16,Peixoto,Shampoo Anticaspa Mió 90g,395,6,2666
1865,2025-11-13,Sampaio,Vacina contra Gota - Reforço,116,21,2533
1866,2025-11-13,Sampaio,Clonazepam 25mg - 30 Comprimidos - Bayer,412,4,1832
1867,2025-11-13,Sampaio,Losartana Potássica Pomada 30g - Bayer,268,0,82
1868,2026-09-04,Lima,Clonazepam 1g - 10 Comprimidos - Aché,97,49,4766
1869,2026-09-04,Lima,Hidroclorotiazida 25mg - 30 Comprimidos - Aché,327,6,2023
1870,2026-09-04,Lima,Azitromicina Xarope 120ml - Aché,183,23,4336
1871,2026-09-04,Lima,Desodorante Aerosol Listerine 90g,21,58,1234
1872,2026-09-04,Lima,Sabonete em Barra Dove 50g,156,18,2847
1873,2026-09-04,Lima,Clonazepam Gotas 20ml - Medley (Genérico),412,4,1926
1874,2026-09-04,Lima,Sinvastatina 50mg - 30 Comprimidos - Neo Química (Genérico),403,10,4196
1875,2026-02-10,Correia Alves - EI,Loratadina Xarope 120ml - EMS (Genérico),67,41,2813
1876,2026-02-10,Correia Alves - EI,Escitalopram Xarope 120ml - EMS (Genérico),169,3,605
1877,2026-02-10,Correia Alves - EI,Clonazepam Xarope 120ml - EMS (Genérico),393,5,2226
1878,2026-02-10,Correia Alves - EI,Protetor Solar Facial Rexona 50g,402,0,57
1879,2026-02-10,Correia Alves - EI,Sertralina Suspensão Oral 50ml - Aché,153,14,2149
1880,2026-02-10,Correia Alves - EI,Tadalafila 500mg - 20 Comprimidos - Eurofarma,160,14,2285
1881,2026-02-10,Correia Alves - EI,Vacina contra Insônia - Dose Única,282,7,2238
1882,2026-02-10,Correia Alves - EI,Protetor Solar Facial Pampers 400ml,31,55,1714
1883,2026-02-10,Correia Alves - EI,Fluoxetina 25mg - 30 Comprimidos - EMS (Genérico),393,3,1565
1884,2026-02-10,Correia Alves - EI,Nimesulida Gotas 20ml - Aché,255,3,825
1885,2026-02-10,Correia Alves - EI,Diclofenaco 50mg - 30 Comprimidos - Neo Química (Genérico),29,62,1814
1886,2025-09-30,Martins S/A,Sertralina Xarope 120ml - Neo Química (Genérico),164,26,4321
1887,2025-09-30,Martins S/A,Clonazepam 1g - 10 Comprimidos - Aché,263,7,2056
1888,2025-09-30,Martins S/A,Fio Dental Huggies 50 Metros,264,3,928
1889,2025-09-30,Martins S/A,Hidroclorotiazida 500mg - 20 Comprimidos - Bayer,301,12,3641
1890,2025-09-30,Martins S/A,Atenolol Pomada 30g - Neo Química (Genérico),116,16,1880
1891,2025-09-30,Martins S/A,Azitromicina 50mg - 30 Comprimidos - Bayer,479,4,2214
1892,2025-09-30,Martins S/A,Creme Hidratante Dove 200ml,387,7,2874
1893,2025-09-30,Martins S/A,Metformina Pomada 30g - Neo Química (Genérico),361,3,1358
1894,2025-09-30,Martins S/A,Termômetro Digital Bepantol 150ml,16,192,3073
1895,2025-09-30,Martins S/A,Soro Fisiológico Dove FPS 70,489,4,2199
1896,2025-09-30,Martins S/A,Azitromicina Suspensão Oral 50ml - Eurofarma,453,5,2422
1897,2025-09-30,Martins S/A,Vacina contra Insuficiência Renal - Reforço,160,0,122
1898,2025-11-18,Sousa,Pomada para Assaduras G-Tech 50 Metros,147,28,4211
1899,2025-11-18,Sousa,Condicionador Hidratação Huggies 90g,189,14,2784
1900,2025-11-18,Sousa,Vacina contra Psoríase - Dose Única,167,8,1343
1901,2025-11-18,Sousa,Omeprazol 25mg - 30 Comprimidos - Neo Química (Genérico),66,34,2275
1902,2025-11-18,Sousa,Diclofenaco 500mg - 20 Comprimidos - Aché,143,19,2718
1903,2025-11-18,Sousa,Loratadina 1g - 10 Comprimidos - Bayer,393,7,2929
1904,2026-09-11,Casa Grande Garcia S.A.,Sabonete em Barra Clear Tamanho M (40 un),248,9,2310
1905,2026-09-11,Casa Grande Garcia S.A.,Clonazepam 50mg - 30 Comprimidos - Bayer,253,10,2548
1906,2026-09-11,Casa Grande Garcia S.A.,Dipirona Sódica 50mg - 30 Comprimidos - Medley (Genérico),393,8,3181
1907,2026-09-11,Casa Grande Garcia S.A.,Sabonete em Barra La Roche-Posay 150ml,97,6,641
1908,2026-01-13,Almeida,Pantoprazol Pomada 30g - EMS (Genérico),195,8,1732
1909,2026-01-13,Almeida,Hidroclorotiazida 500mg - 20 Comprimidos - Bayer,189,7,1371
1910,2026-01-13,Almeida,Paracetamol 500mg - 20 Comprimidos - Bayer,470,4,2009
1911,2026-01-13,Almeida,Vacina contra Otite - Dose Única,247,4,1069
1912,2026-04-08,Vieira,Escitalopram 1g - 10 Comprimidos - EMS (Genérico),342,8,2889
1913,2026-04-08,Vieira,Nimesulida Pomada 30g - Aché,61,52,3179
1914,2026-04-08,Vieira,Fralda Descartável Listerine 50g,477,3,1504
1915,2025-10-02,Caldeira S/A,Sildenafila 1g - 10 Comprimidos - EMS (Genérico),357,8,2913
1916,2025-10-02,Caldeira S/A,Vacina contra Artrose - Dose Única,81,34,2818
1917,2025-10-02,Caldeira S/A,Água Micelar Dove 90g,384,4,1874
1918,2025-10-02,Caldeira S/A,Diclofenaco 25mg - 30 Comprimidos - Aché,442,1,765
1919,2025-10-02,Caldeira S/A,Vacina contra Lúpus - Reforço,86,29,2519
1920,2025-10-02,Caldeira S/A,Vacina contra Zika - Dose Única,308,7,2430
1921,2026-01-08,Sousa Camargo S/A,Absorvente com Abas Colgate 400ml,160,15,2532
1922,2026-01-08,Sousa Camargo S/A,Amoxicilina 50mg - 30 Comprimidos - Aché,149,9,1374
1923,2026-01-08,Sousa Camargo S/A,Sinvastatina Gotas 20ml - Bayer,263,12,3240
1924,2026-01-08,Sousa Camargo S/A,Creme Hidratante La Roche-Posay 50g,495,2,1409
1925,2026-08-01,Lima,Loratadina 1g - 10 Comprimidos - EMS (Genérico),143,14,2063
1926,2026-08-01,Lima,Tadalafila 500mg - 20 Comprimidos - Medley (Genérico),342,6,2265
1927,2026-08-01,Lima,Água Micelar Dove 90g,249,7,1834
1928,2026-08-01,Lima,Loratadina 25mg - 30 Comprimidos - Bayer,45,65,2928
1929,2026-08-01,Lima,Sérum Vitamina C Sempre Livre FPS 50,397,5,2322
1930,2026-08-01,Lima,Dipirona Sódica Suspensão Oral 50ml - Neo Química (Genérico),61,53,3252
1931,2026-08-01,Lima,Nimesulida Suspensão Oral 50ml - Aché,367,2,1096
1932,2026-08-01,Lima,Clonazepam Xarope 120ml - EMS (Genérico),81,42,3467
1933,2026-08-01,Lima,Losartana Potássica 50mg - 30 Comprimidos - Medley (Genérico),261,6,1690
1934,2026-07-21,Castro da Rosa - EI,Desodorante Roll-on Needs 150ml,24,120,2895
1935,2026-07-21,Castro da Rosa - EI,Sérum Vitamina C Nivea 200ml,352,6,2357
