iddespesa,data_transacao,dia_da_semana,dia,mes,trismeste,ano,nomefornecedor,nomeproduto,categproduto,quantidade,preco_unitario,valor_total_despesa
1,2026-02-14,Saturday ,14,2,1,2026,Viana,Atenolol Gotas 20ml - Neo Química (Genérico),Nutrição Infantil,48,7,372
2,2026-02-14,Saturday ,14,2,1,2026,Viana,Sildenafila 50mg - 30 Comprimidos - Aché,Antidepressivos,48,1,66
3,2026-02-14,Saturday ,14,2,1,2026,Viana,Losartana Potássica 500mg - 20 Comprimidos - Eurofarma,Primeiros Socorros,44,3,144
4,2026-02-14,Saturday ,14,2,1,2026,Viana,Shampoo Anticaspa Colgate Tamanho G (32 un),Produtos Ortopédicos,47,3,158
5,2026-02-14,Saturday ,14,2,1,2026,Viana,Vacina contra Dermatite - Dose Única,Genéricos,48,8,430
6,2026-02-14,Saturday ,14,2,1,2026,Viana,Metformina 25mg - 30 Comprimidos - Medley (Genérico),Higiene Pessoal,29,10,301
7,2024-11-10,Sunday   ,10,11,4,2024,Machado,Enalapril 50mg - 30 Comprimidos - Eurofarma,Analgésicos,32,9,298
8,2024-11-10,Sunday   ,10,11,4,2024,Machado,Amoxicilina 1g - 10 Comprimidos - EMS (Genérico),Antidepressivos,40,6,275
9,2024-11-10,Sunday   ,10,11,4,2024,Machado,Metformina Suspensão Oral 50ml - Medley (Genérico),Antidepressivos,28,9,276
10,2026-07-15,Wednesday,15,7,3,2026,Barbosa - EI,Losartana Potássica Gotas 20ml - Medley (Genérico),Antitérmicos,12,23,276
11,2026-07-15,Wednesday,15,7,3,2026,Barbosa - EI,Metformina 1g - 10 Comprimidos - Aché,Fraldas e Infantis,33,15,495
12,2026-07-15,Wednesday,15,7,3,2026,Barbosa - EI,Metformina 1g - 10 Comprimidos - Medley (Genérico),Antitérmicos,26,8,210
13,2026-07-15,Wednesday,15,7,3,2026,Barbosa - EI,Fluoxetina 50mg - 30 Comprimidos - Medley (Genérico),Fraldas e Infantis,54,5,318
14,2026-07-15,Wednesday,15,7,3,2026,Barbosa - EI,Enalapril Suspensão Oral 50ml - Neo Química (Genérico),Cuidados com o Cabelo,13,29,381
15,2026-07-15,Wednesday,15,7,3,2026,Barbosa - EI,Vacina contra Hepatite A - Dose Única,Analgésicos,28,10,291
16,2026-07-15,Wednesday,15,7,3,2026,Barbosa - EI,Sabonete em Barra G-Tech 90g,Antibióticos,39,7,297
17,2026-07-15,Wednesday,15,7,3,2026,Barbosa - EI,Lenço Umedecido Rexona FPS 50,Antibióticos,57,5,291
18,2025-04-22,Tuesday  ,22,4,2,2025,Carvalho,Metformina Pomada 30g - Medley (Genérico),Saúde Bucal,49,3,176
19,2025-04-22,Tuesday  ,22,4,2,2025,Carvalho,Diclofenaco Xarope 120ml - Medley (Genérico),Primeiros Socorros,51,2,104
20,2025-04-22,Tuesday  ,22,4,2,2025,Carvalho,Hidroclorotiazida 25mg - 30 Comprimidos - EMS (Genérico),Cuidados com o Cabelo,36,6,218
21,2025-04-22,Tuesday  ,22,4,2,2025,Carvalho,Vacina contra Depressão - Reforço,Dermocosméticos,41,6,275
22,2025-04-22,Tuesday  ,22,4,2,2025,Carvalho,Soro Fisiológico Panvel Tamanho M (40 un),Fitoterápicos,59,6,357
23,2025-04-22,Tuesday  ,22,4,2,2025,Carvalho,Metformina Pomada 30g - Bayer,Genéricos,15,10,157
24,2025-04-22,Tuesday  ,22,4,2,2025,Carvalho,Sildenafila 25mg - 30 Comprimidos - Medley (Genérico),Antialérgicos,52,2,151
25,2025-04-22,Tuesday  ,22,4,2,2025,Carvalho,Sinvastatina Gotas 20ml - Medley (Genérico),Dermocosméticos,42,4,194
26,2025-04-22,Tuesday  ,22,4,2,2025,Carvalho,Creme Hidratante Mió 90g,Nutrição Infantil,37,5,192
27,2025-04-22,Tuesday  ,22,4,2,2025,Carvalho,Álcool em Gel 70% CeraVe 150ml,Genéricos,51,3,190
28,2025-05-20,Tuesday  ,20,5,2,2025,das Neves,Tadalafila 25mg - 30 Comprimidos - Eurofarma,Antialérgicos,12,20,241
29,2025-05-20,Tuesday  ,20,5,2,2025,das Neves,Hidroclorotiazida 25mg - 30 Comprimidos - EMS (Genérico),Cuidados com o Cabelo,42,5,218
30,2025-05-20,Tuesday  ,20,5,2,2025,das Neves,Vacina contra Embolia - Dose Única,Antibióticos,25,14,357
31,2025-05-20,Tuesday  ,20,5,2,2025,das Neves,Soro Fisiológico Mió 90g,Analgésicos,32,6,208
32,2025-05-20,Tuesday  ,20,5,2,2025,das Neves,Atenolol 50mg - 30 Comprimidos - Medley (Genérico),Anti-inflamatórios,23,11,274
33,2025-05-20,Tuesday  ,20,5,2,2025,das Neves,Nimesulida 25mg - 30 Comprimidos - Neo Química (Genérico),Higiene Pessoal,28,10,295
34,2025-05-20,Tuesday  ,20,5,2,2025,das Neves,Nimesulida 1g - 10 Comprimidos - Eurofarma,Produtos Ortopédicos,18,11,206
35,2025-05-20,Tuesday  ,20,5,2,2025,das Neves,Sildenafila 1g - 10 Comprimidos - EMS (Genérico),Antitérmicos,50,9,470
36,2025-05-20,Tuesday  ,20,5,2,2025,das Neves,Sertralina Xarope 120ml - Eurofarma,Fraldas e Infantis,37,7,261
37,2026-06-23,Tuesday  ,23,6,2,2026,Sampaio,Diclofenaco Suspensão Oral 50ml - EMS (Genérico),Higiene Pessoal,32,4,145
38,2026-06-23,Tuesday  ,23,6,2,2026,Sampaio,Nimesulida 50mg - 30 Comprimidos - EMS (Genérico),Anti-inflamatórios,23,14,325
39,2026-06-23,Tuesday  ,23,6,2,2026,Sampaio,Losartana Potássica 25mg - 30 Comprimidos - EMS (Genérico),Nutrição Infantil,42,8,339
40,2026-06-23,Tuesday  ,23,6,2,2026,Sampaio,Hidroclorotiazida 1g - 10 Comprimidos - Medley (Genérico),Saúde Bucal,21,5,111
41,2024-10-18,Friday   ,18,10,4,2024,Abreu Machado S/A,Cefalexina Suspensão Oral 50ml - Medley (Genérico),Vacinas,49,1,51
42,2024-10-18,Friday   ,18,10,4,2024,Abreu Machado S/A,Álcool em Gel 70% Vichy 150ml,Saúde Bucal,21,5,118
43,2024-10-18,Friday   ,18,10,4,2024,Abreu Machado S/A,Atenolol Xarope 120ml - EMS (Genérico),Analgésicos,29,9,282
44,2024-10-18,Friday   ,18,10,4,2024,Abreu Machado S/A,Ibuprofeno 50mg - 30 Comprimidos - Eurofarma,Antitérmicos,45,3,172
45,2024-10-18,Friday   ,18,10,4,2024,Abreu Machado S/A,Azitromicina 50mg - 30 Comprimidos - EMS (Genérico),Antibióticos,55,3,211
46,2024-10-18,Friday   ,18,10,4,2024,Abreu Machado S/A,Metformina 25mg - 30 Comprimidos - Aché,Fraldas e Infantis,14,19,274
47,2025-01-17,Friday   ,17,1,1,2025,Cassiano Rezende e Filhos,Azitromicina Gotas 20ml - Eurofarma,Anti-inflamatórios,15,23,350
48,2025-01-17,Friday   ,17,1,1,2025,Cassiano Rezende e Filhos,Termômetro Digital Mió FPS 70,Produtos Ortopédicos,21,12,257
49,2025-01-17,Friday   ,17,1,1,2025,Cassiano Rezende e Filhos,Fralda Descartável Aptamil 50 Metros,Dermocosméticos,21,17,362
50,2025-01-17,Friday   ,17,1,1,2025,Cassiano Rezende e Filhos,Nimesulida 500mg - 20 Comprimidos - EMS (Genérico),Saúde Bucal,43,2,121
51,2024-12-02,Monday   ,2,12,4,2024,da Costa Leão - EI,Dipirona Sódica 1g - 10 Comprimidos - EMS (Genérico),Antibióticos,38,2,101
52,2024-12-02,Monday   ,2,12,4,2024,da Costa Leão - EI,Cefalexina 50mg - 30 Comprimidos - Aché,Aparelhos Médicos,39,7,303
53,2025-02-10,Monday   ,10,2,1,2025,Andrade Ltda.,Condicionador Hidratação Rexona 90g,Vitaminas e Suplementos,12,19,238
54,2026-05-12,Tuesday  ,12,5,2,2026,Abreu,Fio Dental Sempre Livre FPS 70,Saúde Bucal,43,4,176
55,2026-05-12,Tuesday  ,12,5,2,2026,Abreu,Vacina contra Gastrite - Reforço,Antibióticos,37,11,416
56,2026-05-12,Tuesday  ,12,5,2,2026,Abreu,Amoxicilina 500mg - 20 Comprimidos - EMS (Genérico),Saúde Bucal,25,19,477
57,2025-03-06,Thursday ,6,3,1,2025,Nunes,Paracetamol Xarope 120ml - Medley (Genérico),Nutrição Infantil,10,15,157
58,2025-03-06,Thursday ,6,3,1,2025,Nunes,Cefalexina Gotas 20ml - Eurofarma,Saúde Bucal,44,5,251
59,2025-03-06,Thursday ,6,3,1,2025,Nunes,Nimesulida 500mg - 20 Comprimidos - EMS (Genérico),Saúde Bucal,26,5,134
60,2025-03-06,Thursday ,6,3,1,2025,Nunes,Nimesulida Pomada 30g - Bayer,Antibióticos,52,1,102
61,2025-03-06,Thursday ,6,3,1,2025,Nunes,Hidroclorotiazida 500mg - 20 Comprimidos - Medley (Genérico),Saúde Bucal,13,8,115
62,2026-05-09,Saturday ,9,5,2,2026,das Neves Ferreira e Filhos,Sertralina 1g - 10 Comprimidos - Aché,Primeiros Socorros,15,21,320
63,2026-09-02,Wednesday,2,9,3,2026,Pastor,Escitalopram 500mg - 20 Comprimidos - Bayer,Produtos Ortopédicos,37,5,219
64,2026-09-02,Wednesday,2,9,3,2026,Pastor,Atenolol 50mg - 30 Comprimidos - EMS (Genérico),Dermocosméticos,14,23,332
65,2026-09-02,Wednesday,2,9,3,2026,Pastor,Absorvente com Abas Rexona FPS 70,Fitoterápicos,31,7,217
66,2026-09-02,Wednesday,2,9,3,2026,Pastor,Ibuprofeno 25mg - 30 Comprimidos - Bayer,Dermocosméticos,19,16,308
67,2026-09-02,Wednesday,2,9,3,2026,Pastor,Loratadina Suspensão Oral 50ml - Neo Química (Genérico),Analgésicos,15,22,330
68,2026-09-02,Wednesday,2,9,3,2026,Pastor,Tadalafila Suspensão Oral 50ml - Medley (Genérico),Antialérgicos,49,8,400
69,2026-08-17,Monday   ,17,8,3,2026,da Luz Pacheco Ltda.,Vacina contra Desnutrição - Dose Única,Homeopatia,49,1,90
70,2026-08-17,Monday   ,17,8,3,2026,da Luz Pacheco Ltda.,Enxaguante Bucal CeraVe 50g,Cuidados com o Cabelo,44,3,156
71,2025-07-12,Saturday ,12,7,3,2025,Nunes,Metformina Suspensão Oral 50ml - Medley (Genérico),Antidepressivos,28,9,253
72,2025-07-12,Saturday ,12,7,3,2025,Nunes,Vacina contra Hepatite B - Dose Única,Vacinas,51,4,254
73,2024-10-29,Tuesday  ,29,10,4,2024,Melo e Filhos,Sertralina Gotas 20ml - Eurofarma,Cuidados com o Cabelo,34,8,280
74,2024-10-29,Tuesday  ,29,10,4,2024,Melo e Filhos,Azitromicina Gotas 20ml - Aché,Primeiros Socorros,43,9,391
75,2024-10-29,Tuesday  ,29,10,4,2024,Melo e Filhos,Loratadina 1g - 10 Comprimidos - Aché,Dermocosméticos,58,1,78
76,2024-10-29,Tuesday  ,29,10,4,2024,Melo e Filhos,Enxaguante Bucal Sempre Livre 400ml,Genéricos,15,9,144
77,2024-10-29,Tuesday  ,29,10,4,2024,Melo e Filhos,Vacina contra Embolia - Reforço,Anti-inflamatórios,28,9,269
78,2024-10-29,Tuesday  ,29,10,4,2024,Melo e Filhos,Vacina contra Desnutrição - Dose Única,Homeopatia,15,6,92
79,2025-07-29,Tuesday  ,29,7,3,2025,Vasconcelos,Hidroclorotiazida 50mg - 30 Comprimidos - EMS (Genérico),Analgésicos,50,4,216
80,2025-07-29,Tuesday  ,29,7,3,2025,Vasconcelos,Vacina contra Cirrose - Dose Única,Aparelhos Médicos,58,6,383
81,2025-07-29,Tuesday  ,29,7,3,2025,Vasconcelos,Tadalafila 25mg - 30 Comprimidos - Eurofarma,Antialérgicos,19,13,265
82,2025-07-29,Tuesday  ,29,7,3,2025,Vasconcelos,Amoxicilina 25mg - 30 Comprimidos - Bayer,Vitaminas e Suplementos,19,8,157
83,2025-07-29,Tuesday  ,29,7,3,2025,Vasconcelos,Pantoprazol 25mg - 30 Comprimidos - Aché,Homeopatia,39,6,250
84,2025-07-21,Monday   ,21,7,3,2025,Borges,Tadalafila Suspensão Oral 50ml - EMS (Genérico),Vacinas,43,7,304
85,2025-07-21,Monday   ,21,7,3,2025,Borges,Metformina Xarope 120ml - Bayer,Aparelhos Médicos,56,4,279
86,2025-07-21,Monday   ,21,7,3,2025,Borges,Enalapril Gotas 20ml - EMS (Genérico),Homeopatia,19,12,246
87,2025-07-21,Monday   ,21,7,3,2025,Borges,Pantoprazol Xarope 120ml - Aché,Nutrição Infantil,10,37,379
88,2025-07-21,Monday   ,21,7,3,2025,Borges,Álcool em Gel 70% Aptamil FPS 50,Antibióticos,27,3,93
89,2025-07-21,Monday   ,21,7,3,2025,Borges,Sildenafila 1g - 10 Comprimidos - EMS (Genérico),Antitérmicos,40,12,495
90,2025-07-21,Monday   ,21,7,3,2025,Borges,Pomada para Assaduras Needs FPS 50,Antialérgicos,23,6,143
91,2025-07-21,Monday   ,21,7,3,2025,Borges,Tadalafila Pomada 30g - EMS (Genérico),Anti-inflamatórios,11,28,311
92,2025-07-21,Monday   ,21,7,3,2025,Borges,Vacina contra Anemia - Reforço,Aparelhos Médicos,20,9,191
93,2025-03-16,Sunday   ,16,3,1,2025,Nogueira - EI,Álcool em Gel 70% Vichy 150ml,Saúde Bucal,39,3,128
94,2025-03-16,Sunday   ,16,3,1,2025,Nogueira - EI,Sertralina 1g - 10 Comprimidos - Neo Química (Genérico),Aparelhos Médicos,16,15,247
95,2025-03-16,Sunday   ,16,3,1,2025,Nogueira - EI,Metformina 25mg - 30 Comprimidos - Aché,Fraldas e Infantis,57,4,280
96,2025-03-16,Sunday   ,16,3,1,2025,Nogueira - EI,Hastes Flexíveis (Cotonetes) Johnson's 200ml,Higiene Pessoal,31,8,260
97,2025-03-16,Sunday   ,16,3,1,2025,Nogueira - EI,Lenço Umedecido Mió FPS 50,Saúde Bucal,47,5,235
98,2025-03-16,Sunday   ,16,3,1,2025,Nogueira - EI,Paracetamol 500mg - 20 Comprimidos - EMS (Genérico),Vitaminas e Suplementos,21,13,280
99,2025-03-16,Sunday   ,16,3,1,2025,Nogueira - EI,Enalapril Suspensão Oral 50ml - Neo Química (Genérico),Cuidados com o Cabelo,54,7,378
100,2025-03-16,Sunday   ,16,3,1,2025,Nogueira - EI,Enxaguante Bucal Sempre Livre 400ml,Genéricos,39,3,124
101,2025-03-16,Sunday   ,16,3,1,2025,Nogueira - EI,Protetor Solar Facial Pampers 90g,Antialérgicos,45,5,225
102,2026-06-30,Tuesday  ,30,6,2,2026,Araújo,Soro Fisiológico Dove 150ml,Antidepressivos,20,15,308
103,2026-06-30,Tuesday  ,30,6,2,2026,Araújo,Sabonete em Barra Huggies 200ml,Antitérmicos,21,16,348
104,2026-06-30,Tuesday  ,30,6,2,2026,Araújo,Tadalafila 25mg - 30 Comprimidos - Aché,Antitérmicos,30,8,269
105,2026-06-30,Tuesday  ,30,6,2,2026,Araújo,Vacina contra Hipertireoidismo - Reforço,Antidepressivos,21,14,305
106,2026-06-30,Tuesday  ,30,6,2,2026,Araújo,Azitromicina Gotas 20ml - Eurofarma,Anti-inflamatórios,47,7,358
107,2026-06-30,Tuesday  ,30,6,2,2026,Araújo,Fluoxetina 25mg - 30 Comprimidos - Eurofarma,Fitoterápicos,15,11,179
108,2026-06-30,Tuesday  ,30,6,2,2026,Araújo,Dipirona Sódica Pomada 30g - Bayer,Antidepressivos,53,8,426
109,2026-06-30,Tuesday  ,30,6,2,2026,Araújo,Sildenafila 1g - 10 Comprimidos - Bayer,Antialérgicos,51,1,75
110,2026-06-30,Tuesday  ,30,6,2,2026,Araújo,Atenolol 500mg - 20 Comprimidos - Eurofarma,Primeiros Socorros,23,19,453
111,2025-05-18,Sunday   ,18,5,2,2025,Caldeira,Clonazepam 1g - 10 Comprimidos - EMS (Genérico),Antitérmicos,44,6,305
112,2025-05-18,Sunday   ,18,5,2,2025,Caldeira,Dipirona Sódica Pomada 30g - Medley (Genérico),Saúde Bucal,49,4,237
113,2025-05-18,Sunday   ,18,5,2,2025,Caldeira,Tadalafila Gotas 20ml - Medley (Genérico),Aparelhos Médicos,44,6,281
114,2025-05-18,Sunday   ,18,5,2,2025,Caldeira,Creme Hidratante Colgate 50g,Antibióticos,59,4,266
115,2025-05-18,Sunday   ,18,5,2,2025,Caldeira,Curativos (Band-Aid) Needs 400ml,Anti-inflamatórios,31,6,189
116,2025-05-18,Sunday   ,18,5,2,2025,Caldeira,Cefalexina 500mg - 20 Comprimidos - Neo Química (Genérico),Produtos Ortopédicos,56,4,224
117,2025-05-18,Sunday   ,18,5,2,2025,Caldeira,Diclofenaco Gotas 20ml - Eurofarma,Produtos Ortopédicos,37,10,401
118,2025-05-18,Sunday   ,18,5,2,2025,Caldeira,Sertralina 50mg - 30 Comprimidos - Bayer,Antibióticos,21,22,468
119,2024-09-29,Sunday   ,29,9,3,2024,Alves Costa S.A.,Curativos (Band-Aid) Nivea 500ml,Vacinas,47,4,205
120,2024-09-29,Sunday   ,29,9,3,2024,Alves Costa S.A.,Enxaguante Bucal Nivea 90g,Antibióticos,42,5,228
121,2024-09-29,Sunday   ,29,9,3,2024,Alves Costa S.A.,Vacina contra Hipertensão - Reforço,Antibióticos,19,10,196
122,2024-09-29,Sunday   ,29,9,3,2024,Alves Costa S.A.,Nimesulida Xarope 120ml - Eurofarma,Dermocosméticos,59,5,310
123,2024-09-29,Sunday   ,29,9,3,2024,Alves Costa S.A.,Ibuprofeno Suspensão Oral 50ml - Medley (Genérico),Homeopatia,44,5,256
124,2024-09-29,Sunday   ,29,9,3,2024,Alves Costa S.A.,Protetor Solar Facial Panvel 200ml,Primeiros Socorros,46,6,318
125,2024-09-29,Sunday   ,29,9,3,2024,Alves Costa S.A.,Escitalopram 500mg - 20 Comprimidos - Bayer,Produtos Ortopédicos,31,7,239
126,2024-09-29,Sunday   ,29,9,3,2024,Alves Costa S.A.,Água Micelar CeraVe 90g,Primeiros Socorros,22,13,296
127,2024-09-29,Sunday   ,29,9,3,2024,Alves Costa S.A.,Curativos (Band-Aid) CeraVe 200ml,Nutrição Infantil,21,6,140
128,2024-09-29,Sunday   ,29,9,3,2024,Alves Costa S.A.,Diclofenaco Xarope 120ml - Medley (Genérico),Primeiros Socorros,43,2,109
129,2024-09-29,Sunday   ,29,9,3,2024,Alves Costa S.A.,Paracetamol 500mg - 20 Comprimidos - Neo Química (Genérico),Homeopatia,32,10,338
130,2024-09-29,Sunday   ,29,9,3,2024,Alves Costa S.A.,Metformina 500mg - 20 Comprimidos - Bayer,Antitérmicos,26,10,274
131,2024-11-27,Wednesday,27,11,4,2024,Caldeira,Loratadina Suspensão Oral 50ml - Neo Química (Genérico),Analgésicos,59,6,365
132,2024-11-27,Wednesday,27,11,4,2024,Caldeira,Nimesulida 25mg - 30 Comprimidos - Aché,Dermocosméticos,17,16,287
133,2024-11-27,Wednesday,27,11,4,2024,Caldeira,Clonazepam Xarope 120ml - EMS (Genérico),Vacinas,54,2,122
134,2024-11-27,Wednesday,27,11,4,2024,Caldeira,Metformina Pomada 30g - Aché,Fraldas e Infantis,40,4,181
135,2024-11-27,Wednesday,27,11,4,2024,Caldeira,Creme Dental Clear 50g,Antidepressivos,25,10,262
136,2024-11-27,Wednesday,27,11,4,2024,Caldeira,Soro Fisiológico Bepantol Tamanho M (40 un),Analgésicos,55,6,370
137,2024-11-27,Wednesday,27,11,4,2024,Caldeira,Escitalopram 500mg - 20 Comprimidos - Medley (Genérico),Fitoterápicos,38,8,338
138,2024-11-27,Wednesday,27,11,4,2024,Caldeira,Creme Dental Panvel 90g,Antitérmicos,14,12,178
139,2024-11-27,Wednesday,27,11,4,2024,Caldeira,Vacina contra Esquizofrenia - Dose Única,Antialérgicos,49,3,149
140,2024-11-27,Wednesday,27,11,4,2024,Caldeira,Tadalafila 50mg - 30 Comprimidos - Neo Química (Genérico),Fitoterápicos,11,8,88
141,2025-02-08,Saturday ,8,2,1,2025,Caldeira,Atenolol 25mg - 30 Comprimidos - Neo Química (Genérico),Cuidados com o Cabelo,10,31,315
142,2025-02-08,Saturday ,8,2,1,2025,Caldeira,Vacina contra Parkinson - Dose Única,Fraldas e Infantis,47,4,188
143,2025-02-08,Saturday ,8,2,1,2025,Caldeira,Losartana Potássica 50mg - 30 Comprimidos - Medley (Genérico),Antialérgicos,53,4,214
144,2025-02-08,Saturday ,8,2,1,2025,Caldeira,Paracetamol 25mg - 30 Comprimidos - Aché,Antibióticos,20,8,160
145,2025-02-08,Saturday ,8,2,1,2025,Caldeira,Losartana Potássica Xarope 120ml - EMS (Genérico),Dermocosméticos,20,10,209
146,2025-02-08,Saturday ,8,2,1,2025,Caldeira,Metformina Xarope 120ml - Bayer,Aparelhos Médicos,41,6,265
147,2025-02-08,Saturday ,8,2,1,2025,Caldeira,Vacina contra Parkinson - Reforço,Fraldas e Infantis,29,8,260
148,2025-02-08,Saturday ,8,2,1,2025,Caldeira,Hidroclorotiazida 1g - 10 Comprimidos - Aché,Analgésicos,58,4,286
149,2025-02-08,Saturday ,8,2,1,2025,Caldeira,Vacina contra Hepatite B - Dose Única,Vacinas,20,13,268
150,2025-02-08,Saturday ,8,2,1,2025,Caldeira,Vacina contra Cirrose - Dose Única,Aparelhos Médicos,32,10,350
151,2025-05-16,Friday   ,16,5,2,2025,Rios,Nimesulida Xarope 120ml - Medley (Genérico),Antidepressivos,41,5,217
152,2025-05-16,Friday   ,16,5,2,2025,Rios,Escitalopram 50mg - 30 Comprimidos - Eurofarma,Cuidados com o Cabelo,48,3,154
153,2026-02-16,Monday   ,16,2,1,2026,Cirino,Vacina contra Alzheimer - Reforço,Nutrição Infantil,30,6,199
154,2026-02-16,Monday   ,16,2,1,2026,Cirino,Hidroclorotiazida Xarope 120ml - Neo Química (Genérico),Antitérmicos,27,8,239
155,2026-02-16,Monday   ,16,2,1,2026,Cirino,Condicionador Hidratação Panvel Tamanho G (32 un),Nutrição Infantil,45,6,291
156,2026-02-16,Monday   ,16,2,1,2026,Cirino,Escitalopram Suspensão Oral 50ml - Eurofarma,Vitaminas e Suplementos,58,1,61
157,2026-02-16,Monday   ,16,2,1,2026,Cirino,Absorvente com Abas Clear 150ml,Aparelhos Médicos,59,4,246
158,2026-02-16,Monday   ,16,2,1,2026,Cirino,Azitromicina Gotas 20ml - Aché,Primeiros Socorros,33,11,391
159,2026-02-16,Monday   ,16,2,1,2026,Cirino,Pomada para Assaduras Needs FPS 50,Antialérgicos,32,4,134
160,2026-08-31,Monday   ,31,8,3,2026,Mendes Pires - EI,Azitromicina 500mg - 20 Comprimidos - Bayer,Vacinas,45,2,104
161,2026-08-31,Monday   ,31,8,3,2026,Mendes Pires - EI,Creme Hidratante G-Tech 150ml,Antidepressivos,20,8,160
162,2026-08-31,Monday   ,31,8,3,2026,Mendes Pires - EI,Vacina contra Resfriado - Dose Única,Cuidados com o Cabelo,52,6,331
163,2026-08-31,Monday   ,31,8,3,2026,Mendes Pires - EI,Desodorante Aerosol Rexona FPS 70,Genéricos,45,4,198
164,2026-08-31,Monday   ,31,8,3,2026,Mendes Pires - EI,Nimesulida Pomada 30g - Bayer,Antibióticos,18,5,107
165,2026-08-31,Monday   ,31,8,3,2026,Mendes Pires - EI,Clonazepam 500mg - 20 Comprimidos - Medley (Genérico),Dermocosméticos,57,5,314
166,2025-08-02,Saturday ,2,8,3,2025,Aparecida,Azitromicina Gotas 20ml - Bayer,Fitoterápicos,51,9,465
167,2025-08-02,Saturday ,2,8,3,2025,Aparecida,Omeprazol 50mg - 30 Comprimidos - Neo Química (Genérico),Anti-inflamatórios,53,6,329
168,2025-08-02,Saturday ,2,8,3,2025,Aparecida,Ibuprofeno Suspensão Oral 50ml - Eurofarma,Anti-inflamatórios,30,7,229
169,2025-08-02,Saturday ,2,8,3,2025,Aparecida,Loratadina 1g - 10 Comprimidos - Aché,Dermocosméticos,19,4,84
170,2025-08-02,Saturday ,2,8,3,2025,Aparecida,Sinvastatina Xarope 120ml - Eurofarma,Saúde Bucal,12,22,272
171,2025-08-02,Saturday ,2,8,3,2025,Aparecida,Amoxicilina Pomada 30g - Eurofarma,Vitaminas e Suplementos,56,4,234
172,2025-08-02,Saturday ,2,8,3,2025,Aparecida,Cefalexina 500mg - 20 Comprimidos - Bayer,Antialérgicos,21,14,295
173,2025-08-02,Saturday ,2,8,3,2025,Aparecida,Protetor Solar Corporal Sempre Livre 50 Metros,Aparelhos Médicos,19,12,237
174,2025-08-02,Saturday ,2,8,3,2025,Aparecida,Fluoxetina 1g - 10 Comprimidos - Bayer,Fraldas e Infantis,23,12,279
175,2025-08-02,Saturday ,2,8,3,2025,Aparecida,Protetor Solar Corporal CeraVe Tamanho G (32 un),Aparelhos Médicos,12,28,341
176,2025-08-02,Saturday ,2,8,3,2025,Aparecida,Clonazepam 25mg - 30 Comprimidos - Aché,Antialérgicos,22,16,366
177,2024-12-06,Friday   ,6,12,4,2024,Mendonça - ME,Lenço Umedecido G-Tech 500ml,Antidepressivos,20,11,223
178,2024-12-06,Friday   ,6,12,4,2024,Mendonça - ME,Atenolol Xarope 120ml - Aché,Fraldas e Infantis,57,2,131
179,2024-12-06,Friday   ,6,12,4,2024,Mendonça - ME,Cefalexina Suspensão Oral 50ml - Medley (Genérico),Vacinas,54,1,56
180,2024-12-06,Friday   ,6,12,4,2024,Mendonça - ME,Nimesulida 50mg - 30 Comprimidos - EMS (Genérico),Anti-inflamatórios,16,19,308
181,2024-12-06,Friday   ,6,12,4,2024,Mendonça - ME,Desodorante Aerosol Nivea 200ml,Primeiros Socorros,50,6,333
182,2024-12-06,Friday   ,6,12,4,2024,Mendonça - ME,Curativos (Band-Aid) G-Tech 90g,Aparelhos Médicos,48,5,272
183,2025-09-16,Tuesday  ,16,9,3,2025,Pinto Ltda.,Protetor Solar Facial Pampers 90g,Antialérgicos,60,3,237
184,2025-09-16,Tuesday  ,16,9,3,2025,Pinto Ltda.,Vacina contra Hepatite B - Dose Única,Vacinas,37,7,261
185,2025-09-16,Tuesday  ,16,9,3,2025,Pinto Ltda.,Protetor Solar Corporal CeraVe Tamanho G (32 un),Aparelhos Médicos,29,10,318
186,2025-09-16,Tuesday  ,16,9,3,2025,Pinto Ltda.,Amoxicilina Pomada 30g - Eurofarma,Vitaminas e Suplementos,32,7,240
187,2025-09-16,Tuesday  ,16,9,3,2025,Pinto Ltda.,Água Micelar CeraVe 90g,Primeiros Socorros,48,6,317
188,2025-09-16,Tuesday  ,16,9,3,2025,Pinto Ltda.,Soro Fisiológico Bepantol Tamanho M (40 un),Analgésicos,34,9,328
189,2025-09-16,Tuesday  ,16,9,3,2025,Pinto Ltda.,Fluoxetina 1g - 10 Comprimidos - Medley (Genérico),Produtos Ortopédicos,33,8,294
190,2025-09-16,Tuesday  ,16,9,3,2025,Pinto Ltda.,Atenolol 500mg - 20 Comprimidos - Medley (Genérico),Aparelhos Médicos,42,7,297
191,2025-09-16,Tuesday  ,16,9,3,2025,Pinto Ltda.,Sérum Vitamina C Johnson's 150ml,Antibióticos,33,9,311
192,2025-09-16,Tuesday  ,16,9,3,2025,Pinto Ltda.,Hidroclorotiazida 25mg - 30 Comprimidos - Medley (Genérico),Antitérmicos,20,8,168
193,2025-01-30,Thursday ,30,1,1,2025,Carvalho,Escitalopram 25mg - 30 Comprimidos - Bayer,Aparelhos Médicos,45,6,289
194,2025-01-30,Thursday ,30,1,1,2025,Carvalho,Loratadina Suspensão Oral 50ml - Bayer,Homeopatia,10,22,221
195,2025-01-30,Thursday ,30,1,1,2025,Carvalho,Protetor Solar Facial Bepantol 150ml,Vacinas,22,17,376
196,2025-01-30,Thursday ,30,1,1,2025,Carvalho,Vacina contra Alzheimer - Reforço,Nutrição Infantil,55,3,177
197,2025-01-30,Thursday ,30,1,1,2025,Carvalho,Dipirona Sódica Xarope 120ml - Neo Química (Genérico),Antidepressivos,54,5,298
198,2025-01-30,Thursday ,30,1,1,2025,Carvalho,Metformina 50mg - 30 Comprimidos - Bayer,Antialérgicos,10,26,267
199,2025-01-30,Thursday ,30,1,1,2025,Carvalho,Azitromicina 25mg - 30 Comprimidos - Neo Química (Genérico),Higiene Pessoal,39,3,147
200,2025-01-30,Thursday ,30,1,1,2025,Carvalho,Vacina contra Rinite - Dose Única,Aparelhos Médicos,51,5,264
201,2024-10-23,Wednesday,23,10,4,2024,Rios,Vacina contra Artrite - Dose Única,Produtos Ortopédicos,18,19,345
202,2024-10-23,Wednesday,23,10,4,2024,Rios,Vacina contra Depressão - Dose Única,Produtos Ortopédicos,55,8,442
203,2024-10-23,Wednesday,23,10,4,2024,Rios,Atenolol 1g - 10 Comprimidos - Neo Química (Genérico),Analgésicos,57,4,238
204,2024-10-23,Wednesday,23,10,4,2024,Rios,Sildenafila 25mg - 30 Comprimidos - Medley (Genérico),Antialérgicos,48,3,153
205,2024-10-23,Wednesday,23,10,4,2024,Rios,Vacina contra Gripe - Reforço,Antidepressivos,49,7,358
206,2024-10-23,Wednesday,23,10,4,2024,Rios,Amoxicilina 25mg - 30 Comprimidos - Bayer,Vitaminas e Suplementos,12,14,173
207,2024-10-23,Wednesday,23,10,4,2024,Rios,Sérum Vitamina C Panvel 400ml,Fitoterápicos,58,6,401
208,2025-01-26,Sunday   ,26,1,1,2025,da Mota,Sinvastatina Pomada 30g - EMS (Genérico),Cuidados com o Cabelo,23,17,403
209,2024-12-03,Tuesday  ,3,12,4,2024,Borges,Metformina 25mg - 30 Comprimidos - Medley (Genérico),Higiene Pessoal,17,16,282
210,2024-12-03,Tuesday  ,3,12,4,2024,Borges,Curativos (Band-Aid) Mió 200ml,Produtos Ortopédicos,26,11,308
211,2024-12-03,Tuesday  ,3,12,4,2024,Borges,Ibuprofeno Suspensão Oral 50ml - Neo Química (Genérico),Dermocosméticos,53,4,256
212,2024-12-03,Tuesday  ,3,12,4,2024,Borges,Diclofenaco 50mg - 30 Comprimidos - Medley (Genérico),Vitaminas e Suplementos,16,8,137
213,2026-01-27,Tuesday  ,27,1,1,2026,Rocha Borges - ME,Amoxicilina Gotas 20ml - Medley (Genérico),Antidepressivos,16,12,202
214,2026-01-27,Tuesday  ,27,1,1,2026,Rocha Borges - ME,Azitromicina 50mg - 30 Comprimidos - Medley (Genérico),Homeopatia,37,8,319
215,2026-01-27,Tuesday  ,27,1,1,2026,Rocha Borges - ME,Tadalafila Pomada 30g - EMS (Genérico),Anti-inflamatórios,21,12,257
216,2025-01-20,Monday   ,20,1,1,2025,Rezende - ME,Tadalafila Pomada 30g - EMS (Genérico),Anti-inflamatórios,20,12,259
217,2025-01-20,Monday   ,20,1,1,2025,Rezende - ME,Diclofenaco Pomada 30g - EMS (Genérico),Produtos Ortopédicos,24,5,127
218,2025-01-20,Monday   ,20,1,1,2025,Rezende - ME,Sérum Vitamina C Huggies 90g,Saúde Bucal,23,13,319
219,2025-01-20,Monday   ,20,1,1,2025,Rezende - ME,Tadalafila Gotas 20ml - Medley (Genérico),Aparelhos Médicos,42,6,255
220,2025-01-20,Monday   ,20,1,1,2025,Rezende - ME,Amoxicilina 1g - 10 Comprimidos - EMS (Genérico),Antidepressivos,26,9,240
221,2025-01-20,Monday   ,20,1,1,2025,Rezende - ME,Atenolol Xarope 120ml - Eurofarma,Fraldas e Infantis,28,10,286
222,2025-01-20,Monday   ,20,1,1,2025,Rezende - ME,Losartana Potássica Xarope 120ml - EMS (Genérico),Dermocosméticos,59,3,214
223,2025-01-20,Monday   ,20,1,1,2025,Rezende - ME,Pantoprazol 1g - 10 Comprimidos - Medley (Genérico),Analgésicos,10,11,116
224,2025-01-20,Monday   ,20,1,1,2025,Rezende - ME,Enalapril Suspensão Oral 50ml - Neo Química (Genérico),Cuidados com o Cabelo,23,16,375
225,2025-01-20,Monday   ,20,1,1,2025,Rezende - ME,Vacina contra Tuberculose - Reforço,Fitoterápicos,10,23,230
226,2025-01-20,Monday   ,20,1,1,2025,Rezende - ME,Paracetamol 500mg - 20 Comprimidos - Eurofarma,Fitoterápicos,33,9,316
227,2026-08-17,Monday   ,17,8,3,2026,Nascimento S/A,Vacina contra Lúpus - Dose Única,Antibióticos,10,16,160
228,2026-08-17,Monday   ,17,8,3,2026,Nascimento S/A,Condicionador Hidratação G-Tech Tamanho G (32 un),Analgésicos,32,9,318
229,2026-08-17,Monday   ,17,8,3,2026,Nascimento S/A,Loratadina 1g - 10 Comprimidos - Neo Química (Genérico),Primeiros Socorros,53,4,260
230,2026-08-17,Monday   ,17,8,3,2026,Nascimento S/A,Losartana Potássica Pomada 30g - Medley (Genérico),Antialérgicos,58,3,224
231,2026-05-15,Friday   ,15,5,2,2026,Souza da Cunha Ltda.,Curativos (Band-Aid) Colgate FPS 50,Antibióticos,23,15,366
232,2026-05-15,Friday   ,15,5,2,2026,Souza da Cunha Ltda.,Nimesulida 500mg - 20 Comprimidos - Aché,Antidepressivos,43,5,242
233,2026-05-15,Friday   ,15,5,2,2026,Souza da Cunha Ltda.,Metformina Suspensão Oral 50ml - Aché,Genéricos,45,8,366
234,2026-05-15,Friday   ,15,5,2,2026,Souza da Cunha Ltda.,Curativos (Band-Aid) Pampers 400ml,Aparelhos Médicos,30,8,259
235,2026-05-15,Friday   ,15,5,2,2026,Souza da Cunha Ltda.,Fluoxetina Xarope 120ml - Bayer,Antialérgicos,35,5,191
236,2026-05-15,Friday   ,15,5,2,2026,Souza da Cunha Ltda.,Amoxicilina 500mg - 20 Comprimidos - Eurofarma,Dermocosméticos,54,4,219
237,2026-05-15,Friday   ,15,5,2,2026,Souza da Cunha Ltda.,Pomada para Assaduras G-Tech Tamanho M (40 un),Genéricos,28,10,285
238,2026-05-15,Friday   ,15,5,2,2026,Souza da Cunha Ltda.,Pantoprazol Pomada 30g - Medley (Genérico),Dermocosméticos,34,8,272
239,2026-08-06,Thursday ,6,8,3,2026,Rios,Amoxicilina Pomada 30g - Bayer,Vitaminas e Suplementos,45,4,210
240,2026-08-06,Thursday ,6,8,3,2026,Rios,Sertralina 1g - 10 Comprimidos - Aché,Primeiros Socorros,50,6,300
241,2026-08-06,Thursday ,6,8,3,2026,Rios,Omeprazol Gotas 20ml - Bayer,Antidepressivos,57,2,132
242,2026-08-06,Thursday ,6,8,3,2026,Rios,Amoxicilina 500mg - 20 Comprimidos - Eurofarma,Dermocosméticos,19,12,241
243,2026-05-07,Thursday ,7,5,2,2026,Araújo - ME,Pantoprazol 500mg - 20 Comprimidos - Bayer,Fitoterápicos,20,10,211
244,2026-05-07,Thursday ,7,5,2,2026,Araújo - ME,Protetor Solar Corporal Huggies 50 Metros,Homeopatia,17,18,309
245,2026-05-07,Thursday ,7,5,2,2026,Araújo - ME,Fluoxetina Gotas 20ml - Aché,Fraldas e Infantis,24,23,575
246,2026-05-07,Thursday ,7,5,2,2026,Araújo - ME,Sérum Vitamina C Rexona 200ml,Vacinas,57,5,315
247,2026-04-19,Sunday   ,19,4,2,2026,Castro,Diclofenaco Pomada 30g - EMS (Genérico),Produtos Ortopédicos,46,3,146
248,2026-04-19,Sunday   ,19,4,2,2026,Castro,Creme Hidratante Rexona 50 Metros,Saúde Bucal,39,5,219
249,2026-04-19,Sunday   ,19,4,2,2026,Castro,Enxaguante Bucal Sempre Livre 400ml,Genéricos,58,2,139
250,2026-04-19,Sunday   ,19,4,2,2026,Castro,Cefalexina 25mg - 30 Comprimidos - Eurofarma,Primeiros Socorros,42,7,318
251,2026-04-19,Sunday   ,19,4,2,2026,Castro,Fluoxetina 50mg - 30 Comprimidos - EMS (Genérico),Vitaminas e Suplementos,42,2,87
252,2026-04-19,Sunday   ,19,4,2,2026,Castro,Termômetro Digital Vichy 50 Metros,Aparelhos Médicos,57,4,235
253,2026-04-19,Sunday   ,19,4,2,2026,Castro,Pomada para Assaduras Rexona 400ml,Nutrição Infantil,51,3,159
254,2026-04-19,Sunday   ,19,4,2,2026,Castro,Sildenafila 1g - 10 Comprimidos - Bayer,Antialérgicos,27,2,74
255,2026-04-19,Sunday   ,19,4,2,2026,Castro,Atenolol Pomada 30g - Medley (Genérico),Aparelhos Médicos,58,5,304
256,2026-04-19,Sunday   ,19,4,2,2026,Castro,Tadalafila Xarope 120ml - Bayer,Antibióticos,37,8,301
257,2024-10-10,Thursday ,10,10,4,2024,Cavalcanti Santos - ME,Condicionador Hidratação Huggies 400ml,Antialérgicos,29,5,152
258,2024-10-10,Thursday ,10,10,4,2024,Cavalcanti Santos - ME,Dipirona Sódica Pomada 30g - Bayer,Antidepressivos,57,7,444
259,2024-10-10,Thursday ,10,10,4,2024,Cavalcanti Santos - ME,Dipirona Sódica Xarope 120ml - Medley (Genérico),Nutrição Infantil,10,24,244
260,2024-10-10,Thursday ,10,10,4,2024,Cavalcanti Santos - ME,Losartana Potássica Suspensão Oral 50ml - Bayer,Saúde Bucal,18,12,230
261,2024-10-10,Thursday ,10,10,4,2024,Cavalcanti Santos - ME,Diclofenaco Pomada 30g - EMS (Genérico),Produtos Ortopédicos,24,6,153
262,2024-10-10,Thursday ,10,10,4,2024,Cavalcanti Santos - ME,Protetor Solar Facial Nivea 50 Metros,Aparelhos Médicos,12,22,266
263,2024-10-10,Thursday ,10,10,4,2024,Cavalcanti Santos - ME,Paracetamol Suspensão Oral 50ml - Bayer,Vitaminas e Suplementos,51,7,404
264,2026-04-26,Sunday   ,26,4,2,2026,Alves Costa S.A.,Enalapril Suspensão Oral 50ml - Eurofarma,Saúde Bucal,51,5,258
265,2024-11-30,Saturday ,30,11,4,2024,Montenegro e Filhos,Creme Hidratante Colgate 50g,Antibióticos,34,7,264
266,2024-11-30,Saturday ,30,11,4,2024,Montenegro e Filhos,Enalapril 1g - 10 Comprimidos - Aché,Homeopatia,41,3,146
267,2024-11-30,Saturday ,30,11,4,2024,Montenegro e Filhos,Amoxicilina 25mg - 30 Comprimidos - Bayer,Vitaminas e Suplementos,54,2,154
268,2024-11-30,Saturday ,30,11,4,2024,Montenegro e Filhos,Curativos (Band-Aid) Mió 200ml,Produtos Ortopédicos,26,11,308
269,2024-11-30,Saturday ,30,11,4,2024,Montenegro e Filhos,Ibuprofeno 50mg - 30 Comprimidos - Eurofarma,Antitérmicos,53,3,201
270,2024-11-30,Saturday ,30,11,4,2024,Montenegro e Filhos,Vacina contra Desnutrição - Dose Única,Homeopatia,15,6,93
271,2026-01-28,Wednesday,28,1,1,2026,Mendes Ribeiro e Filhos,Clonazepam 1g - 10 Comprimidos - Neo Química (Genérico),Analgésicos,54,2,114
272,2026-01-28,Wednesday,28,1,1,2026,Mendes Ribeiro e Filhos,Sinvastatina 500mg - 20 Comprimidos - Neo Química (Genérico),Fitoterápicos,36,10,389
273,2026-01-28,Wednesday,28,1,1,2026,Mendes Ribeiro e Filhos,Enxaguante Bucal Rexona FPS 50,Dermocosméticos,32,11,363
274,2026-01-28,Wednesday,28,1,1,2026,Mendes Ribeiro e Filhos,Diclofenaco 25mg - 30 Comprimidos - Aché,Anti-inflamatórios,21,7,148
275,2026-01-28,Wednesday,28,1,1,2026,Mendes Ribeiro e Filhos,Escitalopram 500mg - 20 Comprimidos - Medley (Genérico),Fitoterápicos,13,24,317
276,2024-09-19,Thursday ,19,9,3,2024,Marques - ME,Hidroclorotiazida 50mg - 30 Comprimidos - EMS (Genérico),Analgésicos,12,17,215
277,2024-09-19,Thursday ,19,9,3,2024,Marques - ME,Vacina contra Diabetes Tipo 1 - Dose Única,Antidepressivos,13,23,306
278,2024-09-19,Thursday ,19,9,3,2024,Marques - ME,Desodorante Roll-on Sempre Livre 150ml,Vitaminas e Suplementos,19,18,348
279,2024-09-19,Thursday ,19,9,3,2024,Marques - ME,Tadalafila 25mg - 30 Comprimidos - EMS (Genérico),Dermocosméticos,44,8,359
280,2024-09-19,Thursday ,19,9,3,2024,Marques - ME,Diclofenaco Pomada 30g - EMS (Genérico),Produtos Ortopédicos,55,2,127
281,2024-09-19,Thursday ,19,9,3,2024,Marques - ME,Nimesulida 25mg - 30 Comprimidos - Aché,Dermocosméticos,48,5,283
282,2024-09-19,Thursday ,19,9,3,2024,Marques - ME,Vacina contra Úlcera - Dose Única,Fraldas e Infantis,25,12,317
283,2026-05-22,Friday   ,22,5,2,2026,Mendonça Dias S/A,Losartana Potássica Suspensão Oral 50ml - Bayer,Saúde Bucal,35,6,226
284,2026-05-22,Friday   ,22,5,2,2026,Mendonça Dias S/A,Escitalopram Suspensão Oral 50ml - Eurofarma,Vitaminas e Suplementos,58,1,61
285,2026-05-22,Friday   ,22,5,2,2026,Mendonça Dias S/A,Amoxicilina Pomada 30g - Eurofarma,Vitaminas e Suplementos,18,14,255
286,2026-06-24,Wednesday,24,6,2,2026,Nunes,Diclofenaco 50mg - 30 Comprimidos - Eurofarma,Antidepressivos,44,6,281
287,2026-06-24,Wednesday,24,6,2,2026,Nunes,Enxaguante Bucal CeraVe 50g,Cuidados com o Cabelo,40,4,164
288,2026-06-24,Wednesday,24,6,2,2026,Nunes,Água Micelar La Roche-Posay Tamanho M (40 un),Vitaminas e Suplementos,34,4,154
289,2026-06-24,Wednesday,24,6,2,2026,Nunes,Leite em Pó Infantil Sempre Livre 400ml,Antialérgicos,11,6,74
290,2026-06-24,Wednesday,24,6,2,2026,Nunes,Ibuprofeno 50mg - 30 Comprimidos - Eurofarma,Antitérmicos,52,3,186
291,2026-06-24,Wednesday,24,6,2,2026,Nunes,Metformina Xarope 120ml - Bayer,Aparelhos Médicos,23,11,264
292,2026-06-24,Wednesday,24,6,2,2026,Nunes,Creme Hidratante Johnson's Tamanho G (32 un),Antibióticos,30,10,307
293,2026-06-24,Wednesday,24,6,2,2026,Nunes,Vacina contra Desnutrição - Dose Única,Homeopatia,43,2,97
294,2024-10-15,Tuesday  ,15,10,4,2024,da Costa - EI,Omeprazol 25mg - 30 Comprimidos - Bayer,Analgésicos,27,3,103
295,2024-10-15,Tuesday  ,15,10,4,2024,da Costa - EI,Escitalopram Suspensão Oral 50ml - EMS (Genérico),Vitaminas e Suplementos,47,4,228
296,2024-10-15,Tuesday  ,15,10,4,2024,da Costa - EI,Sabonete em Barra Aptamil 50 Metros,Higiene Pessoal,34,12,427
297,2024-10-15,Tuesday  ,15,10,4,2024,da Costa - EI,Condicionador Hidratação Johnson's FPS 50,Aparelhos Médicos,18,4,76
298,2024-10-15,Tuesday  ,15,10,4,2024,da Costa - EI,Desodorante Aerosol Panvel FPS 50,Vitaminas e Suplementos,18,8,146
299,2024-10-15,Tuesday  ,15,10,4,2024,da Costa - EI,Shampoo Anticaspa Sempre Livre 500ml,Fraldas e Infantis,48,4,198
300,2026-07-21,Tuesday  ,21,7,3,2026,da Cruz S/A,Vacina contra Diabetes Tipo 2 - Reforço,Primeiros Socorros,53,10,535
301,2026-07-21,Tuesday  ,21,7,3,2026,da Cruz S/A,Vacina contra Bipolaridade - Dose Única,Nutrição Infantil,47,7,354
302,2026-07-16,Thursday ,16,7,3,2026,da Cunha,Escitalopram Xarope 120ml - Neo Química (Genérico),Vitaminas e Suplementos,36,13,475
303,2026-07-16,Thursday ,16,7,3,2026,da Cunha,Losartana Potássica 500mg - 20 Comprimidos - Medley (Genérico),Nutrição Infantil,13,24,312
304,2026-07-16,Thursday ,16,7,3,2026,da Cunha,Tadalafila 25mg - 30 Comprimidos - EMS (Genérico),Dermocosméticos,26,14,374
305,2026-07-16,Thursday ,16,7,3,2026,da Cunha,Paracetamol 500mg - 20 Comprimidos - Eurofarma,Fitoterápicos,24,12,307
306,2026-07-16,Thursday ,16,7,3,2026,da Cunha,Shampoo Anticaspa Johnson's FPS 70,Dermocosméticos,33,9,329
307,2026-07-16,Thursday ,16,7,3,2026,da Cunha,Protetor Solar Corporal La Roche-Posay 90g,Aparelhos Médicos,24,11,271
308,2026-07-16,Thursday ,16,7,3,2026,da Cunha,Shampoo Anticaspa CeraVe 500ml,Saúde Bucal,59,4,288
309,2026-07-16,Thursday ,16,7,3,2026,da Cunha,Tadalafila Xarope 120ml - Bayer,Antibióticos,36,7,266
310,2025-06-06,Friday   ,6,6,2,2025,da Rosa,Atenolol 25mg - 30 Comprimidos - Neo Química (Genérico),Cuidados com o Cabelo,31,11,345
311,2025-06-06,Friday   ,6,6,2,2025,da Rosa,Loratadina 1g - 10 Comprimidos - Neo Química (Genérico),Primeiros Socorros,31,7,225
312,2025-06-06,Friday   ,6,6,2,2025,da Rosa,Enxaguante Bucal Rexona FPS 50,Dermocosméticos,48,6,323
313,2025-06-06,Friday   ,6,6,2,2025,da Rosa,Paracetamol 1g - 10 Comprimidos - Bayer,Vacinas,37,2,101
314,2025-06-06,Friday   ,6,6,2,2025,da Rosa,Tadalafila 50mg - 30 Comprimidos - EMS (Genérico),Antialérgicos,35,9,315
315,2025-06-06,Friday   ,6,6,2,2025,da Rosa,Fio Dental Listerine 200ml,Saúde Bucal,57,2,117
316,2025-06-06,Friday   ,6,6,2,2025,da Rosa,Amoxicilina Pomada 30g - Eurofarma,Vitaminas e Suplementos,15,15,228
317,2025-06-06,Friday   ,6,6,2,2025,da Rosa,Azitromicina 50mg - 30 Comprimidos - EMS (Genérico),Antibióticos,53,3,211
318,2025-06-06,Friday   ,6,6,2,2025,da Rosa,Vacina contra Refluxo - Reforço,Dermocosméticos,60,5,321
319,2025-06-06,Friday   ,6,6,2,2025,da Rosa,Vacina contra Rinite - Dose Única,Aparelhos Médicos,56,5,285
320,2026-05-12,Tuesday  ,12,5,2,2026,Nogueira - EI,Pantoprazol Xarope 120ml - Aché,Nutrição Infantil,32,11,362
321,2026-05-12,Tuesday  ,12,5,2,2026,Nogueira - EI,Curativos (Band-Aid) Needs 400ml,Anti-inflamatórios,40,5,207
322,2026-05-12,Tuesday  ,12,5,2,2026,Nogueira - EI,Diclofenaco 25mg - 30 Comprimidos - Aché,Anti-inflamatórios,40,4,162
323,2026-05-12,Tuesday  ,12,5,2,2026,Nogueira - EI,Enalapril Gotas 20ml - Bayer,Antitérmicos,41,7,296
324,2025-10-11,Saturday ,11,10,4,2025,Cirino,Tadalafila Suspensão Oral 50ml - Medley (Genérico),Antialérgicos,39,11,458
325,2025-10-30,Thursday ,30,10,4,2025,Ribeiro Pereira Ltda.,Azitromicina 1g - 10 Comprimidos - Eurofarma,Antitérmicos,16,26,427
326,2025-10-30,Thursday ,30,10,4,2025,Ribeiro Pereira Ltda.,Losartana Potássica 500mg - 20 Comprimidos - Medley (Genérico),Nutrição Infantil,41,7,295
327,2025-10-30,Thursday ,30,10,4,2025,Ribeiro Pereira Ltda.,Curativos (Band-Aid) Clear FPS 50,Vacinas,16,17,275
328,2025-10-30,Thursday ,30,10,4,2025,Ribeiro Pereira Ltda.,Cefalexina 500mg - 20 Comprimidos - Medley (Genérico),Antitérmicos,56,5,283
329,2025-10-30,Thursday ,30,10,4,2025,Ribeiro Pereira Ltda.,Creme Dental Colgate 150ml,Vacinas,24,5,122
330,2025-10-30,Thursday ,30,10,4,2025,Ribeiro Pereira Ltda.,Atenolol Suspensão Oral 50ml - EMS (Genérico),Antidepressivos,12,17,213
331,2025-10-30,Thursday ,30,10,4,2025,Ribeiro Pereira Ltda.,Sabonete em Barra Needs FPS 50,Cuidados com o Cabelo,39,8,323
332,2025-10-30,Thursday ,30,10,4,2025,Ribeiro Pereira Ltda.,Vacina contra Zika - Dose Única,Primeiros Socorros,25,7,191
333,2025-10-30,Thursday ,30,10,4,2025,Ribeiro Pereira Ltda.,Atenolol Xarope 120ml - Eurofarma,Fraldas e Infantis,60,5,304
334,2025-10-30,Thursday ,30,10,4,2025,Ribeiro Pereira Ltda.,Fluoxetina Xarope 120ml - Medley (Genérico),Dermocosméticos,50,3,192
335,2025-10-30,Thursday ,30,10,4,2025,Ribeiro Pereira Ltda.,Dipirona Sódica 50mg - 30 Comprimidos - Medley (Genérico),Antibióticos,39,7,298
336,2025-10-30,Thursday ,30,10,4,2025,Ribeiro Pereira Ltda.,Diclofenaco 500mg - 20 Comprimidos - Neo Química (Genérico),Antidepressivos,58,2,121
337,2025-01-28,Tuesday  ,28,1,1,2025,Gonçalves,Tadalafila Pomada 30g - Neo Química (Genérico),Produtos Ortopédicos,39,3,137
338,2025-01-28,Tuesday  ,28,1,1,2025,Gonçalves,Tadalafila Pomada 30g - EMS (Genérico),Anti-inflamatórios,17,17,291
339,2025-01-28,Tuesday  ,28,1,1,2025,Gonçalves,Cefalexina Pomada 30g - Aché,Anti-inflamatórios,28,3,100
340,2025-01-28,Tuesday  ,28,1,1,2025,Gonçalves,Vacina contra Alzheimer - Dose Única,Antialérgicos,53,8,440
341,2025-01-28,Tuesday  ,28,1,1,2025,Gonçalves,Clonazepam Suspensão Oral 50ml - EMS (Genérico),Saúde Bucal,17,4,81
342,2025-01-28,Tuesday  ,28,1,1,2025,Gonçalves,Escitalopram Gotas 20ml - EMS (Genérico),Antialérgicos,51,6,328
343,2025-01-28,Tuesday  ,28,1,1,2025,Gonçalves,Sertralina 1g - 10 Comprimidos - Neo Química (Genérico),Aparelhos Médicos,49,4,234
344,2025-01-28,Tuesday  ,28,1,1,2025,Gonçalves,Termômetro Digital Vichy 50 Metros,Aparelhos Médicos,47,4,233
345,2025-01-28,Tuesday  ,28,1,1,2025,Gonçalves,Protetor Solar Corporal CeraVe Tamanho M (40 un),Fitoterápicos,37,2,100
346,2025-08-27,Wednesday,27,8,3,2025,Rios,Atenolol 25mg - 30 Comprimidos - Medley (Genérico),Vacinas,26,6,174
347,2025-08-27,Wednesday,27,8,3,2025,Rios,Diclofenaco Gotas 20ml - Eurofarma,Produtos Ortopédicos,33,10,351
348,2025-07-01,Tuesday  ,1,7,3,2025,Nunes S.A.,Lenço Umedecido Colgate FPS 50,Analgésicos,24,10,248
349,2025-07-01,Tuesday  ,1,7,3,2025,Nunes S.A.,Clonazepam Pomada 30g - Aché,Fraldas e Infantis,24,8,196
350,2025-07-01,Tuesday  ,1,7,3,2025,Nunes S.A.,Nimesulida Pomada 30g - Bayer,Antibióticos,43,2,100
351,2025-07-01,Tuesday  ,1,7,3,2025,Nunes S.A.,Escitalopram 25mg - 30 Comprimidos - Aché,Anti-inflamatórios,25,8,214
352,2025-07-01,Tuesday  ,1,7,3,2025,Nunes S.A.,Metformina Suspensão Oral 50ml - EMS (Genérico),Fraldas e Infantis,54,5,273
353,2025-07-01,Tuesday  ,1,7,3,2025,Nunes S.A.,Condicionador Hidratação Dove 90g,Antitérmicos,46,4,204
354,2025-07-01,Tuesday  ,1,7,3,2025,Nunes S.A.,Condicionador Hidratação Bepantol 90g,Produtos Ortopédicos,10,40,406
355,2025-07-01,Tuesday  ,1,7,3,2025,Nunes S.A.,Dipirona Sódica 1g - 10 Comprimidos - Bayer,Cuidados com o Cabelo,34,4,142
356,2025-07-01,Tuesday  ,1,7,3,2025,Nunes S.A.,Ibuprofeno Gotas 20ml - Medley (Genérico),Antitérmicos,11,28,314
357,2025-07-01,Tuesday  ,1,7,3,2025,Nunes S.A.,Protetor Solar Corporal Huggies 50 Metros,Homeopatia,32,10,339
358,2025-07-01,Tuesday  ,1,7,3,2025,Nunes S.A.,Clonazepam 500mg - 20 Comprimidos - Medley (Genérico),Dermocosméticos,27,11,320
359,2025-07-01,Tuesday  ,1,7,3,2025,Nunes S.A.,Hidroclorotiazida 1g - 10 Comprimidos - Medley (Genérico),Saúde Bucal,14,8,113
360,2025-07-22,Tuesday  ,22,7,3,2025,Peixoto - EI,Lenço Umedecido G-Tech 500ml,Antidepressivos,59,3,212
361,2025-07-22,Tuesday  ,22,7,3,2025,Peixoto - EI,Cefalexina 25mg - 30 Comprimidos - Eurofarma,Primeiros Socorros,44,7,345
362,2025-07-22,Tuesday  ,22,7,3,2025,Peixoto - EI,Atenolol 50mg - 30 Comprimidos - Neo Química (Genérico),Vitaminas e Suplementos,31,7,228
363,2025-07-22,Tuesday  ,22,7,3,2025,Peixoto - EI,Vacina contra COVID-19 - Reforço,Primeiros Socorros,43,5,247
364,2025-07-22,Tuesday  ,22,7,3,2025,Peixoto - EI,Álcool em Gel 70% CeraVe 150ml,Genéricos,13,15,198
365,2025-07-22,Tuesday  ,22,7,3,2025,Peixoto - EI,Dipirona Sódica 50mg - 30 Comprimidos - EMS (Genérico),Saúde Bucal,54,4,249
366,2025-07-22,Tuesday  ,22,7,3,2025,Peixoto - EI,Desodorante Aerosol G-Tech 400ml,Antidepressivos,40,3,126
367,2026-01-21,Wednesday,21,1,1,2026,Araújo - ME,Enalapril 500mg - 20 Comprimidos - Medley (Genérico),Analgésicos,29,7,227
368,2026-01-21,Wednesday,21,1,1,2026,Araújo - ME,Omeprazol Gotas 20ml - Bayer,Antidepressivos,19,7,144
369,2026-01-21,Wednesday,21,1,1,2026,Araújo - ME,Vacina contra Diabetes Tipo 1 - Reforço,Analgésicos,32,10,335
370,2026-01-21,Wednesday,21,1,1,2026,Araújo - ME,Azitromicina 50mg - 30 Comprimidos - Medley (Genérico),Homeopatia,28,12,339
371,2025-01-16,Thursday ,16,1,1,2025,Castro,Vacina contra Esquizofrenia - Reforço,Cuidados com o Cabelo,56,8,456
372,2025-01-16,Thursday ,16,1,1,2025,Castro,Protetor Solar Facial G-Tech Tamanho M (40 un),Cuidados com o Cabelo,41,7,301
373,2025-01-16,Thursday ,16,1,1,2025,Castro,Diclofenaco Xarope 120ml - Neo Química (Genérico),Primeiros Socorros,33,4,156
374,2025-01-16,Thursday ,16,1,1,2025,Castro,Metformina Pomada 30g - EMS (Genérico),Produtos Ortopédicos,52,3,176
375,2025-11-20,Thursday ,20,11,4,2025,Cardoso - ME,Metformina Gotas 20ml - Aché,Antidepressivos,50,7,379
376,2025-11-20,Thursday ,20,11,4,2025,Cardoso - ME,Sertralina 50mg - 30 Comprimidos - Bayer,Antibióticos,46,8,412
377,2025-11-20,Thursday ,20,11,4,2025,Cardoso - ME,Paracetamol 500mg - 20 Comprimidos - Neo Química (Genérico),Homeopatia,52,6,336
378,2025-11-20,Thursday ,20,11,4,2025,Cardoso - ME,Vacina contra Arritmia - Reforço,Analgésicos,11,4,51
379,2025-11-20,Thursday ,20,11,4,2025,Cardoso - ME,Fluoxetina 1g - 10 Comprimidos - Bayer,Fraldas e Infantis,20,14,298
380,2025-11-20,Thursday ,20,11,4,2025,Cardoso - ME,Omeprazol 25mg - 30 Comprimidos - Bayer,Analgésicos,43,2,98
381,2025-11-20,Thursday ,20,11,4,2025,Cardoso - ME,Losartana Potássica 500mg - 20 Comprimidos - Bayer,Saúde Bucal,34,6,212
382,2025-11-20,Thursday ,20,11,4,2025,Cardoso - ME,Enalapril 50mg - 30 Comprimidos - Medley (Genérico),Higiene Pessoal,39,11,444
383,2025-11-20,Thursday ,20,11,4,2025,Cardoso - ME,Vacina contra Trombose - Reforço,Fitoterápicos,13,20,264
384,2025-11-20,Thursday ,20,11,4,2025,Cardoso - ME,Paracetamol Gotas 20ml - Neo Química (Genérico),Anti-inflamatórios,37,7,272
385,2024-11-04,Monday   ,4,11,4,2024,Moura,Paracetamol Xarope 120ml - Medley (Genérico),Nutrição Infantil,14,12,178
386,2024-11-04,Monday   ,4,11,4,2024,Moura,Diclofenaco Suspensão Oral 50ml - EMS (Genérico),Higiene Pessoal,23,6,140
387,2024-11-04,Monday   ,4,11,4,2024,Moura,Sildenafila Pomada 30g - Aché,Higiene Pessoal,14,15,217
388,2024-11-04,Monday   ,4,11,4,2024,Moura,Vacina contra Embolia - Reforço,Anti-inflamatórios,16,15,241
389,2024-11-04,Monday   ,4,11,4,2024,Moura,Sabonete em Barra Needs FPS 50,Cuidados com o Cabelo,49,5,288
390,2024-11-04,Monday   ,4,11,4,2024,Moura,Lenço Umedecido Colgate 50g,Homeopatia,14,14,206
391,2024-11-04,Monday   ,4,11,4,2024,Moura,Escitalopram 25mg - 30 Comprimidos - Neo Química (Genérico),Fraldas e Infantis,22,19,438
392,2024-11-04,Monday   ,4,11,4,2024,Moura,Cefalexina 500mg - 20 Comprimidos - Bayer,Antialérgicos,57,4,264
393,2024-11-04,Monday   ,4,11,4,2024,Moura,Shampoo Anticaspa Clear 90g,Antitérmicos,19,18,342
394,2024-11-04,Monday   ,4,11,4,2024,Moura,Curativos (Band-Aid) Colgate FPS 50,Antibióticos,49,8,408
395,2024-11-04,Monday   ,4,11,4,2024,Moura,Condicionador Hidratação Nivea 50g,Fraldas e Infantis,43,5,241
396,2024-11-04,Monday   ,4,11,4,2024,Moura,Escitalopram 1g - 10 Comprimidos - Aché,Primeiros Socorros,36,3,113
397,2024-09-20,Friday   ,20,9,3,2024,Sales,Tadalafila 50mg - 30 Comprimidos - EMS (Genérico),Antialérgicos,38,8,326
398,2024-09-20,Friday   ,20,9,3,2024,Sales,Escitalopram 500mg - 20 Comprimidos - Medley (Genérico),Fitoterápicos,60,5,304
399,2024-09-20,Friday   ,20,9,3,2024,Sales,Amoxicilina 500mg - 20 Comprimidos - Eurofarma,Dermocosméticos,47,5,235
400,2024-09-20,Friday   ,20,9,3,2024,Sales,Protetor Solar Corporal Needs Tamanho M (40 un),Antibióticos,56,6,382
401,2024-09-20,Friday   ,20,9,3,2024,Sales,Fluoxetina Suspensão Oral 50ml - Aché,Vacinas,46,2,132
402,2024-09-20,Friday   ,20,9,3,2024,Sales,Cefalexina 500mg - 20 Comprimidos - Neo Química (Genérico),Produtos Ortopédicos,29,7,227
403,2024-09-20,Friday   ,20,9,3,2024,Sales,Pantoprazol 50mg - 30 Comprimidos - Neo Química (Genérico),Vacinas,23,6,141
404,2024-09-20,Friday   ,20,9,3,2024,Sales,Sildenafila Xarope 120ml - Eurofarma,Antialérgicos,40,6,274
405,2024-09-20,Friday   ,20,9,3,2024,Sales,Atenolol 25mg - 30 Comprimidos - Medley (Genérico),Vacinas,15,10,154
406,2024-09-20,Friday   ,20,9,3,2024,Sales,Lenço Umedecido Mió FPS 50,Saúde Bucal,35,6,227
407,2026-09-08,Tuesday  ,8,9,3,2026,Barros,Fralda Descartável Vichy 400ml,Produtos Ortopédicos,45,6,293
408,2026-09-08,Tuesday  ,8,9,3,2026,Barros,Hidroclorotiazida 1g - 10 Comprimidos - Aché,Analgésicos,25,12,303
409,2026-09-08,Tuesday  ,8,9,3,2026,Barros,Fralda Descartável Vichy 150ml,Homeopatia,44,1,53
410,2026-02-28,Saturday ,28,2,1,2026,Carvalho,Vacina contra Gota - Dose Única,Antidepressivos,11,34,379
411,2026-02-28,Saturday ,28,2,1,2026,Carvalho,Leite em Pó Infantil Huggies 90g,Homeopatia,40,7,299
412,2026-02-28,Saturday ,28,2,1,2026,Carvalho,Vacina contra Cirrose - Reforço,Analgésicos,60,5,349
413,2026-02-28,Saturday ,28,2,1,2026,Carvalho,Protetor Solar Corporal Needs Tamanho M (40 un),Antibióticos,48,8,390
414,2026-02-28,Saturday ,28,2,1,2026,Carvalho,Tadalafila Pomada 30g - EMS (Genérico),Anti-inflamatórios,60,4,273
415,2026-02-28,Saturday ,28,2,1,2026,Carvalho,Hastes Flexíveis (Cotonetes) Johnson's 200ml,Higiene Pessoal,44,6,294
416,2026-02-28,Saturday ,28,2,1,2026,Carvalho,Enalapril Gotas 20ml - Bayer,Antitérmicos,18,15,286
417,2024-10-23,Wednesday,23,10,4,2024,Nunes,Sildenafila Xarope 120ml - Eurofarma,Antialérgicos,19,15,290
418,2024-10-23,Wednesday,23,10,4,2024,Nunes,Ibuprofeno Xarope 120ml - Bayer,Higiene Pessoal,22,2,50
419,2024-10-23,Wednesday,23,10,4,2024,Nunes,Lenço Umedecido Aptamil FPS 50,Dermocosméticos,55,5,298
420,2024-10-23,Wednesday,23,10,4,2024,Nunes,Vacina contra Gastrite - Reforço,Antibióticos,25,15,395
421,2024-10-23,Wednesday,23,10,4,2024,Nunes,Enalapril Gotas 20ml - EMS (Genérico),Homeopatia,13,17,225
422,2024-10-23,Wednesday,23,10,4,2024,Nunes,Omeprazol 50mg - 30 Comprimidos - EMS (Genérico),Fitoterápicos,46,9,430
423,2024-10-23,Wednesday,23,10,4,2024,Nunes,Álcool em Gel 70% Mió 90g,Analgésicos,59,6,405
424,2024-10-23,Wednesday,23,10,4,2024,Nunes,Desodorante Roll-on Sempre Livre 150ml,Vitaminas e Suplementos,33,9,304
425,2024-10-23,Wednesday,23,10,4,2024,Nunes,Hidroclorotiazida Suspensão Oral 50ml - Bayer,Antidepressivos,43,1,64
426,2024-10-23,Wednesday,23,10,4,2024,Nunes,Sertralina Xarope 120ml - Neo Química (Genérico),Produtos Ortopédicos,33,5,191
427,2024-10-23,Wednesday,23,10,4,2024,Nunes,Vacina contra Epilepsia - Reforço,Antitérmicos,11,25,280
428,2024-10-23,Wednesday,23,10,4,2024,Nunes,Cefalexina 500mg - 20 Comprimidos - Neo Química (Genérico),Produtos Ortopédicos,51,4,211
429,2025-11-06,Thursday ,6,11,4,2025,Camargo,Omeprazol 25mg - 30 Comprimidos - Medley (Genérico),Nutrição Infantil,10,40,409
430,2025-11-06,Thursday ,6,11,4,2025,Camargo,Tadalafila 25mg - 30 Comprimidos - Aché,Antitérmicos,24,11,265
431,2025-11-06,Thursday ,6,11,4,2025,Camargo,Pantoprazol 1g - 10 Comprimidos - Medley (Genérico),Analgésicos,59,1,116
432,2025-11-06,Thursday ,6,11,4,2025,Camargo,Sinvastatina 500mg - 20 Comprimidos - Neo Química (Genérico),Fitoterápicos,56,6,347
433,2025-11-06,Thursday ,6,11,4,2025,Camargo,Pantoprazol Gotas 20ml - Eurofarma,Primeiros Socorros,24,12,309
434,2026-02-17,Tuesday  ,17,2,1,2026,Cassiano Rezende e Filhos,Pantoprazol Pomada 30g - Medley (Genérico),Dermocosméticos,20,13,268
435,2026-02-17,Tuesday  ,17,2,1,2026,Cassiano Rezende e Filhos,Loratadina 25mg - 30 Comprimidos - Neo Química (Genérico),Nutrição Infantil,56,5,324
436,2026-02-17,Tuesday  ,17,2,1,2026,Cassiano Rezende e Filhos,Curativos (Band-Aid) Vichy FPS 70,Fraldas e Infantis,22,9,207
437,2026-02-17,Tuesday  ,17,2,1,2026,Cassiano Rezende e Filhos,Atenolol 500mg - 20 Comprimidos - Medley (Genérico),Aparelhos Médicos,11,25,284
438,2026-02-17,Tuesday  ,17,2,1,2026,Cassiano Rezende e Filhos,Nimesulida Pomada 30g - Bayer,Antibióticos,45,2,115
439,2026-02-17,Tuesday  ,17,2,1,2026,Cassiano Rezende e Filhos,Diclofenaco Xarope 120ml - Eurofarma,Aparelhos Médicos,43,4,176
440,2026-02-17,Tuesday  ,17,2,1,2026,Cassiano Rezende e Filhos,Protetor Solar Facial Pampers 90g,Antialérgicos,45,4,220
441,2026-02-17,Tuesday  ,17,2,1,2026,Cassiano Rezende e Filhos,Creme Hidratante La Roche-Posay FPS 50,Vacinas,38,1,65
442,2026-02-17,Tuesday  ,17,2,1,2026,Cassiano Rezende e Filhos,Atenolol 50mg - 30 Comprimidos - Eurofarma,Higiene Pessoal,16,12,204
443,2026-02-17,Tuesday  ,17,2,1,2026,Cassiano Rezende e Filhos,Hidroclorotiazida 500mg - 20 Comprimidos - Medley (Genérico),Saúde Bucal,32,3,118
444,2025-09-26,Friday   ,26,9,3,2025,Borges,Pantoprazol Gotas 20ml - Medley (Genérico),Fitoterápicos,22,11,258
445,2025-01-03,Friday   ,3,1,1,2025,Ferreira,Curativos (Band-Aid) Needs 400ml,Anti-inflamatórios,25,8,207
446,2025-01-03,Friday   ,3,1,1,2025,Ferreira,Atenolol Pomada 30g - Medley (Genérico),Aparelhos Médicos,23,15,351
447,2025-01-03,Friday   ,3,1,1,2025,Ferreira,Metformina Suspensão Oral 50ml - Eurofarma,Cuidados com o Cabelo,26,5,152
448,2025-01-03,Friday   ,3,1,1,2025,Ferreira,Vacina contra Insuficiência Renal - Reforço,Fitoterápicos,35,13,480
449,2025-01-03,Friday   ,3,1,1,2025,Ferreira,Enalapril Suspensão Oral 50ml - Neo Química (Genérico),Cuidados com o Cabelo,28,11,327
450,2025-01-03,Friday   ,3,1,1,2025,Ferreira,Omeprazol Gotas 20ml - Bayer,Antidepressivos,42,3,150
451,2025-01-03,Friday   ,3,1,1,2025,Ferreira,Enxaguante Bucal Clear FPS 70,Saúde Bucal,34,9,314
452,2025-01-03,Friday   ,3,1,1,2025,Ferreira,Loratadina Xarope 120ml - Bayer,Cuidados com o Cabelo,46,6,321
453,2025-01-03,Friday   ,3,1,1,2025,Ferreira,Sabonete em Barra Colgate Tamanho G (32 un),Fraldas e Infantis,39,6,242
454,2025-01-03,Friday   ,3,1,1,2025,Ferreira,Nimesulida Gotas 20ml - Bayer,Genéricos,21,18,393
455,2025-02-17,Monday   ,17,2,1,2025,Câmara,Fluoxetina 50mg - 30 Comprimidos - EMS (Genérico),Vitaminas e Suplementos,59,1,85
456,2025-02-17,Monday   ,17,2,1,2025,Câmara,Clonazepam 500mg - 20 Comprimidos - Medley (Genérico),Dermocosméticos,28,10,286
457,2025-02-17,Monday   ,17,2,1,2025,Câmara,Lenço Umedecido Aptamil FPS 50,Dermocosméticos,10,33,339
458,2025-02-17,Monday   ,17,2,1,2025,Câmara,Loratadina Xarope 120ml - Bayer,Cuidados com o Cabelo,45,7,342
459,2025-02-17,Monday   ,17,2,1,2025,Câmara,Desodorante Aerosol G-Tech 400ml,Antidepressivos,53,2,112
460,2025-02-17,Monday   ,17,2,1,2025,Câmara,Protetor Solar Corporal Huggies 50 Metros,Homeopatia,51,6,329
461,2025-02-17,Monday   ,17,2,1,2025,Câmara,Soro Fisiológico Nivea 50 Metros,Homeopatia,52,1,53
462,2025-02-17,Monday   ,17,2,1,2025,Câmara,Sabonete Líquido Vichy 500ml,Antitérmicos,43,9,398
463,2025-02-17,Monday   ,17,2,1,2025,Câmara,Omeprazol Suspensão Oral 50ml - Eurofarma,Anti-inflamatórios,34,5,191
464,2025-07-01,Tuesday  ,1,7,3,2025,Aparecida,Escitalopram 1g - 10 Comprimidos - Aché,Primeiros Socorros,26,4,106
465,2025-07-01,Tuesday  ,1,7,3,2025,Aparecida,Shampoo Anticaspa Colgate Tamanho G (32 un),Produtos Ortopédicos,25,5,145
466,2025-07-01,Tuesday  ,1,7,3,2025,Aparecida,Água Micelar La Roche-Posay Tamanho M (40 un),Vitaminas e Suplementos,38,4,158
467,2025-07-01,Tuesday  ,1,7,3,2025,Aparecida,Sinvastatina 500mg - 20 Comprimidos - Neo Química (Genérico),Fitoterápicos,47,7,346
468,2025-07-01,Tuesday  ,1,7,3,2025,Aparecida,Creme Hidratante Rexona 50 Metros,Saúde Bucal,18,12,222
469,2025-07-01,Tuesday  ,1,7,3,2025,Aparecida,Condicionador Hidratação Vichy FPS 50,Saúde Bucal,32,10,347
470,2025-07-01,Tuesday  ,1,7,3,2025,Aparecida,Azitromicina Gotas 20ml - Bayer,Fitoterápicos,12,38,462
471,2025-07-01,Tuesday  ,1,7,3,2025,Aparecida,Nimesulida 25mg - 30 Comprimidos - Medley (Genérico),Antitérmicos,14,32,448
472,2025-07-01,Tuesday  ,1,7,3,2025,Aparecida,Ibuprofeno Suspensão Oral 50ml - Neo Química (Genérico),Dermocosméticos,27,8,235
473,2025-07-01,Tuesday  ,1,7,3,2025,Aparecida,Metformina 500mg - 20 Comprimidos - Eurofarma,Primeiros Socorros,26,10,261
474,2025-07-01,Tuesday  ,1,7,3,2025,Aparecida,Sildenafila 25mg - 30 Comprimidos - Medley (Genérico),Antialérgicos,47,3,176
475,2025-07-01,Tuesday  ,1,7,3,2025,Aparecida,Loratadina 25mg - 30 Comprimidos - Aché,Analgésicos,50,8,417
476,2025-10-11,Saturday ,11,10,4,2025,Viana,Nimesulida 500mg - 20 Comprimidos - Aché,Antidepressivos,60,4,248
477,2025-10-11,Saturday ,11,10,4,2025,Viana,Vacina contra Conjuntivite - Dose Única,Antidepressivos,25,8,222
478,2025-10-11,Saturday ,11,10,4,2025,Viana,Atenolol 50mg - 30 Comprimidos - Medley (Genérico),Anti-inflamatórios,53,5,287
479,2025-10-11,Saturday ,11,10,4,2025,Viana,Atenolol 25mg - 30 Comprimidos - Aché,Higiene Pessoal,32,9,292
480,2025-10-11,Saturday ,11,10,4,2025,Viana,Nimesulida 1g - 10 Comprimidos - Neo Química (Genérico),Nutrição Infantil,29,12,349
481,2025-09-27,Saturday ,27,9,3,2025,Andrade Ltda.,Sabonete em Barra Dove FPS 70,Antibióticos,21,17,369
482,2025-09-27,Saturday ,27,9,3,2025,Andrade Ltda.,Escitalopram Gotas 20ml - Neo Química (Genérico),Vitaminas e Suplementos,20,15,316
483,2025-09-27,Saturday ,27,9,3,2025,Andrade Ltda.,Nimesulida Xarope 120ml - Medley (Genérico),Antidepressivos,19,12,241
484,2025-09-27,Saturday ,27,9,3,2025,Andrade Ltda.,Soro Fisiológico Panvel Tamanho M (40 un),Fitoterápicos,48,7,372
485,2025-09-27,Saturday ,27,9,3,2025,Andrade Ltda.,Tadalafila Gotas 20ml - Medley (Genérico),Aparelhos Médicos,12,21,259
486,2025-09-27,Saturday ,27,9,3,2025,Andrade Ltda.,Ibuprofeno Suspensão Oral 50ml - Neo Química (Genérico),Dermocosméticos,58,4,254
487,2025-09-27,Saturday ,27,9,3,2025,Andrade Ltda.,Nimesulida 50mg - 30 Comprimidos - EMS (Genérico),Anti-inflamatórios,22,12,281
488,2025-09-27,Saturday ,27,9,3,2025,Andrade Ltda.,Hastes Flexíveis (Cotonetes) Nivea 50 Metros,Fitoterápicos,11,10,115
489,2025-09-27,Saturday ,27,9,3,2025,Andrade Ltda.,Ibuprofeno 500mg - 20 Comprimidos - Bayer,Saúde Bucal,38,7,266
490,2025-09-27,Saturday ,27,9,3,2025,Andrade Ltda.,Sinvastatina 500mg - 20 Comprimidos - Neo Química (Genérico),Fitoterápicos,12,29,348
491,2026-01-04,Sunday   ,4,1,1,2026,Cunha,Atenolol 50mg - 30 Comprimidos - EMS (Genérico),Dermocosméticos,39,7,310
492,2026-01-04,Sunday   ,4,1,1,2026,Cunha,Clonazepam Pomada 30g - Medley (Genérico),Homeopatia,53,2,120
493,2026-01-04,Sunday   ,4,1,1,2026,Cunha,Atenolol 25mg - 30 Comprimidos - Aché,Higiene Pessoal,30,9,290
494,2025-12-18,Thursday ,18,12,4,2025,Borges,Vacina contra Resfriado - Dose Única,Cuidados com o Cabelo,42,8,359
495,2025-12-18,Thursday ,18,12,4,2025,Borges,Azitromicina 1g - 10 Comprimidos - Eurofarma,Antitérmicos,20,21,424
496,2025-12-18,Thursday ,18,12,4,2025,Borges,Diclofenaco 50mg - 30 Comprimidos - Eurofarma,Antidepressivos,59,4,251
497,2025-12-18,Thursday ,18,12,4,2025,Borges,Nimesulida Suspensão Oral 50ml - Medley (Genérico),Saúde Bucal,13,14,193
498,2025-12-18,Thursday ,18,12,4,2025,Borges,Shampoo Anticaspa Clear 90g,Antitérmicos,38,9,364
499,2025-12-18,Thursday ,18,12,4,2025,Borges,Atenolol Pomada 30g - Medley (Genérico),Aparelhos Médicos,50,7,361
500,2025-12-18,Thursday ,18,12,4,2025,Borges,Creme Hidratante G-Tech 400ml,Primeiros Socorros,19,24,461
501,2024-12-09,Monday   ,9,12,4,2024,Novais - ME,Hidroclorotiazida 1g - 10 Comprimidos - Aché,Analgésicos,58,4,261
502,2024-12-09,Monday   ,9,12,4,2024,Novais - ME,Ibuprofeno 500mg - 20 Comprimidos - Bayer,Saúde Bucal,57,4,246
503,2024-12-09,Monday   ,9,12,4,2024,Novais - ME,Tadalafila Suspensão Oral 50ml - EMS (Genérico),Vacinas,56,4,275
504,2024-12-09,Monday   ,9,12,4,2024,Novais - ME,Nimesulida Xarope 120ml - Eurofarma,Dermocosméticos,60,6,364
505,2024-12-09,Monday   ,9,12,4,2024,Novais - ME,Sinvastatina Xarope 120ml - EMS (Genérico),Antitérmicos,19,15,303
506,2024-12-09,Monday   ,9,12,4,2024,Novais - ME,Clonazepam 1g - 10 Comprimidos - Neo Química (Genérico),Analgésicos,49,2,111
507,2024-12-09,Monday   ,9,12,4,2024,Novais - ME,Sérum Vitamina C Needs FPS 50,Vitaminas e Suplementos,15,7,112
508,2024-12-09,Monday   ,9,12,4,2024,Novais - ME,Diclofenaco 25mg - 30 Comprimidos - Medley (Genérico),Dermocosméticos,59,7,419
509,2024-12-09,Monday   ,9,12,4,2024,Novais - ME,Fluoxetina 500mg - 20 Comprimidos - Neo Química (Genérico),Antitérmicos,24,13,331
510,2025-10-08,Wednesday,8,10,4,2025,das Neves,Clonazepam Gotas 20ml - Eurofarma,Antialérgicos,19,10,203
511,2025-10-08,Wednesday,8,10,4,2025,das Neves,Atenolol Xarope 120ml - Medley (Genérico),Fitoterápicos,52,6,336
512,2025-10-08,Wednesday,8,10,4,2025,das Neves,Enalapril Xarope 120ml - Medley (Genérico),Primeiros Socorros,10,7,77
513,2025-10-08,Wednesday,8,10,4,2025,das Neves,Lenço Umedecido Huggies Tamanho G (32 un),Dermocosméticos,14,25,357
514,2025-10-08,Wednesday,8,10,4,2025,das Neves,Creme Hidratante Johnson's Tamanho G (32 un),Antibióticos,53,5,315
515,2025-10-08,Wednesday,8,10,4,2025,das Neves,Loratadina Suspensão Oral 50ml - Neo Química (Genérico),Analgésicos,36,8,319
516,2025-10-08,Wednesday,8,10,4,2025,das Neves,Curativos (Band-Aid) Vichy FPS 70,Fraldas e Infantis,36,5,214
517,2025-10-08,Wednesday,8,10,4,2025,das Neves,Ibuprofeno Gotas 20ml - Aché,Vacinas,10,20,205
518,2025-09-29,Monday   ,29,9,3,2025,Lima,Clonazepam Suspensão Oral 50ml - EMS (Genérico),Saúde Bucal,46,1,70
519,2025-09-16,Tuesday  ,16,9,3,2025,Sousa - ME,Enalapril Gotas 20ml - EMS (Genérico),Homeopatia,23,9,225
520,2025-09-16,Tuesday  ,16,9,3,2025,Sousa - ME,Enxaguante Bucal Clear FPS 70,Saúde Bucal,57,5,298
521,2025-09-16,Tuesday  ,16,9,3,2025,Sousa - ME,Ibuprofeno 1g - 10 Comprimidos - Bayer,Anti-inflamatórios,33,6,200
522,2025-09-16,Tuesday  ,16,9,3,2025,Sousa - ME,Metformina Xarope 120ml - EMS (Genérico),Dermocosméticos,45,4,196
523,2025-09-16,Tuesday  ,16,9,3,2025,Sousa - ME,Sildenafila Pomada 30g - Aché,Higiene Pessoal,37,5,206
524,2025-09-16,Tuesday  ,16,9,3,2025,Sousa - ME,Amoxicilina 1g - 10 Comprimidos - Aché,Produtos Ortopédicos,52,6,341
525,2025-09-16,Tuesday  ,16,9,3,2025,Sousa - ME,Metformina 25mg - 30 Comprimidos - Medley (Genérico),Higiene Pessoal,53,5,303
526,2025-09-16,Tuesday  ,16,9,3,2025,Sousa - ME,Loratadina 25mg - 30 Comprimidos - Aché,Analgésicos,19,21,414
527,2025-09-16,Tuesday  ,16,9,3,2025,Sousa - ME,Losartana Potássica Gotas 20ml - Medley (Genérico),Antitérmicos,55,5,282
528,2025-09-16,Tuesday  ,16,9,3,2025,Sousa - ME,Água Micelar CeraVe 90g,Primeiros Socorros,14,21,299
529,2025-09-08,Monday   ,8,9,3,2025,da Costa Leão - EI,Pantoprazol Pomada 30g - Eurofarma,Anti-inflamatórios,46,3,168
530,2025-09-08,Monday   ,8,9,3,2025,da Costa Leão - EI,Termômetro Digital Nivea 50 Metros,Antidepressivos,16,18,299
531,2025-09-08,Monday   ,8,9,3,2025,da Costa Leão - EI,Dipirona Sódica 25mg - 30 Comprimidos - EMS (Genérico),Genéricos,19,9,185
532,2025-09-08,Monday   ,8,9,3,2025,da Costa Leão - EI,Sabonete Líquido Huggies FPS 70,Antitérmicos,52,1,56
533,2025-09-08,Monday   ,8,9,3,2025,da Costa Leão - EI,Azitromicina 50mg - 30 Comprimidos - EMS (Genérico),Antibióticos,58,3,194
534,2025-09-08,Monday   ,8,9,3,2025,da Costa Leão - EI,Hidroclorotiazida 50mg - 30 Comprimidos - Neo Química (Genérico),Cuidados com o Cabelo,24,12,289
535,2025-09-08,Monday   ,8,9,3,2025,da Costa Leão - EI,Soro Fisiológico Dove 150ml,Antidepressivos,60,5,312
536,2025-09-08,Monday   ,8,9,3,2025,da Costa Leão - EI,Azitromicina Gotas 20ml - Eurofarma,Anti-inflamatórios,52,6,335
537,2025-09-08,Monday   ,8,9,3,2025,da Costa Leão - EI,Soro Fisiológico Rexona Tamanho G (32 un),Anti-inflamatórios,44,3,133
538,2025-09-08,Monday   ,8,9,3,2025,da Costa Leão - EI,Sérum Vitamina C Listerine FPS 70,Antialérgicos,54,6,363
539,2025-09-08,Monday   ,8,9,3,2025,da Costa Leão - EI,Vacina contra Infecção Urinária - Dose Única,Vitaminas e Suplementos,59,3,204
540,2025-09-08,Monday   ,8,9,3,2025,da Costa Leão - EI,Vacina contra Hepatite C - Dose Única,Cuidados com o Cabelo,51,6,312
541,2024-12-02,Monday   ,2,12,4,2024,Pereira,Losartana Potássica Gotas 20ml - Neo Química (Genérico),Analgésicos,52,1,58
542,2024-12-02,Monday   ,2,12,4,2024,Pereira,Atenolol 50mg - 30 Comprimidos - Neo Química (Genérico),Vitaminas e Suplementos,35,6,236
543,2024-12-02,Monday   ,2,12,4,2024,Pereira,Desodorante Aerosol Nivea 200ml,Primeiros Socorros,33,9,327
544,2024-12-02,Monday   ,2,12,4,2024,Pereira,Nimesulida 500mg - 20 Comprimidos - Aché,Antidepressivos,58,3,216
545,2024-12-02,Monday   ,2,12,4,2024,Pereira,Termômetro Digital Nivea 50 Metros,Antidepressivos,37,7,259
546,2024-12-02,Monday   ,2,12,4,2024,Pereira,Amoxicilina 500mg - 20 Comprimidos - EMS (Genérico),Saúde Bucal,49,10,505
547,2024-12-02,Monday   ,2,12,4,2024,Pereira,Fluoxetina Xarope 120ml - Bayer,Antialérgicos,16,10,172
548,2024-12-02,Monday   ,2,12,4,2024,Pereira,Curativos (Band-Aid) Clear FPS 50,Vacinas,20,15,308
549,2024-12-02,Monday   ,2,12,4,2024,Pereira,Diclofenaco 500mg - 20 Comprimidos - Eurofarma,Antibióticos,45,8,374
550,2024-12-02,Monday   ,2,12,4,2024,Pereira,Sildenafila 1g - 10 Comprimidos - Eurofarma,Antidepressivos,55,1,96
551,2026-07-20,Monday   ,20,7,3,2026,Borges,Escitalopram 50mg - 30 Comprimidos - Eurofarma,Cuidados com o Cabelo,20,8,168
552,2026-07-20,Monday   ,20,7,3,2026,Borges,Losartana Potássica Gotas 20ml - Medley (Genérico),Antitérmicos,26,10,267
553,2025-12-26,Friday   ,26,12,4,2025,Abreu,Azitromicina Xarope 120ml - EMS (Genérico),Genéricos,11,24,267
554,2025-04-22,Tuesday  ,22,4,2,2025,das Neves Ferreira e Filhos,Sertralina Suspensão Oral 50ml - Bayer,Antibióticos,19,11,214
555,2025-04-22,Tuesday  ,22,4,2,2025,das Neves Ferreira e Filhos,Fluoxetina 25mg - 30 Comprimidos - Eurofarma,Fitoterápicos,16,12,200
556,2025-04-22,Tuesday  ,22,4,2,2025,das Neves Ferreira e Filhos,Lenço Umedecido Colgate 50g,Homeopatia,49,3,185
557,2025-04-22,Tuesday  ,22,4,2,2025,das Neves Ferreira e Filhos,Enxaguante Bucal Rexona FPS 50,Dermocosméticos,36,9,349
558,2025-04-22,Tuesday  ,22,4,2,2025,das Neves Ferreira e Filhos,Vacina contra Parkinson - Reforço,Fraldas e Infantis,21,13,284
559,2025-04-22,Tuesday  ,22,4,2,2025,das Neves Ferreira e Filhos,Álcool em Gel 70% Pampers 50 Metros,Fraldas e Infantis,14,13,192
560,2025-04-22,Tuesday  ,22,4,2,2025,das Neves Ferreira e Filhos,Atenolol Xarope 120ml - Medley (Genérico),Fitoterápicos,36,9,326
561,2025-04-22,Tuesday  ,22,4,2,2025,das Neves Ferreira e Filhos,Vacina contra Hipotensão - Reforço,Antidepressivos,40,9,390
562,2025-04-22,Tuesday  ,22,4,2,2025,das Neves Ferreira e Filhos,Creme Dental Panvel 90g,Antitérmicos,31,5,177
563,2025-04-22,Tuesday  ,22,4,2,2025,das Neves Ferreira e Filhos,Fralda Descartável Nivea FPS 70,Homeopatia,37,1,65
564,2025-04-22,Tuesday  ,22,4,2,2025,das Neves Ferreira e Filhos,Sinvastatina 1g - 10 Comprimidos - Aché,Produtos Ortopédicos,44,7,336
565,2026-01-15,Thursday ,15,1,1,2026,Nascimento,Vacina contra Asma - Dose Única,Higiene Pessoal,39,8,327
566,2026-01-15,Thursday ,15,1,1,2026,Nascimento,Sabonete em Barra Clear 50g,Analgésicos,50,5,284
567,2026-01-15,Thursday ,15,1,1,2026,Nascimento,Fralda Descartável Vichy 150ml,Homeopatia,46,1,55
568,2026-01-15,Thursday ,15,1,1,2026,Nascimento,Absorvente com Abas Bepantol 50g,Fraldas e Infantis,16,14,232
569,2026-01-15,Thursday ,15,1,1,2026,Nascimento,Sinvastatina 1g - 10 Comprimidos - Aché,Produtos Ortopédicos,18,20,360
570,2026-01-15,Thursday ,15,1,1,2026,Nascimento,Protetor Solar Corporal La Roche-Posay 90g,Aparelhos Médicos,35,7,249
571,2024-11-06,Wednesday,6,11,4,2024,da Paz,Omeprazol 50mg - 30 Comprimidos - Neo Química (Genérico),Anti-inflamatórios,55,5,302
572,2024-11-06,Wednesday,6,11,4,2024,da Paz,Paracetamol 500mg - 20 Comprimidos - EMS (Genérico),Vitaminas e Suplementos,31,9,279
573,2024-11-06,Wednesday,6,11,4,2024,da Paz,Atenolol 50mg - 30 Comprimidos - Eurofarma,Higiene Pessoal,21,8,171
574,2024-11-06,Wednesday,6,11,4,2024,da Paz,Losartana Potássica Pomada 30g - Bayer,Nutrição Infantil,12,24,299
575,2024-11-06,Wednesday,6,11,4,2024,da Paz,Atenolol Xarope 120ml - Medley (Genérico),Fitoterápicos,17,18,309
576,2024-11-06,Wednesday,6,11,4,2024,da Paz,Sabonete em Barra Needs FPS 50,Cuidados com o Cabelo,49,5,278
577,2024-11-06,Wednesday,6,11,4,2024,da Paz,Pomada para Assaduras Listerine 400ml,Fitoterápicos,19,8,170
578,2024-11-06,Wednesday,6,11,4,2024,da Paz,Paracetamol Pomada 30g - Bayer,Anti-inflamatórios,51,4,206
579,2024-11-06,Wednesday,6,11,4,2024,da Paz,Amoxicilina Suspensão Oral 50ml - Eurofarma,Vacinas,38,8,309
580,2024-11-06,Wednesday,6,11,4,2024,da Paz,Losartana Potássica Suspensão Oral 50ml - Aché,Vitaminas e Suplementos,40,11,447
581,2024-11-06,Wednesday,6,11,4,2024,da Paz,Água Micelar Needs FPS 50,Genéricos,37,3,116
582,2025-05-30,Friday   ,30,5,2,2025,Marques,Clonazepam Suspensão Oral 50ml - Medley (Genérico),Vitaminas e Suplementos,46,6,320
583,2026-02-07,Saturday ,7,2,1,2026,da Cunha,Losartana Potássica Gotas 20ml - Aché,Antidepressivos,58,1,96
584,2026-02-07,Saturday ,7,2,1,2026,da Cunha,Enxaguante Bucal Sempre Livre 400ml,Genéricos,28,4,137
585,2026-02-07,Saturday ,7,2,1,2026,da Cunha,Cefalexina 50mg - 30 Comprimidos - Eurofarma,Antibióticos,33,6,217
586,2026-02-07,Saturday ,7,2,1,2026,da Cunha,Fluoxetina 50mg - 30 Comprimidos - Bayer,Saúde Bucal,47,6,285
587,2026-02-07,Saturday ,7,2,1,2026,da Cunha,Fralda Descartável Nivea FPS 70,Homeopatia,27,2,64
588,2026-02-07,Saturday ,7,2,1,2026,da Cunha,Loratadina 500mg - 20 Comprimidos - EMS (Genérico),Cuidados com o Cabelo,11,16,182
589,2026-02-07,Saturday ,7,2,1,2026,da Cunha,Metformina 1g - 10 Comprimidos - Bayer,Genéricos,49,3,189
590,2026-02-07,Saturday ,7,2,1,2026,da Cunha,Soro Fisiológico Rexona Tamanho G (32 un),Anti-inflamatórios,60,2,138
591,2024-10-02,Wednesday,2,10,4,2024,Castro,Protetor Solar Facial Panvel 200ml,Primeiros Socorros,59,5,299
592,2024-10-02,Wednesday,2,10,4,2024,Castro,Omeprazol Pomada 30g - Neo Química (Genérico),Primeiros Socorros,20,10,203
593,2024-10-02,Wednesday,2,10,4,2024,Castro,Fluoxetina 500mg - 20 Comprimidos - Neo Química (Genérico),Antitérmicos,28,12,356
594,2024-10-02,Wednesday,2,10,4,2024,Castro,Ibuprofeno Suspensão Oral 50ml - Eurofarma,Anti-inflamatórios,13,19,251
595,2024-10-02,Wednesday,2,10,4,2024,Castro,Loratadina 1g - 10 Comprimidos - Neo Química (Genérico),Primeiros Socorros,18,13,248
596,2024-10-02,Wednesday,2,10,4,2024,Castro,Absorvente com Abas Rexona FPS 70,Fitoterápicos,35,5,204
597,2024-10-02,Wednesday,2,10,4,2024,Castro,Sérum Vitamina C Aptamil Tamanho M (40 un),Antibióticos,23,7,163
598,2024-10-02,Wednesday,2,10,4,2024,Castro,Sildenafila Xarope 120ml - Eurofarma,Antialérgicos,29,9,277
599,2026-07-07,Tuesday  ,7,7,3,2026,Correia,Vacina contra Obesidade - Dose Única,Fraldas e Infantis,47,6,305
600,2026-07-07,Tuesday  ,7,7,3,2026,Correia,Curativos (Band-Aid) Vichy FPS 70,Fraldas e Infantis,28,8,247
601,2026-07-07,Tuesday  ,7,7,3,2026,Correia,Sérum Vitamina C Huggies 50 Metros,Nutrição Infantil,33,8,291
602,2026-07-07,Tuesday  ,7,7,3,2026,Correia,Pantoprazol 1g - 10 Comprimidos - Medley (Genérico),Analgésicos,18,6,123
603,2026-07-07,Tuesday  ,7,7,3,2026,Correia,Leite em Pó Infantil Sempre Livre 400ml,Antialérgicos,36,2,77
604,2026-07-07,Tuesday  ,7,7,3,2026,Correia,Tadalafila Suspensão Oral 50ml - EMS (Genérico),Vacinas,59,5,302
605,2026-07-07,Tuesday  ,7,7,3,2026,Correia,Desodorante Aerosol Nivea 200ml,Primeiros Socorros,22,16,354
606,2025-08-02,Saturday ,2,8,3,2025,Jesus e Filhos,Tadalafila Suspensão Oral 50ml - EMS (Genérico),Vacinas,35,9,326
607,2024-10-19,Saturday ,19,10,4,2024,Montenegro Araújo S.A.,Losartana Potássica Gotas 20ml - Aché,Antidepressivos,36,2,85
608,2024-10-19,Saturday ,19,10,4,2024,Montenegro Araújo S.A.,Metformina Pomada 30g - EMS (Genérico),Produtos Ortopédicos,12,14,178
609,2026-01-13,Tuesday  ,13,1,1,2026,Jesus e Filhos,Atenolol 50mg - 30 Comprimidos - Eurofarma,Higiene Pessoal,31,6,201
610,2026-01-13,Tuesday  ,13,1,1,2026,Jesus e Filhos,Losartana Potássica 25mg - 30 Comprimidos - EMS (Genérico),Nutrição Infantil,26,10,283
611,2026-06-10,Wednesday,10,6,2,2026,Andrade,Tadalafila 25mg - 30 Comprimidos - EMS (Genérico),Dermocosméticos,12,28,344
612,2026-06-10,Wednesday,10,6,2,2026,Andrade,Pomada para Assaduras Listerine 400ml,Fitoterápicos,41,4,186
613,2026-06-10,Wednesday,10,6,2,2026,Andrade,Clonazepam 25mg - 30 Comprimidos - Bayer,Higiene Pessoal,51,3,203
614,2026-06-10,Wednesday,10,6,2,2026,Andrade,Dipirona Sódica 50mg - 30 Comprimidos - Medley (Genérico),Antibióticos,44,7,343
615,2026-06-10,Wednesday,10,6,2,2026,Andrade,Losartana Potássica 500mg - 20 Comprimidos - EMS (Genérico),Genéricos,16,18,293
616,2026-06-10,Wednesday,10,6,2,2026,Andrade,Paracetamol 500mg - 20 Comprimidos - Eurofarma,Fitoterápicos,39,7,305
617,2026-06-10,Wednesday,10,6,2,2026,Andrade,Ibuprofeno Xarope 120ml - Bayer,Higiene Pessoal,35,1,50
618,2026-06-10,Wednesday,10,6,2,2026,Andrade,Cefalexina Pomada 30g - Aché,Anti-inflamatórios,31,3,98
619,2026-06-10,Wednesday,10,6,2,2026,Andrade,Atenolol Gotas 20ml - Neo Química (Genérico),Nutrição Infantil,39,10,401
620,2025-09-21,Sunday   ,21,9,3,2025,Farias e Filhos,Losartana Potássica 500mg - 20 Comprimidos - Bayer,Saúde Bucal,16,14,234
621,2025-09-21,Sunday   ,21,9,3,2025,Farias e Filhos,Pantoprazol Pomada 30g - Eurofarma,Anti-inflamatórios,51,3,167
622,2025-09-21,Sunday   ,21,9,3,2025,Farias e Filhos,Enalapril Gotas 20ml - Bayer,Antitérmicos,29,9,263
623,2025-05-21,Wednesday,21,5,2,2025,Marques,Sérum Vitamina C Huggies 90g,Saúde Bucal,30,10,328
624,2025-05-21,Wednesday,21,5,2,2025,Marques,Atenolol 50mg - 30 Comprimidos - Neo Química (Genérico),Vitaminas e Suplementos,57,4,242
625,2025-05-21,Wednesday,21,5,2,2025,Marques,Shampoo Anticaspa Colgate Tamanho G (32 un),Produtos Ortopédicos,59,2,150
626,2025-05-21,Wednesday,21,5,2,2025,Marques,Vacina contra Refluxo - Dose Única,Cuidados com o Cabelo,49,4,232
627,2025-05-21,Wednesday,21,5,2,2025,Marques,Condicionador Hidratação Panvel Tamanho G (32 un),Nutrição Infantil,19,14,273
628,2025-05-21,Wednesday,21,5,2,2025,Marques,Ibuprofeno Suspensão Oral 50ml - Eurofarma,Anti-inflamatórios,51,5,261
629,2025-06-04,Wednesday,4,6,2,2025,Duarte Correia S.A.,Fluoxetina 50mg - 30 Comprimidos - EMS (Genérico),Vitaminas e Suplementos,25,3,82
630,2025-06-04,Wednesday,4,6,2,2025,Duarte Correia S.A.,Hastes Flexíveis (Cotonetes) Mió 150ml,Vitaminas e Suplementos,55,5,281
631,2025-06-04,Wednesday,4,6,2,2025,Duarte Correia S.A.,Metformina Xarope 120ml - Bayer,Aparelhos Médicos,15,19,295
632,2025-06-04,Wednesday,4,6,2,2025,Duarte Correia S.A.,Leite em Pó Infantil Huggies 90g,Homeopatia,51,5,303
633,2025-06-04,Wednesday,4,6,2,2025,Duarte Correia S.A.,Clonazepam Suspensão Oral 50ml - Medley (Genérico),Vitaminas e Suplementos,40,8,321
634,2025-06-04,Wednesday,4,6,2,2025,Duarte Correia S.A.,Vacina contra Diabetes Tipo 1 - Dose Única,Antidepressivos,26,13,342
635,2025-06-04,Wednesday,4,6,2,2025,Duarte Correia S.A.,Enxaguante Bucal CeraVe 50g,Cuidados com o Cabelo,39,4,178
636,2025-06-04,Wednesday,4,6,2,2025,Duarte Correia S.A.,Sérum Vitamina C Needs FPS 50,Vitaminas e Suplementos,41,3,125
637,2025-06-04,Wednesday,4,6,2,2025,Duarte Correia S.A.,Azitromicina 50mg - 30 Comprimidos - Medley (Genérico),Homeopatia,26,12,329
638,2025-06-04,Wednesday,4,6,2,2025,Duarte Correia S.A.,Atenolol 25mg - 30 Comprimidos - Aché,Higiene Pessoal,20,15,310
639,2024-11-06,Wednesday,6,11,4,2024,Sales,Enxaguante Bucal Panvel 90g,Aparelhos Médicos,12,28,340
640,2024-11-06,Wednesday,6,11,4,2024,Sales,Ibuprofeno Suspensão Oral 50ml - Medley (Genérico),Homeopatia,15,16,244
641,2024-11-06,Wednesday,6,11,4,2024,Sales,Diclofenaco Xarope 120ml - Medley (Genérico),Primeiros Socorros,48,2,105
642,2024-11-06,Wednesday,6,11,4,2024,Sales,Vacina contra Gripe - Dose Única,Dermocosméticos,45,4,184
643,2024-11-06,Wednesday,6,11,4,2024,Sales,Azitromicina Gotas 20ml - Bayer,Fitoterápicos,37,10,389
644,2024-11-06,Wednesday,6,11,4,2024,Sales,Vacina contra Depressão - Dose Única,Produtos Ortopédicos,33,15,516
645,2024-11-06,Wednesday,6,11,4,2024,Sales,Vacina contra Câncer de Mama - Dose Única,Cuidados com o Cabelo,36,3,115
646,2024-11-06,Wednesday,6,11,4,2024,Sales,Ibuprofeno 25mg - 30 Comprimidos - Bayer,Dermocosméticos,31,9,305
647,2024-11-06,Wednesday,6,11,4,2024,Sales,Diclofenaco 50mg - 30 Comprimidos - Medley (Genérico),Vitaminas e Suplementos,33,3,128
648,2026-03-01,Sunday   ,1,3,1,2026,Alves Costa S.A.,Condicionador Hidratação Huggies 400ml,Antialérgicos,53,2,130
649,2026-03-01,Sunday   ,1,3,1,2026,Alves Costa S.A.,Sérum Vitamina C Pampers 400ml,Antidepressivos,19,10,191
650,2026-03-01,Sunday   ,1,3,1,2026,Alves Costa S.A.,Fluoxetina 1g - 10 Comprimidos - Eurofarma,Cuidados com o Cabelo,20,7,158
651,2024-10-11,Friday   ,11,10,4,2024,Mendes Pires - EI,Losartana Potássica Gotas 20ml - Aché,Antidepressivos,28,3,90
652,2024-10-11,Friday   ,11,10,4,2024,Mendes Pires - EI,Vacina contra Esquizofrenia - Reforço,Cuidados com o Cabelo,51,8,418
653,2024-10-11,Friday   ,11,10,4,2024,Mendes Pires - EI,Sertralina 50mg - 30 Comprimidos - Neo Química (Genérico),Higiene Pessoal,54,0,53
654,2024-10-11,Friday   ,11,10,4,2024,Mendes Pires - EI,Sérum Vitamina C Panvel FPS 70,Higiene Pessoal,34,9,321
655,2024-10-11,Friday   ,11,10,4,2024,Mendes Pires - EI,Lenço Umedecido Aptamil FPS 50,Dermocosméticos,58,5,335
656,2024-10-11,Friday   ,11,10,4,2024,Mendes Pires - EI,Sinvastatina 500mg - 20 Comprimidos - Neo Química (Genérico),Fitoterápicos,47,8,377
657,2025-05-30,Friday   ,30,5,2,2025,Sá,Diclofenaco 50mg - 30 Comprimidos - Aché,Produtos Ortopédicos,30,7,212
658,2025-05-30,Friday   ,30,5,2,2025,Sá,Losartana Potássica 500mg - 20 Comprimidos - Eurofarma,Primeiros Socorros,40,3,145
659,2025-05-30,Friday   ,30,5,2,2025,Sá,Diclofenaco Xarope 120ml - Medley (Genérico),Primeiros Socorros,58,1,103
660,2025-05-30,Friday   ,30,5,2,2025,Sá,Sérum Vitamina C Aptamil Tamanho M (40 un),Antibióticos,15,9,145
661,2025-05-30,Friday   ,30,5,2,2025,Sá,Pantoprazol 1g - 10 Comprimidos - EMS (Genérico),Antialérgicos,44,6,266
662,2025-05-30,Friday   ,30,5,2,2025,Sá,Vacina contra Dengue - Reforço,Analgésicos,34,4,159
663,2025-05-30,Friday   ,30,5,2,2025,Sá,Losartana Potássica Pomada 30g - Bayer,Nutrição Infantil,59,5,310
664,2025-05-30,Friday   ,30,5,2,2025,Sá,Condicionador Hidratação Panvel Tamanho G (32 un),Nutrição Infantil,30,8,254
665,2025-05-30,Friday   ,30,5,2,2025,Sá,Enxaguante Bucal Panvel 90g,Aparelhos Médicos,47,7,334
666,2025-12-05,Friday   ,5,12,4,2025,da Cruz - ME,Fluoxetina Suspensão Oral 50ml - Aché,Vacinas,34,4,153
667,2025-12-05,Friday   ,5,12,4,2025,da Cruz - ME,Hastes Flexíveis (Cotonetes) Pampers 500ml,Nutrição Infantil,52,2,150
668,2025-12-05,Friday   ,5,12,4,2025,da Cruz - ME,Álcool em Gel 70% Aptamil FPS 50,Antibióticos,50,1,86
669,2025-12-05,Friday   ,5,12,4,2025,da Cruz - ME,Metformina Gotas 20ml - Bayer,Saúde Bucal,36,7,268
670,2025-12-05,Friday   ,5,12,4,2025,da Cruz - ME,Loratadina Xarope 120ml - Bayer,Cuidados com o Cabelo,46,6,310
671,2025-12-05,Friday   ,5,12,4,2025,da Cruz - ME,Loratadina Xarope 120ml - EMS (Genérico),Homeopatia,22,18,413
672,2025-12-05,Friday   ,5,12,4,2025,da Cruz - ME,Pomada para Assaduras G-Tech Tamanho M (40 un),Genéricos,26,9,251
673,2025-12-05,Friday   ,5,12,4,2025,da Cruz - ME,Losartana Potássica Gotas 20ml - Medley (Genérico),Antitérmicos,56,4,257
674,2025-12-05,Friday   ,5,12,4,2025,da Cruz - ME,Diclofenaco 25mg - 30 Comprimidos - Medley (Genérico),Dermocosméticos,29,13,391
675,2025-12-05,Friday   ,5,12,4,2025,da Cruz - ME,Metformina Pomada 30g - Medley (Genérico),Saúde Bucal,59,2,160
676,2025-12-05,Friday   ,5,12,4,2025,da Cruz - ME,Dipirona Sódica Pomada 30g - Bayer,Antidepressivos,50,8,433
677,2025-12-05,Friday   ,5,12,4,2025,da Cruz - ME,Fluoxetina Gotas 20ml - Aché,Fraldas e Infantis,40,14,572
678,2025-02-03,Monday   ,3,2,1,2025,da Rosa,Protetor Solar Corporal Sempre Livre 50 Metros,Aparelhos Médicos,30,7,220
679,2025-02-03,Monday   ,3,2,1,2025,da Rosa,Atenolol Xarope 120ml - Eurofarma,Fraldas e Infantis,26,9,257
680,2025-02-03,Monday   ,3,2,1,2025,da Rosa,Escitalopram Suspensão Oral 50ml - Bayer,Nutrição Infantil,54,2,121
681,2025-02-03,Monday   ,3,2,1,2025,da Rosa,Fluoxetina Gotas 20ml - Medley (Genérico),Aparelhos Médicos,50,8,421
682,2025-02-03,Monday   ,3,2,1,2025,da Rosa,Protetor Solar Corporal CeraVe Tamanho G (32 un),Aparelhos Médicos,12,28,345
683,2025-02-03,Monday   ,3,2,1,2025,da Rosa,Sabonete em Barra Aptamil 50 Metros,Higiene Pessoal,11,41,455
684,2025-02-03,Monday   ,3,2,1,2025,da Rosa,Azitromicina Gotas 20ml - Bayer,Fitoterápicos,50,8,408
685,2025-02-03,Monday   ,3,2,1,2025,da Rosa,Paracetamol 500mg - 20 Comprimidos - Eurofarma,Fitoterápicos,20,14,294
686,2026-08-23,Sunday   ,23,8,3,2026,Correia,Losartana Potássica Pomada 30g - Medley (Genérico),Antialérgicos,43,4,199
687,2026-08-23,Sunday   ,23,8,3,2026,Correia,Vacina contra Pneumonia - Reforço,Produtos Ortopédicos,35,9,317
688,2026-08-23,Sunday   ,23,8,3,2026,Correia,Clonazepam 1g - 10 Comprimidos - EMS (Genérico),Antitérmicos,26,12,327
689,2025-04-15,Tuesday  ,15,4,2,2025,Peixoto,Loratadina 25mg - 30 Comprimidos - Aché,Analgésicos,17,27,467
690,2024-10-25,Friday   ,25,10,4,2024,Cardoso - ME,Amoxicilina 500mg - 20 Comprimidos - EMS (Genérico),Saúde Bucal,43,11,514
691,2024-10-25,Friday   ,25,10,4,2024,Cardoso - ME,Pantoprazol 50mg - 30 Comprimidos - Eurofarma,Nutrição Infantil,46,2,132
692,2024-10-25,Friday   ,25,10,4,2024,Cardoso - ME,Cefalexina 50mg - 30 Comprimidos - Eurofarma,Antibióticos,49,4,204
693,2024-10-25,Friday   ,25,10,4,2024,Cardoso - ME,Vacina contra Diabetes Tipo 1 - Reforço,Analgésicos,43,7,331
694,2024-10-25,Friday   ,25,10,4,2024,Cardoso - ME,Álcool em Gel 70% Vichy 150ml,Saúde Bucal,30,3,118
695,2024-10-15,Tuesday  ,15,10,4,2024,da Paz Camargo - ME,Ibuprofeno Gotas 20ml - Aché,Vacinas,22,9,209
696,2024-10-15,Tuesday  ,15,10,4,2024,da Paz Camargo - ME,Loratadina Xarope 120ml - EMS (Genérico),Homeopatia,27,14,396
697,2024-10-15,Tuesday  ,15,10,4,2024,da Paz Camargo - ME,Paracetamol Xarope 120ml - Neo Química (Genérico),Higiene Pessoal,32,7,244
698,2024-10-15,Tuesday  ,15,10,4,2024,da Paz Camargo - ME,Diclofenaco 25mg - 30 Comprimidos - Neo Química (Genérico),Anti-inflamatórios,36,2,103
699,2025-06-22,Sunday   ,22,6,2,2025,Rios,Atenolol 25mg - 30 Comprimidos - Aché,Higiene Pessoal,10,29,299
700,2025-06-22,Sunday   ,22,6,2,2025,Rios,Pantoprazol 50mg - 30 Comprimidos - Eurofarma,Nutrição Infantil,43,2,116
701,2025-06-22,Sunday   ,22,6,2,2025,Rios,Dipirona Sódica 50mg - 30 Comprimidos - Medley (Genérico),Antibióticos,14,21,306
702,2025-06-22,Sunday   ,22,6,2,2025,Rios,Vacina contra Hipotensão - Reforço,Antidepressivos,30,11,352
703,2025-06-22,Sunday   ,22,6,2,2025,Rios,Shampoo Anticaspa Sempre Livre 500ml,Fraldas e Infantis,18,11,210
704,2025-06-22,Sunday   ,22,6,2,2025,Rios,Escitalopram 1g - 10 Comprimidos - Aché,Primeiros Socorros,15,6,94
705,2025-06-22,Sunday   ,22,6,2,2025,Rios,Vacina contra Insuficiência Cardíaca - Dose Única,Antitérmicos,47,8,384
706,2025-06-22,Sunday   ,22,6,2,2025,Rios,Sertralina 1g - 10 Comprimidos - Aché,Primeiros Socorros,18,15,283
707,2026-09-05,Saturday ,5,9,3,2026,Carvalho,Nimesulida 25mg - 30 Comprimidos - Bayer,Antitérmicos,60,1,97
708,2026-09-05,Saturday ,5,9,3,2026,Carvalho,Metformina Gotas 20ml - Aché,Antidepressivos,59,5,320
709,2026-09-05,Saturday ,5,9,3,2026,Carvalho,Amoxicilina 1g - 10 Comprimidos - Aché,Produtos Ortopédicos,39,10,390
710,2026-09-05,Saturday ,5,9,3,2026,Carvalho,Curativos (Band-Aid) Clear FPS 50,Vacinas,11,29,324
711,2026-09-05,Saturday ,5,9,3,2026,Carvalho,Lenço Umedecido Mió FPS 50,Saúde Bucal,43,5,241
712,2025-08-03,Sunday   ,3,8,3,2025,Mendes Ribeiro e Filhos,Tadalafila Suspensão Oral 50ml - Medley (Genérico),Antialérgicos,40,11,446
713,2025-08-03,Sunday   ,3,8,3,2025,Mendes Ribeiro e Filhos,Tadalafila 25mg - 30 Comprimidos - Aché,Antitérmicos,34,8,297
714,2025-08-03,Sunday   ,3,8,3,2025,Mendes Ribeiro e Filhos,Sérum Vitamina C Huggies 50 Metros,Nutrição Infantil,12,20,249
715,2025-08-03,Sunday   ,3,8,3,2025,Mendes Ribeiro e Filhos,Fluoxetina 50mg - 30 Comprimidos - EMS (Genérico),Vitaminas e Suplementos,20,4,82
716,2025-08-03,Sunday   ,3,8,3,2025,Mendes Ribeiro e Filhos,Sertralina Xarope 120ml - Medley (Genérico),Anti-inflamatórios,60,5,301
717,2025-08-03,Sunday   ,3,8,3,2025,Mendes Ribeiro e Filhos,Diclofenaco 50mg - 30 Comprimidos - Medley (Genérico),Vitaminas e Suplementos,48,2,128
718,2025-08-03,Sunday   ,3,8,3,2025,Mendes Ribeiro e Filhos,Diclofenaco Pomada 30g - Medley (Genérico),Dermocosméticos,59,0,48
719,2025-08-03,Sunday   ,3,8,3,2025,Mendes Ribeiro e Filhos,Soro Fisiológico CeraVe 150ml,Homeopatia,60,4,259
720,2025-08-03,Sunday   ,3,8,3,2025,Mendes Ribeiro e Filhos,Enxaguante Bucal Nivea 90g,Antibióticos,36,5,204
721,2026-01-31,Saturday ,31,1,1,2026,Vieira,Fralda Descartável Vichy 400ml,Produtos Ortopédicos,57,4,277
722,2026-01-31,Saturday ,31,1,1,2026,Vieira,Vacina contra Anemia - Reforço,Aparelhos Médicos,55,3,171
723,2026-01-31,Saturday ,31,1,1,2026,Vieira,Hidroclorotiazida 500mg - 20 Comprimidos - Medley (Genérico),Saúde Bucal,19,6,114
724,2026-01-31,Saturday ,31,1,1,2026,Vieira,Diclofenaco 50mg - 30 Comprimidos - Aché,Produtos Ortopédicos,25,9,233
725,2026-01-31,Saturday ,31,1,1,2026,Vieira,Omeprazol Pomada 30g - Neo Química (Genérico),Primeiros Socorros,33,6,207
726,2025-04-10,Thursday ,10,4,2,2025,Andrade da Mota S/A,Fluoxetina Gotas 20ml - Aché,Fraldas e Infantis,10,61,617
727,2025-04-10,Thursday ,10,4,2,2025,Andrade da Mota S/A,Lenço Umedecido Colgate 50g,Homeopatia,56,3,211
728,2025-04-10,Thursday ,10,4,2,2025,Andrade da Mota S/A,Álcool em Gel 70% CeraVe 150ml,Genéricos,40,4,182
729,2025-04-10,Thursday ,10,4,2,2025,Andrade da Mota S/A,Dipirona Sódica Xarope 120ml - Neo Química (Genérico),Antidepressivos,17,17,302
730,2025-12-18,Thursday ,18,12,4,2025,Moreira Vasconcelos e Filhos,Azitromicina 50mg - 30 Comprimidos - Medley (Genérico),Homeopatia,47,7,368
731,2024-12-15,Sunday   ,15,12,4,2024,Pastor,Sabonete em Barra Clear 50g,Analgésicos,57,5,336
732,2024-12-15,Sunday   ,15,12,4,2024,Pastor,Absorvente com Abas Bepantol 500ml,Analgésicos,45,5,269
733,2024-12-15,Sunday   ,15,12,4,2024,Pastor,Sinvastatina Suspensão Oral 50ml - EMS (Genérico),Cuidados com o Cabelo,19,19,370
734,2024-12-15,Sunday   ,15,12,4,2024,Pastor,Sildenafila 1g - 10 Comprimidos - Neo Química (Genérico),Anti-inflamatórios,38,6,244
735,2024-12-15,Sunday   ,15,12,4,2024,Pastor,Hidroclorotiazida Xarope 120ml - EMS (Genérico),Antidepressivos,30,7,225
736,2024-10-22,Tuesday  ,22,10,4,2024,Borges,Pantoprazol 1g - 10 Comprimidos - Bayer,Cuidados com o Cabelo,52,6,323
737,2024-10-22,Tuesday  ,22,10,4,2024,Borges,Fluoxetina 25mg - 30 Comprimidos - Eurofarma,Fitoterápicos,33,6,213
738,2024-10-22,Tuesday  ,22,10,4,2024,Borges,Vacina contra Osteoporose - Reforço,Antibióticos,43,10,432
739,2024-10-22,Tuesday  ,22,10,4,2024,Borges,Cefalexina 25mg - 30 Comprimidos - Neo Química (Genérico),Antitérmicos,48,5,248
740,2024-10-22,Tuesday  ,22,10,4,2024,Borges,Losartana Potássica 500mg - 20 Comprimidos - Medley (Genérico),Nutrição Infantil,52,5,277
741,2024-10-22,Tuesday  ,22,10,4,2024,Borges,Escitalopram Gotas 20ml - Eurofarma,Antibióticos,46,6,297
742,2024-10-22,Tuesday  ,22,10,4,2024,Borges,Vacina contra Câncer de Pulmão - Dose Única,Antialérgicos,40,8,346
743,2024-10-22,Tuesday  ,22,10,4,2024,Borges,Metformina Xarope 120ml - EMS (Genérico),Dermocosméticos,57,3,185
744,2025-03-27,Thursday ,27,3,1,2025,Barros,Creme Hidratante Panvel FPS 50,Genéricos,49,9,450
745,2025-03-27,Thursday ,27,3,1,2025,Barros,Escitalopram 1g - 10 Comprimidos - Medley (Genérico),Aparelhos Médicos,34,6,217
746,2025-03-27,Thursday ,27,3,1,2025,Barros,Azitromicina 50mg - 30 Comprimidos - EMS (Genérico),Antibióticos,60,3,193
747,2025-03-27,Thursday ,27,3,1,2025,Barros,Atenolol Xarope 120ml - EMS (Genérico),Analgésicos,59,4,266
748,2026-06-25,Thursday ,25,6,2,2026,Cassiano,Dipirona Sódica 1g - 10 Comprimidos - Bayer,Cuidados com o Cabelo,45,3,137
749,2026-06-25,Thursday ,25,6,2,2026,Cassiano,Vacina contra Hepatite B - Dose Única,Vacinas,55,4,247
750,2026-06-25,Thursday ,25,6,2,2026,Cassiano,Nimesulida Gotas 20ml - Bayer,Genéricos,60,6,419
751,2026-06-25,Thursday ,25,6,2,2026,Cassiano,Amoxicilina 500mg - 20 Comprimidos - Eurofarma,Dermocosméticos,41,5,230
752,2026-06-25,Thursday ,25,6,2,2026,Cassiano,Loratadina 1g - 10 Comprimidos - Aché,Dermocosméticos,30,2,72
753,2026-06-25,Thursday ,25,6,2,2026,Cassiano,Azitromicina Suspensão Oral 50ml - Neo Química (Genérico),Vacinas,46,5,247
754,2026-06-25,Thursday ,25,6,2,2026,Cassiano,Dipirona Sódica 1g - 10 Comprimidos - EMS (Genérico),Antibióticos,19,6,120
755,2026-06-25,Thursday ,25,6,2,2026,Cassiano,Azitromicina 1g - 10 Comprimidos - EMS (Genérico),Dermocosméticos,59,7,453
756,2025-10-26,Sunday   ,26,10,4,2025,Cassiano Rezende e Filhos,Vacina contra Pneumonia - Reforço,Produtos Ortopédicos,24,13,328
757,2025-10-26,Sunday   ,26,10,4,2025,Cassiano Rezende e Filhos,Protetor Solar Corporal Huggies 50 Metros,Homeopatia,53,6,335
758,2025-10-26,Sunday   ,26,10,4,2025,Cassiano Rezende e Filhos,Shampoo Anticaspa Colgate Tamanho G (32 un),Produtos Ortopédicos,51,3,171
759,2025-10-26,Sunday   ,26,10,4,2025,Cassiano Rezende e Filhos,Diclofenaco Xarope 120ml - Neo Química (Genérico),Primeiros Socorros,42,4,174
760,2025-10-26,Sunday   ,26,10,4,2025,Cassiano Rezende e Filhos,Escitalopram 25mg - 30 Comprimidos - EMS (Genérico),Homeopatia,19,12,238
761,2025-10-26,Sunday   ,26,10,4,2025,Cassiano Rezende e Filhos,Dipirona Sódica 1g - 10 Comprimidos - Bayer,Cuidados com o Cabelo,38,3,146
762,2025-10-26,Sunday   ,26,10,4,2025,Cassiano Rezende e Filhos,Leite em Pó Infantil Rexona 150ml,Analgésicos,12,20,243
763,2025-10-26,Sunday   ,26,10,4,2025,Cassiano Rezende e Filhos,Metformina 25mg - 30 Comprimidos - Medley (Genérico),Higiene Pessoal,30,9,297
764,2025-10-26,Sunday   ,26,10,4,2025,Cassiano Rezende e Filhos,Cefalexina Gotas 20ml - EMS (Genérico),Vitaminas e Suplementos,50,1,76
765,2025-10-26,Sunday   ,26,10,4,2025,Cassiano Rezende e Filhos,Metformina Xarope 120ml - Bayer,Aparelhos Médicos,22,11,250
766,2025-10-26,Sunday   ,26,10,4,2025,Cassiano Rezende e Filhos,Escitalopram Suspensão Oral 50ml - Bayer,Nutrição Infantil,23,5,137
767,2026-08-16,Sunday   ,16,8,3,2026,Farias e Filhos,Enalapril 500mg - 20 Comprimidos - Bayer,Nutrição Infantil,32,8,280
768,2026-08-16,Sunday   ,16,8,3,2026,Farias e Filhos,Enalapril 50mg - 30 Comprimidos - Eurofarma,Analgésicos,53,4,256
769,2026-08-16,Sunday   ,16,8,3,2026,Farias e Filhos,Leite em Pó Infantil Sempre Livre 400ml,Antialérgicos,53,1,74
770,2026-08-16,Sunday   ,16,8,3,2026,Farias e Filhos,Vacina contra Enxaqueca - Dose Única,Antitérmicos,52,4,229
771,2025-11-25,Tuesday  ,25,11,4,2025,Castro,Vacina contra Trombose - Reforço,Fitoterápicos,11,23,263
772,2025-11-25,Tuesday  ,25,11,4,2025,Castro,Tadalafila 25mg - 30 Comprimidos - Eurofarma,Antialérgicos,10,27,271
773,2025-11-25,Tuesday  ,25,11,4,2025,Castro,Vacina contra Zika - Dose Única,Primeiros Socorros,52,3,188
774,2025-11-25,Tuesday  ,25,11,4,2025,Castro,Atenolol Xarope 120ml - Aché,Fraldas e Infantis,48,2,124
775,2025-11-25,Tuesday  ,25,11,4,2025,Castro,Desodorante Aerosol Nivea 200ml,Primeiros Socorros,33,9,317
776,2025-11-25,Tuesday  ,25,11,4,2025,Castro,Soro Fisiológico Panvel 200ml,Dermocosméticos,22,9,210
777,2025-11-25,Tuesday  ,25,11,4,2025,Castro,Azitromicina Xarope 120ml - Medley (Genérico),Antibióticos,17,23,403
778,2025-11-25,Tuesday  ,25,11,4,2025,Castro,Condicionador Hidratação Dove 90g,Antitérmicos,50,4,204
779,2024-10-26,Saturday ,26,10,4,2024,Moura,Enalapril 1g - 10 Comprimidos - Aché,Homeopatia,32,5,160
780,2024-10-26,Saturday ,26,10,4,2024,Moura,Lenço Umedecido CeraVe 400ml,Cuidados com o Cabelo,39,4,176
781,2024-10-26,Saturday ,26,10,4,2024,Moura,Dipirona Sódica Xarope 120ml - EMS (Genérico),Aparelhos Médicos,38,3,138
782,2024-10-26,Saturday ,26,10,4,2024,Moura,Pantoprazol 50mg - 30 Comprimidos - Neo Química (Genérico),Vacinas,40,3,121
783,2024-10-26,Saturday ,26,10,4,2024,Moura,Hastes Flexíveis (Cotonetes) Listerine 200ml,Homeopatia,40,3,146
784,2024-10-26,Saturday ,26,10,4,2024,Moura,Ibuprofeno Xarope 120ml - Bayer,Higiene Pessoal,19,2,56
785,2024-10-26,Saturday ,26,10,4,2024,Moura,Vacina contra Esquizofrenia - Dose Única,Antialérgicos,35,4,144
786,2024-10-26,Saturday ,26,10,4,2024,Moura,Loratadina 25mg - 30 Comprimidos - Eurofarma,Nutrição Infantil,19,23,453
787,2025-01-24,Friday   ,24,1,1,2025,Porto,Paracetamol 50mg - 30 Comprimidos - Bayer,Antibióticos,34,8,289
788,2025-01-24,Friday   ,24,1,1,2025,Porto,Azitromicina 1g - 10 Comprimidos - EMS (Genérico),Dermocosméticos,39,10,412
789,2025-01-24,Friday   ,24,1,1,2025,Porto,Curativos (Band-Aid) CeraVe FPS 50,Nutrição Infantil,29,11,347
790,2026-04-19,Sunday   ,19,4,2,2026,Farias e Filhos,Sabonete Líquido Panvel 90g,Nutrição Infantil,14,6,97
791,2026-04-19,Sunday   ,19,4,2,2026,Farias e Filhos,Omeprazol 25mg - 30 Comprimidos - Bayer,Analgésicos,45,2,108
792,2026-04-19,Sunday   ,19,4,2,2026,Farias e Filhos,Sertralina Xarope 120ml - Medley (Genérico),Anti-inflamatórios,54,5,301
793,2025-04-30,Wednesday,30,4,2,2025,Cassiano Rezende e Filhos,Escitalopram Pomada 30g - Eurofarma,Anti-inflamatórios,47,6,325
794,2025-04-30,Wednesday,30,4,2,2025,Cassiano Rezende e Filhos,Sinvastatina Xarope 120ml - Eurofarma,Saúde Bucal,57,4,273
795,2025-04-30,Wednesday,30,4,2,2025,Cassiano Rezende e Filhos,Diclofenaco Pomada 30g - EMS (Genérico),Produtos Ortopédicos,17,8,138
796,2025-04-30,Wednesday,30,4,2,2025,Cassiano Rezende e Filhos,Sildenafila 1g - 10 Comprimidos - Eurofarma,Antidepressivos,60,1,106
797,2025-04-30,Wednesday,30,4,2,2025,Cassiano Rezende e Filhos,Clonazepam 50mg - 30 Comprimidos - Aché,Vitaminas e Suplementos,24,7,191
798,2025-04-30,Wednesday,30,4,2,2025,Cassiano Rezende e Filhos,Pantoprazol 50mg - 30 Comprimidos - Bayer,Saúde Bucal,21,13,288
799,2025-04-30,Wednesday,30,4,2,2025,Cassiano Rezende e Filhos,Sertralina 1g - 10 Comprimidos - Neo Química (Genérico),Aparelhos Médicos,60,3,229
800,2026-07-23,Thursday ,23,7,3,2026,Cirino,Losartana Potássica Gotas 20ml - Medley (Genérico),Antitérmicos,29,9,267
801,2026-07-23,Thursday ,23,7,3,2026,Cirino,Vacina contra Obesidade - Dose Única,Fraldas e Infantis,28,11,325
802,2026-07-23,Thursday ,23,7,3,2026,Cirino,Escitalopram Suspensão Oral 50ml - Eurofarma,Vitaminas e Suplementos,17,4,71
803,2026-07-23,Thursday ,23,7,3,2026,Cirino,Metformina Gotas 20ml - Bayer,Saúde Bucal,33,8,278
804,2026-07-23,Thursday ,23,7,3,2026,Cirino,Sildenafila 1g - 10 Comprimidos - Bayer,Antialérgicos,20,4,83
805,2026-07-23,Thursday ,23,7,3,2026,Cirino,Hastes Flexíveis (Cotonetes) Mió 150ml,Vitaminas e Suplementos,53,5,300
806,2026-07-23,Thursday ,23,7,3,2026,Cirino,Dipirona Sódica Xarope 120ml - Aché,Cuidados com o Cabelo,28,8,230
807,2026-07-23,Thursday ,23,7,3,2026,Cirino,Enxaguante Bucal Nivea 90g,Antibióticos,39,5,198
808,2026-07-23,Thursday ,23,7,3,2026,Cirino,Curativos (Band-Aid) CeraVe FPS 50,Nutrição Infantil,25,15,386
809,2026-04-21,Tuesday  ,21,4,2,2026,Marques e Filhos,Enxaguante Bucal CeraVe 50g,Cuidados com o Cabelo,46,3,154
810,2026-04-21,Tuesday  ,21,4,2,2026,Marques e Filhos,Condicionador Hidratação Rexona 90g,Vitaminas e Suplementos,57,4,261
811,2026-04-21,Tuesday  ,21,4,2,2026,Marques e Filhos,Condicionador Hidratação Dove 90g,Antitérmicos,42,5,213
812,2026-04-21,Tuesday  ,21,4,2,2026,Marques e Filhos,Enalapril Suspensão Oral 50ml - Neo Química (Genérico),Cuidados com o Cabelo,23,13,317
813,2026-04-21,Tuesday  ,21,4,2,2026,Marques e Filhos,Escitalopram 500mg - 20 Comprimidos - Medley (Genérico),Fitoterápicos,48,6,304
814,2026-04-21,Tuesday  ,21,4,2,2026,Marques e Filhos,Omeprazol Gotas 20ml - Bayer,Antidepressivos,32,4,138
815,2026-04-21,Tuesday  ,21,4,2,2026,Marques e Filhos,Loratadina Xarope 120ml - EMS (Genérico),Homeopatia,29,15,447
816,2026-04-21,Tuesday  ,21,4,2,2026,Marques e Filhos,Clonazepam Gotas 20ml - Eurofarma,Antialérgicos,47,4,190
817,2026-04-21,Tuesday  ,21,4,2,2026,Marques e Filhos,Sinvastatina Gotas 20ml - Medley (Genérico),Dermocosméticos,15,11,174
818,2026-04-21,Tuesday  ,21,4,2,2026,Marques e Filhos,Dipirona Sódica 1g - 10 Comprimidos - Bayer,Cuidados com o Cabelo,25,5,134
819,2026-04-21,Tuesday  ,21,4,2,2026,Marques e Filhos,Protetor Solar Corporal Needs 90g,Produtos Ortopédicos,30,13,390
820,2026-04-21,Tuesday  ,21,4,2,2026,Marques e Filhos,Dipirona Sódica 1g - 10 Comprimidos - EMS (Genérico),Antibióticos,51,2,116
821,2025-01-19,Sunday   ,19,1,1,2025,Garcia,Absorvente com Abas Clear 150ml,Aparelhos Médicos,10,28,285
822,2025-01-19,Sunday   ,19,1,1,2025,Garcia,Paracetamol Xarope 120ml - Neo Química (Genérico),Higiene Pessoal,18,15,277
823,2025-02-12,Wednesday,12,2,1,2025,Vieira,Vacina contra Câncer de Próstata - Dose Única,Dermocosméticos,49,6,295
824,2025-02-12,Wednesday,12,2,1,2025,Vieira,Nimesulida Xarope 120ml - Medley (Genérico),Antidepressivos,12,19,236
825,2025-02-12,Wednesday,12,2,1,2025,Vieira,Fralda Descartável Colgate 50 Metros,Antidepressivos,38,10,390
826,2025-04-13,Sunday   ,13,4,2,2025,Garcia,Condicionador Hidratação G-Tech Tamanho G (32 un),Analgésicos,15,20,307
827,2025-04-13,Sunday   ,13,4,2,2025,Garcia,Vacina contra Gripe - Dose Única,Dermocosméticos,30,7,213
828,2025-04-13,Sunday   ,13,4,2,2025,Garcia,Sérum Vitamina C Rexona 200ml,Vacinas,43,7,313
829,2025-04-13,Sunday   ,13,4,2,2025,Garcia,Cefalexina 500mg - 20 Comprimidos - Neo Química (Genérico),Produtos Ortopédicos,17,12,205
830,2025-04-13,Sunday   ,13,4,2,2025,Garcia,Atenolol 50mg - 30 Comprimidos - Neo Química (Genérico),Vitaminas e Suplementos,49,4,230
831,2025-04-13,Sunday   ,13,4,2,2025,Garcia,Azitromicina 25mg - 30 Comprimidos - Neo Química (Genérico),Higiene Pessoal,10,16,166
832,2025-04-13,Sunday   ,13,4,2,2025,Garcia,Ibuprofeno Gotas 20ml - Aché,Vacinas,49,4,200
833,2025-04-13,Sunday   ,13,4,2,2025,Garcia,Vacina contra Hipertireoidismo - Reforço,Antidepressivos,39,7,294
834,2026-02-03,Tuesday  ,3,2,1,2026,Montenegro Araújo S.A.,Condicionador Hidratação Johnson's FPS 50,Aparelhos Médicos,24,3,78
835,2026-02-03,Tuesday  ,3,2,1,2026,Montenegro Araújo S.A.,Vacina contra Epilepsia - Reforço,Antitérmicos,29,8,259
836,2026-02-03,Tuesday  ,3,2,1,2026,Montenegro Araújo S.A.,Sérum Vitamina C Mió 400ml,Antitérmicos,42,2,91
837,2026-02-03,Tuesday  ,3,2,1,2026,Montenegro Araújo S.A.,Creme Dental Clear 50g,Antidepressivos,47,5,265
838,2026-02-03,Tuesday  ,3,2,1,2026,Montenegro Araújo S.A.,Paracetamol Xarope 120ml - Medley (Genérico),Nutrição Infantil,12,13,167
839,2026-02-03,Tuesday  ,3,2,1,2026,Montenegro Araújo S.A.,Vacina contra Psoríase - Dose Única,Higiene Pessoal,48,4,210
840,2025-09-11,Thursday ,11,9,3,2025,Freitas Alves - EI,Dipirona Sódica 25mg - 30 Comprimidos - EMS (Genérico),Genéricos,49,4,197
841,2025-09-11,Thursday ,11,9,3,2025,Freitas Alves - EI,Condicionador Hidratação Vichy 90g,Vacinas,29,4,138
842,2025-09-11,Thursday ,11,9,3,2025,Freitas Alves - EI,Dipirona Sódica 1g - 10 Comprimidos - Bayer,Cuidados com o Cabelo,34,4,158
843,2025-09-11,Thursday ,11,9,3,2025,Freitas Alves - EI,Sildenafila 500mg - 20 Comprimidos - Eurofarma,Analgésicos,24,14,339
844,2025-09-11,Thursday ,11,9,3,2025,Freitas Alves - EI,Nimesulida 25mg - 30 Comprimidos - Aché,Dermocosméticos,25,10,264
845,2025-09-11,Thursday ,11,9,3,2025,Freitas Alves - EI,Vacina contra COVID-19 - Reforço,Primeiros Socorros,22,11,245
846,2025-09-11,Thursday ,11,9,3,2025,Freitas Alves - EI,Vacina contra Alzheimer - Reforço,Nutrição Infantil,39,4,175
847,2025-09-11,Thursday ,11,9,3,2025,Freitas Alves - EI,Termômetro Digital Vichy 50 Metros,Aparelhos Médicos,19,11,214
848,2025-09-11,Thursday ,11,9,3,2025,Freitas Alves - EI,Diclofenaco 25mg - 30 Comprimidos - Neo Química (Genérico),Anti-inflamatórios,49,1,88
849,2025-09-11,Thursday ,11,9,3,2025,Freitas Alves - EI,Lenço Umedecido G-Tech 500ml,Antidepressivos,10,20,205
850,2025-08-15,Friday   ,15,8,3,2025,Jesus Barbosa e Filhos,Sertralina 50mg - 30 Comprimidos - Neo Química (Genérico),Higiene Pessoal,25,2,52
851,2025-10-24,Friday   ,24,10,4,2025,Vasconcelos Vasconcelos S.A.,Fralda Descartável Colgate 50 Metros,Antidepressivos,32,13,419
852,2025-10-24,Friday   ,24,10,4,2025,Vasconcelos Vasconcelos S.A.,Sabonete Líquido Panvel 90g,Nutrição Infantil,29,3,100
853,2025-10-24,Friday   ,24,10,4,2025,Vasconcelos Vasconcelos S.A.,Escitalopram Suspensão Oral 50ml - EMS (Genérico),Vitaminas e Suplementos,14,16,237
854,2025-10-24,Friday   ,24,10,4,2025,Vasconcelos Vasconcelos S.A.,Vacina contra Asma - Dose Única,Higiene Pessoal,54,5,311
855,2025-10-24,Friday   ,24,10,4,2025,Vasconcelos Vasconcelos S.A.,Metformina Gotas 20ml - Bayer,Saúde Bucal,32,9,316
856,2025-10-24,Friday   ,24,10,4,2025,Vasconcelos Vasconcelos S.A.,Metformina 1g - 10 Comprimidos - Neo Química (Genérico),Aparelhos Médicos,32,8,278
857,2025-10-24,Friday   ,24,10,4,2025,Vasconcelos Vasconcelos S.A.,Metformina Xarope 120ml - Eurofarma,Antidepressivos,32,4,153
858,2025-10-24,Friday   ,24,10,4,2025,Vasconcelos Vasconcelos S.A.,Vacina contra Esquizofrenia - Reforço,Cuidados com o Cabelo,22,19,432
859,2025-10-24,Friday   ,24,10,4,2025,Vasconcelos Vasconcelos S.A.,Vacina contra Alzheimer - Reforço,Nutrição Infantil,25,7,190
860,2025-10-24,Friday   ,24,10,4,2025,Vasconcelos Vasconcelos S.A.,Vacina contra Hepatite B - Dose Única,Vacinas,21,13,287
861,2026-07-24,Friday   ,24,7,3,2026,Castro,Lenço Umedecido La Roche-Posay 50 Metros,Antidepressivos,39,7,296
862,2025-06-15,Sunday   ,15,6,2,2025,Mendes Ltda.,Clonazepam 25mg - 30 Comprimidos - Eurofarma,Cuidados com o Cabelo,24,11,283
863,2025-06-15,Sunday   ,15,6,2,2025,Mendes Ltda.,Creme Hidratante Dove 400ml,Higiene Pessoal,15,27,410
864,2025-06-15,Sunday   ,15,6,2,2025,Mendes Ltda.,Vacina contra Psoríase - Dose Única,Higiene Pessoal,25,8,217
865,2025-06-15,Sunday   ,15,6,2,2025,Mendes Ltda.,Vacina contra Diabetes Tipo 2 - Reforço,Primeiros Socorros,20,27,545
866,2025-06-15,Sunday   ,15,6,2,2025,Mendes Ltda.,Vacina contra Chikungunya - Dose Única,Vacinas,29,9,282
867,2025-06-15,Sunday   ,15,6,2,2025,Mendes Ltda.,Atenolol 50mg - 30 Comprimidos - Medley (Genérico),Anti-inflamatórios,18,15,281
868,2025-06-15,Sunday   ,15,6,2,2025,Mendes Ltda.,Amoxicilina Xarope 120ml - Bayer,Antibióticos,41,6,262
869,2025-06-15,Sunday   ,15,6,2,2025,Mendes Ltda.,Fluoxetina Xarope 120ml - Bayer,Antialérgicos,49,3,185
870,2025-06-15,Sunday   ,15,6,2,2025,Mendes Ltda.,Metformina 1g - 10 Comprimidos - Medley (Genérico),Antitérmicos,36,5,201
871,2025-03-23,Sunday   ,23,3,1,2025,Carvalho,Amoxicilina Pomada 30g - Eurofarma,Vitaminas e Suplementos,50,4,224
872,2025-03-23,Sunday   ,23,3,1,2025,Carvalho,Fralda Descartável Nivea FPS 70,Homeopatia,49,1,68
873,2025-03-23,Sunday   ,23,3,1,2025,Carvalho,Clonazepam 25mg - 30 Comprimidos - Bayer,Higiene Pessoal,22,8,197
874,2025-10-20,Monday   ,20,10,4,2025,Caldeira,Enalapril Gotas 20ml - Bayer,Antitérmicos,24,12,289
875,2025-10-20,Monday   ,20,10,4,2025,Caldeira,Omeprazol Suspensão Oral 50ml - Eurofarma,Anti-inflamatórios,35,5,195
876,2025-10-20,Monday   ,20,10,4,2025,Caldeira,Atenolol 50mg - 30 Comprimidos - Medley (Genérico),Anti-inflamatórios,18,17,310
877,2025-10-20,Monday   ,20,10,4,2025,Caldeira,Tadalafila Gotas 20ml - Medley (Genérico),Aparelhos Médicos,41,7,290
878,2025-10-20,Monday   ,20,10,4,2025,Caldeira,Omeprazol Suspensão Oral 50ml - EMS (Genérico),Saúde Bucal,60,2,151
879,2025-10-20,Monday   ,20,10,4,2025,Caldeira,Vacina contra Hipotensão - Reforço,Antidepressivos,13,30,399
880,2025-10-20,Monday   ,20,10,4,2025,Caldeira,Pomada para Assaduras Mió 500ml,Vacinas,23,12,278
881,2025-10-20,Monday   ,20,10,4,2025,Caldeira,Escitalopram Suspensão Oral 50ml - Bayer,Nutrição Infantil,46,2,127
882,2025-10-20,Monday   ,20,10,4,2025,Caldeira,Diclofenaco Pomada 30g - EMS (Genérico),Produtos Ortopédicos,27,4,130
883,2025-10-20,Monday   ,20,10,4,2025,Caldeira,Vacina contra Hepatite C - Dose Única,Cuidados com o Cabelo,44,7,335
884,2025-10-20,Monday   ,20,10,4,2025,Caldeira,Escitalopram 1g - 10 Comprimidos - Aché,Primeiros Socorros,13,7,97
885,2025-10-20,Monday   ,20,10,4,2025,Caldeira,Diclofenaco Xarope 120ml - Neo Química (Genérico),Primeiros Socorros,14,12,171
886,2025-06-11,Wednesday,11,6,2,2025,Nascimento Rocha - ME,Paracetamol 25mg - 30 Comprimidos - Medley (Genérico),Aparelhos Médicos,52,4,247
887,2025-06-11,Wednesday,11,6,2,2025,Nascimento Rocha - ME,Enxaguante Bucal Nivea 90g,Antibióticos,11,19,213
888,2025-06-11,Wednesday,11,6,2,2025,Nascimento Rocha - ME,Fio Dental Listerine Tamanho M (40 un),Cuidados com o Cabelo,12,16,203
889,2025-06-11,Wednesday,11,6,2,2025,Nascimento Rocha - ME,Hidroclorotiazida Xarope 120ml - EMS (Genérico),Antidepressivos,47,5,255
890,2025-06-11,Wednesday,11,6,2,2025,Nascimento Rocha - ME,Nimesulida Pomada 30g - Bayer,Antibióticos,29,3,96
891,2025-06-11,Wednesday,11,6,2,2025,Nascimento Rocha - ME,Pomada para Assaduras G-Tech FPS 50,Higiene Pessoal,38,6,264
892,2025-06-11,Wednesday,11,6,2,2025,Nascimento Rocha - ME,Sabonete em Barra Needs FPS 50,Cuidados com o Cabelo,40,7,309
893,2025-06-11,Wednesday,11,6,2,2025,Nascimento Rocha - ME,Ibuprofeno Xarope 120ml - Bayer,Higiene Pessoal,14,3,55
894,2025-06-11,Wednesday,11,6,2,2025,Nascimento Rocha - ME,Diclofenaco Xarope 120ml - Medley (Genérico),Primeiros Socorros,40,2,108
895,2025-10-13,Monday   ,13,10,4,2025,Mendonça - ME,Vacina contra Pneumonia - Reforço,Produtos Ortopédicos,55,6,348
896,2025-10-13,Monday   ,13,10,4,2025,Mendonça - ME,Pomada para Assaduras G-Tech FPS 50,Higiene Pessoal,34,7,257
897,2025-10-13,Monday   ,13,10,4,2025,Mendonça - ME,Ibuprofeno 1g - 10 Comprimidos - Neo Química (Genérico),Fraldas e Infantis,29,9,274
898,2025-10-13,Monday   ,13,10,4,2025,Mendonça - ME,Leite em Pó Infantil Sempre Livre 400ml,Antialérgicos,35,2,81
899,2025-10-13,Monday   ,13,10,4,2025,Mendonça - ME,Vacina contra Gastrite - Reforço,Antibióticos,40,10,410
900,2025-03-10,Monday   ,10,3,1,2025,Aparecida Rodrigues Ltda.,Creme Dental Sempre Livre FPS 50,Analgésicos,59,2,145
901,2025-03-10,Monday   ,10,3,1,2025,Aparecida Rodrigues Ltda.,Sertralina Suspensão Oral 50ml - Bayer,Antibióticos,39,5,216
902,2025-03-10,Monday   ,10,3,1,2025,Aparecida Rodrigues Ltda.,Álcool em Gel 70% CeraVe 150ml,Genéricos,28,6,183
903,2025-03-10,Monday   ,10,3,1,2025,Aparecida Rodrigues Ltda.,Atenolol 25mg - 30 Comprimidos - Neo Química (Genérico),Cuidados com o Cabelo,39,9,353
904,2025-03-10,Monday   ,10,3,1,2025,Aparecida Rodrigues Ltda.,Soro Fisiológico Sempre Livre 500ml,Higiene Pessoal,40,5,203
905,2025-03-10,Monday   ,10,3,1,2025,Aparecida Rodrigues Ltda.,Hidroclorotiazida 500mg - 20 Comprimidos - Eurofarma,Anti-inflamatórios,30,9,275
906,2025-03-10,Monday   ,10,3,1,2025,Aparecida Rodrigues Ltda.,Sinvastatina 1g - 10 Comprimidos - Eurofarma,Antidepressivos,19,4,90
907,2025-03-10,Monday   ,10,3,1,2025,Aparecida Rodrigues Ltda.,Desodorante Aerosol Nivea 200ml,Primeiros Socorros,27,11,319
908,2025-03-10,Monday   ,10,3,1,2025,Aparecida Rodrigues Ltda.,Vacina contra Refluxo - Reforço,Dermocosméticos,14,22,317
909,2026-06-08,Monday   ,8,6,2,2026,Novais - ME,Vacina contra Esquizofrenia - Reforço,Cuidados com o Cabelo,53,8,450
910,2026-06-08,Monday   ,8,6,2,2026,Novais - ME,Vacina contra Hepatite C - Reforço,Nutrição Infantil,10,17,174
911,2026-06-08,Monday   ,8,6,2,2026,Novais - ME,Escitalopram Suspensão Oral 50ml - Bayer,Nutrição Infantil,53,2,133
912,2026-06-08,Monday   ,8,6,2,2026,Novais - ME,Atenolol Xarope 120ml - EMS (Genérico),Analgésicos,49,5,252
913,2026-06-08,Monday   ,8,6,2,2026,Novais - ME,Álcool em Gel 70% Vichy 150ml,Saúde Bucal,58,2,125
914,2024-10-20,Sunday   ,20,10,4,2024,Moreira Vasconcelos e Filhos,Pantoprazol Pomada 30g - Medley (Genérico),Dermocosméticos,41,6,257
915,2024-10-20,Sunday   ,20,10,4,2024,Moreira Vasconcelos e Filhos,Vacina contra Arritmia - Reforço,Analgésicos,53,1,56
916,2024-10-20,Sunday   ,20,10,4,2024,Moreira Vasconcelos e Filhos,Ibuprofeno Gotas 20ml - Medley (Genérico),Antitérmicos,47,6,319
917,2024-10-20,Sunday   ,20,10,4,2024,Moreira Vasconcelos e Filhos,Loratadina 25mg - 30 Comprimidos - Neo Química (Genérico),Nutrição Infantil,59,5,322
918,2024-10-20,Sunday   ,20,10,4,2024,Moreira Vasconcelos e Filhos,Protetor Solar Corporal Needs 90g,Produtos Ortopédicos,60,5,354
919,2024-10-20,Sunday   ,20,10,4,2024,Moreira Vasconcelos e Filhos,Protetor Solar Corporal La Roche-Posay 90g,Aparelhos Médicos,57,4,232
920,2024-10-20,Sunday   ,20,10,4,2024,Moreira Vasconcelos e Filhos,Fluoxetina 25mg - 30 Comprimidos - Eurofarma,Fitoterápicos,27,7,199
921,2024-10-20,Sunday   ,20,10,4,2024,Moreira Vasconcelos e Filhos,Vacina contra Dermatite - Dose Única,Genéricos,50,8,442
922,2024-10-20,Sunday   ,20,10,4,2024,Moreira Vasconcelos e Filhos,Creme Dental Panvel 90g,Antitérmicos,56,3,205
923,2024-10-20,Sunday   ,20,10,4,2024,Moreira Vasconcelos e Filhos,Enalapril Gotas 20ml - EMS (Genérico),Homeopatia,18,14,262
924,2025-06-20,Friday   ,20,6,2,2025,Fogaça S/A,Cefalexina 500mg - 20 Comprimidos - Neo Química (Genérico),Produtos Ortopédicos,24,9,231
925,2025-06-20,Friday   ,20,6,2,2025,Fogaça S/A,Dipirona Sódica Xarope 120ml - Neo Química (Genérico),Antidepressivos,48,5,278
926,2025-06-20,Friday   ,20,6,2,2025,Fogaça S/A,Metformina Gotas 20ml - Bayer,Saúde Bucal,34,8,286
927,2025-10-19,Sunday   ,19,10,4,2025,Cunha,Diclofenaco Xarope 120ml - Neo Química (Genérico),Primeiros Socorros,57,2,170
928,2025-10-19,Sunday   ,19,10,4,2025,Cunha,Fralda Descartável Aptamil 200ml,Anti-inflamatórios,26,6,180
929,2025-10-19,Sunday   ,19,10,4,2025,Cunha,Shampoo Anticaspa CeraVe 500ml,Saúde Bucal,50,5,289
930,2025-10-19,Sunday   ,19,10,4,2025,Cunha,Pomada para Assaduras Dove FPS 70,Fraldas e Infantis,58,1,99
931,2025-10-19,Sunday   ,19,10,4,2025,Cunha,Nimesulida 1g - 10 Comprimidos - Aché,Vacinas,53,5,305
932,2025-10-19,Sunday   ,19,10,4,2025,Cunha,Pantoprazol 50mg - 30 Comprimidos - Neo Química (Genérico),Vacinas,14,8,117
933,2025-10-19,Sunday   ,19,10,4,2025,Cunha,Leite em Pó Infantil Rexona 150ml,Analgésicos,20,11,239
934,2025-10-19,Sunday   ,19,10,4,2025,Cunha,Nimesulida Suspensão Oral 50ml - Medley (Genérico),Saúde Bucal,58,3,201
935,2025-10-19,Sunday   ,19,10,4,2025,Cunha,Azitromicina Gotas 20ml - Eurofarma,Anti-inflamatórios,33,11,383
936,2025-10-19,Sunday   ,19,10,4,2025,Cunha,Clonazepam 1g - 10 Comprimidos - Neo Química (Genérico),Analgésicos,12,9,115
937,2025-10-19,Sunday   ,19,10,4,2025,Cunha,Pomada para Assaduras CeraVe 90g,Cuidados com o Cabelo,38,2,100
938,2025-02-10,Monday   ,10,2,1,2025,Ribeiro,Desodorante Roll-on Colgate 90g,Higiene Pessoal,27,7,190
939,2025-02-10,Monday   ,10,2,1,2025,Ribeiro,Lenço Umedecido Sempre Livre Tamanho G (32 un),Anti-inflamatórios,15,9,142
940,2026-09-04,Friday   ,4,9,3,2026,Cunha S.A.,Losartana Potássica 500mg - 20 Comprimidos - Neo Química (Genérico),Aparelhos Médicos,45,5,260
941,2026-09-04,Friday   ,4,9,3,2026,Cunha S.A.,Sabonete Líquido Vichy 500ml,Antitérmicos,29,13,402
942,2025-08-09,Saturday ,9,8,3,2025,Nunes,Vacina contra Tuberculose - Reforço,Fitoterápicos,59,4,260
943,2025-08-09,Saturday ,9,8,3,2025,Nunes,Escitalopram 25mg - 30 Comprimidos - Aché,Anti-inflamatórios,37,5,202
944,2025-08-09,Saturday ,9,8,3,2025,Nunes,Dipirona Sódica Xarope 120ml - Aché,Cuidados com o Cabelo,11,22,247
945,2025-08-09,Saturday ,9,8,3,2025,Nunes,Enalapril 500mg - 20 Comprimidos - Bayer,Nutrição Infantil,56,4,243
946,2025-08-09,Saturday ,9,8,3,2025,Nunes,Diclofenaco Xarope 120ml - Eurofarma,Aparelhos Médicos,40,4,183
947,2025-08-09,Saturday ,9,8,3,2025,Nunes,Fluoxetina Xarope 120ml - Medley (Genérico),Dermocosméticos,10,18,180
948,2025-08-09,Saturday ,9,8,3,2025,Nunes,Soro Fisiológico Johnson's Tamanho M (40 un),Primeiros Socorros,19,13,259
949,2025-08-09,Saturday ,9,8,3,2025,Nunes,Losartana Potássica 500mg - 20 Comprimidos - Medley (Genérico),Nutrição Infantil,41,7,309
950,2025-08-09,Saturday ,9,8,3,2025,Nunes,Metformina Suspensão Oral 50ml - Aché,Genéricos,55,6,357
951,2025-08-09,Saturday ,9,8,3,2025,Nunes,Paracetamol 1g - 10 Comprimidos - Aché,Primeiros Socorros,13,19,255
952,2025-08-09,Saturday ,9,8,3,2025,Nunes,Nimesulida 1g - 10 Comprimidos - Aché,Vacinas,32,9,294
953,2026-04-19,Sunday   ,19,4,2,2026,Nogueira - EI,Cefalexina 50mg - 30 Comprimidos - Eurofarma,Antibióticos,45,4,213
954,2026-04-19,Sunday   ,19,4,2,2026,Nogueira - EI,Protetor Solar Corporal Bepantol 50 Metros,Vitaminas e Suplementos,50,3,150
955,2026-04-19,Sunday   ,19,4,2,2026,Nogueira - EI,Loratadina 1g - 10 Comprimidos - Aché,Dermocosméticos,40,1,76
956,2026-04-19,Sunday   ,19,4,2,2026,Nogueira - EI,Lenço Umedecido Mió FPS 50,Saúde Bucal,47,5,262
957,2026-04-19,Sunday   ,19,4,2,2026,Nogueira - EI,Creme Dental Clear 50g,Antidepressivos,22,12,285
958,2024-11-04,Monday   ,4,11,4,2024,Barros,Clonazepam 1g - 10 Comprimidos - Neo Química (Genérico),Analgésicos,50,2,121
959,2024-11-04,Monday   ,4,11,4,2024,Barros,Sabonete em Barra Colgate Tamanho G (32 un),Fraldas e Infantis,46,4,212
960,2024-11-04,Monday   ,4,11,4,2024,Barros,Metformina 1g - 10 Comprimidos - Aché,Fraldas e Infantis,45,10,466
961,2024-11-04,Monday   ,4,11,4,2024,Barros,Pantoprazol Pomada 30g - Medley (Genérico),Dermocosméticos,41,6,258
962,2024-11-04,Monday   ,4,11,4,2024,Barros,Metformina Pomada 30g - Aché,Fraldas e Infantis,33,5,183
963,2024-11-04,Monday   ,4,11,4,2024,Barros,Sertralina Xarope 120ml - Eurofarma,Fraldas e Infantis,13,17,226
964,2024-11-04,Monday   ,4,11,4,2024,Barros,Sabonete em Barra Huggies 200ml,Antitérmicos,23,13,313
965,2024-11-04,Monday   ,4,11,4,2024,Barros,Pantoprazol 1g - 10 Comprimidos - Bayer,Cuidados com o Cabelo,37,9,336
966,2024-11-04,Monday   ,4,11,4,2024,Barros,Atenolol Xarope 120ml - Aché,Fraldas e Infantis,56,2,133
967,2024-11-04,Monday   ,4,11,4,2024,Barros,Lenço Umedecido Colgate FPS 50,Analgésicos,52,5,264
968,2024-11-04,Monday   ,4,11,4,2024,Barros,Metformina 1g - 10 Comprimidos - Medley (Genérico),Antitérmicos,30,7,226
969,2024-11-04,Monday   ,4,11,4,2024,Barros,Dipirona Sódica Gotas 20ml - Bayer,Antitérmicos,13,9,117
970,2025-03-06,Thursday ,6,3,1,2025,Carvalho Gomes S/A,Condicionador Hidratação Vichy 90g,Vacinas,48,3,152
971,2025-03-06,Thursday ,6,3,1,2025,Carvalho Gomes S/A,Fralda Descartável Aptamil 50 Metros,Dermocosméticos,37,9,348
972,2025-03-06,Thursday ,6,3,1,2025,Carvalho Gomes S/A,Cefalexina Gotas 20ml - Eurofarma,Saúde Bucal,35,7,261
973,2025-03-06,Thursday ,6,3,1,2025,Carvalho Gomes S/A,Paracetamol Xarope 120ml - Medley (Genérico),Nutrição Infantil,30,5,153
974,2025-03-06,Thursday ,6,3,1,2025,Carvalho Gomes S/A,Hidroclorotiazida Suspensão Oral 50ml - Bayer,Antidepressivos,35,1,64
975,2025-03-06,Thursday ,6,3,1,2025,Carvalho Gomes S/A,Vacina contra Epilepsia - Reforço,Antitérmicos,24,10,257
976,2025-03-06,Thursday ,6,3,1,2025,Carvalho Gomes S/A,Vacina contra Obesidade - Dose Única,Fraldas e Infantis,55,5,302
977,2025-03-06,Thursday ,6,3,1,2025,Carvalho Gomes S/A,Vacina contra Linfoma - Dose Única,Vitaminas e Suplementos,22,6,137
978,2025-03-06,Thursday ,6,3,1,2025,Carvalho Gomes S/A,Sildenafila 25mg - 30 Comprimidos - Medley (Genérico),Antialérgicos,10,15,153
979,2025-03-06,Thursday ,6,3,1,2025,Carvalho Gomes S/A,Diclofenaco Pomada 30g - EMS (Genérico),Produtos Ortopédicos,20,6,130
980,2025-03-06,Thursday ,6,3,1,2025,Carvalho Gomes S/A,Vacina contra Hepatite C - Reforço,Nutrição Infantil,44,4,182
981,2025-09-18,Thursday ,18,9,3,2025,Melo,Ibuprofeno 1g - 10 Comprimidos - Bayer,Anti-inflamatórios,49,3,176
982,2025-09-18,Thursday ,18,9,3,2025,Melo,Fio Dental Sempre Livre FPS 70,Saúde Bucal,29,6,198
983,2025-09-18,Thursday ,18,9,3,2025,Melo,Clonazepam 50mg - 30 Comprimidos - Aché,Vitaminas e Suplementos,20,9,188
984,2025-09-18,Thursday ,18,9,3,2025,Melo,Creme Hidratante G-Tech 150ml,Antidepressivos,50,2,145
985,2025-09-18,Thursday ,18,9,3,2025,Melo,Azitromicina Xarope 120ml - Medley (Genérico),Antibióticos,10,46,466
986,2025-09-18,Thursday ,18,9,3,2025,Melo,Losartana Potássica Pomada 30g - Bayer,Nutrição Infantil,48,6,317
987,2025-09-18,Thursday ,18,9,3,2025,Melo,Vacina contra Câncer de Mama - Dose Única,Cuidados com o Cabelo,40,3,121
988,2025-09-18,Thursday ,18,9,3,2025,Melo,Fio Dental Listerine Tamanho M (40 un),Cuidados com o Cabelo,51,4,221
989,2025-09-18,Thursday ,18,9,3,2025,Melo,Pomada para Assaduras Panvel 200ml,Primeiros Socorros,19,11,220
990,2025-09-18,Thursday ,18,9,3,2025,Melo,Atenolol Xarope 120ml - Aché,Fraldas e Infantis,33,3,128
991,2025-10-31,Friday   ,31,10,4,2025,Vasconcelos Vasconcelos S.A.,Nimesulida Xarope 120ml - Medley (Genérico),Antidepressivos,54,4,234
992,2025-10-31,Friday   ,31,10,4,2025,Vasconcelos Vasconcelos S.A.,Sabonete em Barra Colgate Tamanho G (32 un),Fraldas e Infantis,15,14,210
993,2025-10-31,Friday   ,31,10,4,2025,Vasconcelos Vasconcelos S.A.,Creme Dental Needs FPS 70,Antidepressivos,14,31,434
994,2026-09-05,Saturday ,5,9,3,2026,Cirino,Diclofenaco 50mg - 30 Comprimidos - Aché,Produtos Ortopédicos,49,4,214
995,2025-06-14,Saturday ,14,6,2,2025,Ribeiro,Amoxicilina 500mg - 20 Comprimidos - Eurofarma,Dermocosméticos,37,6,247
996,2025-06-14,Saturday ,14,6,2,2025,Ribeiro,Amoxicilina 500mg - 20 Comprimidos - EMS (Genérico),Saúde Bucal,52,9,482
997,2025-06-14,Saturday ,14,6,2,2025,Ribeiro,Diclofenaco 25mg - 30 Comprimidos - Medley (Genérico),Dermocosméticos,13,28,374
998,2025-06-14,Saturday ,14,6,2,2025,Ribeiro,Pomada para Assaduras CeraVe 90g,Cuidados com o Cabelo,29,3,112
999,2025-06-14,Saturday ,14,6,2,2025,Ribeiro,Losartana Potássica 25mg - 30 Comprimidos - EMS (Genérico),Nutrição Infantil,28,11,315
1000,2025-06-14,Saturday ,14,6,2,2025,Ribeiro,Curativos (Band-Aid) Clear FPS 50,Vacinas,40,7,292
1001,2025-06-14,Saturday ,14,6,2,2025,Ribeiro,Clonazepam 1g - 10 Comprimidos - Bayer,Antitérmicos,12,17,215
1002,2025-06-14,Saturday ,14,6,2,2025,Ribeiro,Vacina contra Infecção Urinária - Dose Única,Vitaminas e Suplementos,40,4,195
1003,2025-06-14,Saturday ,14,6,2,2025,Ribeiro,Escitalopram Suspensão Oral 50ml - Eurofarma,Vitaminas e Suplementos,26,2,62
1004,2025-06-14,Saturday ,14,6,2,2025,Ribeiro,Sabonete em Barra G-Tech 90g,Antibióticos,13,22,298
1005,2025-06-13,Friday   ,13,6,2,2025,da Cruz,Creme Hidratante Mió 90g,Nutrição Infantil,13,17,221
1006,2025-06-13,Friday   ,13,6,2,2025,da Cruz,Fluoxetina Gotas 20ml - Aché,Fraldas e Infantis,20,28,566
1007,2025-06-13,Friday   ,13,6,2,2025,da Cruz,Curativos (Band-Aid) G-Tech 90g,Aparelhos Médicos,39,7,273
1008,2025-06-13,Friday   ,13,6,2,2025,da Cruz,Ibuprofeno Xarope 120ml - Bayer,Higiene Pessoal,30,1,54
1009,2025-06-13,Friday   ,13,6,2,2025,da Cruz,Diclofenaco 500mg - 20 Comprimidos - Eurofarma,Antibióticos,57,6,391
1010,2025-01-08,Wednesday,8,1,1,2025,Peixoto - EI,Escitalopram 1g - 10 Comprimidos - Medley (Genérico),Aparelhos Médicos,15,16,242
1011,2025-01-08,Wednesday,8,1,1,2025,Peixoto - EI,Diclofenaco 1g - 10 Comprimidos - Neo Química (Genérico),Antialérgicos,34,10,367
1012,2025-01-08,Wednesday,8,1,1,2025,Peixoto - EI,Cefalexina 50mg - 30 Comprimidos - Eurofarma,Antibióticos,59,3,208
1013,2025-01-08,Wednesday,8,1,1,2025,Peixoto - EI,Pomada para Assaduras G-Tech FPS 50,Higiene Pessoal,41,6,263
1014,2025-01-08,Wednesday,8,1,1,2025,Peixoto - EI,Losartana Potássica Suspensão Oral 50ml - Medley (Genérico),Cuidados com o Cabelo,30,12,360
1015,2025-01-08,Wednesday,8,1,1,2025,Peixoto - EI,Metformina Gotas 20ml - Aché,Antidepressivos,18,20,371
1016,2025-01-08,Wednesday,8,1,1,2025,Peixoto - EI,Paracetamol Xarope 120ml - Neo Química (Genérico),Higiene Pessoal,60,4,264
1017,2025-01-08,Wednesday,8,1,1,2025,Peixoto - EI,Vacina contra Linfoma - Reforço,Nutrição Infantil,54,7,392
1018,2025-01-08,Wednesday,8,1,1,2025,Peixoto - EI,Clonazepam Pomada 30g - Medley (Genérico),Homeopatia,15,8,129
1019,2025-01-08,Wednesday,8,1,1,2025,Peixoto - EI,Escitalopram 25mg - 30 Comprimidos - Bayer,Aparelhos Médicos,36,8,289
1020,2024-11-20,Wednesday,20,11,4,2024,Barbosa - EI,Condicionador Hidratação Rexona 90g,Vitaminas e Suplementos,13,22,287
1021,2024-11-20,Wednesday,20,11,4,2024,Barbosa - EI,Nimesulida 1g - 10 Comprimidos - Eurofarma,Produtos Ortopédicos,37,5,202
1022,2024-11-20,Wednesday,20,11,4,2024,Barbosa - EI,Sabonete em Barra Colgate Tamanho G (32 un),Fraldas e Infantis,42,5,247
1023,2024-11-20,Wednesday,20,11,4,2024,Barbosa - EI,Curativos (Band-Aid) Pampers 400ml,Aparelhos Médicos,20,13,276
1024,2024-11-20,Wednesday,20,11,4,2024,Barbosa - EI,Metformina Pomada 30g - Bayer,Genéricos,15,12,185
1025,2024-11-20,Wednesday,20,11,4,2024,Barbosa - EI,Vacina contra Rinite - Dose Única,Aparelhos Médicos,48,5,266
1026,2024-11-20,Wednesday,20,11,4,2024,Barbosa - EI,Sertralina Gotas 20ml - Eurofarma,Cuidados com o Cabelo,42,6,293
1027,2024-11-20,Wednesday,20,11,4,2024,Barbosa - EI,Escitalopram Gotas 20ml - Neo Química (Genérico),Vitaminas e Suplementos,45,7,328
1028,2024-11-20,Wednesday,20,11,4,2024,Barbosa - EI,Nimesulida Xarope 120ml - Medley (Genérico),Antidepressivos,36,6,216
1029,2024-11-20,Wednesday,20,11,4,2024,Barbosa - EI,Diclofenaco Xarope 120ml - Neo Química (Genérico),Primeiros Socorros,36,4,163
1030,2024-11-20,Wednesday,20,11,4,2024,Barbosa - EI,Metformina Suspensão Oral 50ml - Medley (Genérico),Antidepressivos,44,6,265
1031,2024-10-29,Tuesday  ,29,10,4,2024,Câmara,Curativos (Band-Aid) Needs 400ml,Anti-inflamatórios,23,8,195
1032,2024-10-29,Tuesday  ,29,10,4,2024,Câmara,Vacina contra Depressão - Dose Única,Produtos Ortopédicos,42,12,517
1033,2024-10-29,Tuesday  ,29,10,4,2024,Câmara,Enalapril 500mg - 20 Comprimidos - EMS (Genérico),Saúde Bucal,57,5,295
1034,2024-10-29,Tuesday  ,29,10,4,2024,Câmara,Escitalopram Gotas 20ml - Eurofarma,Antibióticos,33,8,289
1035,2024-10-29,Tuesday  ,29,10,4,2024,Câmara,Azitromicina 50mg - 30 Comprimidos - EMS (Genérico),Antibióticos,47,4,212
1036,2025-10-09,Thursday ,9,10,4,2025,Oliveira,Pantoprazol Xarope 120ml - Eurofarma,Cuidados com o Cabelo,28,10,282
1037,2025-10-09,Thursday ,9,10,4,2025,Oliveira,Fio Dental Sempre Livre FPS 70,Saúde Bucal,40,4,182
1038,2025-10-09,Thursday ,9,10,4,2025,Oliveira,Protetor Solar Corporal Sempre Livre 50 Metros,Aparelhos Médicos,15,14,224
1039,2025-10-09,Thursday ,9,10,4,2025,Oliveira,Pantoprazol Pomada 30g - Neo Química (Genérico),Anti-inflamatórios,49,1,78
1040,2025-10-09,Thursday ,9,10,4,2025,Oliveira,Losartana Potássica Suspensão Oral 50ml - Medley (Genérico),Cuidados com o Cabelo,55,7,388
1041,2025-10-09,Thursday ,9,10,4,2025,Oliveira,Loratadina Xarope 120ml - Aché,Fraldas e Infantis,22,10,233
1042,2025-10-09,Thursday ,9,10,4,2025,Oliveira,Loratadina Xarope 120ml - Bayer,Cuidados com o Cabelo,24,12,296
1043,2025-10-09,Thursday ,9,10,4,2025,Oliveira,Paracetamol 1g - 10 Comprimidos - Aché,Primeiros Socorros,60,4,246
1044,2025-10-09,Thursday ,9,10,4,2025,Oliveira,Metformina Gotas 20ml - Bayer,Saúde Bucal,50,5,288
1045,2025-10-09,Thursday ,9,10,4,2025,Oliveira,Curativos (Band-Aid) Colgate FPS 50,Antibióticos,50,7,365
1046,2025-10-09,Thursday ,9,10,4,2025,Oliveira,Fralda Descartável G-Tech 200ml,Fitoterápicos,26,15,407
1047,2025-10-09,Thursday ,9,10,4,2025,Oliveira,Vacina contra Desnutrição - Dose Única,Homeopatia,34,2,95
1048,2026-04-23,Thursday ,23,4,2,2026,Carvalho,Protetor Solar Facial Pampers 90g,Antialérgicos,14,14,202
1049,2026-04-23,Thursday ,23,4,2,2026,Carvalho,Shampoo Anticaspa Rexona 90g,Nutrição Infantil,12,27,328
1050,2025-02-09,Sunday   ,9,2,1,2025,Oliveira,Atenolol 50mg - 30 Comprimidos - EMS (Genérico),Dermocosméticos,58,5,323
1051,2025-02-09,Sunday   ,9,2,1,2025,Oliveira,Desodorante Aerosol Nivea 200ml,Primeiros Socorros,25,12,315
1052,2025-02-09,Sunday   ,9,2,1,2025,Oliveira,Loratadina Gotas 20ml - EMS (Genérico),Antibióticos,52,6,353
1053,2025-02-09,Sunday   ,9,2,1,2025,Oliveira,Losartana Potássica 500mg - 20 Comprimidos - EMS (Genérico),Genéricos,22,14,317
1054,2025-02-09,Sunday   ,9,2,1,2025,Oliveira,Vacina contra Diabetes Tipo 1 - Reforço,Analgésicos,46,6,312
1055,2025-10-17,Friday   ,17,10,4,2025,Freitas,Hidroclorotiazida 50mg - 30 Comprimidos - EMS (Genérico),Analgésicos,38,4,187
1056,2025-10-17,Friday   ,17,10,4,2025,Freitas,Sinvastatina Pomada 30g - EMS (Genérico),Cuidados com o Cabelo,51,8,419
1057,2025-10-17,Friday   ,17,10,4,2025,Freitas,Vacina contra Diabetes Tipo 1 - Dose Única,Antidepressivos,18,19,352
1058,2025-10-17,Friday   ,17,10,4,2025,Freitas,Paracetamol 500mg - 20 Comprimidos - Neo Química (Genérico),Homeopatia,20,15,312
1059,2025-10-17,Friday   ,17,10,4,2025,Freitas,Vacina contra Gripe - Dose Única,Dermocosméticos,51,4,210
1060,2025-10-17,Friday   ,17,10,4,2025,Freitas,Condicionador Hidratação Vichy FPS 50,Saúde Bucal,28,11,333
1061,2025-10-17,Friday   ,17,10,4,2025,Freitas,Sildenafila 1g - 10 Comprimidos - Bayer,Antialérgicos,37,2,74
1062,2026-03-29,Sunday   ,29,3,1,2026,Novais - ME,Fluoxetina 50mg - 30 Comprimidos - Medley (Genérico),Fraldas e Infantis,29,10,302
1063,2026-03-29,Sunday   ,29,3,1,2026,Novais - ME,Pomada para Assaduras Dove FPS 70,Fraldas e Infantis,32,3,101
1064,2026-03-29,Sunday   ,29,3,1,2026,Novais - ME,Sildenafila 50mg - 30 Comprimidos - Aché,Antidepressivos,41,1,64
1065,2026-03-29,Sunday   ,29,3,1,2026,Novais - ME,Vacina contra Hepatite B - Dose Única,Vacinas,30,8,266
1066,2026-03-29,Sunday   ,29,3,1,2026,Novais - ME,Protetor Solar Facial Pampers 90g,Antialérgicos,16,14,239
1067,2025-10-23,Thursday ,23,10,4,2025,Abreu Montenegro Ltda.,Fralda Descartável Vichy 150ml,Homeopatia,49,1,62
1068,2025-10-23,Thursday ,23,10,4,2025,Abreu Montenegro Ltda.,Lenço Umedecido Aptamil FPS 50,Dermocosméticos,56,6,349
1069,2025-10-23,Thursday ,23,10,4,2025,Abreu Montenegro Ltda.,Vacina contra Obesidade - Dose Única,Fraldas e Infantis,49,6,299
1070,2025-10-23,Thursday ,23,10,4,2025,Abreu Montenegro Ltda.,Tadalafila Pomada 30g - Aché,Vitaminas e Suplementos,44,8,389
1071,2025-10-23,Thursday ,23,10,4,2025,Abreu Montenegro Ltda.,Vacina contra Embolia - Dose Única,Antibióticos,20,16,328
1072,2025-10-23,Thursday ,23,10,4,2025,Abreu Montenegro Ltda.,Azitromicina 50mg - 30 Comprimidos - Medley (Genérico),Homeopatia,50,7,366
1073,2025-10-23,Thursday ,23,10,4,2025,Abreu Montenegro Ltda.,Metformina 50mg - 30 Comprimidos - Bayer,Antialérgicos,32,7,254
1074,2025-10-23,Thursday ,23,10,4,2025,Abreu Montenegro Ltda.,Vacina contra Refluxo - Reforço,Dermocosméticos,30,10,303
1075,2025-10-23,Thursday ,23,10,4,2025,Abreu Montenegro Ltda.,Hidroclorotiazida 25mg - 30 Comprimidos - Medley (Genérico),Antitérmicos,54,2,158
1076,2025-10-23,Thursday ,23,10,4,2025,Abreu Montenegro Ltda.,Sertralina Xarope 120ml - Eurofarma,Fraldas e Infantis,28,8,234
1077,2025-10-23,Thursday ,23,10,4,2025,Abreu Montenegro Ltda.,Clonazepam Pomada 30g - Aché,Fraldas e Infantis,16,13,208
1078,2025-10-23,Thursday ,23,10,4,2025,Abreu Montenegro Ltda.,Loratadina 25mg - 30 Comprimidos - Eurofarma,Nutrição Infantil,42,9,401
1079,2025-03-23,Sunday   ,23,3,1,2025,da Cruz,Tadalafila Pomada 30g - EMS (Genérico),Anti-inflamatórios,11,25,281
1080,2025-03-23,Sunday   ,23,3,1,2025,da Cruz,Água Micelar Needs FPS 50,Genéricos,57,2,122
1081,2025-03-23,Sunday   ,23,3,1,2025,da Cruz,Nimesulida 500mg - 20 Comprimidos - Aché,Antidepressivos,13,18,242
1082,2025-03-23,Sunday   ,23,3,1,2025,da Cruz,Hastes Flexíveis (Cotonetes) Listerine 200ml,Homeopatia,52,2,146
1083,2025-03-23,Sunday   ,23,3,1,2025,da Cruz,Loratadina Suspensão Oral 50ml - Bayer,Homeopatia,23,9,222
1084,2025-03-23,Sunday   ,23,3,1,2025,da Cruz,Sabonete em Barra Colgate Tamanho G (32 un),Fraldas e Infantis,27,9,248
1085,2025-11-07,Friday   ,7,11,4,2025,Pastor,Curativos (Band-Aid) Nivea 500ml,Vacinas,34,5,198
1086,2025-11-07,Friday   ,7,11,4,2025,Pastor,Tadalafila 25mg - 30 Comprimidos - EMS (Genérico),Dermocosméticos,43,8,360
1087,2025-11-07,Friday   ,7,11,4,2025,Pastor,Vacina contra Parkinson - Dose Única,Fraldas e Infantis,50,3,190
1088,2025-11-07,Friday   ,7,11,4,2025,Pastor,Curativos (Band-Aid) Huggies 150ml,Vitaminas e Suplementos,23,10,231
1089,2025-11-07,Friday   ,7,11,4,2025,Pastor,Sabonete em Barra Aptamil 50 Metros,Higiene Pessoal,17,25,436
1090,2025-11-07,Friday   ,7,11,4,2025,Pastor,Atenolol 50mg - 30 Comprimidos - EMS (Genérico),Dermocosméticos,55,6,346
1091,2025-11-07,Friday   ,7,11,4,2025,Pastor,Losartana Potássica 25mg - 30 Comprimidos - EMS (Genérico),Nutrição Infantil,12,25,300
1092,2025-11-07,Friday   ,7,11,4,2025,Pastor,Azitromicina Gotas 20ml - Bayer,Fitoterápicos,52,8,423
1093,2025-11-07,Friday   ,7,11,4,2025,Pastor,Paracetamol 25mg - 30 Comprimidos - Aché,Antibióticos,35,4,151
1094,2025-11-07,Friday   ,7,11,4,2025,Pastor,Pantoprazol 1g - 10 Comprimidos - Medley (Genérico),Analgésicos,27,4,132
1095,2025-11-07,Friday   ,7,11,4,2025,Pastor,Hidroclorotiazida 25mg - 30 Comprimidos - Medley (Genérico),Antitérmicos,46,3,178
1096,2026-02-08,Sunday   ,8,2,1,2026,Cavalcanti Caldeira Ltda.,Sabonete em Barra Huggies 200ml,Antitérmicos,35,8,300
1097,2026-02-08,Sunday   ,8,2,1,2026,Cavalcanti Caldeira Ltda.,Diclofenaco 50mg - 30 Comprimidos - Eurofarma,Antidepressivos,32,7,244
1098,2026-02-08,Sunday   ,8,2,1,2026,Cavalcanti Caldeira Ltda.,Nimesulida 500mg - 20 Comprimidos - Aché,Antidepressivos,16,15,241
1099,2026-02-08,Sunday   ,8,2,1,2026,Cavalcanti Caldeira Ltda.,Tadalafila 25mg - 30 Comprimidos - EMS (Genérico),Dermocosméticos,23,16,390
1100,2026-02-08,Sunday   ,8,2,1,2026,Cavalcanti Caldeira Ltda.,Vacina contra Dengue - Dose Única,Vacinas,33,10,362
1101,2026-02-08,Sunday   ,8,2,1,2026,Cavalcanti Caldeira Ltda.,Omeprazol 25mg - 30 Comprimidos - Medley (Genérico),Nutrição Infantil,43,9,413
1102,2026-02-08,Sunday   ,8,2,1,2026,Cavalcanti Caldeira Ltda.,Vacina contra Úlcera - Dose Única,Fraldas e Infantis,36,9,333
1103,2026-02-08,Sunday   ,8,2,1,2026,Cavalcanti Caldeira Ltda.,Loratadina 500mg - 20 Comprimidos - EMS (Genérico),Cuidados com o Cabelo,33,5,193
1104,2026-02-08,Sunday   ,8,2,1,2026,Cavalcanti Caldeira Ltda.,Diclofenaco 25mg - 30 Comprimidos - Aché,Anti-inflamatórios,12,13,157
1105,2026-02-08,Sunday   ,8,2,1,2026,Cavalcanti Caldeira Ltda.,Loratadina 1g - 10 Comprimidos - Aché,Dermocosméticos,17,4,81
1106,2026-03-01,Sunday   ,1,3,1,2026,Gonçalves,Sildenafila 1g - 10 Comprimidos - Bayer,Antialérgicos,17,5,88
1107,2026-03-01,Sunday   ,1,3,1,2026,Gonçalves,Dipirona Sódica Xarope 120ml - Aché,Cuidados com o Cabelo,48,5,247
1108,2026-08-26,Wednesday,26,8,3,2026,Sousa - ME,Metformina 1g - 10 Comprimidos - Aché,Fraldas e Infantis,40,12,506
1109,2026-08-26,Wednesday,26,8,3,2026,Sousa - ME,Protetor Solar Corporal Rexona 150ml,Antibióticos,28,10,288
1110,2026-08-26,Wednesday,26,8,3,2026,Sousa - ME,Vacina contra Esquizofrenia - Reforço,Cuidados com o Cabelo,30,15,454
1111,2026-08-26,Wednesday,26,8,3,2026,Sousa - ME,Vacina contra Gota - Dose Única,Antidepressivos,40,9,397
1112,2026-08-26,Wednesday,26,8,3,2026,Sousa - ME,Nimesulida Xarope 120ml - Eurofarma,Dermocosméticos,51,7,370
1113,2026-08-26,Wednesday,26,8,3,2026,Sousa - ME,Diclofenaco 25mg - 30 Comprimidos - Aché,Anti-inflamatórios,30,5,153
1114,2026-08-26,Wednesday,26,8,3,2026,Sousa - ME,Cefalexina Gotas 20ml - EMS (Genérico),Vitaminas e Suplementos,15,5,75
1115,2026-08-26,Wednesday,26,8,3,2026,Sousa - ME,Leite em Pó Infantil Huggies 90g,Homeopatia,10,27,275
1116,2025-08-21,Thursday ,21,8,3,2025,Cardoso Teixeira Ltda.,Losartana Potássica Gotas 20ml - Medley (Genérico),Antitérmicos,28,9,266
1117,2025-08-21,Thursday ,21,8,3,2025,Cardoso Teixeira Ltda.,Protetor Solar Facial La Roche-Posay FPS 70,Antitérmicos,58,3,231
1118,2025-08-21,Thursday ,21,8,3,2025,Cardoso Teixeira Ltda.,Lenço Umedecido G-Tech 500ml,Antidepressivos,25,8,213
1119,2025-08-21,Thursday ,21,8,3,2025,Cardoso Teixeira Ltda.,Enxaguante Bucal Sempre Livre 400ml,Genéricos,23,5,129
1120,2025-08-21,Thursday ,21,8,3,2025,Cardoso Teixeira Ltda.,Metformina Pomada 30g - Aché,Fraldas e Infantis,57,3,181
1121,2025-08-21,Thursday ,21,8,3,2025,Cardoso Teixeira Ltda.,Protetor Solar Facial Panvel 200ml,Primeiros Socorros,29,12,352
1122,2025-08-21,Thursday ,21,8,3,2025,Cardoso Teixeira Ltda.,Pantoprazol 25mg - 30 Comprimidos - Aché,Homeopatia,24,10,252
1123,2025-08-21,Thursday ,21,8,3,2025,Cardoso Teixeira Ltda.,Losartana Potássica Gotas 20ml - Neo Química (Genérico),Analgésicos,15,3,49
1124,2025-08-21,Thursday ,21,8,3,2025,Cardoso Teixeira Ltda.,Diclofenaco Pomada 30g - EMS (Genérico),Produtos Ortopédicos,12,12,149
1125,2025-08-21,Thursday ,21,8,3,2025,Cardoso Teixeira Ltda.,Fio Dental Sempre Livre FPS 70,Saúde Bucal,20,10,203
1126,2026-06-29,Monday   ,29,6,2,2026,Macedo,Tadalafila 25mg - 30 Comprimidos - Aché,Antitérmicos,38,7,293
1127,2026-06-29,Monday   ,29,6,2,2026,Macedo,Hidroclorotiazida 50mg - 30 Comprimidos - Eurofarma,Saúde Bucal,13,15,204
1128,2026-06-29,Monday   ,29,6,2,2026,Macedo,Vacina contra Depressão - Dose Única,Produtos Ortopédicos,27,16,447
1129,2026-06-29,Monday   ,29,6,2,2026,Macedo,Metformina Pomada 30g - Bayer,Genéricos,14,11,161
1130,2026-06-29,Monday   ,29,6,2,2026,Macedo,Sertralina 1g - 10 Comprimidos - Neo Química (Genérico),Aparelhos Médicos,44,5,233
1131,2026-06-29,Monday   ,29,6,2,2026,Macedo,Vacina contra Dermatite - Reforço,Primeiros Socorros,38,5,219
1132,2026-06-29,Monday   ,29,6,2,2026,Macedo,Vacina contra Embolia - Reforço,Anti-inflamatórios,39,6,258
1133,2026-06-29,Monday   ,29,6,2,2026,Macedo,Curativos (Band-Aid) Huggies 150ml,Vitaminas e Suplementos,52,3,205
1134,2026-06-29,Monday   ,29,6,2,2026,Macedo,Fluoxetina 25mg - 30 Comprimidos - Eurofarma,Fitoterápicos,44,4,195
1135,2026-04-24,Friday   ,24,4,2,2026,Montenegro Araújo S.A.,Fluoxetina Gotas 20ml - Aché,Fraldas e Infantis,14,44,618
1136,2026-04-24,Friday   ,24,4,2,2026,Montenegro Araújo S.A.,Fluoxetina 50mg - 30 Comprimidos - EMS (Genérico),Vitaminas e Suplementos,23,3,83
1137,2026-04-24,Friday   ,24,4,2,2026,Montenegro Araújo S.A.,Nimesulida 25mg - 30 Comprimidos - Medley (Genérico),Antitérmicos,60,6,410
1138,2026-04-24,Friday   ,24,4,2,2026,Montenegro Araújo S.A.,Pantoprazol Pomada 30g - Eurofarma,Anti-inflamatórios,53,2,147
1139,2026-04-24,Friday   ,24,4,2,2026,Montenegro Araújo S.A.,Protetor Solar Corporal Sempre Livre 50 Metros,Aparelhos Médicos,16,13,210
1140,2026-04-24,Friday   ,24,4,2,2026,Montenegro Araújo S.A.,Protetor Solar Facial Pampers 90g,Antialérgicos,39,5,208
1141,2026-04-24,Friday   ,24,4,2,2026,Montenegro Araújo S.A.,Sabonete Líquido CeraVe 500ml,Fitoterápicos,19,14,275
1142,2026-04-24,Friday   ,24,4,2,2026,Montenegro Araújo S.A.,Vacina contra Epilepsia - Dose Única,Fitoterápicos,55,3,201
1143,2026-04-24,Friday   ,24,4,2,2026,Montenegro Araújo S.A.,Hidroclorotiazida 500mg - 20 Comprimidos - Eurofarma,Anti-inflamatórios,17,13,236
1144,2026-04-24,Friday   ,24,4,2,2026,Montenegro Araújo S.A.,Losartana Potássica 500mg - 20 Comprimidos - Bayer,Saúde Bucal,27,9,250
1145,2026-04-24,Friday   ,24,4,2,2026,Montenegro Araújo S.A.,Dipirona Sódica Xarope 120ml - Medley (Genérico),Nutrição Infantil,42,5,246
1146,2025-12-14,Sunday   ,14,12,4,2025,Duarte Correia S.A.,Vacina contra Epilepsia - Dose Única,Fitoterápicos,34,5,192
1147,2025-12-14,Sunday   ,14,12,4,2025,Duarte Correia S.A.,Nimesulida Suspensão Oral 50ml - Neo Química (Genérico),Produtos Ortopédicos,13,18,238
1148,2025-12-14,Sunday   ,14,12,4,2025,Duarte Correia S.A.,Água Micelar La Roche-Posay Tamanho M (40 un),Vitaminas e Suplementos,27,5,161
1149,2025-12-14,Sunday   ,14,12,4,2025,Duarte Correia S.A.,Enalapril 500mg - 20 Comprimidos - Medley (Genérico),Analgésicos,35,5,196
1150,2025-12-14,Sunday   ,14,12,4,2025,Duarte Correia S.A.,Ibuprofeno 50mg - 30 Comprimidos - Eurofarma,Antitérmicos,43,4,177
1151,2026-04-18,Saturday ,18,4,2,2026,Mendonça Dias S/A,Soro Fisiológico Rexona Tamanho G (32 un),Anti-inflamatórios,57,2,129
1152,2026-04-18,Saturday ,18,4,2,2026,Mendonça Dias S/A,Paracetamol Pomada 30g - Medley (Genérico),Antitérmicos,32,11,383
1153,2026-04-18,Saturday ,18,4,2,2026,Mendonça Dias S/A,Tadalafila Suspensão Oral 50ml - Bayer,Homeopatia,14,25,363
1154,2026-04-18,Saturday ,18,4,2,2026,Mendonça Dias S/A,Sabonete Líquido Huggies FPS 70,Antitérmicos,42,1,56
1155,2026-04-18,Saturday ,18,4,2,2026,Mendonça Dias S/A,Hastes Flexíveis (Cotonetes) Mió 150ml,Vitaminas e Suplementos,28,10,304
1156,2026-04-18,Saturday ,18,4,2,2026,Mendonça Dias S/A,Dipirona Sódica Pomada 30g - EMS (Genérico),Antitérmicos,30,7,216
1157,2026-04-18,Saturday ,18,4,2,2026,Mendonça Dias S/A,Nimesulida 500mg - 20 Comprimidos - EMS (Genérico),Saúde Bucal,48,2,132
1158,2025-08-01,Friday   ,1,8,3,2025,Jesus e Filhos,Dipirona Sódica Pomada 30g - EMS (Genérico),Antitérmicos,55,3,197
1159,2025-08-01,Friday   ,1,8,3,2025,Jesus e Filhos,Vacina contra Embolia - Dose Única,Antibióticos,34,9,336
1160,2025-08-01,Friday   ,1,8,3,2025,Jesus e Filhos,Omeprazol Suspensão Oral 50ml - Eurofarma,Anti-inflamatórios,42,4,184
1161,2025-08-01,Friday   ,1,8,3,2025,Jesus e Filhos,Clonazepam Xarope 120ml - EMS (Genérico),Vacinas,55,2,124
1162,2025-08-01,Friday   ,1,8,3,2025,Jesus e Filhos,Leite em Pó Infantil Sempre Livre 400ml,Antialérgicos,40,1,73
1163,2025-04-23,Wednesday,23,4,2,2025,da Paz Pinto S.A.,Tadalafila Xarope 120ml - Aché,Antialérgicos,23,11,258
1164,2025-04-23,Wednesday,23,4,2,2025,da Paz Pinto S.A.,Vacina contra Gastrite - Reforço,Antibióticos,39,10,415
1165,2025-04-23,Wednesday,23,4,2,2025,da Paz Pinto S.A.,Sertralina Xarope 120ml - Eurofarma,Fraldas e Infantis,37,6,240
1166,2025-04-23,Wednesday,23,4,2,2025,da Paz Pinto S.A.,Água Micelar Sempre Livre 50g,Vacinas,36,5,183
1167,2025-04-23,Wednesday,23,4,2,2025,da Paz Pinto S.A.,Soro Fisiológico Nivea 50 Metros,Homeopatia,21,2,52
1168,2025-04-23,Wednesday,23,4,2,2025,da Paz Pinto S.A.,Sabonete Líquido Panvel 90g,Nutrição Infantil,20,5,102
1169,2025-04-23,Wednesday,23,4,2,2025,da Paz Pinto S.A.,Diclofenaco Gotas 20ml - Eurofarma,Produtos Ortopédicos,43,8,351
1170,2025-04-23,Wednesday,23,4,2,2025,da Paz Pinto S.A.,Atenolol Suspensão Oral 50ml - EMS (Genérico),Antidepressivos,16,13,211
1171,2025-04-23,Wednesday,23,4,2,2025,da Paz Pinto S.A.,Omeprazol 50mg - 30 Comprimidos - Neo Química (Genérico),Anti-inflamatórios,39,7,289
1172,2025-04-23,Wednesday,23,4,2,2025,da Paz Pinto S.A.,Losartana Potássica Xarope 120ml - EMS (Genérico),Dermocosméticos,39,5,211
1173,2025-04-23,Wednesday,23,4,2,2025,da Paz Pinto S.A.,Creme Hidratante G-Tech 150ml,Antidepressivos,40,3,158
1174,2025-04-23,Wednesday,23,4,2,2025,da Paz Pinto S.A.,Metformina Pomada 30g - Medley (Genérico),Saúde Bucal,60,2,159
1175,2025-06-13,Friday   ,13,6,2,2025,Santos,Enalapril Suspensão Oral 50ml - Eurofarma,Saúde Bucal,59,4,266
1176,2025-06-13,Friday   ,13,6,2,2025,Santos,Hastes Flexíveis (Cotonetes) Mió 150ml,Vitaminas e Suplementos,27,10,279
1177,2025-06-13,Friday   ,13,6,2,2025,Santos,Fluoxetina Xarope 120ml - Bayer,Antialérgicos,10,18,180
1178,2025-06-13,Friday   ,13,6,2,2025,Santos,Paracetamol Pomada 30g - Medley (Genérico),Antitérmicos,10,33,331
1179,2025-06-13,Friday   ,13,6,2,2025,Santos,Creme Hidratante G-Tech 150ml,Antidepressivos,44,3,158
1180,2025-06-13,Friday   ,13,6,2,2025,Santos,Vacina contra Câncer de Mama - Dose Única,Cuidados com o Cabelo,28,3,110
1181,2026-08-20,Thursday ,20,8,3,2026,Souza da Cunha Ltda.,Atenolol Xarope 120ml - EMS (Genérico),Analgésicos,20,13,266
1182,2026-08-20,Thursday ,20,8,3,2026,Souza da Cunha Ltda.,Vacina contra Trombose - Reforço,Fitoterápicos,32,9,295
1183,2026-08-20,Thursday ,20,8,3,2026,Souza da Cunha Ltda.,Condicionador Hidratação Huggies 400ml,Antialérgicos,42,3,147
1184,2025-07-31,Thursday ,31,7,3,2025,Sampaio,Protetor Solar Corporal Rexona 150ml,Antibióticos,58,4,257
1185,2025-07-31,Thursday ,31,7,3,2025,Sampaio,Dipirona Sódica 1g - 10 Comprimidos - EMS (Genérico),Antibióticos,28,4,113
1186,2025-07-31,Thursday ,31,7,3,2025,Sampaio,Fralda Descartável Nivea FPS 70,Homeopatia,20,3,73
1187,2025-07-31,Thursday ,31,7,3,2025,Sampaio,Sinvastatina Xarope 120ml - Eurofarma,Saúde Bucal,18,14,269
1188,2025-07-31,Thursday ,31,7,3,2025,Sampaio,Escitalopram Suspensão Oral 50ml - Bayer,Nutrição Infantil,35,3,131
1189,2025-07-31,Thursday ,31,7,3,2025,Sampaio,Condicionador Hidratação Johnson's FPS 50,Aparelhos Médicos,45,1,79
1190,2025-07-31,Thursday ,31,7,3,2025,Sampaio,Sinvastatina Gotas 20ml - Medley (Genérico),Dermocosméticos,54,3,198
1191,2025-07-31,Thursday ,31,7,3,2025,Sampaio,Metformina Xarope 120ml - Bayer,Aparelhos Médicos,50,5,258
1192,2025-07-31,Thursday ,31,7,3,2025,Sampaio,Cefalexina Gotas 20ml - EMS (Genérico),Vitaminas e Suplementos,30,2,76
1193,2025-08-08,Friday   ,8,8,3,2025,Costa,Diclofenaco 1g - 10 Comprimidos - Eurofarma,Anti-inflamatórios,53,2,142
1194,2025-08-08,Friday   ,8,8,3,2025,Costa,Fluoxetina Gotas 20ml - Medley (Genérico),Aparelhos Médicos,46,9,432
1195,2026-03-16,Monday   ,16,3,1,2026,Novais,Vacina contra Asma - Dose Única,Higiene Pessoal,45,6,301
1196,2026-03-16,Monday   ,16,3,1,2026,Novais,Curativos (Band-Aid) Colgate FPS 50,Antibióticos,34,10,366
1197,2026-05-10,Sunday   ,10,5,2,2026,Porto,Pomada para Assaduras Dove FPS 70,Fraldas e Infantis,11,9,101
1198,2026-05-10,Sunday   ,10,5,2,2026,Porto,Vacina contra Hipertireoidismo - Reforço,Antidepressivos,22,13,286
1199,2026-05-10,Sunday   ,10,5,2,2026,Porto,Vacina contra Pneumonia - Reforço,Produtos Ortopédicos,16,21,343
1200,2026-05-10,Sunday   ,10,5,2,2026,Porto,Vacina contra Dermatite - Reforço,Primeiros Socorros,11,19,216
1201,2026-05-10,Sunday   ,10,5,2,2026,Porto,Losartana Potássica Gotas 20ml - Neo Química (Genérico),Analgésicos,45,1,57
1202,2026-05-10,Sunday   ,10,5,2,2026,Porto,Metformina 1g - 10 Comprimidos - Bayer,Genéricos,31,6,207
1203,2026-05-10,Sunday   ,10,5,2,2026,Porto,Vacina contra Hipertensão - Reforço,Antibióticos,42,5,224
1204,2025-04-27,Sunday   ,27,4,2,2025,Souza da Cunha Ltda.,Loratadina Xarope 120ml - EMS (Genérico),Homeopatia,19,20,385
1205,2025-04-27,Sunday   ,27,4,2,2025,Souza da Cunha Ltda.,Sabonete Líquido Panvel 90g,Nutrição Infantil,21,4,97
1206,2025-04-27,Sunday   ,27,4,2,2025,Souza da Cunha Ltda.,Protetor Solar Corporal Needs Tamanho M (40 un),Antibióticos,31,12,377
1207,2025-04-27,Sunday   ,27,4,2,2025,Souza da Cunha Ltda.,Condicionador Hidratação Needs Tamanho M (40 un),Genéricos,45,5,267
1208,2025-04-27,Sunday   ,27,4,2,2025,Souza da Cunha Ltda.,Protetor Solar Corporal Bepantol FPS 70,Homeopatia,15,17,262
1209,2025-04-27,Sunday   ,27,4,2,2025,Souza da Cunha Ltda.,Vacina contra Hipotensão - Reforço,Antidepressivos,28,13,385
1210,2025-04-27,Sunday   ,27,4,2,2025,Souza da Cunha Ltda.,Tadalafila 1g - 10 Comprimidos - Aché,Primeiros Socorros,14,17,251
1211,2025-04-27,Sunday   ,27,4,2,2025,Souza da Cunha Ltda.,Lenço Umedecido CeraVe 400ml,Cuidados com o Cabelo,57,3,183
1212,2024-12-21,Saturday ,21,12,4,2024,Cunha,Vacina contra Depressão - Reforço,Dermocosméticos,26,10,282
1213,2025-05-03,Saturday ,3,5,2,2025,Jesus Barbosa e Filhos,Diclofenaco 25mg - 30 Comprimidos - Neo Química (Genérico),Anti-inflamatórios,11,8,96
1214,2025-05-03,Saturday ,3,5,2,2025,Jesus Barbosa e Filhos,Sabonete em Barra Huggies 200ml,Antitérmicos,44,7,340
1215,2025-05-03,Saturday ,3,5,2,2025,Jesus Barbosa e Filhos,Soro Fisiológico Bepantol Tamanho M (40 un),Analgésicos,12,27,333
1216,2024-11-03,Sunday   ,3,11,4,2024,Mendes Ltda.,Água Micelar Needs FPS 50,Genéricos,23,5,126
1217,2026-03-12,Thursday ,12,3,1,2026,Barbosa - EI,Leite em Pó Infantil Sempre Livre 400ml,Antialérgicos,20,3,73
1218,2026-03-12,Thursday ,12,3,1,2026,Barbosa - EI,Dipirona Sódica Pomada 30g - EMS (Genérico),Antitérmicos,53,3,211
1219,2025-03-06,Thursday ,6,3,1,2025,Ferreira,Loratadina 500mg - 20 Comprimidos - EMS (Genérico),Cuidados com o Cabelo,11,16,182
1220,2025-03-06,Thursday ,6,3,1,2025,Ferreira,Tadalafila Suspensão Oral 50ml - EMS (Genérico),Vacinas,48,6,288
1221,2025-03-06,Thursday ,6,3,1,2025,Ferreira,Cefalexina 25mg - 30 Comprimidos - Neo Química (Genérico),Antitérmicos,35,7,252
1222,2025-03-06,Thursday ,6,3,1,2025,Ferreira,Curativos (Band-Aid) Nivea 500ml,Vacinas,36,5,206
1223,2025-03-06,Thursday ,6,3,1,2025,Ferreira,Enxaguante Bucal CeraVe 50g,Cuidados com o Cabelo,59,2,159
1224,2025-03-06,Thursday ,6,3,1,2025,Ferreira,Loratadina 50mg - 30 Comprimidos - Eurofarma,Higiene Pessoal,36,2,94
1225,2025-03-06,Thursday ,6,3,1,2025,Ferreira,Creme Dental Panvel 90g,Antitérmicos,39,4,182
1226,2025-03-06,Thursday ,6,3,1,2025,Ferreira,Paracetamol 25mg - 30 Comprimidos - Medley (Genérico),Aparelhos Médicos,34,8,273
1227,2025-03-06,Thursday ,6,3,1,2025,Ferreira,Clonazepam Xarope 120ml - EMS (Genérico),Vacinas,20,5,108
1228,2025-03-06,Thursday ,6,3,1,2025,Ferreira,Atenolol Pomada 30g - Medley (Genérico),Aparelhos Médicos,49,6,299
1229,2025-03-06,Thursday ,6,3,1,2025,Ferreira,Enalapril Suspensão Oral 50ml - Eurofarma,Saúde Bucal,28,9,273
1230,2025-03-06,Thursday ,6,3,1,2025,Ferreira,Cefalexina Suspensão Oral 50ml - Medley (Genérico),Vacinas,51,1,55
1231,2025-01-26,Sunday   ,26,1,1,2025,Borges,Condicionador Hidratação Nivea 50g,Fraldas e Infantis,42,5,242
1232,2025-01-26,Sunday   ,26,1,1,2025,Borges,Curativos (Band-Aid) Clear FPS 50,Vacinas,49,5,282
1233,2025-01-26,Sunday   ,26,1,1,2025,Borges,Dipirona Sódica Gotas 20ml - Eurofarma,Produtos Ortopédicos,37,3,146
1234,2025-01-26,Sunday   ,26,1,1,2025,Borges,Escitalopram Suspensão Oral 50ml - Eurofarma,Vitaminas e Suplementos,34,2,71
1235,2025-01-26,Sunday   ,26,1,1,2025,Borges,Diclofenaco 500mg - 20 Comprimidos - Eurofarma,Antibióticos,28,14,398
1236,2025-01-26,Sunday   ,26,1,1,2025,Borges,Tadalafila 1g - 10 Comprimidos - Aché,Primeiros Socorros,57,5,294
1237,2025-01-26,Sunday   ,26,1,1,2025,Borges,Pantoprazol 50mg - 30 Comprimidos - Neo Química (Genérico),Vacinas,37,3,120
1238,2025-01-26,Sunday   ,26,1,1,2025,Borges,Desodorante Aerosol Rexona FPS 70,Genéricos,54,3,196
1239,2025-01-26,Sunday   ,26,1,1,2025,Borges,Clonazepam 1g - 10 Comprimidos - Bayer,Antitérmicos,16,13,208
1240,2025-01-26,Sunday   ,26,1,1,2025,Borges,Atenolol 500mg - 20 Comprimidos - Eurofarma,Primeiros Socorros,33,14,477
1241,2025-01-26,Sunday   ,26,1,1,2025,Borges,Losartana Potássica Pomada 30g - Medley (Genérico),Antialérgicos,47,4,195
1242,2025-01-26,Sunday   ,26,1,1,2025,Borges,Dipirona Sódica 50mg - 30 Comprimidos - EMS (Genérico),Saúde Bucal,39,6,269
1243,2026-07-11,Saturday ,11,7,3,2026,Pastor,Vacina contra Dengue - Dose Única,Vacinas,36,10,375
1244,2026-07-11,Saturday ,11,7,3,2026,Pastor,Vacina contra Diabetes Tipo 1 - Reforço,Analgésicos,51,7,357
1245,2026-07-11,Saturday ,11,7,3,2026,Pastor,Termômetro Digital Vichy 50 Metros,Aparelhos Médicos,27,8,233
1246,2026-07-11,Saturday ,11,7,3,2026,Pastor,Vacina contra Gripe - Dose Única,Dermocosméticos,14,13,195
1247,2026-07-11,Saturday ,11,7,3,2026,Pastor,Atenolol Gotas 20ml - Neo Química (Genérico),Nutrição Infantil,25,15,393
1248,2026-07-11,Saturday ,11,7,3,2026,Pastor,Atenolol 500mg - 20 Comprimidos - Medley (Genérico),Aparelhos Médicos,26,10,284
1249,2026-07-11,Saturday ,11,7,3,2026,Pastor,Sildenafila 1g - 10 Comprimidos - Neo Química (Genérico),Anti-inflamatórios,54,3,210
1250,2026-07-11,Saturday ,11,7,3,2026,Pastor,Loratadina 25mg - 30 Comprimidos - Aché,Analgésicos,48,9,449
1251,2026-07-11,Saturday ,11,7,3,2026,Pastor,Paracetamol 50mg - 30 Comprimidos - Medley (Genérico),Nutrição Infantil,37,3,143
1252,2026-07-11,Saturday ,11,7,3,2026,Pastor,Paracetamol 25mg - 30 Comprimidos - Medley (Genérico),Aparelhos Médicos,36,7,266
1253,2025-07-24,Thursday ,24,7,3,2025,Martins,Escitalopram Gotas 20ml - EMS (Genérico),Antialérgicos,57,5,332
1254,2025-07-24,Thursday ,24,7,3,2025,Martins,Pantoprazol 1g - 10 Comprimidos - EMS (Genérico),Antialérgicos,13,19,253
1255,2025-07-24,Thursday ,24,7,3,2025,Martins,Fio Dental Listerine Tamanho M (40 un),Cuidados com o Cabelo,13,17,223
1256,2025-07-24,Thursday ,24,7,3,2025,Martins,Nimesulida 50mg - 30 Comprimidos - EMS (Genérico),Anti-inflamatórios,52,6,332
1257,2025-07-24,Thursday ,24,7,3,2025,Martins,Dipirona Sódica Pomada 30g - EMS (Genérico),Antitérmicos,49,3,189
1258,2025-07-24,Thursday ,24,7,3,2025,Martins,Dipirona Sódica Gotas 20ml - Bayer,Antitérmicos,55,2,121
1259,2025-07-24,Thursday ,24,7,3,2025,Martins,Azitromicina Xarope 120ml - EMS (Genérico),Genéricos,16,16,263
1260,2025-07-24,Thursday ,24,7,3,2025,Martins,Losartana Potássica 50mg - 30 Comprimidos - Medley (Genérico),Antialérgicos,10,22,227
1261,2025-07-24,Thursday ,24,7,3,2025,Martins,Creme Hidratante Listerine 500ml,Saúde Bucal,33,7,242
1262,2025-07-24,Thursday ,24,7,3,2025,Martins,Vacina contra Epilepsia - Dose Única,Fitoterápicos,57,3,182
1263,2025-07-24,Thursday ,24,7,3,2025,Martins,Sildenafila Xarope 120ml - Eurofarma,Antialérgicos,22,11,255
1264,2026-06-09,Tuesday  ,9,6,2,2026,Costa,Ibuprofeno Suspensão Oral 50ml - Medley (Genérico),Homeopatia,40,6,253
1265,2026-06-09,Tuesday  ,9,6,2,2026,Costa,Metformina 25mg - 30 Comprimidos - Eurofarma,Antibióticos,28,14,405
1266,2026-06-09,Tuesday  ,9,6,2,2026,Costa,Cefalexina 50mg - 30 Comprimidos - Aché,Aparelhos Médicos,50,5,278
1267,2026-06-09,Tuesday  ,9,6,2,2026,Costa,Tadalafila 500mg - 20 Comprimidos - Aché,Aparelhos Médicos,30,4,143
1268,2026-06-09,Tuesday  ,9,6,2,2026,Costa,Protetor Solar Corporal Bepantol 50 Metros,Vitaminas e Suplementos,23,6,141
1269,2026-06-09,Tuesday  ,9,6,2,2026,Costa,Nimesulida Suspensão Oral 50ml - Neo Química (Genérico),Produtos Ortopédicos,52,5,264
1270,2025-10-23,Thursday ,23,10,4,2025,Nunes,Nimesulida 1g - 10 Comprimidos - Aché,Vacinas,33,9,313
1271,2025-10-23,Thursday ,23,10,4,2025,Nunes,Losartana Potássica Suspensão Oral 50ml - Medley (Genérico),Cuidados com o Cabelo,57,5,334
1272,2025-10-23,Thursday ,23,10,4,2025,Nunes,Diclofenaco 1g - 10 Comprimidos - Neo Química (Genérico),Antialérgicos,38,9,351
1273,2025-10-23,Thursday ,23,10,4,2025,Nunes,Protetor Solar Corporal Sempre Livre 50 Metros,Aparelhos Médicos,28,7,207
1274,2025-10-23,Thursday ,23,10,4,2025,Nunes,Tadalafila 500mg - 20 Comprimidos - Aché,Aparelhos Médicos,58,2,136
1275,2025-10-23,Thursday ,23,10,4,2025,Nunes,Sérum Vitamina C Aptamil Tamanho M (40 un),Antibióticos,39,4,169
1276,2025-10-23,Thursday ,23,10,4,2025,Nunes,Água Micelar Colgate 50g,Fitoterápicos,38,9,342
1277,2025-10-23,Thursday ,23,10,4,2025,Nunes,Enxaguante Bucal Sempre Livre 400ml,Genéricos,20,6,126
1278,2025-10-23,Thursday ,23,10,4,2025,Nunes,Vacina contra Câncer de Pulmão - Dose Única,Antialérgicos,29,12,370
1279,2025-10-23,Thursday ,23,10,4,2025,Nunes,Amoxicilina Pomada 30g - Eurofarma,Vitaminas e Suplementos,44,6,264
1280,2025-09-09,Tuesday  ,9,9,3,2025,Sousa - ME,Vacina contra Insuficiência Renal - Reforço,Fitoterápicos,56,8,457
1281,2026-02-11,Wednesday,11,2,1,2026,Nogueira S/A,Enalapril Gotas 20ml - Medley (Genérico),Dermocosméticos,51,2,141
1282,2026-02-11,Wednesday,11,2,1,2026,Nogueira S/A,Protetor Solar Corporal CeraVe Tamanho M (40 un),Fitoterápicos,18,5,104
1283,2026-02-11,Wednesday,11,2,1,2026,Nogueira S/A,Tadalafila 500mg - 20 Comprimidos - Aché,Aparelhos Médicos,44,3,134
1284,2026-02-11,Wednesday,11,2,1,2026,Nogueira S/A,Cefalexina 500mg - 20 Comprimidos - Neo Química (Genérico),Produtos Ortopédicos,12,15,191
1285,2026-02-11,Wednesday,11,2,1,2026,Nogueira S/A,Omeprazol 50mg - 30 Comprimidos - Bayer,Vitaminas e Suplementos,37,4,180
1286,2026-02-11,Wednesday,11,2,1,2026,Nogueira S/A,Desodorante Roll-on Colgate 90g,Higiene Pessoal,57,3,197
1287,2026-02-11,Wednesday,11,2,1,2026,Nogueira S/A,Sérum Vitamina C Listerine FPS 70,Antialérgicos,36,9,348
1288,2026-07-19,Sunday   ,19,7,3,2026,da Costa Leão - EI,Fluoxetina 500mg - 20 Comprimidos - Neo Química (Genérico),Antitérmicos,43,7,305
1289,2026-07-19,Sunday   ,19,7,3,2026,da Costa Leão - EI,Sabonete Líquido Panvel 90g,Nutrição Infantil,39,2,107
1290,2026-07-19,Sunday   ,19,7,3,2026,da Costa Leão - EI,Metformina 1g - 10 Comprimidos - Aché,Fraldas e Infantis,48,9,468
1291,2026-07-19,Sunday   ,19,7,3,2026,da Costa Leão - EI,Amoxicilina Xarope 120ml - Bayer,Antibióticos,23,11,260
1292,2026-07-19,Sunday   ,19,7,3,2026,da Costa Leão - EI,Nimesulida Xarope 120ml - Eurofarma,Dermocosméticos,26,12,312
1293,2026-07-19,Sunday   ,19,7,3,2026,da Costa Leão - EI,Shampoo Anticaspa Mió 400ml,Homeopatia,28,10,285
1294,2026-07-19,Sunday   ,19,7,3,2026,da Costa Leão - EI,Vacina contra Esquizofrenia - Dose Única,Antialérgicos,45,3,162
1295,2026-07-19,Sunday   ,19,7,3,2026,da Costa Leão - EI,Fio Dental Sempre Livre FPS 70,Saúde Bucal,47,3,183
1296,2026-07-19,Sunday   ,19,7,3,2026,da Costa Leão - EI,Lenço Umedecido Colgate FPS 50,Analgésicos,13,20,265
1297,2026-07-19,Sunday   ,19,7,3,2026,da Costa Leão - EI,Hidroclorotiazida Gotas 20ml - Medley (Genérico),Aparelhos Médicos,54,9,486
1298,2026-07-19,Sunday   ,19,7,3,2026,da Costa Leão - EI,Cefalexina Pomada 30g - Aché,Anti-inflamatórios,53,1,98
1299,2024-11-25,Monday   ,25,11,4,2024,Nascimento Rocha - ME,Fluoxetina 1g - 10 Comprimidos - Eurofarma,Cuidados com o Cabelo,24,6,149
1300,2024-11-25,Monday   ,25,11,4,2024,Nascimento Rocha - ME,Hidroclorotiazida Xarope 120ml - EMS (Genérico),Antidepressivos,27,10,272
1301,2024-11-25,Monday   ,25,11,4,2024,Nascimento Rocha - ME,Vacina contra Depressão - Dose Única,Produtos Ortopédicos,10,44,449
1302,2024-11-25,Monday   ,25,11,4,2024,Nascimento Rocha - ME,Creme Hidratante Colgate 150ml,Anti-inflamatórios,49,6,322
1303,2024-11-25,Monday   ,25,11,4,2024,Nascimento Rocha - ME,Shampoo Anticaspa Mió 400ml,Homeopatia,20,13,274
1304,2024-11-25,Monday   ,25,11,4,2024,Nascimento Rocha - ME,Paracetamol Suspensão Oral 50ml - Bayer,Vitaminas e Suplementos,23,19,450
1305,2024-11-25,Monday   ,25,11,4,2024,Nascimento Rocha - ME,Azitromicina Suspensão Oral 50ml - Neo Química (Genérico),Vacinas,14,15,218
1306,2024-11-25,Monday   ,25,11,4,2024,Nascimento Rocha - ME,Loratadina Xarope 120ml - Bayer,Cuidados com o Cabelo,25,14,351
1307,2024-11-25,Monday   ,25,11,4,2024,Nascimento Rocha - ME,Sérum Vitamina C Huggies 90g,Saúde Bucal,22,15,334
1308,2024-11-25,Monday   ,25,11,4,2024,Nascimento Rocha - ME,Protetor Solar Corporal Huggies 50 Metros,Homeopatia,43,7,309
1309,2025-06-13,Friday   ,13,6,2,2025,Almeida e Filhos,Metformina Pomada 30g - Aché,Fraldas e Infantis,18,10,194
1310,2025-06-13,Friday   ,13,6,2,2025,Almeida e Filhos,Omeprazol Gotas 20ml - Bayer,Antidepressivos,27,5,135
1311,2025-06-13,Friday   ,13,6,2,2025,Almeida e Filhos,Metformina 1g - 10 Comprimidos - Medley (Genérico),Antitérmicos,29,7,226
1312,2025-06-13,Friday   ,13,6,2,2025,Almeida e Filhos,Metformina Gotas 20ml - Bayer,Saúde Bucal,60,4,298
1313,2025-06-13,Friday   ,13,6,2,2025,Almeida e Filhos,Pantoprazol Suspensão Oral 50ml - Neo Química (Genérico),Vitaminas e Suplementos,58,4,269
1314,2025-06-13,Friday   ,13,6,2,2025,Almeida e Filhos,Enalapril Suspensão Oral 50ml - Neo Química (Genérico),Cuidados com o Cabelo,60,5,322
1315,2025-06-13,Friday   ,13,6,2,2025,Almeida e Filhos,Vacina contra Zika - Dose Única,Primeiros Socorros,22,8,180
1316,2025-06-13,Friday   ,13,6,2,2025,Almeida e Filhos,Água Micelar Colgate 50g,Fitoterápicos,24,14,342
1317,2025-06-13,Friday   ,13,6,2,2025,Almeida e Filhos,Sérum Vitamina C Listerine Tamanho M (40 un),Genéricos,45,5,234
1318,2025-06-13,Friday   ,13,6,2,2025,Almeida e Filhos,Loratadina Xarope 120ml - EMS (Genérico),Homeopatia,43,8,372
1319,2026-01-13,Tuesday  ,13,1,1,2026,Sousa - ME,Pantoprazol 500mg - 20 Comprimidos - Bayer,Fitoterápicos,19,10,202
1320,2026-01-13,Tuesday  ,13,1,1,2026,Sousa - ME,Desodorante Roll-on Nivea FPS 70,Anti-inflamatórios,52,3,180
1321,2026-01-13,Tuesday  ,13,1,1,2026,Sousa - ME,Hidroclorotiazida Xarope 120ml - Bayer,Cuidados com o Cabelo,30,4,123
1322,2026-01-13,Tuesday  ,13,1,1,2026,Sousa - ME,Dipirona Sódica Gotas 20ml - Bayer,Antitérmicos,10,11,119
1323,2026-01-13,Tuesday  ,13,1,1,2026,Sousa - ME,Lenço Umedecido Colgate 50g,Homeopatia,36,5,192
1324,2026-01-13,Tuesday  ,13,1,1,2026,Sousa - ME,Tadalafila Pomada 30g - Aché,Vitaminas e Suplementos,30,12,383
1325,2026-01-13,Tuesday  ,13,1,1,2026,Sousa - ME,Omeprazol 50mg - 30 Comprimidos - EMS (Genérico),Fitoterápicos,28,16,468
1326,2025-06-16,Monday   ,16,6,2,2025,Pastor,Soro Fisiológico Johnson's Tamanho M (40 un),Primeiros Socorros,29,10,304
1327,2025-06-16,Monday   ,16,6,2,2025,Pastor,Sildenafila Xarope 120ml - Eurofarma,Antialérgicos,42,6,280
1328,2025-06-16,Monday   ,16,6,2,2025,Pastor,Pomada para Assaduras G-Tech Tamanho M (40 un),Genéricos,46,5,243
1329,2025-06-16,Monday   ,16,6,2,2025,Pastor,Metformina Pomada 30g - Aché,Fraldas e Infantis,58,3,182
1330,2025-06-16,Monday   ,16,6,2,2025,Pastor,Escitalopram 500mg - 20 Comprimidos - Medley (Genérico),Fitoterápicos,23,12,292
1331,2025-06-16,Monday   ,16,6,2,2025,Pastor,Paracetamol Gotas 20ml - Neo Química (Genérico),Anti-inflamatórios,11,25,280
1332,2025-06-16,Monday   ,16,6,2,2025,Pastor,Condicionador Hidratação G-Tech FPS 50,Produtos Ortopédicos,59,4,272
1333,2025-06-16,Monday   ,16,6,2,2025,Pastor,Sérum Vitamina C Rexona 200ml,Vacinas,21,15,329
1334,2025-06-16,Monday   ,16,6,2,2025,Pastor,Diclofenaco 50mg - 30 Comprimidos - Aché,Produtos Ortopédicos,22,10,234
1335,2025-06-16,Monday   ,16,6,2,2025,Pastor,Creme Hidratante Bepantol FPS 50,Dermocosméticos,46,5,261
1336,2025-06-16,Monday   ,16,6,2,2025,Pastor,Metformina Suspensão Oral 50ml - Aché,Genéricos,14,24,337
1337,2025-05-17,Saturday ,17,5,2,2025,Camargo da Rosa S.A.,Enalapril Pomada 30g - Eurofarma,Anti-inflamatórios,19,13,261
1338,2025-05-17,Saturday ,17,5,2,2025,Camargo da Rosa S.A.,Vacina contra Parkinson - Dose Única,Fraldas e Infantis,23,8,184
1339,2025-05-17,Saturday ,17,5,2,2025,Camargo da Rosa S.A.,Amoxicilina Suspensão Oral 50ml - EMS (Genérico),Vacinas,56,6,348
1340,2025-05-17,Saturday ,17,5,2,2025,Camargo da Rosa S.A.,Fluoxetina 50mg - 30 Comprimidos - EMS (Genérico),Vitaminas e Suplementos,38,2,85
1341,2025-05-17,Saturday ,17,5,2,2025,Camargo da Rosa S.A.,Paracetamol 50mg - 30 Comprimidos - Medley (Genérico),Nutrição Infantil,37,3,130
1342,2025-05-17,Saturday ,17,5,2,2025,Camargo da Rosa S.A.,Paracetamol Suspensão Oral 50ml - Bayer,Vitaminas e Suplementos,30,15,475
1343,2025-05-17,Saturday ,17,5,2,2025,Camargo da Rosa S.A.,Omeprazol Suspensão Oral 50ml - Eurofarma,Anti-inflamatórios,42,4,189
1344,2025-05-17,Saturday ,17,5,2,2025,Camargo da Rosa S.A.,Paracetamol 500mg - 20 Comprimidos - EMS (Genérico),Vitaminas e Suplementos,46,5,256
1345,2025-02-21,Friday   ,21,2,1,2025,Oliveira S/A,Amoxicilina 25mg - 30 Comprimidos - Bayer,Vitaminas e Suplementos,60,2,177
1346,2025-02-21,Friday   ,21,2,1,2025,Oliveira S/A,Pantoprazol 50mg - 30 Comprimidos - Eurofarma,Nutrição Infantil,49,2,121
1347,2025-02-21,Friday   ,21,2,1,2025,Oliveira S/A,Losartana Potássica Pomada 30g - EMS (Genérico),Nutrição Infantil,32,8,272
1348,2025-02-21,Friday   ,21,2,1,2025,Oliveira S/A,Curativos (Band-Aid) Clear FPS 50,Vacinas,16,17,275
1349,2025-02-21,Friday   ,21,2,1,2025,Oliveira S/A,Sinvastatina Gotas 20ml - Medley (Genérico),Dermocosméticos,32,5,170
1350,2025-02-21,Friday   ,21,2,1,2025,Oliveira S/A,Sabonete Líquido Vichy 500ml,Antitérmicos,33,10,347
1351,2025-02-21,Friday   ,21,2,1,2025,Oliveira S/A,Sertralina Gotas 20ml - Aché,Dermocosméticos,59,3,182
1352,2025-02-21,Friday   ,21,2,1,2025,Oliveira S/A,Pantoprazol Suspensão Oral 50ml - Neo Química (Genérico),Vitaminas e Suplementos,57,4,240
1353,2025-02-21,Friday   ,21,2,1,2025,Oliveira S/A,Nimesulida 500mg - 20 Comprimidos - EMS (Genérico),Saúde Bucal,10,12,125
1354,2025-02-21,Friday   ,21,2,1,2025,Oliveira S/A,Água Micelar G-Tech FPS 70,Antibióticos,52,4,251
1355,2025-02-21,Friday   ,21,2,1,2025,Oliveira S/A,Vacina contra Esquizofrenia - Dose Única,Antialérgicos,35,4,164
1356,2025-02-21,Friday   ,21,2,1,2025,Oliveira S/A,Tadalafila Pomada 30g - Aché,Vitaminas e Suplementos,50,7,384
1357,2025-09-10,Wednesday,10,9,3,2025,Almeida e Filhos,Paracetamol Suspensão Oral 50ml - Bayer,Vitaminas e Suplementos,30,15,451
1358,2025-09-10,Wednesday,10,9,3,2025,Almeida e Filhos,Amoxicilina Pomada 30g - Eurofarma,Vitaminas e Suplementos,24,9,232
1359,2025-09-10,Wednesday,10,9,3,2025,Almeida e Filhos,Sérum Vitamina C Huggies 50 Metros,Nutrição Infantil,12,23,281
1360,2025-09-23,Tuesday  ,23,9,3,2025,Alves,Atenolol Gotas 20ml - Neo Química (Genérico),Nutrição Infantil,15,23,346
1361,2025-09-23,Tuesday  ,23,9,3,2025,Alves,Ibuprofeno 25mg - 30 Comprimidos - Bayer,Dermocosméticos,24,13,317
1362,2025-05-05,Monday   ,5,5,2,2025,da Paz Camargo - ME,Fluoxetina 50mg - 30 Comprimidos - EMS (Genérico),Vitaminas e Suplementos,51,1,81
1363,2025-05-05,Monday   ,5,5,2,2025,da Paz Camargo - ME,Atenolol 50mg - 30 Comprimidos - EMS (Genérico),Dermocosméticos,28,11,312
1364,2025-05-05,Monday   ,5,5,2,2025,da Paz Camargo - ME,Hidroclorotiazida 25mg - 30 Comprimidos - Medley (Genérico),Antitérmicos,43,4,172
1365,2025-05-05,Monday   ,5,5,2,2025,da Paz Camargo - ME,Fralda Descartável Nivea FPS 70,Homeopatia,10,6,65
1366,2025-05-05,Monday   ,5,5,2,2025,da Paz Camargo - ME,Ibuprofeno Suspensão Oral 50ml - Medley (Genérico),Homeopatia,21,12,260
1367,2025-05-05,Monday   ,5,5,2,2025,da Paz Camargo - ME,Enalapril 500mg - 20 Comprimidos - Eurofarma,Anti-inflamatórios,27,11,323
1368,2025-05-05,Monday   ,5,5,2,2025,da Paz Camargo - ME,Curativos (Band-Aid) Colgate FPS 50,Antibióticos,42,8,361
1369,2025-05-05,Monday   ,5,5,2,2025,da Paz Camargo - ME,Loratadina Xarope 120ml - Aché,Fraldas e Infantis,23,8,199
1370,2024-10-14,Monday   ,14,10,4,2024,Andrade,Soro Fisiológico Nivea 50 Metros,Homeopatia,44,1,61
1371,2024-10-14,Monday   ,14,10,4,2024,Andrade,Álcool em Gel 70% La Roche-Posay 50g,Antibióticos,54,4,220
1372,2024-10-14,Monday   ,14,10,4,2024,Andrade,Diclofenaco Pomada 30g - Medley (Genérico),Dermocosméticos,13,3,46
1373,2024-10-14,Monday   ,14,10,4,2024,Andrade,Shampoo Anticaspa CeraVe 500ml,Saúde Bucal,36,7,282
1374,2024-10-14,Monday   ,14,10,4,2024,Andrade,Hidroclorotiazida 50mg - 30 Comprimidos - EMS (Genérico),Analgésicos,11,18,200
1375,2024-10-14,Monday   ,14,10,4,2024,Andrade,Vacina contra Hipertireoidismo - Reforço,Antidepressivos,28,10,286
1376,2025-07-25,Friday   ,25,7,3,2025,Freitas - ME,Sérum Vitamina C Panvel 400ml,Fitoterápicos,13,31,414
1377,2025-07-25,Friday   ,25,7,3,2025,Freitas - ME,Fluoxetina 1g - 10 Comprimidos - Medley (Genérico),Produtos Ortopédicos,23,11,261
1378,2025-07-25,Friday   ,25,7,3,2025,Freitas - ME,Clonazepam 1g - 10 Comprimidos - Neo Química (Genérico),Analgésicos,49,2,127
1379,2025-07-25,Friday   ,25,7,3,2025,Freitas - ME,Azitromicina Xarope 120ml - Medley (Genérico),Antibióticos,42,10,454
1380,2025-07-25,Friday   ,25,7,3,2025,Freitas - ME,Loratadina Xarope 120ml - EMS (Genérico),Homeopatia,32,11,377
1381,2025-07-25,Friday   ,25,7,3,2025,Freitas - ME,Sertralina Suspensão Oral 50ml - Bayer,Antibióticos,58,3,207
1382,2025-07-25,Friday   ,25,7,3,2025,Freitas - ME,Leite em Pó Infantil Rexona 150ml,Analgésicos,41,5,236
1383,2026-05-25,Monday   ,25,5,2,2026,Farias e Filhos,Cefalexina Suspensão Oral 50ml - Medley (Genérico),Vacinas,15,3,54
1384,2026-05-25,Monday   ,25,5,2,2026,Farias e Filhos,Shampoo Anticaspa Colgate Tamanho G (32 un),Produtos Ortopédicos,22,7,158
1385,2026-05-25,Monday   ,25,5,2,2026,Farias e Filhos,Cefalexina Pomada 30g - Aché,Anti-inflamatórios,42,2,89
1386,2026-05-25,Monday   ,25,5,2,2026,Farias e Filhos,Desodorante Aerosol G-Tech 150ml,Antidepressivos,35,3,122
1387,2026-05-25,Monday   ,25,5,2,2026,Farias e Filhos,Sildenafila Xarope 120ml - Eurofarma,Antialérgicos,29,8,258
1388,2026-05-25,Monday   ,25,5,2,2026,Farias e Filhos,Dipirona Sódica Xarope 120ml - Medley (Genérico),Nutrição Infantil,38,5,214
1389,2026-05-25,Monday   ,25,5,2,2026,Farias e Filhos,Absorvente com Abas Rexona FPS 70,Fitoterápicos,52,4,231
1390,2026-05-25,Monday   ,25,5,2,2026,Farias e Filhos,Losartana Potássica 500mg - 20 Comprimidos - Eurofarma,Primeiros Socorros,13,12,161
1391,2026-05-25,Monday   ,25,5,2,2026,Farias e Filhos,Creme Hidratante Rexona 50 Metros,Saúde Bucal,40,5,222
1392,2024-11-06,Wednesday,6,11,4,2024,Silveira Ltda.,Paracetamol 50mg - 30 Comprimidos - Bayer,Antibióticos,35,8,302
1393,2024-11-06,Wednesday,6,11,4,2024,Silveira Ltda.,Vacina contra Osteoporose - Dose Única,Nutrição Infantil,47,11,536
1394,2024-11-06,Wednesday,6,11,4,2024,Silveira Ltda.,Dipirona Sódica Gotas 20ml - Eurofarma,Produtos Ortopédicos,43,3,147
1395,2024-11-06,Wednesday,6,11,4,2024,Silveira Ltda.,Sildenafila 500mg - 20 Comprimidos - Eurofarma,Analgésicos,58,5,322
1396,2024-11-06,Wednesday,6,11,4,2024,Silveira Ltda.,Fralda Descartável Aptamil 200ml,Anti-inflamatórios,39,4,182
1397,2024-11-06,Wednesday,6,11,4,2024,Silveira Ltda.,Loratadina 25mg - 30 Comprimidos - Neo Química (Genérico),Nutrição Infantil,48,6,328
1398,2024-11-06,Wednesday,6,11,4,2024,Silveira Ltda.,Pomada para Assaduras Needs FPS 50,Antialérgicos,38,3,126
1399,2024-11-06,Wednesday,6,11,4,2024,Silveira Ltda.,Loratadina Xarope 120ml - Aché,Fraldas e Infantis,54,3,199
1400,2024-11-06,Wednesday,6,11,4,2024,Silveira Ltda.,Pomada para Assaduras G-Tech FPS 50,Higiene Pessoal,44,6,291
1401,2026-03-25,Wednesday,25,3,1,2026,da Cruz,Omeprazol 50mg - 30 Comprimidos - EMS (Genérico),Fitoterápicos,10,44,446
1402,2026-03-25,Wednesday,25,3,1,2026,da Cruz,Vacina contra Linfoma - Dose Única,Vitaminas e Suplementos,32,4,137
1403,2026-03-25,Wednesday,25,3,1,2026,da Cruz,Sérum Vitamina C Listerine FPS 70,Antialérgicos,40,10,408
1404,2026-03-25,Wednesday,25,3,1,2026,da Cruz,Condicionador Hidratação Nivea 90g,Anti-inflamatórios,11,18,202
1405,2026-03-25,Wednesday,25,3,1,2026,da Cruz,Diclofenaco Suspensão Oral 50ml - EMS (Genérico),Higiene Pessoal,14,12,169
1406,2026-03-25,Wednesday,25,3,1,2026,da Cruz,Condicionador Hidratação Johnson's FPS 50,Aparelhos Médicos,49,1,86
1407,2026-03-25,Wednesday,25,3,1,2026,da Cruz,Omeprazol 500mg - 20 Comprimidos - EMS (Genérico),Vitaminas e Suplementos,37,7,283
1408,2025-03-09,Sunday   ,9,3,1,2025,Sá,Vacina contra Refluxo - Dose Única,Cuidados com o Cabelo,10,23,238
1409,2025-03-09,Sunday   ,9,3,1,2025,Sá,Losartana Potássica Gotas 20ml - Medley (Genérico),Antitérmicos,45,6,277
1410,2025-03-09,Sunday   ,9,3,1,2025,Sá,Enxaguante Bucal CeraVe 50g,Cuidados com o Cabelo,50,3,173
1411,2025-03-09,Sunday   ,9,3,1,2025,Sá,Sérum Vitamina C Aptamil Tamanho M (40 un),Antibióticos,28,5,154
1412,2025-03-09,Sunday   ,9,3,1,2025,Sá,Loratadina 500mg - 20 Comprimidos - EMS (Genérico),Cuidados com o Cabelo,25,7,180
1413,2026-08-09,Sunday   ,9,8,3,2026,Pastor,Azitromicina 500mg - 20 Comprimidos - Neo Química (Genérico),Antitérmicos,23,9,208
1414,2026-08-09,Sunday   ,9,8,3,2026,Pastor,Álcool em Gel 70% Clear 50g,Saúde Bucal,24,8,199
1415,2026-08-09,Sunday   ,9,8,3,2026,Pastor,Vacina contra Insuficiência Renal - Reforço,Fitoterápicos,52,9,471
1416,2026-08-09,Sunday   ,9,8,3,2026,Pastor,Vacina contra Epilepsia - Dose Única,Fitoterápicos,54,3,202
1417,2026-08-09,Sunday   ,9,8,3,2026,Pastor,Diclofenaco 1g - 10 Comprimidos - Neo Química (Genérico),Antialérgicos,24,14,354
1418,2026-08-09,Sunday   ,9,8,3,2026,Pastor,Hastes Flexíveis (Cotonetes) Listerine 200ml,Homeopatia,17,10,171
1419,2026-08-09,Sunday   ,9,8,3,2026,Pastor,Cefalexina Gotas 20ml - EMS (Genérico),Vitaminas e Suplementos,35,2,85
1420,2025-04-06,Sunday   ,6,4,2,2025,Alves Costa S.A.,Metformina 1g - 10 Comprimidos - Bayer,Genéricos,56,3,198
1421,2025-04-06,Sunday   ,6,4,2,2025,Alves Costa S.A.,Curativos (Band-Aid) G-Tech 90g,Aparelhos Médicos,23,11,253
1422,2025-04-06,Sunday   ,6,4,2,2025,Alves Costa S.A.,Enalapril Gotas 20ml - Medley (Genérico),Dermocosméticos,37,3,146
1423,2025-04-06,Sunday   ,6,4,2,2025,Alves Costa S.A.,Curativos (Band-Aid) Aptamil Tamanho G (32 un),Higiene Pessoal,58,3,207
1424,2025-04-06,Sunday   ,6,4,2,2025,Alves Costa S.A.,Losartana Potássica Suspensão Oral 50ml - Bayer,Saúde Bucal,54,4,253
1425,2025-04-06,Sunday   ,6,4,2,2025,Alves Costa S.A.,Soro Fisiológico Panvel Tamanho M (40 un),Fitoterápicos,21,16,342
1426,2025-04-06,Sunday   ,6,4,2,2025,Alves Costa S.A.,Escitalopram 50mg - 30 Comprimidos - Eurofarma,Cuidados com o Cabelo,45,3,154
1427,2025-04-06,Sunday   ,6,4,2,2025,Alves Costa S.A.,Dipirona Sódica Xarope 120ml - Medley (Genérico),Nutrição Infantil,32,7,227
1428,2025-01-18,Saturday ,18,1,1,2025,Nunes,Vacina contra Desnutrição - Dose Única,Homeopatia,20,4,98
1429,2025-01-18,Saturday ,18,1,1,2025,Nunes,Losartana Potássica 500mg - 20 Comprimidos - Medley (Genérico),Nutrição Infantil,55,5,287
1430,2026-06-08,Monday   ,8,6,2,2026,Rocha Borges - ME,Ibuprofeno Suspensão Oral 50ml - Medley (Genérico),Homeopatia,37,6,241
1431,2026-06-08,Monday   ,8,6,2,2026,Rocha Borges - ME,Vacina contra Gripe - Dose Única,Dermocosméticos,26,7,194
1432,2026-06-08,Monday   ,8,6,2,2026,Rocha Borges - ME,Vacina contra Infecção Urinária - Dose Única,Vitaminas e Suplementos,60,3,196
1433,2026-06-08,Monday   ,8,6,2,2026,Rocha Borges - ME,Metformina 25mg - 30 Comprimidos - Aché,Fraldas e Infantis,27,9,254
1434,2026-06-08,Monday   ,8,6,2,2026,Rocha Borges - ME,Atenolol 50mg - 30 Comprimidos - EMS (Genérico),Dermocosméticos,55,5,303
1435,2026-06-08,Monday   ,8,6,2,2026,Rocha Borges - ME,Condicionador Hidratação G-Tech Tamanho G (32 un),Analgésicos,32,8,272
1436,2026-06-08,Monday   ,8,6,2,2026,Rocha Borges - ME,Pantoprazol Pomada 30g - Neo Química (Genérico),Anti-inflamatórios,41,1,78
1437,2026-06-08,Monday   ,8,6,2,2026,Rocha Borges - ME,Fralda Descartável Vichy 150ml,Homeopatia,24,2,58
1438,2026-06-08,Monday   ,8,6,2,2026,Rocha Borges - ME,Pantoprazol 500mg - 20 Comprimidos - Medley (Genérico),Antialérgicos,41,4,174
1439,2026-06-08,Monday   ,8,6,2,2026,Rocha Borges - ME,Vacina contra Conjuntivite - Dose Única,Antidepressivos,30,7,215
1440,2026-06-08,Monday   ,8,6,2,2026,Rocha Borges - ME,Escitalopram 50mg - 30 Comprimidos - Eurofarma,Cuidados com o Cabelo,49,3,150
1441,2026-06-08,Monday   ,8,6,2,2026,Rocha Borges - ME,Tadalafila 25mg - 30 Comprimidos - Neo Química (Genérico),Saúde Bucal,23,14,326
1442,2026-08-28,Friday   ,28,8,3,2026,da Costa Leão - EI,Atenolol Suspensão Oral 50ml - EMS (Genérico),Antidepressivos,47,5,249
1443,2026-08-28,Friday   ,28,8,3,2026,da Costa Leão - EI,Cefalexina 1g - 10 Comprimidos - Eurofarma,Antialérgicos,44,6,276
1444,2026-08-28,Friday   ,28,8,3,2026,da Costa Leão - EI,Água Micelar Needs FPS 50,Genéricos,49,2,119
1445,2026-08-28,Friday   ,28,8,3,2026,da Costa Leão - EI,Clonazepam 25mg - 30 Comprimidos - Eurofarma,Cuidados com o Cabelo,35,9,332
1446,2026-08-28,Friday   ,28,8,3,2026,da Costa Leão - EI,Álcool em Gel 70% Aptamil FPS 50,Antibióticos,53,1,79
1447,2026-08-28,Friday   ,28,8,3,2026,da Costa Leão - EI,Clonazepam Pomada 30g - Aché,Fraldas e Infantis,44,4,188
1448,2026-08-28,Friday   ,28,8,3,2026,da Costa Leão - EI,Azitromicina 500mg - 20 Comprimidos - Neo Química (Genérico),Antitérmicos,26,9,236
1449,2026-08-28,Friday   ,28,8,3,2026,da Costa Leão - EI,Metformina 500mg - 20 Comprimidos - Eurofarma,Primeiros Socorros,59,4,259
1450,2024-10-04,Friday   ,4,10,4,2024,Sousa - ME,Loratadina 25mg - 30 Comprimidos - Eurofarma,Nutrição Infantil,30,15,462
1451,2024-10-04,Friday   ,4,10,4,2024,Sousa - ME,Lenço Umedecido Huggies Tamanho G (32 un),Dermocosméticos,50,7,364
1452,2024-10-04,Friday   ,4,10,4,2024,Sousa - ME,Hidroclorotiazida 500mg - 20 Comprimidos - Medley (Genérico),Saúde Bucal,15,8,128
1453,2024-10-04,Friday   ,4,10,4,2024,Sousa - ME,Loratadina 25mg - 30 Comprimidos - Neo Química (Genérico),Nutrição Infantil,58,5,307
1454,2024-10-04,Friday   ,4,10,4,2024,Sousa - ME,Álcool em Gel 70% CeraVe 150ml,Genéricos,20,8,177
1455,2024-10-04,Friday   ,4,10,4,2024,Sousa - ME,Losartana Potássica Gotas 20ml - Neo Química (Genérico),Analgésicos,23,2,53
1456,2024-10-04,Friday   ,4,10,4,2024,Sousa - ME,Sildenafila 50mg - 30 Comprimidos - Aché,Antidepressivos,33,2,72
1457,2024-10-04,Friday   ,4,10,4,2024,Sousa - ME,Diclofenaco Pomada 30g - EMS (Genérico),Produtos Ortopédicos,56,2,132
1458,2024-10-04,Friday   ,4,10,4,2024,Sousa - ME,Shampoo Anticaspa Johnson's FPS 70,Dermocosméticos,30,12,373
1459,2024-10-04,Friday   ,4,10,4,2024,Sousa - ME,Fluoxetina 50mg - 30 Comprimidos - Bayer,Saúde Bucal,40,6,270
1460,2026-01-14,Wednesday,14,1,1,2026,Nunes S.A.,Loratadina 50mg - 30 Comprimidos - Eurofarma,Higiene Pessoal,53,1,92
1461,2025-07-07,Monday   ,7,7,3,2025,da Cruz - ME,Sérum Vitamina C Pampers 400ml,Antidepressivos,60,3,186
1462,2025-07-07,Monday   ,7,7,3,2025,da Cruz - ME,Vacina contra Diabetes Tipo 1 - Reforço,Analgésicos,59,5,351
1463,2025-07-07,Monday   ,7,7,3,2025,da Cruz - ME,Sinvastatina Xarope 120ml - EMS (Genérico),Antitérmicos,42,7,304
1464,2025-07-07,Monday   ,7,7,3,2025,da Cruz - ME,Soro Fisiológico CeraVe 150ml,Homeopatia,14,18,261
1465,2025-07-07,Monday   ,7,7,3,2025,da Cruz - ME,Leite em Pó Infantil Rexona 150ml,Analgésicos,30,7,233
1466,2025-07-07,Monday   ,7,7,3,2025,da Cruz - ME,Shampoo Anticaspa Johnson's FPS 70,Dermocosméticos,54,6,365
1467,2026-07-22,Wednesday,22,7,3,2026,Pereira,Amoxicilina 1g - 10 Comprimidos - Aché,Produtos Ortopédicos,60,6,383
1468,2026-07-22,Wednesday,22,7,3,2026,Pereira,Nimesulida 500mg - 20 Comprimidos - EMS (Genérico),Saúde Bucal,11,11,124
1469,2026-07-22,Wednesday,22,7,3,2026,Pereira,Ibuprofeno 25mg - 30 Comprimidos - Bayer,Dermocosméticos,49,6,308
1470,2026-07-22,Wednesday,22,7,3,2026,Pereira,Loratadina Xarope 120ml - Aché,Fraldas e Infantis,44,4,214
1471,2026-07-22,Wednesday,22,7,3,2026,Pereira,Escitalopram 25mg - 30 Comprimidos - Neo Química (Genérico),Fraldas e Infantis,28,14,412
1472,2026-07-22,Wednesday,22,7,3,2026,Pereira,Sérum Vitamina C Clear FPS 70,Fraldas e Infantis,49,4,243
1473,2026-07-22,Wednesday,22,7,3,2026,Pereira,Hastes Flexíveis (Cotonetes) Listerine 200ml,Homeopatia,25,7,175
1474,2026-07-22,Wednesday,22,7,3,2026,Pereira,Termômetro Digital Vichy 50 Metros,Aparelhos Médicos,26,9,245
1475,2026-07-22,Wednesday,22,7,3,2026,Pereira,Metformina Pomada 30g - Bayer,Genéricos,60,2,172
1476,2025-04-05,Saturday ,5,4,2,2025,Camargo,Creme Hidratante La Roche-Posay FPS 50,Vacinas,13,4,61
1477,2025-04-05,Saturday ,5,4,2,2025,Camargo,Losartana Potássica 500mg - 20 Comprimidos - Medley (Genérico),Nutrição Infantil,12,26,318
1478,2025-04-05,Saturday ,5,4,2,2025,Camargo,Enalapril 500mg - 20 Comprimidos - EMS (Genérico),Saúde Bucal,60,4,282
1479,2026-02-13,Friday   ,13,2,1,2026,Freitas - ME,Sabonete em Barra Huggies 200ml,Antitérmicos,22,15,345
1480,2026-02-13,Friday   ,13,2,1,2026,Freitas - ME,Amoxicilina Xarope 120ml - Bayer,Antibióticos,25,10,261
1481,2026-02-13,Friday   ,13,2,1,2026,Freitas - ME,Nimesulida Pomada 30g - Bayer,Antibióticos,14,6,95
1482,2026-02-13,Friday   ,13,2,1,2026,Freitas - ME,Tadalafila Pomada 30g - EMS (Genérico),Anti-inflamatórios,54,4,258
1483,2026-02-13,Friday   ,13,2,1,2026,Freitas - ME,Vacina contra Hepatite C - Dose Única,Cuidados com o Cabelo,45,7,336
1484,2026-02-13,Friday   ,13,2,1,2026,Freitas - ME,Loratadina 25mg - 30 Comprimidos - Aché,Analgésicos,31,14,440
1485,2026-02-13,Friday   ,13,2,1,2026,Freitas - ME,Condicionador Hidratação Vichy FPS 50,Saúde Bucal,12,26,322
1486,2026-02-13,Friday   ,13,2,1,2026,Freitas - ME,Creme Dental Needs FPS 70,Antidepressivos,27,14,383
1487,2026-02-13,Friday   ,13,2,1,2026,Freitas - ME,Atenolol 50mg - 30 Comprimidos - Eurofarma,Higiene Pessoal,60,2,179
1488,2026-04-13,Monday   ,13,4,2,2026,Rios,Metformina 25mg - 30 Comprimidos - Medley (Genérico),Higiene Pessoal,36,7,272
1489,2026-04-13,Monday   ,13,4,2,2026,Rios,Paracetamol 50mg - 30 Comprimidos - Medley (Genérico),Nutrição Infantil,27,5,141
1490,2026-04-13,Monday   ,13,4,2,2026,Rios,Amoxicilina Suspensão Oral 50ml - EMS (Genérico),Vacinas,31,11,368
1491,2026-04-13,Monday   ,13,4,2,2026,Rios,Vacina contra Rinite - Dose Única,Aparelhos Médicos,43,6,261
1492,2026-04-13,Monday   ,13,4,2,2026,Rios,Vacina contra Diabetes Tipo 2 - Reforço,Primeiros Socorros,17,27,461
1493,2026-04-13,Monday   ,13,4,2,2026,Rios,Vacina contra Embolia - Dose Única,Antibióticos,32,9,315
1494,2026-04-13,Monday   ,13,4,2,2026,Rios,Cefalexina Xarope 120ml - Aché,Produtos Ortopédicos,33,10,338
1495,2025-01-25,Saturday ,25,1,1,2025,Souza da Cunha Ltda.,Cefalexina Suspensão Oral 50ml - Medley (Genérico),Vacinas,40,1,54
1496,2025-01-25,Saturday ,25,1,1,2025,Souza da Cunha Ltda.,Clonazepam Suspensão Oral 50ml - Medley (Genérico),Vitaminas e Suplementos,24,13,330
1497,2025-01-25,Saturday ,25,1,1,2025,Souza da Cunha Ltda.,Desodorante Aerosol G-Tech 150ml,Antidepressivos,41,2,104
1498,2025-01-25,Saturday ,25,1,1,2025,Souza da Cunha Ltda.,Atenolol Xarope 120ml - Aché,Fraldas e Infantis,20,6,133
1499,2025-01-25,Saturday ,25,1,1,2025,Souza da Cunha Ltda.,Metformina 25mg - 30 Comprimidos - Medley (Genérico),Higiene Pessoal,36,8,289
1500,2025-01-25,Saturday ,25,1,1,2025,Souza da Cunha Ltda.,Vacina contra Depressão - Reforço,Dermocosméticos,33,7,254
1501,2025-06-07,Saturday ,7,6,2,2025,Rodrigues,Paracetamol Gotas 20ml - Bayer,Genéricos,10,26,265
1502,2025-06-07,Saturday ,7,6,2,2025,Rodrigues,Vacina contra Zika - Dose Única,Primeiros Socorros,15,12,183
1503,2025-06-07,Saturday ,7,6,2,2025,Rodrigues,Losartana Potássica Suspensão Oral 50ml - Medley (Genérico),Cuidados com o Cabelo,27,14,386
1504,2025-06-07,Saturday ,7,6,2,2025,Rodrigues,Enalapril Pomada 30g - Eurofarma,Anti-inflamatórios,40,5,232
1505,2025-01-11,Saturday ,11,1,1,2025,da Rosa,Pantoprazol Gotas 20ml - Medley (Genérico),Fitoterápicos,41,6,246
1506,2025-01-11,Saturday ,11,1,1,2025,da Rosa,Tadalafila 50mg - 30 Comprimidos - EMS (Genérico),Antialérgicos,34,9,327
1507,2026-04-04,Saturday ,4,4,2,2026,Nunes,Termômetro Digital Vichy 50 Metros,Aparelhos Médicos,16,13,223
1508,2026-04-04,Saturday ,4,4,2,2026,Nunes,Dipirona Sódica Pomada 30g - EMS (Genérico),Antitérmicos,32,6,202
1509,2026-04-04,Saturday ,4,4,2,2026,Nunes,Paracetamol 500mg - 20 Comprimidos - Neo Química (Genérico),Homeopatia,46,6,281
1510,2026-04-04,Saturday ,4,4,2,2026,Nunes,Losartana Potássica 500mg - 20 Comprimidos - EMS (Genérico),Genéricos,47,6,298
1511,2026-04-04,Saturday ,4,4,2,2026,Nunes,Dipirona Sódica Gotas 20ml - Eurofarma,Produtos Ortopédicos,42,3,154
1512,2026-04-04,Saturday ,4,4,2,2026,Nunes,Água Micelar Needs FPS 50,Genéricos,32,4,131
1513,2026-04-04,Saturday ,4,4,2,2026,Nunes,Creme Dental Sempre Livre FPS 50,Analgésicos,29,5,160
1514,2026-04-04,Saturday ,4,4,2,2026,Nunes,Loratadina 50mg - 30 Comprimidos - Eurofarma,Higiene Pessoal,27,3,101
1515,2026-04-04,Saturday ,4,4,2,2026,Nunes,Hastes Flexíveis (Cotonetes) Johnson's 200ml,Higiene Pessoal,43,6,294
1516,2025-09-23,Tuesday  ,23,9,3,2025,Cardoso - ME,Escitalopram Pomada 30g - Eurofarma,Anti-inflamatórios,36,9,349
1517,2025-09-23,Tuesday  ,23,9,3,2025,Cardoso - ME,Dipirona Sódica Xarope 120ml - EMS (Genérico),Aparelhos Médicos,59,2,132
1518,2025-09-23,Tuesday  ,23,9,3,2025,Cardoso - ME,Hidroclorotiazida 1g - 10 Comprimidos - Aché,Analgésicos,24,11,275
1519,2025-09-23,Tuesday  ,23,9,3,2025,Cardoso - ME,Metformina Pomada 30g - EMS (Genérico),Produtos Ortopédicos,49,3,176
1520,2025-09-23,Tuesday  ,23,9,3,2025,Cardoso - ME,Curativos (Band-Aid) Nivea 150ml,Anti-inflamatórios,49,7,384
1521,2025-09-18,Thursday ,18,9,3,2025,Alves,Pomada para Assaduras G-Tech Tamanho M (40 un),Genéricos,47,5,278
1522,2025-09-18,Thursday ,18,9,3,2025,Alves,Azitromicina Gotas 20ml - Eurofarma,Anti-inflamatórios,42,9,401
1523,2025-09-18,Thursday ,18,9,3,2025,Alves,Vacina contra Câncer de Mama - Dose Única,Cuidados com o Cabelo,34,3,110
1524,2025-09-18,Thursday ,18,9,3,2025,Alves,Creme Hidratante Colgate 50g,Antibióticos,21,13,275
1525,2025-09-18,Thursday ,18,9,3,2025,Alves,Água Micelar Nivea 500ml,Homeopatia,33,8,284
1526,2025-09-18,Thursday ,18,9,3,2025,Alves,Vacina contra Dengue - Reforço,Analgésicos,13,13,169
1527,2025-09-18,Thursday ,18,9,3,2025,Alves,Paracetamol 1g - 10 Comprimidos - Bayer,Vacinas,47,2,106
1528,2025-09-18,Thursday ,18,9,3,2025,Alves,Sérum Vitamina C Listerine FPS 70,Antialérgicos,17,22,390
1529,2025-09-18,Thursday ,18,9,3,2025,Alves,Sérum Vitamina C Huggies 50 Metros,Nutrição Infantil,15,17,255
1530,2025-09-18,Thursday ,18,9,3,2025,Alves,Vacina contra Diabetes Tipo 1 - Dose Única,Antidepressivos,39,9,355
1531,2025-09-18,Thursday ,18,9,3,2025,Alves,Sildenafila Pomada 30g - Aché,Higiene Pessoal,56,3,213
1532,2026-08-20,Thursday ,20,8,3,2026,Ferreira,Escitalopram Xarope 120ml - Neo Química (Genérico),Vitaminas e Suplementos,29,15,445
1533,2026-08-20,Thursday ,20,8,3,2026,Ferreira,Hastes Flexíveis (Cotonetes) Pampers 500ml,Nutrição Infantil,55,2,156
1534,2026-08-20,Thursday ,20,8,3,2026,Ferreira,Creme Hidratante Bepantol FPS 50,Dermocosméticos,17,13,227
1535,2026-08-20,Thursday ,20,8,3,2026,Ferreira,Paracetamol Suspensão Oral 50ml - Aché,Antialérgicos,52,5,306
1536,2026-08-20,Thursday ,20,8,3,2026,Ferreira,Vacina contra Alzheimer - Reforço,Nutrição Infantil,14,13,194
1537,2026-08-20,Thursday ,20,8,3,2026,Ferreira,Dipirona Sódica 50mg - 30 Comprimidos - Medley (Genérico),Antibióticos,39,8,333
1538,2026-01-18,Sunday   ,18,1,1,2026,Cavalcanti,Pantoprazol Suspensão Oral 50ml - Neo Química (Genérico),Vitaminas e Suplementos,40,6,268
1539,2026-01-18,Sunday   ,18,1,1,2026,Cavalcanti,Ibuprofeno 1g - 10 Comprimidos - Neo Química (Genérico),Fraldas e Infantis,31,8,254
1540,2026-01-18,Sunday   ,18,1,1,2026,Cavalcanti,Protetor Solar Facial Panvel 200ml,Primeiros Socorros,30,10,306
1541,2026-01-18,Sunday   ,18,1,1,2026,Cavalcanti,Dipirona Sódica Pomada 30g - Bayer,Antidepressivos,60,7,437
1542,2026-01-18,Sunday   ,18,1,1,2026,Cavalcanti,Metformina Suspensão Oral 50ml - Aché,Genéricos,51,6,328
1543,2026-01-18,Sunday   ,18,1,1,2026,Cavalcanti,Vacina contra Infecção Urinária - Dose Única,Vitaminas e Suplementos,13,15,204
1544,2026-01-18,Sunday   ,18,1,1,2026,Cavalcanti,Paracetamol Xarope 120ml - Neo Química (Genérico),Higiene Pessoal,40,6,277
1545,2026-01-18,Sunday   ,18,1,1,2026,Cavalcanti,Sildenafila 1g - 10 Comprimidos - Neo Química (Genérico),Anti-inflamatórios,14,15,211
1546,2026-01-18,Sunday   ,18,1,1,2026,Cavalcanti,Nimesulida 1g - 10 Comprimidos - Eurofarma,Produtos Ortopédicos,44,4,201
1547,2025-04-07,Monday   ,7,4,2,2025,Monteiro Cirino e Filhos,Losartana Potássica Suspensão Oral 50ml - Eurofarma,Dermocosméticos,31,7,246
1548,2025-04-07,Monday   ,7,4,2,2025,Monteiro Cirino e Filhos,Sinvastatina Suspensão Oral 50ml - EMS (Genérico),Cuidados com o Cabelo,43,8,370
1549,2025-04-07,Monday   ,7,4,2,2025,Monteiro Cirino e Filhos,Fluoxetina Suspensão Oral 50ml - Medley (Genérico),Antidepressivos,15,20,302
1550,2025-04-07,Monday   ,7,4,2,2025,Monteiro Cirino e Filhos,Diclofenaco Suspensão Oral 50ml - EMS (Genérico),Higiene Pessoal,33,5,166
1551,2025-04-07,Monday   ,7,4,2,2025,Monteiro Cirino e Filhos,Vacina contra Câncer de Próstata - Reforço,Nutrição Infantil,31,3,117
1552,2025-04-07,Monday   ,7,4,2,2025,Monteiro Cirino e Filhos,Metformina Gotas 20ml - Aché,Antidepressivos,29,12,357
1553,2025-04-07,Monday   ,7,4,2,2025,Monteiro Cirino e Filhos,Amoxicilina Suspensão Oral 50ml - Eurofarma,Vacinas,37,7,291
1554,2025-04-07,Monday   ,7,4,2,2025,Monteiro Cirino e Filhos,Escitalopram 25mg - 30 Comprimidos - EMS (Genérico),Homeopatia,11,19,213
1555,2025-04-07,Monday   ,7,4,2,2025,Monteiro Cirino e Filhos,Protetor Solar Facial La Roche-Posay FPS 70,Antitérmicos,53,4,252
1556,2025-04-07,Monday   ,7,4,2,2025,Monteiro Cirino e Filhos,Paracetamol 1g - 10 Comprimidos - Bayer,Vacinas,56,1,97
1557,2026-02-07,Saturday ,7,2,1,2026,Barros,Vacina contra Dengue - Reforço,Analgésicos,59,2,167
1558,2026-02-07,Saturday ,7,2,1,2026,Barros,Metformina 1g - 10 Comprimidos - Medley (Genérico),Antitérmicos,51,3,203
1559,2026-02-07,Saturday ,7,2,1,2026,Barros,Vacina contra Asma - Dose Única,Higiene Pessoal,49,6,328
1560,2026-02-07,Saturday ,7,2,1,2026,Barros,Curativos (Band-Aid) Clear FPS 50,Vacinas,50,5,295
1561,2026-02-07,Saturday ,7,2,1,2026,Barros,Fio Dental Sempre Livre FPS 70,Saúde Bucal,11,18,199
1562,2026-02-07,Saturday ,7,2,1,2026,Barros,Omeprazol Pomada 30g - Neo Química (Genérico),Primeiros Socorros,22,9,207
1563,2026-03-27,Friday   ,27,3,1,2026,Melo e Filhos,Condicionador Hidratação Vichy FPS 50,Saúde Bucal,36,8,313
1564,2026-03-27,Friday   ,27,3,1,2026,Melo e Filhos,Paracetamol Pomada 30g - Medley (Genérico),Antitérmicos,45,8,391
1565,2026-03-27,Friday   ,27,3,1,2026,Melo e Filhos,Cefalexina Xarope 120ml - Aché,Produtos Ortopédicos,20,17,350
1566,2026-03-27,Friday   ,27,3,1,2026,Melo e Filhos,Sildenafila 25mg - 30 Comprimidos - EMS (Genérico),Primeiros Socorros,25,17,443
1567,2026-03-27,Friday   ,27,3,1,2026,Melo e Filhos,Enxaguante Bucal CeraVe 50g,Cuidados com o Cabelo,17,8,152
1568,2024-10-02,Wednesday,2,10,4,2024,Souza da Cunha Ltda.,Omeprazol Suspensão Oral 50ml - Eurofarma,Anti-inflamatórios,17,10,178
1569,2024-10-02,Wednesday,2,10,4,2024,Souza da Cunha Ltda.,Cefalexina Gotas 20ml - Eurofarma,Saúde Bucal,12,18,223
1570,2026-04-23,Thursday ,23,4,2,2026,Nascimento S/A,Metformina Suspensão Oral 50ml - EMS (Genérico),Fraldas e Infantis,19,13,247
1571,2026-04-23,Thursday ,23,4,2,2026,Nascimento S/A,Azitromicina 500mg - 20 Comprimidos - Bayer,Vacinas,18,5,100
1572,2026-04-23,Thursday ,23,4,2,2026,Nascimento S/A,Paracetamol 500mg - 20 Comprimidos - Eurofarma,Fitoterápicos,13,23,309
1573,2026-04-23,Thursday ,23,4,2,2026,Nascimento S/A,Diclofenaco Suspensão Oral 50ml - EMS (Genérico),Higiene Pessoal,45,3,161
1574,2025-09-09,Tuesday  ,9,9,3,2025,Souza da Cunha Ltda.,Atenolol 25mg - 30 Comprimidos - Neo Química (Genérico),Cuidados com o Cabelo,31,11,351
1575,2025-09-09,Tuesday  ,9,9,3,2025,Souza da Cunha Ltda.,Sildenafila 25mg - 30 Comprimidos - Medley (Genérico),Antialérgicos,22,6,148
1576,2025-09-09,Tuesday  ,9,9,3,2025,Souza da Cunha Ltda.,Azitromicina 500mg - 20 Comprimidos - Neo Química (Genérico),Antitérmicos,52,4,230
1577,2025-09-09,Tuesday  ,9,9,3,2025,Souza da Cunha Ltda.,Creme Hidratante Listerine 500ml,Saúde Bucal,28,8,247
1578,2025-09-09,Tuesday  ,9,9,3,2025,Souza da Cunha Ltda.,Escitalopram 25mg - 30 Comprimidos - Bayer,Aparelhos Médicos,36,7,264
1579,2025-09-09,Tuesday  ,9,9,3,2025,Souza da Cunha Ltda.,Vacina contra Dermatite - Dose Única,Genéricos,21,20,432
1580,2025-09-09,Tuesday  ,9,9,3,2025,Souza da Cunha Ltda.,Creme Hidratante Rexona 50 Metros,Saúde Bucal,35,6,237
1581,2025-09-09,Tuesday  ,9,9,3,2025,Souza da Cunha Ltda.,Loratadina Gotas 20ml - EMS (Genérico),Antibióticos,41,9,391
1582,2025-09-09,Tuesday  ,9,9,3,2025,Souza da Cunha Ltda.,Condicionador Hidratação Rexona 90g,Vitaminas e Suplementos,53,5,287
1583,2025-09-09,Tuesday  ,9,9,3,2025,Souza da Cunha Ltda.,Shampoo Anticaspa Clear 90g,Antitérmicos,22,16,368
1584,2025-09-09,Tuesday  ,9,9,3,2025,Souza da Cunha Ltda.,Atenolol Suspensão Oral 50ml - EMS (Genérico),Antidepressivos,51,4,223
1585,2025-12-07,Sunday   ,7,12,4,2025,Rezende - EI,Vacina contra Anemia - Reforço,Aparelhos Médicos,31,6,200
1586,2025-12-07,Sunday   ,7,12,4,2025,Rezende - EI,Ibuprofeno 1g - 10 Comprimidos - Neo Química (Genérico),Fraldas e Infantis,27,10,295
1587,2025-12-07,Sunday   ,7,12,4,2025,Rezende - EI,Termômetro Digital Needs Tamanho M (40 un),Vitaminas e Suplementos,51,5,293
1588,2025-12-07,Sunday   ,7,12,4,2025,Rezende - EI,Soro Fisiológico Johnson's Tamanho M (40 un),Primeiros Socorros,47,5,259
1589,2026-04-08,Wednesday,8,4,2,2026,Borges,Sertralina 50mg - 30 Comprimidos - Neo Química (Genérico),Higiene Pessoal,19,2,55
1590,2026-04-08,Wednesday,8,4,2,2026,Borges,Omeprazol 50mg - 30 Comprimidos - EMS (Genérico),Fitoterápicos,29,16,474
1591,2026-04-08,Wednesday,8,4,2,2026,Borges,Leite em Pó Infantil Rexona 150ml,Analgésicos,57,4,228
1592,2026-04-08,Wednesday,8,4,2,2026,Borges,Protetor Solar Facial La Roche-Posay FPS 70,Antitérmicos,22,9,211
1593,2024-09-18,Wednesday,18,9,3,2024,Barros,Pantoprazol Gotas 20ml - Eurofarma,Primeiros Socorros,34,9,327
1594,2024-09-18,Wednesday,18,9,3,2024,Barros,Vacina contra Artrite - Dose Única,Produtos Ortopédicos,15,25,388
1595,2024-09-18,Wednesday,18,9,3,2024,Barros,Diclofenaco 50mg - 30 Comprimidos - Eurofarma,Antidepressivos,37,7,281
1596,2024-09-18,Wednesday,18,9,3,2024,Barros,Soro Fisiológico Bepantol Tamanho M (40 un),Analgésicos,31,11,364
1597,2024-09-18,Wednesday,18,9,3,2024,Barros,Ibuprofeno Suspensão Oral 50ml - Neo Química (Genérico),Dermocosméticos,59,4,252
1598,2025-10-30,Thursday ,30,10,4,2025,da Cruz S/A,Dipirona Sódica Pomada 30g - EMS (Genérico),Antitérmicos,27,7,196
1599,2025-10-30,Thursday ,30,10,4,2025,da Cruz S/A,Condicionador Hidratação Bepantol 90g,Produtos Ortopédicos,57,7,439
1600,2025-10-30,Thursday ,30,10,4,2025,da Cruz S/A,Vacina contra Cirrose - Dose Única,Aparelhos Médicos,14,26,369
1601,2025-10-30,Thursday ,30,10,4,2025,da Cruz S/A,Ibuprofeno 500mg - 20 Comprimidos - Bayer,Saúde Bucal,42,6,284
1602,2025-10-30,Thursday ,30,10,4,2025,da Cruz S/A,Fio Dental Listerine Tamanho M (40 un),Cuidados com o Cabelo,53,4,213
1603,2025-10-30,Thursday ,30,10,4,2025,da Cruz S/A,Paracetamol Pomada 30g - Medley (Genérico),Antitérmicos,55,6,331
1604,2025-10-30,Thursday ,30,10,4,2025,da Cruz S/A,Diclofenaco 1g - 10 Comprimidos - Eurofarma,Anti-inflamatórios,21,6,126
1605,2025-10-30,Thursday ,30,10,4,2025,da Cruz S/A,Pantoprazol Xarope 120ml - Eurofarma,Cuidados com o Cabelo,49,6,304
1606,2025-10-30,Thursday ,30,10,4,2025,da Cruz S/A,Soro Fisiológico Panvel 200ml,Dermocosméticos,28,8,224
1607,2025-10-30,Thursday ,30,10,4,2025,da Cruz S/A,Fralda Descartável Colgate 50 Metros,Antidepressivos,31,12,393
1608,2025-10-30,Thursday ,30,10,4,2025,da Cruz S/A,Hidroclorotiazida 50mg - 30 Comprimidos - Eurofarma,Saúde Bucal,44,4,200
1609,2025-01-18,Saturday ,18,1,1,2025,Garcia Ltda.,Sildenafila Pomada 30g - Aché,Higiene Pessoal,28,7,218
1610,2025-10-25,Saturday ,25,10,4,2025,Alves,Enalapril Gotas 20ml - Medley (Genérico),Dermocosméticos,54,2,137
1611,2025-10-25,Saturday ,25,10,4,2025,Alves,Tadalafila 25mg - 30 Comprimidos - EMS (Genérico),Dermocosméticos,47,7,345
1612,2025-10-25,Saturday ,25,10,4,2025,Alves,Pantoprazol 50mg - 30 Comprimidos - Eurofarma,Nutrição Infantil,28,4,124
1613,2025-10-25,Saturday ,25,10,4,2025,Alves,Curativos (Band-Aid) Sempre Livre 90g,Antitérmicos,31,8,255
1614,2025-10-25,Saturday ,25,10,4,2025,Alves,Sertralina 50mg - 30 Comprimidos - Bayer,Antibióticos,27,16,457
1615,2026-01-28,Wednesday,28,1,1,2026,Garcia,Hastes Flexíveis (Cotonetes) Huggies 150ml,Antibióticos,45,6,302
1616,2026-01-28,Wednesday,28,1,1,2026,Garcia,Água Micelar Nivea 500ml,Homeopatia,43,6,293
1617,2026-01-28,Wednesday,28,1,1,2026,Garcia,Sabonete em Barra Aptamil 50 Metros,Higiene Pessoal,60,7,432
1618,2025-10-24,Friday   ,24,10,4,2025,Carvalho,Losartana Potássica Pomada 30g - Bayer,Nutrição Infantil,32,11,355
1619,2025-10-24,Friday   ,24,10,4,2025,Carvalho,Vacina contra Tuberculose - Reforço,Fitoterápicos,41,5,240
1620,2025-09-29,Monday   ,29,9,3,2025,Rios,Sildenafila 1g - 10 Comprimidos - Neo Química (Genérico),Anti-inflamatórios,50,4,242
1621,2025-09-29,Monday   ,29,9,3,2025,Rios,Tadalafila Xarope 120ml - Bayer,Antibióticos,31,9,290
1622,2025-09-29,Monday   ,29,9,3,2025,Rios,Nimesulida 25mg - 30 Comprimidos - Medley (Genérico),Antitérmicos,36,12,446
1623,2025-09-29,Monday   ,29,9,3,2025,Rios,Tadalafila 500mg - 20 Comprimidos - Aché,Aparelhos Médicos,27,5,138
1624,2025-09-29,Monday   ,29,9,3,2025,Rios,Dipirona Sódica Xarope 120ml - EMS (Genérico),Aparelhos Médicos,47,2,129
1625,2025-09-29,Monday   ,29,9,3,2025,Rios,Tadalafila Pomada 30g - Neo Química (Genérico),Produtos Ortopédicos,38,3,138
1626,2025-09-29,Monday   ,29,9,3,2025,Rios,Cefalexina Xarope 120ml - Aché,Produtos Ortopédicos,10,33,330
1627,2025-09-29,Monday   ,29,9,3,2025,Rios,Vacina contra Linfoma - Reforço,Nutrição Infantil,34,13,458
1628,2025-09-29,Monday   ,29,9,3,2025,Rios,Água Micelar G-Tech FPS 70,Antibióticos,33,6,227
1629,2025-09-29,Monday   ,29,9,3,2025,Rios,Cefalexina 1g - 10 Comprimidos - Eurofarma,Antialérgicos,56,4,258
1630,2025-08-31,Sunday   ,31,8,3,2025,Cavalcanti,Vacina contra Hepatite C - Dose Única,Cuidados com o Cabelo,12,29,348
1631,2025-08-31,Sunday   ,31,8,3,2025,Cavalcanti,Protetor Solar Facial Pampers 90g,Antialérgicos,23,10,239
1632,2025-08-31,Sunday   ,31,8,3,2025,Cavalcanti,Água Micelar CeraVe 90g,Primeiros Socorros,29,11,332
1633,2025-08-31,Sunday   ,31,8,3,2025,Cavalcanti,Vacina contra Epilepsia - Reforço,Antitérmicos,21,12,271
1634,2025-08-31,Sunday   ,31,8,3,2025,Cavalcanti,Loratadina 1g - 10 Comprimidos - Aché,Dermocosméticos,31,2,73
1635,2025-08-31,Sunday   ,31,8,3,2025,Cavalcanti,Fralda Descartável Nivea FPS 70,Homeopatia,39,1,69
1636,2025-08-31,Sunday   ,31,8,3,2025,Cavalcanti,Pantoprazol 50mg - 30 Comprimidos - Neo Química (Genérico),Vacinas,19,6,132
1637,2025-08-31,Sunday   ,31,8,3,2025,Cavalcanti,Ibuprofeno Suspensão Oral 50ml - Neo Química (Genérico),Dermocosméticos,43,5,246
1638,2025-08-31,Sunday   ,31,8,3,2025,Cavalcanti,Amoxicilina 1g - 10 Comprimidos - Aché,Produtos Ortopédicos,44,7,342
1639,2025-08-31,Sunday   ,31,8,3,2025,Cavalcanti,Cefalexina 1g - 10 Comprimidos - Eurofarma,Antialérgicos,59,4,241
1640,2025-08-31,Sunday   ,31,8,3,2025,Cavalcanti,Vacina contra Gastrite - Reforço,Antibióticos,18,23,419
1641,2025-08-31,Sunday   ,31,8,3,2025,Cavalcanti,Paracetamol Xarope 120ml - Medley (Genérico),Nutrição Infantil,36,5,180
1642,2025-02-25,Tuesday  ,25,2,1,2025,da Paz,Água Micelar Needs FPS 50,Genéricos,11,10,117
1643,2025-02-25,Tuesday  ,25,2,1,2025,da Paz,Losartana Potássica Pomada 30g - Neo Química (Genérico),Dermocosméticos,31,7,234
1644,2026-07-22,Wednesday,22,7,3,2026,Cavalcanti Caldeira Ltda.,Creme Dental Sempre Livre FPS 50,Analgésicos,13,11,150
1645,2026-07-22,Wednesday,22,7,3,2026,Cavalcanti Caldeira Ltda.,Pomada para Assaduras Listerine 400ml,Fitoterápicos,50,3,186
1646,2026-07-22,Wednesday,22,7,3,2026,Cavalcanti Caldeira Ltda.,Pantoprazol Gotas 20ml - Eurofarma,Primeiros Socorros,48,7,347
1647,2025-02-22,Saturday ,22,2,1,2025,Martins Albuquerque S.A.,Protetor Solar Corporal Bepantol FPS 70,Homeopatia,57,4,240
1648,2025-02-22,Saturday ,22,2,1,2025,Martins Albuquerque S.A.,Losartana Potássica 50mg - 30 Comprimidos - EMS (Genérico),Vitaminas e Suplementos,24,8,211
1649,2025-02-22,Saturday ,22,2,1,2025,Martins Albuquerque S.A.,Sérum Vitamina C Huggies 90g,Saúde Bucal,34,8,301
1650,2026-08-26,Wednesday,26,8,3,2026,Marques,Escitalopram Suspensão Oral 50ml - EMS (Genérico),Vitaminas e Suplementos,47,4,228
1651,2026-08-26,Wednesday,26,8,3,2026,Marques,Dipirona Sódica Gotas 20ml - EMS (Genérico),Aparelhos Médicos,49,5,269
1652,2026-08-26,Wednesday,26,8,3,2026,Marques,Lenço Umedecido CeraVe 400ml,Cuidados com o Cabelo,53,3,200
1653,2026-08-26,Wednesday,26,8,3,2026,Marques,Omeprazol 50mg - 30 Comprimidos - Bayer,Vitaminas e Suplementos,42,3,167
1654,2026-08-26,Wednesday,26,8,3,2026,Marques,Loratadina 25mg - 30 Comprimidos - Aché,Analgésicos,53,7,411
1655,2026-08-26,Wednesday,26,8,3,2026,Marques,Fralda Descartável Clear FPS 50,Antibióticos,55,3,206
1656,2026-08-26,Wednesday,26,8,3,2026,Marques,Água Micelar Colgate 50g,Fitoterápicos,60,5,307
1657,2026-08-26,Wednesday,26,8,3,2026,Marques,Ibuprofeno Gotas 20ml - Medley (Genérico),Antitérmicos,31,9,291
1658,2026-08-26,Wednesday,26,8,3,2026,Marques,Losartana Potássica 25mg - 30 Comprimidos - EMS (Genérico),Nutrição Infantil,18,18,328
1659,2026-08-26,Wednesday,26,8,3,2026,Marques,Curativos (Band-Aid) Pampers 400ml,Aparelhos Médicos,55,5,290
1660,2024-10-23,Wednesday,23,10,4,2024,da Cunha Silveira - EI,Água Micelar CeraVe 90g,Primeiros Socorros,11,30,332
1661,2026-07-29,Wednesday,29,7,3,2026,Ribeiro Pereira Ltda.,Álcool em Gel 70% CeraVe 150ml,Genéricos,58,3,203
1662,2026-07-29,Wednesday,29,7,3,2026,Ribeiro Pereira Ltda.,Vacina contra Gripe - Dose Única,Dermocosméticos,12,18,218
1663,2026-07-29,Wednesday,29,7,3,2026,Ribeiro Pereira Ltda.,Sabonete Líquido Panvel 90g,Nutrição Infantil,33,2,95
1664,2026-07-29,Wednesday,29,7,3,2026,Ribeiro Pereira Ltda.,Vacina contra Bipolaridade - Dose Única,Nutrição Infantil,32,10,342
1665,2026-07-29,Wednesday,29,7,3,2026,Ribeiro Pereira Ltda.,Hastes Flexíveis (Cotonetes) Nivea 50 Metros,Fitoterápicos,26,3,100
1666,2026-07-29,Wednesday,29,7,3,2026,Ribeiro Pereira Ltda.,Tadalafila Pomada 30g - EMS (Genérico),Anti-inflamatórios,44,6,268
1667,2026-07-29,Wednesday,29,7,3,2026,Ribeiro Pereira Ltda.,Amoxicilina Pomada 30g - Eurofarma,Vitaminas e Suplementos,26,8,230
1668,2026-07-29,Wednesday,29,7,3,2026,Ribeiro Pereira Ltda.,Azitromicina 50mg - 30 Comprimidos - Aché,Saúde Bucal,40,10,419
1669,2025-07-08,Tuesday  ,8,7,3,2025,da Cruz,Sabonete em Barra Huggies 200ml,Antitérmicos,60,5,343
1670,2025-07-08,Tuesday  ,8,7,3,2025,da Cruz,Loratadina Xarope 120ml - EMS (Genérico),Homeopatia,12,30,371
1671,2025-07-08,Tuesday  ,8,7,3,2025,da Cruz,Losartana Potássica Suspensão Oral 50ml - Medley (Genérico),Cuidados com o Cabelo,52,6,357
1672,2025-07-08,Tuesday  ,8,7,3,2025,da Cruz,Fluoxetina 500mg - 20 Comprimidos - Neo Química (Genérico),Antitérmicos,27,11,316
1673,2025-07-08,Tuesday  ,8,7,3,2025,da Cruz,Hidroclorotiazida 500mg - 20 Comprimidos - Bayer,Primeiros Socorros,50,4,208
1674,2025-07-08,Tuesday  ,8,7,3,2025,da Cruz,Cefalexina 500mg - 20 Comprimidos - Bayer,Antialérgicos,48,6,294
1675,2025-07-08,Tuesday  ,8,7,3,2025,da Cruz,Ibuprofeno Suspensão Oral 50ml - Eurofarma,Anti-inflamatórios,43,5,240
1676,2025-04-20,Sunday   ,20,4,2,2025,Abreu Machado S/A,Vacina contra Diabetes Tipo 2 - Reforço,Primeiros Socorros,27,17,464
1677,2025-04-20,Sunday   ,20,4,2,2025,Abreu Machado S/A,Metformina 50mg - 30 Comprimidos - Bayer,Antialérgicos,23,12,290
1678,2025-04-20,Sunday   ,20,4,2,2025,Abreu Machado S/A,Paracetamol Gotas 20ml - Bayer,Genéricos,36,7,279
1679,2025-04-20,Sunday   ,20,4,2,2025,Abreu Machado S/A,Protetor Solar Corporal Bepantol 50 Metros,Vitaminas e Suplementos,48,2,138
1680,2025-04-20,Sunday   ,20,4,2,2025,Abreu Machado S/A,Lenço Umedecido La Roche-Posay 50 Metros,Antidepressivos,47,5,279
1681,2025-04-20,Sunday   ,20,4,2,2025,Abreu Machado S/A,Sérum Vitamina C Aptamil Tamanho M (40 un),Antibióticos,41,4,166
1682,2025-04-20,Sunday   ,20,4,2,2025,Abreu Machado S/A,Tadalafila Pomada 30g - EMS (Genérico),Anti-inflamatórios,29,9,266
1683,2025-04-20,Sunday   ,20,4,2,2025,Abreu Machado S/A,Metformina Xarope 120ml - Eurofarma,Antidepressivos,44,3,150
1684,2025-04-20,Sunday   ,20,4,2,2025,Abreu Machado S/A,Vacina contra Epilepsia - Dose Única,Fitoterápicos,20,10,203
1685,2025-04-20,Sunday   ,20,4,2,2025,Abreu Machado S/A,Pantoprazol 50mg - 30 Comprimidos - Neo Química (Genérico),Vacinas,48,2,122
1686,2025-04-20,Sunday   ,20,4,2,2025,Abreu Machado S/A,Paracetamol Pomada 30g - Bayer,Anti-inflamatórios,58,4,237
1687,2025-07-22,Tuesday  ,22,7,3,2025,Porto,Creme Hidratante Rexona 50 Metros,Saúde Bucal,26,9,250
1688,2025-07-22,Tuesday  ,22,7,3,2025,Porto,Dipirona Sódica Xarope 120ml - Aché,Cuidados com o Cabelo,31,7,242
1689,2025-07-22,Tuesday  ,22,7,3,2025,Porto,Álcool em Gel 70% Mió 90g,Analgésicos,33,12,416
1690,2025-07-22,Tuesday  ,22,7,3,2025,Porto,Losartana Potássica Suspensão Oral 50ml - Aché,Vitaminas e Suplementos,32,15,485
1691,2025-07-22,Tuesday  ,22,7,3,2025,Porto,Vacina contra Gota - Dose Única,Antidepressivos,23,17,413
1692,2025-07-22,Tuesday  ,22,7,3,2025,Porto,Soro Fisiológico Mió 90g,Analgésicos,45,4,203
1693,2025-07-22,Tuesday  ,22,7,3,2025,Porto,Creme Hidratante Colgate 150ml,Anti-inflamatórios,46,6,298
1694,2025-07-22,Tuesday  ,22,7,3,2025,Porto,Escitalopram Gotas 20ml - Neo Química (Genérico),Vitaminas e Suplementos,45,7,340
1695,2025-07-22,Tuesday  ,22,7,3,2025,Porto,Vacina contra Cirrose - Reforço,Analgésicos,22,16,366
1696,2025-04-19,Saturday ,19,4,2,2025,Carvalho,Fio Dental Listerine Tamanho M (40 un),Cuidados com o Cabelo,35,5,193
1697,2025-04-19,Saturday ,19,4,2,2025,Carvalho,Cefalexina 500mg - 20 Comprimidos - Neo Química (Genérico),Produtos Ortopédicos,59,3,213
1698,2025-04-19,Saturday ,19,4,2,2025,Carvalho,Hidroclorotiazida 25mg - 30 Comprimidos - EMS (Genérico),Cuidados com o Cabelo,25,8,203
1699,2025-04-19,Saturday ,19,4,2,2025,Carvalho,Hastes Flexíveis (Cotonetes) Huggies 150ml,Antibióticos,52,5,298
1700,2025-08-28,Thursday ,28,8,3,2025,Borges,Paracetamol 500mg - 20 Comprimidos - Neo Química (Genérico),Homeopatia,24,13,315
1701,2025-08-28,Thursday ,28,8,3,2025,Borges,Losartana Potássica Suspensão Oral 50ml - Bayer,Saúde Bucal,33,8,264
1702,2025-08-28,Thursday ,28,8,3,2025,Borges,Protetor Solar Corporal CeraVe Tamanho G (32 un),Aparelhos Médicos,29,11,332
1703,2025-08-28,Thursday ,28,8,3,2025,Borges,Loratadina Suspensão Oral 50ml - Bayer,Homeopatia,30,6,190
1704,2025-08-28,Thursday ,28,8,3,2025,Borges,Fluoxetina 50mg - 30 Comprimidos - Medley (Genérico),Fraldas e Infantis,43,7,304
1705,2025-08-28,Thursday ,28,8,3,2025,Borges,Nimesulida 50mg - 30 Comprimidos - EMS (Genérico),Anti-inflamatórios,19,17,326
1706,2025-08-28,Thursday ,28,8,3,2025,Borges,Vacina contra Dengue - Reforço,Analgésicos,39,3,154
1707,2025-08-28,Thursday ,28,8,3,2025,Borges,Metformina Xarope 120ml - Eurofarma,Antidepressivos,33,4,141
1708,2025-08-28,Thursday ,28,8,3,2025,Borges,Losartana Potássica 500mg - 20 Comprimidos - Neo Química (Genérico),Aparelhos Médicos,11,25,275
1709,2025-08-28,Thursday ,28,8,3,2025,Borges,Loratadina Xarope 120ml - EMS (Genérico),Homeopatia,12,33,407
1710,2025-08-28,Thursday ,28,8,3,2025,Borges,Azitromicina Suspensão Oral 50ml - Neo Química (Genérico),Vacinas,28,7,221
1711,2025-12-25,Thursday ,25,12,4,2025,da Paz,Amoxicilina Pomada 30g - Bayer,Vitaminas e Suplementos,50,4,221
1712,2025-12-25,Thursday ,25,12,4,2025,da Paz,Metformina Pomada 30g - Aché,Fraldas e Infantis,53,3,175
1713,2025-08-13,Wednesday,13,8,3,2025,Gonçalves,Paracetamol 50mg - 30 Comprimidos - Medley (Genérico),Nutrição Infantil,57,2,124
1714,2025-08-13,Wednesday,13,8,3,2025,Gonçalves,Ibuprofeno Gotas 20ml - Medley (Genérico),Antitérmicos,46,6,283
1715,2025-08-13,Wednesday,13,8,3,2025,Gonçalves,Shampoo Anticaspa Johnson's FPS 70,Dermocosméticos,48,7,349
1716,2025-08-13,Wednesday,13,8,3,2025,Gonçalves,Creme Dental Colgate 150ml,Vacinas,44,2,123
1717,2025-08-13,Wednesday,13,8,3,2025,Gonçalves,Sertralina Suspensão Oral 50ml - Bayer,Antibióticos,25,9,238
1718,2025-08-13,Wednesday,13,8,3,2025,Gonçalves,Cefalexina 25mg - 30 Comprimidos - Eurofarma,Primeiros Socorros,40,8,332
1719,2025-08-13,Wednesday,13,8,3,2025,Gonçalves,Metformina Suspensão Oral 50ml - Medley (Genérico),Antidepressivos,33,7,234
1720,2025-08-13,Wednesday,13,8,3,2025,Gonçalves,Loratadina Gotas 20ml - EMS (Genérico),Antibióticos,59,6,376
1721,2025-08-13,Wednesday,13,8,3,2025,Gonçalves,Enalapril Gotas 20ml - Medley (Genérico),Dermocosméticos,35,4,142
1722,2025-08-13,Wednesday,13,8,3,2025,Gonçalves,Vacina contra Parkinson - Reforço,Fraldas e Infantis,60,4,275
1723,2025-02-25,Tuesday  ,25,2,1,2025,Câmara,Água Micelar CeraVe 90g,Primeiros Socorros,59,5,349
1724,2025-02-25,Tuesday  ,25,2,1,2025,Câmara,Sérum Vitamina C Listerine FPS 70,Antialérgicos,16,25,403
1725,2025-02-25,Tuesday  ,25,2,1,2025,Câmara,Vacina contra Gripe - Dose Única,Dermocosméticos,37,5,205
1726,2025-02-25,Tuesday  ,25,2,1,2025,Câmara,Fralda Descartável Aptamil 50 Metros,Dermocosméticos,27,11,313
1727,2025-02-25,Tuesday  ,25,2,1,2025,Câmara,Vacina contra Câncer de Mama - Dose Única,Cuidados com o Cabelo,58,2,123
1728,2025-02-25,Tuesday  ,25,2,1,2025,Câmara,Dipirona Sódica Gotas 20ml - Bayer,Antitérmicos,20,6,121
1729,2025-12-05,Friday   ,5,12,4,2025,Fernandes,Losartana Potássica 50mg - 30 Comprimidos - Medley (Genérico),Antialérgicos,24,10,242
1730,2025-12-05,Friday   ,5,12,4,2025,Fernandes,Vacina contra Tuberculose - Reforço,Fitoterápicos,60,3,225
1731,2025-01-02,Thursday ,2,1,1,2025,Pereira,Nimesulida Suspensão Oral 50ml - Neo Química (Genérico),Produtos Ortopédicos,31,7,233
1732,2025-01-02,Thursday ,2,1,1,2025,Pereira,Pomada para Assaduras Listerine 400ml,Fitoterápicos,21,9,190
1733,2025-01-02,Thursday ,2,1,1,2025,Pereira,Termômetro Digital Mió FPS 70,Produtos Ortopédicos,38,5,220
1734,2025-01-02,Thursday ,2,1,1,2025,Pereira,Desodorante Aerosol Rexona FPS 70,Genéricos,60,2,173
1735,2025-01-02,Thursday ,2,1,1,2025,Pereira,Paracetamol Suspensão Oral 50ml - Bayer,Vitaminas e Suplementos,20,21,439
1736,2025-01-02,Thursday ,2,1,1,2025,Pereira,Curativos (Band-Aid) Nivea 150ml,Anti-inflamatórios,47,8,388
1737,2025-01-02,Thursday ,2,1,1,2025,Pereira,Vacina contra Dengue - Reforço,Analgésicos,38,3,150
1738,2025-04-14,Monday   ,14,4,2,2025,Jesus Barbosa e Filhos,Atenolol 25mg - 30 Comprimidos - Neo Química (Genérico),Cuidados com o Cabelo,22,14,323
1739,2025-04-14,Monday   ,14,4,2,2025,Jesus Barbosa e Filhos,Condicionador Hidratação G-Tech FPS 50,Produtos Ortopédicos,33,8,271
1740,2025-04-14,Monday   ,14,4,2,2025,Jesus Barbosa e Filhos,Diclofenaco 50mg - 30 Comprimidos - Aché,Produtos Ortopédicos,39,5,228
1741,2025-04-14,Monday   ,14,4,2,2025,Jesus Barbosa e Filhos,Curativos (Band-Aid) Nivea 500ml,Vacinas,17,10,186
1742,2025-05-22,Thursday ,22,5,2,2025,Cassiano Rezende e Filhos,Metformina Suspensão Oral 50ml - Medley (Genérico),Antidepressivos,39,6,256
1743,2025-05-22,Thursday ,22,5,2,2025,Cassiano Rezende e Filhos,Amoxicilina Suspensão Oral 50ml - Medley (Genérico),Saúde Bucal,28,7,210
1744,2025-05-22,Thursday ,22,5,2,2025,Cassiano Rezende e Filhos,Atenolol 500mg - 20 Comprimidos - Medley (Genérico),Aparelhos Médicos,11,25,278
1745,2025-05-22,Thursday ,22,5,2,2025,Cassiano Rezende e Filhos,Paracetamol Suspensão Oral 50ml - Bayer,Vitaminas e Suplementos,38,12,463
1746,2025-05-22,Thursday ,22,5,2,2025,Cassiano Rezende e Filhos,Enxaguante Bucal Rexona FPS 50,Dermocosméticos,29,12,371
1747,2025-05-22,Thursday ,22,5,2,2025,Cassiano Rezende e Filhos,Protetor Solar Facial Nivea 50 Metros,Aparelhos Médicos,55,4,269
1748,2025-12-01,Monday   ,1,12,4,2025,Araújo - ME,Paracetamol 1g - 10 Comprimidos - Aché,Primeiros Socorros,48,5,251
1749,2025-12-01,Monday   ,1,12,4,2025,Araújo - ME,Losartana Potássica 50mg - 30 Comprimidos - EMS (Genérico),Vitaminas e Suplementos,39,6,234
1750,2025-12-01,Monday   ,1,12,4,2025,Araújo - ME,Losartana Potássica Suspensão Oral 50ml - Medley (Genérico),Cuidados com o Cabelo,28,11,329
1751,2025-05-16,Friday   ,16,5,2,2025,Borges,Nimesulida 500mg - 20 Comprimidos - Aché,Antidepressivos,59,3,211
1752,2025-05-16,Friday   ,16,5,2,2025,Borges,Vacina contra Refluxo - Reforço,Dermocosméticos,50,6,329
1753,2025-05-16,Friday   ,16,5,2,2025,Borges,Omeprazol 25mg - 30 Comprimidos - Bayer,Analgésicos,26,3,94
1754,2025-05-16,Friday   ,16,5,2,2025,Borges,Vacina contra Arritmia - Reforço,Analgésicos,58,0,53
1755,2025-01-14,Tuesday  ,14,1,1,2025,Costa,Omeprazol Gotas 20ml - Bayer,Antidepressivos,48,3,149
1756,2025-01-14,Tuesday  ,14,1,1,2025,Costa,Atenolol 500mg - 20 Comprimidos - Eurofarma,Primeiros Socorros,31,13,406
1757,2025-01-14,Tuesday  ,14,1,1,2025,Costa,Fio Dental Listerine Tamanho M (40 un),Cuidados com o Cabelo,22,10,224
1758,2025-01-14,Tuesday  ,14,1,1,2025,Costa,Pantoprazol Gotas 20ml - Medley (Genérico),Fitoterápicos,33,7,241
1759,2025-01-14,Tuesday  ,14,1,1,2025,Costa,Sertralina Xarope 120ml - EMS (Genérico),Saúde Bucal,15,21,320
1760,2025-01-14,Tuesday  ,14,1,1,2025,Costa,Sertralina Xarope 120ml - Eurofarma,Fraldas e Infantis,20,12,244
1761,2025-01-14,Tuesday  ,14,1,1,2025,Costa,Protetor Solar Facial Panvel 200ml,Primeiros Socorros,21,14,299
1762,2025-01-14,Tuesday  ,14,1,1,2025,Costa,Hidroclorotiazida 500mg - 20 Comprimidos - Medley (Genérico),Saúde Bucal,29,3,111
1763,2025-01-14,Tuesday  ,14,1,1,2025,Costa,Vacina contra Cirrose - Reforço,Analgésicos,36,10,362
1764,2024-09-17,Tuesday  ,17,9,3,2024,Monteiro Cirino e Filhos,Enalapril 500mg - 20 Comprimidos - Medley (Genérico),Analgésicos,27,7,211
1765,2024-09-17,Tuesday  ,17,9,3,2024,Monteiro Cirino e Filhos,Sérum Vitamina C Johnson's 150ml,Antibióticos,45,6,292
1766,2024-09-17,Tuesday  ,17,9,3,2024,Monteiro Cirino e Filhos,Sildenafila 1g - 10 Comprimidos - Eurofarma,Antidepressivos,46,2,103
1767,2024-09-17,Tuesday  ,17,9,3,2024,Monteiro Cirino e Filhos,Protetor Solar Facial Pampers 90g,Antialérgicos,18,13,234
1768,2025-11-28,Friday   ,28,11,4,2025,Caldeira,Protetor Solar Corporal CeraVe Tamanho M (40 un),Fitoterápicos,45,2,100
1769,2025-11-28,Friday   ,28,11,4,2025,Caldeira,Metformina 500mg - 20 Comprimidos - Bayer,Antitérmicos,11,21,239
1770,2025-11-28,Friday   ,28,11,4,2025,Caldeira,Condicionador Hidratação Bepantol 90g,Produtos Ortopédicos,31,14,441
1771,2025-11-28,Friday   ,28,11,4,2025,Caldeira,Condicionador Hidratação Nivea 50g,Fraldas e Infantis,34,7,240
1772,2025-11-28,Friday   ,28,11,4,2025,Caldeira,Ibuprofeno Suspensão Oral 50ml - Eurofarma,Anti-inflamatórios,39,5,231
1773,2025-11-28,Friday   ,28,11,4,2025,Caldeira,Fio Dental Listerine 200ml,Saúde Bucal,51,2,104
1774,2025-11-28,Friday   ,28,11,4,2025,Caldeira,Absorvente com Abas Clear 150ml,Aparelhos Médicos,33,8,284
1775,2025-11-28,Friday   ,28,11,4,2025,Caldeira,Clonazepam Suspensão Oral 50ml - EMS (Genérico),Saúde Bucal,12,5,71
1776,2025-11-28,Friday   ,28,11,4,2025,Caldeira,Nimesulida 1g - 10 Comprimidos - Eurofarma,Produtos Ortopédicos,47,3,178
1777,2025-11-28,Friday   ,28,11,4,2025,Caldeira,Hidroclorotiazida 500mg - 20 Comprimidos - Eurofarma,Anti-inflamatórios,34,8,276
1778,2025-11-28,Friday   ,28,11,4,2025,Caldeira,Losartana Potássica Suspensão Oral 50ml - Aché,Vitaminas e Suplementos,44,10,461
1779,2025-11-28,Friday   ,28,11,4,2025,Caldeira,Vacina contra Depressão - Dose Única,Produtos Ortopédicos,12,44,539
1780,2026-06-22,Monday   ,22,6,2,2026,Garcia Ltda.,Fio Dental Listerine 200ml,Saúde Bucal,19,5,112
1781,2026-06-22,Monday   ,22,6,2,2026,Garcia Ltda.,Curativos (Band-Aid) Pampers 400ml,Aparelhos Médicos,14,17,242
1782,2026-06-22,Monday   ,22,6,2,2026,Garcia Ltda.,Dipirona Sódica Xarope 120ml - Neo Química (Genérico),Antidepressivos,23,13,313
1783,2026-06-22,Monday   ,22,6,2,2026,Garcia Ltda.,Diclofenaco 25mg - 30 Comprimidos - Aché,Anti-inflamatórios,60,2,147
1784,2026-06-22,Monday   ,22,6,2,2026,Garcia Ltda.,Omeprazol Xarope 120ml - Aché,Saúde Bucal,32,12,387
1785,2026-06-22,Monday   ,22,6,2,2026,Garcia Ltda.,Paracetamol 500mg - 20 Comprimidos - EMS (Genérico),Vitaminas e Suplementos,29,9,261
1786,2026-06-22,Monday   ,22,6,2,2026,Garcia Ltda.,Hastes Flexíveis (Cotonetes) Listerine 200ml,Homeopatia,48,3,158
1787,2026-06-22,Monday   ,22,6,2,2026,Garcia Ltda.,Metformina Xarope 120ml - Eurofarma,Antidepressivos,53,2,156
1788,2026-08-22,Saturday ,22,8,3,2026,Peixoto,Protetor Solar Corporal Huggies 50 Metros,Homeopatia,30,11,336
1789,2026-08-22,Saturday ,22,8,3,2026,Peixoto,Escitalopram Gotas 20ml - EMS (Genérico),Antialérgicos,15,24,361
1790,2025-07-13,Sunday   ,13,7,3,2025,Rios,Sérum Vitamina C Johnson's 150ml,Antibióticos,50,6,312
1791,2024-11-23,Saturday ,23,11,4,2024,Pastor,Vacina contra Câncer de Próstata - Reforço,Nutrição Infantil,46,2,105
1792,2024-11-23,Saturday ,23,11,4,2024,Pastor,Atenolol 25mg - 30 Comprimidos - Neo Química (Genérico),Cuidados com o Cabelo,14,25,351
1793,2024-11-23,Saturday ,23,11,4,2024,Pastor,Fluoxetina 1g - 10 Comprimidos - Bayer,Fraldas e Infantis,16,19,315
1794,2024-11-23,Saturday ,23,11,4,2024,Pastor,Azitromicina 1g - 10 Comprimidos - Eurofarma,Antitérmicos,11,32,358
1795,2024-11-23,Saturday ,23,11,4,2024,Pastor,Tadalafila 25mg - 30 Comprimidos - EMS (Genérico),Dermocosméticos,23,17,398
1796,2024-11-23,Saturday ,23,11,4,2024,Pastor,Dipirona Sódica Xarope 120ml - Aché,Cuidados com o Cabelo,13,18,240
1797,2025-10-27,Monday   ,27,10,4,2025,Carvalho,Sabonete Líquido CeraVe 500ml,Fitoterápicos,41,6,263
1798,2025-10-27,Monday   ,27,10,4,2025,Carvalho,Pantoprazol 500mg - 20 Comprimidos - Medley (Genérico),Antialérgicos,57,3,179
1799,2025-10-27,Monday   ,27,10,4,2025,Carvalho,Diclofenaco Pomada 30g - Medley (Genérico),Dermocosméticos,13,3,49
1800,2025-10-27,Monday   ,27,10,4,2025,Carvalho,Azitromicina Suspensão Oral 50ml - Neo Química (Genérico),Vacinas,22,10,234
1801,2025-02-04,Tuesday  ,4,2,1,2025,Caldeira,Curativos (Band-Aid) Pampers 400ml,Aparelhos Médicos,24,10,254
1802,2025-02-04,Tuesday  ,4,2,1,2025,Caldeira,Dipirona Sódica Gotas 20ml - EMS (Genérico),Aparelhos Médicos,41,6,250
1803,2025-02-04,Tuesday  ,4,2,1,2025,Caldeira,Tadalafila 1g - 10 Comprimidos - Aché,Primeiros Socorros,23,11,275
1804,2025-02-04,Tuesday  ,4,2,1,2025,Caldeira,Escitalopram Gotas 20ml - EMS (Genérico),Antialérgicos,58,5,341
1805,2025-02-04,Tuesday  ,4,2,1,2025,Caldeira,Sérum Vitamina C Pampers 400ml,Antidepressivos,11,17,193
1806,2025-02-04,Tuesday  ,4,2,1,2025,Caldeira,Creme Hidratante Mió 90g,Nutrição Infantil,23,8,203
1807,2025-02-04,Tuesday  ,4,2,1,2025,Caldeira,Leite em Pó Infantil Rexona 150ml,Analgésicos,51,3,202
1808,2025-02-04,Tuesday  ,4,2,1,2025,Caldeira,Nimesulida 500mg - 20 Comprimidos - EMS (Genérico),Saúde Bucal,35,3,138
1809,2025-02-04,Tuesday  ,4,2,1,2025,Caldeira,Creme Hidratante Dove 400ml,Higiene Pessoal,39,10,421
1810,2025-02-04,Tuesday  ,4,2,1,2025,Caldeira,Creme Hidratante Listerine 90g,Homeopatia,51,3,173
1811,2025-02-04,Tuesday  ,4,2,1,2025,Caldeira,Protetor Solar Facial Panvel 200ml,Primeiros Socorros,59,5,315
1812,2025-02-04,Tuesday  ,4,2,1,2025,Caldeira,Loratadina 500mg - 20 Comprimidos - EMS (Genérico),Cuidados com o Cabelo,43,4,202
1813,2025-10-19,Sunday   ,19,10,4,2025,da Paz Camargo - ME,Dipirona Sódica Gotas 20ml - EMS (Genérico),Aparelhos Médicos,22,12,265
1814,2025-10-19,Sunday   ,19,10,4,2025,da Paz Camargo - ME,Creme Hidratante Rexona 50 Metros,Saúde Bucal,42,5,220
1815,2025-10-19,Sunday   ,19,10,4,2025,da Paz Camargo - ME,Sérum Vitamina C Pampers 400ml,Antidepressivos,43,4,174
1816,2025-10-19,Sunday   ,19,10,4,2025,da Paz Camargo - ME,Escitalopram Suspensão Oral 50ml - Bayer,Nutrição Infantil,24,5,128
1817,2025-10-19,Sunday   ,19,10,4,2025,da Paz Camargo - ME,Vacina contra Embolia - Reforço,Anti-inflamatórios,35,7,258
1818,2025-01-03,Friday   ,3,1,1,2025,Aragão,Tadalafila Xarope 120ml - Bayer,Antibióticos,45,6,285
1819,2025-01-03,Friday   ,3,1,1,2025,Aragão,Creme Hidratante Colgate 150ml,Anti-inflamatórios,25,11,297
1820,2025-01-03,Friday   ,3,1,1,2025,Aragão,Sérum Vitamina C Pampers 400ml,Antidepressivos,24,7,174
1821,2025-01-03,Friday   ,3,1,1,2025,Aragão,Diclofenaco 50mg - 30 Comprimidos - Eurofarma,Antidepressivos,40,6,262
1822,2025-01-03,Friday   ,3,1,1,2025,Aragão,Paracetamol Xarope 120ml - Neo Química (Genérico),Higiene Pessoal,51,5,276
1823,2025-01-03,Friday   ,3,1,1,2025,Aragão,Azitromicina Gotas 20ml - Eurofarma,Anti-inflamatórios,20,16,332
1824,2025-01-03,Friday   ,3,1,1,2025,Aragão,Nimesulida Suspensão Oral 50ml - Neo Química (Genérico),Produtos Ortopédicos,33,7,257
1825,2025-01-03,Friday   ,3,1,1,2025,Aragão,Sildenafila Xarope 120ml - Eurofarma,Antialérgicos,26,10,279
1826,2025-04-15,Tuesday  ,15,4,2,2025,da Cruz,Paracetamol 50mg - 30 Comprimidos - Medley (Genérico),Nutrição Infantil,12,11,138
1827,2025-04-15,Tuesday  ,15,4,2,2025,da Cruz,Omeprazol Pomada 30g - Neo Química (Genérico),Primeiros Socorros,24,7,186
1828,2025-04-15,Tuesday  ,15,4,2,2025,da Cruz,Curativos (Band-Aid) Nivea 500ml,Vacinas,52,3,196
1829,2025-01-14,Tuesday  ,14,1,1,2025,da Cunha,Protetor Solar Corporal Huggies 50 Metros,Homeopatia,20,16,332
1830,2025-01-14,Tuesday  ,14,1,1,2025,da Cunha,Diclofenaco Pomada 30g - EMS (Genérico),Produtos Ortopédicos,16,8,130
1831,2025-01-14,Tuesday  ,14,1,1,2025,da Cunha,Atenolol 25mg - 30 Comprimidos - Medley (Genérico),Vacinas,33,4,152
1832,2024-10-03,Thursday ,3,10,4,2024,da Mota,Amoxicilina 25mg - 30 Comprimidos - Bayer,Vitaminas e Suplementos,49,3,154
1833,2024-10-03,Thursday ,3,10,4,2024,da Mota,Diclofenaco 500mg - 20 Comprimidos - Neo Química (Genérico),Antidepressivos,45,2,116
1834,2026-05-26,Tuesday  ,26,5,2,2026,da Cunha Silveira - EI,Protetor Solar Corporal Needs Tamanho M (40 un),Antibióticos,35,10,351
1835,2026-05-26,Tuesday  ,26,5,2,2026,da Cunha Silveira - EI,Condicionador Hidratação Panvel Tamanho G (32 un),Nutrição Infantil,29,8,253
1836,2026-05-26,Tuesday  ,26,5,2,2026,da Cunha Silveira - EI,Cefalexina Gotas 20ml - Eurofarma,Saúde Bucal,41,6,253
1837,2026-05-26,Tuesday  ,26,5,2,2026,da Cunha Silveira - EI,Condicionador Hidratação G-Tech FPS 50,Produtos Ortopédicos,38,6,260
1838,2026-05-26,Tuesday  ,26,5,2,2026,da Cunha Silveira - EI,Loratadina Xarope 120ml - EMS (Genérico),Homeopatia,39,11,445
1839,2026-05-26,Tuesday  ,26,5,2,2026,da Cunha Silveira - EI,Azitromicina Gotas 20ml - Eurofarma,Anti-inflamatórios,18,22,405
1840,2026-05-26,Tuesday  ,26,5,2,2026,da Cunha Silveira - EI,Diclofenaco Suspensão Oral 50ml - Eurofarma,Higiene Pessoal,29,6,185
1841,2026-05-26,Tuesday  ,26,5,2,2026,da Cunha Silveira - EI,Sertralina Xarope 120ml - Eurofarma,Fraldas e Infantis,25,10,266
1842,2026-05-26,Tuesday  ,26,5,2,2026,da Cunha Silveira - EI,Condicionador Hidratação Vichy FPS 50,Saúde Bucal,25,13,342
1843,2026-05-26,Tuesday  ,26,5,2,2026,da Cunha Silveira - EI,Loratadina 25mg - 30 Comprimidos - Aché,Analgésicos,10,48,483
1844,2026-05-26,Tuesday  ,26,5,2,2026,da Cunha Silveira - EI,Fralda Descartável Aptamil 50 Metros,Dermocosméticos,54,5,313
1845,2026-05-26,Tuesday  ,26,5,2,2026,da Cunha Silveira - EI,Creme Hidratante La Roche-Posay FPS 50,Vacinas,44,1,69
1846,2025-09-12,Friday   ,12,9,3,2025,Moura,Dipirona Sódica Pomada 30g - Bayer,Antidepressivos,30,14,434
1847,2025-09-12,Friday   ,12,9,3,2025,Moura,Nimesulida 1g - 10 Comprimidos - Neo Química (Genérico),Nutrição Infantil,47,6,322
1848,2025-09-12,Friday   ,12,9,3,2025,Moura,Pantoprazol Gotas 20ml - Medley (Genérico),Fitoterápicos,53,4,222
1849,2025-09-12,Friday   ,12,9,3,2025,Moura,Amoxicilina Pomada 30g - Bayer,Vitaminas e Suplementos,31,7,218
1850,2025-09-12,Friday   ,12,9,3,2025,Moura,Omeprazol 25mg - 30 Comprimidos - Eurofarma,Higiene Pessoal,51,7,383
1851,2025-09-12,Friday   ,12,9,3,2025,Moura,Vacina contra Trombose - Reforço,Fitoterápicos,59,4,252
1852,2025-09-12,Friday   ,12,9,3,2025,Moura,Absorvente com Abas Rexona FPS 70,Fitoterápicos,16,15,241
1853,2025-09-12,Friday   ,12,9,3,2025,Moura,Fralda Descartável G-Tech 200ml,Fitoterápicos,59,6,388
1854,2026-07-14,Tuesday  ,14,7,3,2026,Oliveira,Pantoprazol Gotas 20ml - Medley (Genérico),Fitoterápicos,18,13,240
1855,2026-07-14,Tuesday  ,14,7,3,2026,Oliveira,Pomada para Assaduras Needs FPS 50,Antialérgicos,54,2,125
1856,2026-07-14,Tuesday  ,14,7,3,2026,Oliveira,Sérum Vitamina C Needs FPS 50,Vitaminas e Suplementos,38,2,112
1857,2025-10-09,Thursday ,9,10,4,2025,da Cruz,Escitalopram 25mg - 30 Comprimidos - Bayer,Aparelhos Médicos,60,4,273
1858,2025-10-09,Thursday ,9,10,4,2025,da Cruz,Vacina contra Asma - Dose Única,Higiene Pessoal,37,8,331
1859,2025-10-09,Thursday ,9,10,4,2025,da Cruz,Losartana Potássica 25mg - 30 Comprimidos - EMS (Genérico),Nutrição Infantil,45,6,301
1860,2025-10-09,Thursday ,9,10,4,2025,da Cruz,Clonazepam 25mg - 30 Comprimidos - Bayer,Higiene Pessoal,42,4,192
1861,2025-10-09,Thursday ,9,10,4,2025,da Cruz,Paracetamol 1g - 10 Comprimidos - Aché,Primeiros Socorros,24,10,256
1862,2025-10-09,Thursday ,9,10,4,2025,da Cruz,Tadalafila 25mg - 30 Comprimidos - Neo Química (Genérico),Saúde Bucal,35,10,366
1863,2025-10-09,Thursday ,9,10,4,2025,da Cruz,Sildenafila 50mg - 30 Comprimidos - Aché,Antidepressivos,28,2,70
1864,2024-12-28,Saturday ,28,12,4,2024,da Rosa,Cefalexina 25mg - 30 Comprimidos - Eurofarma,Primeiros Socorros,13,22,296
1865,2024-12-28,Saturday ,28,12,4,2024,da Rosa,Lenço Umedecido Sempre Livre Tamanho G (32 un),Anti-inflamatórios,45,3,161
1866,2024-12-28,Saturday ,28,12,4,2024,da Rosa,Água Micelar Sempre Livre 50g,Vacinas,44,4,200
1867,2024-12-28,Saturday ,28,12,4,2024,da Rosa,Enxaguante Bucal Nivea 90g,Antibióticos,23,8,200
1868,2025-12-24,Wednesday,24,12,4,2025,Gonçalves,Enxaguante Bucal Panvel 90g,Aparelhos Médicos,22,16,354
1869,2025-12-24,Wednesday,24,12,4,2025,Gonçalves,Creme Hidratante Colgate 150ml,Anti-inflamatórios,47,6,327
1870,2025-12-24,Wednesday,24,12,4,2025,Gonçalves,Metformina Xarope 120ml - Bayer,Aparelhos Médicos,54,4,249
1871,2025-12-24,Wednesday,24,12,4,2025,Gonçalves,Sertralina 1g - 10 Comprimidos - Aché,Primeiros Socorros,32,8,284
1872,2025-12-24,Wednesday,24,12,4,2025,Gonçalves,Tadalafila 25mg - 30 Comprimidos - Eurofarma,Antialérgicos,55,4,268
1873,2025-12-24,Wednesday,24,12,4,2025,Gonçalves,Fluoxetina 50mg - 30 Comprimidos - EMS (Genérico),Vitaminas e Suplementos,21,3,83
1874,2025-12-24,Wednesday,24,12,4,2025,Gonçalves,Sinvastatina Gotas 20ml - Medley (Genérico),Dermocosméticos,36,5,195
1875,2025-12-24,Wednesday,24,12,4,2025,Gonçalves,Clonazepam Suspensão Oral 50ml - Medley (Genérico),Vitaminas e Suplementos,37,8,327
1876,2025-12-24,Wednesday,24,12,4,2025,Gonçalves,Pantoprazol 500mg - 20 Comprimidos - Medley (Genérico),Antialérgicos,43,4,181
1877,2025-02-22,Saturday ,22,2,1,2025,Nogueira S/A,Vacina contra Hepatite C - Reforço,Nutrição Infantil,15,11,179
1878,2025-07-16,Wednesday,16,7,3,2025,Castro,Pantoprazol 50mg - 30 Comprimidos - Eurofarma,Nutrição Infantil,16,7,123
1879,2025-07-16,Wednesday,16,7,3,2025,Castro,Losartana Potássica Pomada 30g - Bayer,Nutrição Infantil,26,12,334
1880,2025-07-16,Wednesday,16,7,3,2025,Castro,Sérum Vitamina C Johnson's 150ml,Antibióticos,10,30,304
1881,2025-07-16,Wednesday,16,7,3,2025,Castro,Creme Hidratante Dove 400ml,Higiene Pessoal,42,9,386
1882,2025-07-16,Wednesday,16,7,3,2025,Castro,Creme Hidratante Listerine 90g,Homeopatia,25,6,169
1883,2025-07-16,Wednesday,16,7,3,2025,Castro,Sérum Vitamina C Aptamil Tamanho M (40 un),Antibióticos,60,2,152
1884,2024-11-26,Tuesday  ,26,11,4,2024,Aparecida Rodrigues Ltda.,Hidroclorotiazida 50mg - 30 Comprimidos - Neo Química (Genérico),Cuidados com o Cabelo,49,5,267
1885,2024-11-26,Tuesday  ,26,11,4,2024,Aparecida Rodrigues Ltda.,Curativos (Band-Aid) Huggies 150ml,Vitaminas e Suplementos,18,12,222
1886,2024-11-26,Tuesday  ,26,11,4,2024,Aparecida Rodrigues Ltda.,Soro Fisiológico Sempre Livre 500ml,Higiene Pessoal,49,3,190
1887,2024-11-26,Tuesday  ,26,11,4,2024,Aparecida Rodrigues Ltda.,Atenolol Gotas 20ml - Neo Química (Genérico),Nutrição Infantil,14,27,388
1888,2024-11-26,Tuesday  ,26,11,4,2024,Aparecida Rodrigues Ltda.,Soro Fisiológico Dove 150ml,Antidepressivos,38,9,350
1889,2024-11-26,Tuesday  ,26,11,4,2024,Aparecida Rodrigues Ltda.,Omeprazol 50mg - 30 Comprimidos - Neo Química (Genérico),Anti-inflamatórios,53,5,285
1890,2024-11-26,Tuesday  ,26,11,4,2024,Aparecida Rodrigues Ltda.,Creme Hidratante Colgate 150ml,Anti-inflamatórios,25,11,299
1891,2025-02-14,Friday   ,14,2,1,2025,Santos,Azitromicina 50mg - 30 Comprimidos - EMS (Genérico),Antibióticos,49,3,191
1892,2025-02-14,Friday   ,14,2,1,2025,Santos,Enalapril 500mg - 20 Comprimidos - EMS (Genérico),Saúde Bucal,60,4,296
1893,2025-02-14,Friday   ,14,2,1,2025,Santos,Nimesulida 25mg - 30 Comprimidos - Aché,Dermocosméticos,14,17,238
1894,2026-05-30,Saturday ,30,5,2,2026,Montenegro e Filhos,Hidroclorotiazida 50mg - 30 Comprimidos - Neo Química (Genérico),Cuidados com o Cabelo,16,17,283
1895,2024-09-25,Wednesday,25,9,3,2024,Rezende - EI,Clonazepam 500mg - 20 Comprimidos - Medley (Genérico),Dermocosméticos,51,5,281
1896,2024-09-25,Wednesday,25,9,3,2024,Rezende - EI,Metformina 25mg - 30 Comprimidos - Aché,Fraldas e Infantis,10,24,247
1897,2024-09-25,Wednesday,25,9,3,2024,Rezende - EI,Paracetamol 500mg - 20 Comprimidos - EMS (Genérico),Vitaminas e Suplementos,23,13,301
1898,2024-09-25,Wednesday,25,9,3,2024,Rezende - EI,Omeprazol 50mg - 30 Comprimidos - Bayer,Vitaminas e Suplementos,48,3,179
1899,2024-09-25,Wednesday,25,9,3,2024,Rezende - EI,Fralda Descartável Vichy 150ml,Homeopatia,55,0,54
1900,2024-09-25,Wednesday,25,9,3,2024,Rezende - EI,Diclofenaco Gotas 20ml - Eurofarma,Produtos Ortopédicos,49,8,416
1901,2024-09-25,Wednesday,25,9,3,2024,Rezende - EI,Metformina 1g - 10 Comprimidos - Aché,Fraldas e Infantis,28,16,451
1902,2024-09-25,Wednesday,25,9,3,2024,Rezende - EI,Condicionador Hidratação Huggies 400ml,Antialérgicos,23,6,139
1903,2024-09-25,Wednesday,25,9,3,2024,Rezende - EI,Nimesulida 50mg - 30 Comprimidos - EMS (Genérico),Anti-inflamatórios,23,14,324
1904,2024-09-25,Wednesday,25,9,3,2024,Rezende - EI,Dipirona Sódica Pomada 30g - Bayer,Antidepressivos,51,9,487
1905,2024-09-25,Wednesday,25,9,3,2024,Rezende - EI,Enalapril 500mg - 20 Comprimidos - Medley (Genérico),Analgésicos,28,8,231
1906,2024-09-25,Wednesday,25,9,3,2024,Rezende - EI,Metformina Suspensão Oral 50ml - EMS (Genérico),Fraldas e Infantis,44,6,280
1907,2025-03-04,Tuesday  ,4,3,1,2025,da Costa Leão - EI,Vacina contra Esquizofrenia - Dose Única,Antialérgicos,32,4,148
1908,2025-03-04,Tuesday  ,4,3,1,2025,da Costa Leão - EI,Protetor Solar Corporal CeraVe Tamanho G (32 un),Aparelhos Médicos,55,6,363
1909,2025-03-04,Tuesday  ,4,3,1,2025,da Costa Leão - EI,Curativos (Band-Aid) La Roche-Posay 400ml,Antibióticos,26,6,161
1910,2025-03-04,Tuesday  ,4,3,1,2025,da Costa Leão - EI,Escitalopram 1g - 10 Comprimidos - Medley (Genérico),Aparelhos Médicos,48,4,216
1911,2025-03-04,Tuesday  ,4,3,1,2025,da Costa Leão - EI,Termômetro Digital Needs Tamanho M (40 un),Vitaminas e Suplementos,15,17,256
1912,2026-01-30,Friday   ,30,1,1,2026,Correia,Sertralina Xarope 120ml - Neo Química (Genérico),Produtos Ortopédicos,20,8,170
1913,2026-01-30,Friday   ,30,1,1,2026,Correia,Atenolol Gotas 20ml - Neo Química (Genérico),Nutrição Infantil,29,12,367
1914,2026-01-30,Friday   ,30,1,1,2026,Correia,Sinvastatina 1g - 10 Comprimidos - Aché,Produtos Ortopédicos,17,23,401
1915,2026-01-30,Friday   ,30,1,1,2026,Correia,Pomada para Assaduras G-Tech Tamanho M (40 un),Genéricos,51,5,274
1916,2026-01-30,Friday   ,30,1,1,2026,Correia,Creme Hidratante Johnson's Tamanho G (32 un),Antibióticos,23,13,319
1917,2026-01-30,Friday   ,30,1,1,2026,Correia,Metformina 25mg - 30 Comprimidos - Eurofarma,Antibióticos,15,28,429
1918,2026-05-12,Tuesday  ,12,5,2,2026,Borges,Tadalafila 500mg - 20 Comprimidos - Aché,Aparelhos Médicos,30,5,164
1919,2025-11-29,Saturday ,29,11,4,2025,Macedo,Azitromicina 50mg - 30 Comprimidos - Aché,Saúde Bucal,57,8,460
1920,2025-11-29,Saturday ,29,11,4,2025,Macedo,Vacina contra Anemia - Reforço,Aparelhos Médicos,13,13,170
1921,2025-11-29,Saturday ,29,11,4,2025,Macedo,Sinvastatina 1g - 10 Comprimidos - Aché,Produtos Ortopédicos,36,10,390
1922,2025-11-29,Saturday ,29,11,4,2025,Macedo,Sérum Vitamina C Mió 400ml,Antitérmicos,17,4,76
1923,2025-11-29,Saturday ,29,11,4,2025,Macedo,Diclofenaco 50mg - 30 Comprimidos - Medley (Genérico),Vitaminas e Suplementos,40,3,136
1924,2025-11-29,Saturday ,29,11,4,2025,Macedo,Metformina 1g - 10 Comprimidos - Aché,Fraldas e Infantis,50,9,462
1925,2025-11-29,Saturday ,29,11,4,2025,Macedo,Protetor Solar Corporal Rexona 150ml,Antibióticos,16,16,265
