valor_total_receita,quantidade,id_pedido,hora,nomecliente,ruacliente,bairrocliente,municipiocliente,ufcliente,nomeproduto,categproduto,precvenda,data_transacao,dia_da_semana,dia,mes,trismeste,ano
1214.05,5,3,19:07:41.029055,Elisa Vargas,Lagoa Jade da Paz,Suzana,da Costa de Melo,AL,Paracetamol 1g - 10 Comprimidos - Bayer,Vacinas,242.81,2025-07-28,Monday   ,28,7,3,2025
316.76,2,1530,21:27:52.058765,Elisa Vargas,Lagoa Jade da Paz,Suzana,da Costa de Melo,AL,Vacina contra Hipertensão - Reforço,Antibióticos,158.38,2026-09-02,Wednesday,2,9,3,2026
84.63,1,1802,12:09:11.049484,Elisa Vargas,Lagoa Jade da Paz,Suzana,da Costa de Melo,AL,Vacina contra Obesidade - Dose Única,Fraldas e Infantis,84.63,2025-05-30,Friday   ,30,5,2,2025
33.17,1,868,23:54:10.877846,Diego Alves,Área Maria Albuquerque,Jardim América,Barbosa dos Dourados,RN,Paracetamol Pomada 30g - Bayer,Anti-inflamatórios,33.17,2025-09-20,Saturday ,20,9,3,2025
1221.2,5,1708,02:29:18.508927,Diego Alves,Área Maria Albuquerque,Jardim América,Barbosa dos Dourados,RN,Sinvastatina Gotas 20ml - Medley (Genérico),Dermocosméticos,244.24,2026-06-09,Tuesday  ,9,6,2,2026
78.3,1,1017,23:07:47.501267,Diego Alves,Área Maria Albuquerque,Jardim América,Barbosa dos Dourados,RN,Fluoxetina 50mg - 30 Comprimidos - Bayer,Saúde Bucal,78.3,2024-11-22,Friday   ,22,11,4,2024
45.089999999999996,3,2852,03:53:53.196188,Diego Alves,Área Maria Albuquerque,Jardim América,Barbosa dos Dourados,RN,Vacina contra Pneumonia - Reforço,Produtos Ortopédicos,15.03,2025-11-15,Saturday ,15,11,4,2025
205.27,1,505,16:12:36.682179,Diego Alves,Área Maria Albuquerque,Jardim América,Barbosa dos Dourados,RN,Vacina contra Epilepsia - Reforço,Antitérmicos,205.27,2026-01-08,Thursday ,8,1,1,2026
890.04,4,1374,06:25:49.694184,Dra. Ana Vitória Câmara,Conjunto Cavalcanti,Conjunto Lagoa,Machado,PE,Pomada para Assaduras Needs FPS 50,Antialérgicos,222.51,2025-12-26,Friday   ,26,12,4,2025
844.6,4,1656,16:06:29.950597,Bruno Vieira,Vereda de Freitas,União,Nunes,SP,Clonazepam 25mg - 30 Comprimidos - Aché,Antialérgicos,211.15,2025-11-29,Saturday ,29,11,4,2025
174.51,3,298,09:49:26.459552,Bruno Vieira,Vereda de Freitas,União,Nunes,SP,Protetor Solar Corporal Bepantol 50 Metros,Vitaminas e Suplementos,58.17,2026-07-18,Saturday ,18,7,3,2026
36.36,2,484,11:49:14.052159,Bruno Vieira,Vereda de Freitas,União,Nunes,SP,Termômetro Digital Vichy 50 Metros,Aparelhos Médicos,18.18,2024-09-29,Sunday   ,29,9,3,2024
263.09999999999997,5,224,10:21:37.058143,Dr. Antônio Lima,Viela de Costela,Vila Da Ária,Rios do Oeste,AP,Amoxicilina 500mg - 20 Comprimidos - Eurofarma,Dermocosméticos,52.62,2025-09-19,Friday   ,19,9,3,2025
717.3000000000001,5,187,15:01:43.511025,Dr. Antônio Lima,Viela de Costela,Vila Da Ária,Rios do Oeste,AP,Sinvastatina 500mg - 20 Comprimidos - Neo Química (Genérico),Fitoterápicos,143.46,2025-02-12,Wednesday,12,2,1,2025
458.18,2,2971,03:27:13.479578,Léo Aparecida,Favela Camargo,São João Batista,Fonseca de Cavalcante,AP,Clonazepam 1g - 10 Comprimidos - Bayer,Antitérmicos,229.09,2026-03-22,Sunday   ,22,3,1,2026
583.47,3,782,11:35:59.857984,Léo Aparecida,Favela Camargo,São João Batista,Fonseca de Cavalcante,AP,Hastes Flexíveis (Cotonetes) Listerine 200ml,Homeopatia,194.49,2026-03-11,Wednesday,11,3,1,2026
612.4499999999999,5,502,23:03:17.166693,João Lucas Albuquerque,Trevo de Ramos,Nova Gameleira,Macedo,AC,Ibuprofeno Gotas 20ml - Aché,Vacinas,122.49,2025-12-02,Tuesday  ,2,12,4,2025
280.25,5,1035,16:16:49.738606,João Lucas Albuquerque,Trevo de Ramos,Nova Gameleira,Macedo,AC,Amoxicilina 1g - 10 Comprimidos - EMS (Genérico),Antidepressivos,56.05,2025-04-07,Monday   ,7,4,2,2025
124.14999999999999,5,1415,17:27:36.847414,Dr. Kaique Monteiro,Chácara de Rodrigues,Boa Esperança,Borges,PA,Creme Dental Colgate 150ml,Vacinas,24.83,2026-04-30,Thursday ,30,4,2,2026
719.35,5,2078,22:44:08.834394,Henry Gabriel da Rosa,Chácara de Abreu,Universo,Pinto dos Dourados,MT,Creme Hidratante Dove 400ml,Higiene Pessoal,143.87,2025-07-01,Tuesday  ,1,7,3,2025
259.94,2,1741,22:59:48.152417,Sr. Pietro Moura,Favela Vitória Marques,Vila Da Luz,Fogaça do Amparo,PB,Losartana Potássica Pomada 30g - Medley (Genérico),Antialérgicos,129.97,2024-09-23,Monday   ,23,9,3,2024
301.84999999999997,5,404,20:29:07.834607,Sr. Pietro Moura,Favela Vitória Marques,Vila Da Luz,Fogaça do Amparo,PB,Hidroclorotiazida Xarope 120ml - Bayer,Cuidados com o Cabelo,60.37,2025-11-28,Friday   ,28,11,4,2025
890.04,4,1899,21:14:07.745906,Sr. Pietro Moura,Favela Vitória Marques,Vila Da Luz,Fogaça do Amparo,PB,Pomada para Assaduras Needs FPS 50,Antialérgicos,222.51,2024-09-20,Friday   ,20,9,3,2024
977.28,4,2066,06:06:47.041344,Sr. Pietro Moura,Favela Vitória Marques,Vila Da Luz,Fogaça do Amparo,PB,Soro Fisiológico Johnson's Tamanho M (40 un),Primeiros Socorros,244.32,2025-08-05,Tuesday  ,5,8,3,2025
42.32,1,299,18:10:57.989622,Ester Porto,Rodovia de Pastor,São João,Borges,BA,Metformina Suspensão Oral 50ml - Eurofarma,Cuidados com o Cabelo,42.32,2026-02-09,Monday   ,9,2,1,2026
827.36,4,1495,08:57:09.920719,Ester Porto,Rodovia de Pastor,São João,Borges,BA,Paracetamol 25mg - 30 Comprimidos - Aché,Antibióticos,206.84,2026-07-27,Monday   ,27,7,3,2026
152.05,5,2801,01:19:25.958035,Ester Porto,Rodovia de Pastor,São João,Borges,BA,Sildenafila 25mg - 30 Comprimidos - EMS (Genérico),Primeiros Socorros,30.41,2025-04-10,Thursday ,10,4,2,2025
911.3,5,2101,05:44:22.617266,Ester Porto,Rodovia de Pastor,São João,Borges,BA,Vacina contra Trombose - Reforço,Fitoterápicos,182.26,2025-01-04,Saturday ,4,1,1,2025
630.5699999999999,3,1818,20:27:35.587904,Srta. Marina Cunha,Alameda Brenda Martins,São Benedito,Albuquerque de Brito,GO,Dipirona Sódica Pomada 30g - Bayer,Antidepressivos,210.19,2024-11-01,Friday   ,1,11,4,2024
288.5,5,2712,02:42:19.06319,Srta. Marina Cunha,Alameda Brenda Martins,São Benedito,Albuquerque de Brito,GO,Pantoprazol Xarope 120ml - Aché,Nutrição Infantil,57.7,2025-01-30,Thursday ,30,1,1,2025
223.72,2,547,07:51:51.953155,Pedro Lucas Costela,Morro Alexia Duarte,Vila De Sá,Jesus,RR,Sabonete em Barra Dove FPS 70,Antibióticos,111.86,2025-06-17,Tuesday  ,17,6,2,2025
87.62,2,2999,18:46:59.192629,Pedro Lucas Costela,Morro Alexia Duarte,Vila De Sá,Jesus,RR,Lenço Umedecido Colgate FPS 50,Analgésicos,43.81,2025-05-22,Thursday ,22,5,2,2025
1044.55,5,1665,17:08:25.604281,Ágatha Silveira,Morro de Cunha,Vila Sumaré,Duarte,PI,Hastes Flexíveis (Cotonetes) Huggies 150ml,Antibióticos,208.91,2025-11-14,Friday   ,14,11,4,2025
491.88,3,1854,11:17:42.021917,Sra. Heloisa Gomes,Vereda Bruna Mendes,Capitão Eduardo,Martins do Amparo,ES,Hidroclorotiazida 500mg - 20 Comprimidos - Bayer,Primeiros Socorros,163.96,2024-09-24,Tuesday  ,24,9,3,2024
350.56,4,327,23:59:34.799264,Sra. Heloisa Gomes,Vereda Bruna Mendes,Capitão Eduardo,Martins do Amparo,ES,Loratadina 25mg - 30 Comprimidos - Eurofarma,Nutrição Infantil,87.64,2025-01-08,Wednesday,8,1,1,2025
723.68,4,318,07:18:40.49755,Sra. Heloisa Gomes,Vereda Bruna Mendes,Capitão Eduardo,Martins do Amparo,ES,Losartana Potássica 500mg - 20 Comprimidos - Medley (Genérico),Nutrição Infantil,180.92,2026-06-28,Sunday   ,28,6,2,2026
371,5,1101,00:12:43.411653,Sra. Heloisa Gomes,Vereda Bruna Mendes,Capitão Eduardo,Martins do Amparo,ES,Vacina contra Parkinson - Reforço,Fraldas e Infantis,74.2,2025-12-28,Sunday   ,28,12,4,2025
466.16,2,740,22:56:11.175565,Benicio Ribeiro,Ladeira Jesus,Bernadete,Gomes,AM,Omeprazol 50mg - 30 Comprimidos - Neo Química (Genérico),Anti-inflamatórios,233.08,2025-01-11,Saturday ,11,1,1,2025
129.89,1,1688,22:43:16.14194,Benicio Ribeiro,Ladeira Jesus,Bernadete,Gomes,AM,Pomada para Assaduras G-Tech Tamanho M (40 un),Genéricos,129.89,2025-04-14,Monday   ,14,4,2,2025
287.15,5,2907,01:50:16.203732,Maria Sophia Moreira,Lagoa Rhavi Albuquerque,Juliana,da Rocha do Amparo,RN,Azitromicina 50mg - 30 Comprimidos - Aché,Saúde Bucal,57.43,2025-12-13,Saturday ,13,12,4,2025
362.48,4,970,19:27:24.006361,Maria Sophia Moreira,Lagoa Rhavi Albuquerque,Juliana,da Rocha do Amparo,RN,Amoxicilina Suspensão Oral 50ml - EMS (Genérico),Vacinas,90.62,2024-11-22,Friday   ,22,11,4,2024
1128.6499999999999,5,1574,02:42:27.977162,Alice Ramos,Lagoa Freitas,Distrito Industrial Do Jatoba,Fogaça do Amparo,PB,Fluoxetina 500mg - 20 Comprimidos - Neo Química (Genérico),Antitérmicos,225.73,2026-01-16,Friday   ,16,1,1,2026
725.9399999999999,3,2948,18:22:04.886152,Alice Ramos,Lagoa Freitas,Distrito Industrial Do Jatoba,Fogaça do Amparo,PB,Escitalopram Suspensão Oral 50ml - Eurofarma,Vitaminas e Suplementos,241.98,2026-04-11,Saturday ,11,4,2,2026
714.5,5,165,12:55:20.845803,Alice Ramos,Lagoa Freitas,Distrito Industrial Do Jatoba,Fogaça do Amparo,PB,Curativos (Band-Aid) Nivea 500ml,Vacinas,142.9,2025-12-23,Tuesday  ,23,12,4,2025
150.58,1,2670,15:41:24.217768,João Vitor Albuquerque,Viela de Ribeiro,São Jorge 1ª Seção,Nunes,SE,Ibuprofeno Xarope 120ml - Bayer,Higiene Pessoal,150.58,2026-03-08,Sunday   ,8,3,1,2026
1225.05,5,608,22:24:58.738832,Sophie Sampaio,Fazenda Jesus,Tupi A,da Luz,RS,Hidroclorotiazida 25mg - 30 Comprimidos - EMS (Genérico),Cuidados com o Cabelo,245.01,2025-09-10,Wednesday,10,9,3,2025
1095.05,5,2138,10:00:07.130171,Sophie Sampaio,Fazenda Jesus,Tupi A,da Luz,RS,Sérum Vitamina C Rexona 200ml,Vacinas,219.01,2025-02-18,Tuesday  ,18,2,1,2025
82.69,1,321,07:04:06.0923,Heloísa Rezende,Aeroporto da Conceição,Indaiá,Vieira de Minas,MT,Paracetamol Pomada 30g - Medley (Genérico),Antitérmicos,82.69,2026-07-01,Wednesday,1,7,3,2026
518.92,4,1371,18:34:02.336758,Heloísa Rezende,Aeroporto da Conceição,Indaiá,Vieira de Minas,MT,Losartana Potássica 500mg - 20 Comprimidos - Eurofarma,Primeiros Socorros,129.73,2025-05-26,Monday   ,26,5,2,2025
462.45,5,2834,09:03:10.705945,Rafaela Gomes,Morro Gonçalves,Parque São José,Souza,ES,Losartana Potássica Gotas 20ml - Medley (Genérico),Antitérmicos,92.49,2026-03-02,Monday   ,2,3,1,2026
205.24,2,2894,23:47:37.732859,Rafaela Gomes,Morro Gonçalves,Parque São José,Souza,ES,Vacina contra Alzheimer - Dose Única,Antialérgicos,102.62,2025-03-21,Friday   ,21,3,1,2025
469.96,2,2720,05:55:38.152731,Luana Cardoso,Vila Maria Eduarda da Luz,João Pinheiro,Moura,BA,Enalapril Gotas 20ml - Bayer,Antitérmicos,234.98,2025-10-14,Tuesday  ,14,10,4,2025
209.12,4,175,19:47:01.314065,Luana Cardoso,Vila Maria Eduarda da Luz,João Pinheiro,Moura,BA,Atenolol 50mg - 30 Comprimidos - Eurofarma,Higiene Pessoal,52.28,2025-01-02,Thursday ,2,1,1,2025
541.5,3,279,06:30:54.993968,Luana Cardoso,Vila Maria Eduarda da Luz,João Pinheiro,Moura,BA,Enalapril 50mg - 30 Comprimidos - Eurofarma,Analgésicos,180.5,2025-08-28,Thursday ,28,8,3,2025
38.38,2,2992,10:08:27.703106,Luana Cardoso,Vila Maria Eduarda da Luz,João Pinheiro,Moura,BA,Nimesulida 1g - 10 Comprimidos - Eurofarma,Produtos Ortopédicos,19.19,2026-07-03,Friday   ,3,7,3,2026
863.3499999999999,5,240,01:18:51.986909,João Vitor Pereira,Pátio de Carvalho,Brasil Industrial,Fogaça Alegre,PR,Escitalopram 25mg - 30 Comprimidos - EMS (Genérico),Homeopatia,172.67,2026-07-04,Saturday ,4,7,3,2026
291.66,2,1676,23:52:27.240114,João Vitor Pereira,Pátio de Carvalho,Brasil Industrial,Fogaça Alegre,PR,Enxaguante Bucal Nivea 90g,Antibióticos,145.83,2024-12-08,Sunday   ,8,12,4,2024
696.42,3,1764,06:43:56.875648,João Vitor Pereira,Pátio de Carvalho,Brasil Industrial,Fogaça Alegre,PR,Creme Hidratante G-Tech 400ml,Primeiros Socorros,232.14,2025-11-18,Tuesday  ,18,11,4,2025
438.33000000000004,3,466,16:58:07.987466,João Vitor Pereira,Pátio de Carvalho,Brasil Industrial,Fogaça Alegre,PR,Lenço Umedecido Colgate 50g,Homeopatia,146.11,2024-10-02,Wednesday,2,10,4,2024
241.99,1,2174,11:15:48.294903,Dr. Emanuel Barbosa,Distrito Cavalcante,Vila Calafate,da Rocha,PI,Escitalopram Suspensão Oral 50ml - Bayer,Nutrição Infantil,241.99,2026-04-11,Saturday ,11,4,2,2026
103.94,1,2079,07:15:22.572053,Dr. Emanuel Barbosa,Distrito Cavalcante,Vila Calafate,da Rocha,PI,Clonazepam 500mg - 20 Comprimidos - Medley (Genérico),Dermocosméticos,103.94,2025-05-30,Friday   ,30,5,2,2025
97.3,1,1344,13:54:40.286484,Luiz Gustavo Gonçalves,Aeroporto Nogueira,Chácara Leonina,Almeida Grande,AP,Fluoxetina Suspensão Oral 50ml - Medley (Genérico),Antidepressivos,97.3,2025-02-19,Wednesday,19,2,1,2025
130.98,3,411,23:59:30.527111,Luiz Gustavo Gonçalves,Aeroporto Nogueira,Chácara Leonina,Almeida Grande,AP,Hidroclorotiazida Gotas 20ml - Medley (Genérico),Aparelhos Médicos,43.66,2025-06-11,Wednesday,11,6,2,2025
339.54,2,1827,15:53:41.428642,Luiz Gustavo Gonçalves,Aeroporto Nogueira,Chácara Leonina,Almeida Grande,AP,Enxaguante Bucal Rexona FPS 50,Dermocosméticos,169.77,2025-11-29,Saturday ,29,11,4,2025
592.16,4,2247,12:42:45.681314,Joaquim Moreira,Morro Jesus,Santa Terezinha,Castro,RR,Vacina contra Lúpus - Dose Única,Antibióticos,148.04,2025-10-18,Saturday ,18,10,4,2025
313.72,2,2500,19:11:01.836758,Joaquim Moreira,Morro Jesus,Santa Terezinha,Castro,RR,Vacina contra Hepatite C - Reforço,Nutrição Infantil,156.86,2025-03-04,Tuesday  ,4,3,1,2025
11.83,1,478,14:12:07.445541,Joaquim Moreira,Morro Jesus,Santa Terezinha,Castro,RR,Protetor Solar Corporal CeraVe Tamanho G (32 un),Aparelhos Médicos,11.83,2025-12-15,Monday   ,15,12,4,2025
618.5999999999999,3,1498,00:18:32.284939,Maria Isis Leão,Jardim de Sampaio,Rio Branco,Macedo,AC,Cefalexina 50mg - 30 Comprimidos - Aché,Aparelhos Médicos,206.2,2026-06-11,Thursday ,11,6,2,2026
772.88,4,1795,05:42:56.361385,Dr. Vitor Lopes,Loteamento Azevedo,Trevo,Barros de Fernandes,RR,Atenolol 25mg - 30 Comprimidos - Aché,Higiene Pessoal,193.22,2025-09-11,Thursday ,11,9,3,2025
426.32,4,1003,19:11:38.587179,Dr. Vitor Lopes,Loteamento Azevedo,Trevo,Barros de Fernandes,RR,Água Micelar Colgate 50g,Fitoterápicos,106.58,2026-01-22,Thursday ,22,1,1,2026
54.54,1,1519,03:17:31.212701,Dr. Vitor Lopes,Loteamento Azevedo,Trevo,Barros de Fernandes,RR,Protetor Solar Facial Nivea 50 Metros,Aparelhos Médicos,54.54,2025-01-08,Wednesday,8,1,1,2025
462.45000000000005,3,246,16:00:57.037523,Dr. Vitor Lopes,Loteamento Azevedo,Trevo,Barros de Fernandes,RR,Soro Fisiológico Sempre Livre 500ml,Higiene Pessoal,154.15,2024-10-28,Monday   ,28,10,4,2024
232.6,2,2314,14:35:02.426367,Srta. Larissa Moura,Vale Vargas,Pousada Santo Antonio,Mendes das Flores,AL,Diclofenaco 25mg - 30 Comprimidos - Aché,Anti-inflamatórios,116.3,2026-05-20,Wednesday,20,5,2,2026
200.92,2,1300,09:52:52.030593,Sra. Mariah Vasconcelos,Feira Julia Sá,Barão Homem De Melo 3ª Seção,Marques Alegre,AL,Pantoprazol 500mg - 20 Comprimidos - Medley (Genérico),Antialérgicos,100.46,2025-06-15,Sunday   ,15,6,2,2025
143.5,2,2998,10:00:19.177211,Sra. Mariah Vasconcelos,Feira Julia Sá,Barão Homem De Melo 3ª Seção,Marques Alegre,AL,Vacina contra Cirrose - Dose Única,Aparelhos Médicos,71.75,2024-10-01,Tuesday  ,1,10,4,2024
254.54999999999998,5,2846,00:37:42.258104,Paulo Novais,Praia Leão,Mangabeiras,Araújo,MS,Nimesulida Xarope 120ml - Medley (Genérico),Antidepressivos,50.91,2025-12-11,Thursday ,11,12,4,2025
1184.75,5,379,23:36:28.867186,Paulo Novais,Praia Leão,Mangabeiras,Araújo,MS,Metformina Pomada 30g - Medley (Genérico),Saúde Bucal,236.95,2025-04-19,Saturday ,19,4,2,2025
219.26,1,2205,13:48:17.005597,Paulo Novais,Praia Leão,Mangabeiras,Araújo,MS,Dipirona Sódica Pomada 30g - Medley (Genérico),Saúde Bucal,219.26,2024-10-21,Monday   ,21,10,4,2024
346.64,2,850,15:13:46.172925,Paulo Novais,Praia Leão,Mangabeiras,Araújo,MS,Vacina contra Diabetes Tipo 1 - Dose Única,Antidepressivos,173.32,2024-11-09,Saturday ,9,11,4,2024
239.16,2,1078,03:13:08.050762,Ayla da Paz,Vale Felipe Casa Grande,União,Macedo do Sul,DF,Tadalafila Pomada 30g - EMS (Genérico),Anti-inflamatórios,119.58,2025-08-10,Sunday   ,10,8,3,2025
418.1,5,66,08:19:15.219283,Ayla da Paz,Vale Felipe Casa Grande,União,Macedo do Sul,DF,Nimesulida Suspensão Oral 50ml - Neo Química (Genérico),Produtos Ortopédicos,83.62,2025-06-21,Saturday ,21,6,2,2025
408.5,2,1831,04:55:06.442348,Ayla da Paz,Vale Felipe Casa Grande,União,Macedo do Sul,DF,Vacina contra Zika - Dose Única,Primeiros Socorros,204.25,2025-04-18,Friday   ,18,4,2,2025
436.89,3,412,09:23:57.74105,Carlos Eduardo Ribeiro,Rodovia Santos,Boa Viagem,Pires,AM,Losartana Potássica 50mg - 30 Comprimidos - Medley (Genérico),Antialérgicos,145.63,2025-02-23,Sunday   ,23,2,1,2025
845.1999999999999,5,1154,05:19:45.148,Carlos Eduardo Ribeiro,Rodovia Santos,Boa Viagem,Pires,AM,Diclofenaco 25mg - 30 Comprimidos - Medley (Genérico),Dermocosméticos,169.04,2026-03-09,Monday   ,9,3,1,2026
154.02,3,2590,03:06:25.084478,Carlos Eduardo Ribeiro,Rodovia Santos,Boa Viagem,Pires,AM,Losartana Potássica 500mg - 20 Comprimidos - Bayer,Saúde Bucal,51.34,2026-09-06,Sunday   ,6,9,3,2026
135.24,2,386,19:25:43.837975,Carlos Eduardo Ribeiro,Rodovia Santos,Boa Viagem,Pires,AM,Vacina contra Osteoporose - Dose Única,Nutrição Infantil,67.62,2025-06-16,Monday   ,16,6,2,2025
430.9,2,2973,12:26:05.100588,Mariane Fogaça,Vereda Bryan Ramos,Alta Tensão 1ª Seção,Barbosa,AP,Vacina contra Gota - Dose Única,Antidepressivos,215.45,2026-05-21,Thursday ,21,5,2,2026
134.9,5,1713,21:05:17.003454,Mariane Fogaça,Vereda Bryan Ramos,Alta Tensão 1ª Seção,Barbosa,AP,Sabonete Líquido Huggies FPS 70,Antitérmicos,26.98,2024-10-28,Monday   ,28,10,4,2024
99.39000000000001,3,2344,04:20:27.985111,Mariane Fogaça,Vereda Bryan Ramos,Alta Tensão 1ª Seção,Barbosa,AP,Creme Hidratante Colgate 50g,Antibióticos,33.13,2025-05-12,Monday   ,12,5,2,2025
29.14,2,293,10:14:29.658406,Sra. Lorena Moura,Alameda Rodrigues,Vila Independencia 2ª Seção,da Conceição,DF,Cefalexina 500mg - 20 Comprimidos - Neo Química (Genérico),Produtos Ortopédicos,14.57,2025-07-04,Friday   ,4,7,3,2025
362.48,2,2339,14:08:12.56344,Sra. Lorena Moura,Alameda Rodrigues,Vila Independencia 2ª Seção,da Conceição,DF,Cefalexina Suspensão Oral 50ml - Medley (Genérico),Vacinas,181.24,2025-10-22,Wednesday,22,10,4,2025
97.02,2,133,07:15:07.108347,Sra. Lorena Moura,Alameda Rodrigues,Vila Independencia 2ª Seção,da Conceição,DF,Sérum Vitamina C Panvel 400ml,Fitoterápicos,48.51,2025-04-10,Thursday ,10,4,2,2025
146.2,1,781,02:50:24.157698,Sra. Lorena Moura,Alameda Rodrigues,Vila Independencia 2ª Seção,da Conceição,DF,Fio Dental Sempre Livre FPS 70,Saúde Bucal,146.2,2025-12-07,Sunday   ,7,12,4,2025
218.29999999999998,5,481,05:01:09.185952,Luana Dias,Campo Daniela Caldeira,Vila Aeroporto,Fogaça do Amparo,PB,Hidroclorotiazida Gotas 20ml - Medley (Genérico),Aparelhos Médicos,43.66,2026-02-23,Monday   ,23,2,1,2026
493.4,4,931,21:11:28.046967,Luana Dias,Campo Daniela Caldeira,Vila Aeroporto,Fogaça do Amparo,PB,Pantoprazol Pomada 30g - Neo Química (Genérico),Anti-inflamatórios,123.35,2026-05-22,Friday   ,22,5,2,2026
14.29,1,2910,04:15:06.340096,Luana Dias,Campo Daniela Caldeira,Vila Aeroporto,Fogaça do Amparo,PB,Enalapril Pomada 30g - Eurofarma,Anti-inflamatórios,14.29,2026-08-04,Tuesday  ,4,8,3,2026
31.44,3,1536,13:47:31.994579,Luana Dias,Campo Daniela Caldeira,Vila Aeroporto,Fogaça do Amparo,PB,Condicionador Hidratação Vichy 90g,Vacinas,10.48,2026-01-13,Tuesday  ,13,1,1,2026
238.1,5,2212,22:54:47.433668,Hadassa Costa,Campo Albuquerque,Floresta,Andrade Alegre,DF,Vacina contra Câncer de Mama - Dose Única,Cuidados com o Cabelo,47.62,2024-09-29,Sunday   ,29,9,3,2024
256.8,4,2060,20:49:04.114899,Hadassa Costa,Campo Albuquerque,Floresta,Andrade Alegre,DF,Condicionador Hidratação Johnson's FPS 50,Aparelhos Médicos,64.2,2025-10-30,Thursday ,30,10,4,2025
185.67,1,2538,20:28:35.433168,Hadassa Costa,Campo Albuquerque,Floresta,Andrade Alegre,DF,Termômetro Digital Needs Tamanho M (40 un),Vitaminas e Suplementos,185.67,2026-02-08,Sunday   ,8,2,1,2026
498.78,3,1579,22:55:47.999503,Brayan Castro,Condomínio Bruno Araújo,São Gabriel,Borges,BA,Sildenafila 1g - 10 Comprimidos - EMS (Genérico),Antitérmicos,166.26,2026-03-02,Monday   ,2,3,1,2026
222.26,2,1369,01:45:14.855502,Vitor Barbosa,Recanto Farias,Acaba Mundo,Jesus,AP,Fluoxetina Xarope 120ml - Bayer,Antialérgicos,111.13,2025-06-17,Tuesday  ,17,6,2,2025
632.08,4,1607,05:34:55.209529,Rafael Ribeiro,Quadra Fogaça,Novo Das Industrias,Monteiro,AP,Omeprazol 25mg - 30 Comprimidos - Medley (Genérico),Nutrição Infantil,158.02,2026-08-06,Thursday ,6,8,3,2026
345.34,2,695,19:03:50.718227,Rafael Ribeiro,Quadra Fogaça,Novo Das Industrias,Monteiro,AP,Escitalopram 25mg - 30 Comprimidos - EMS (Genérico),Homeopatia,172.67,2025-01-09,Thursday ,9,1,1,2025
223.82,1,1814,19:11:20.267575,Rafael Ribeiro,Quadra Fogaça,Novo Das Industrias,Monteiro,AP,Vacina contra Chikungunya - Dose Única,Vacinas,223.82,2025-07-14,Monday   ,14,7,3,2025
76.19999999999999,3,2413,14:43:12.661576,Rafael Ribeiro,Quadra Fogaça,Novo Das Industrias,Monteiro,AP,Curativos (Band-Aid) Vichy FPS 70,Fraldas e Infantis,25.4,2026-07-07,Tuesday  ,7,7,3,2026
455.84,4,446,13:39:37.345799,Ryan Vargas,Condomínio Diego Rezende,Conjunto Paulo Vi,Pimenta,ES,Sildenafila 50mg - 30 Comprimidos - Aché,Antidepressivos,113.96,2025-05-05,Monday   ,5,5,2,2025
29.14,2,1103,05:19:26.220392,Ryan Vargas,Condomínio Diego Rezende,Conjunto Paulo Vi,Pimenta,ES,Cefalexina 500mg - 20 Comprimidos - Neo Química (Genérico),Produtos Ortopédicos,14.57,2025-04-22,Tuesday  ,22,4,2,2025
130.36,1,2849,09:39:01.609749,Ryan Vargas,Condomínio Diego Rezende,Conjunto Paulo Vi,Pimenta,ES,Loratadina Suspensão Oral 50ml - Neo Química (Genérico),Analgésicos,130.36,2025-01-17,Friday   ,17,1,1,2025
692.5,5,727,00:24:41.130105,Nicolas Moura,Sítio da Luz,Planalto,da Luz de Ramos,SC,Loratadina Suspensão Oral 50ml - Bayer,Homeopatia,138.5,2026-02-23,Monday   ,23,2,1,2026
266.2,4,492,02:36:55.160319,Nicolas Moura,Sítio da Luz,Planalto,da Luz de Ramos,SC,Ibuprofeno 1g - 10 Comprimidos - Bayer,Anti-inflamatórios,66.55,2025-12-14,Sunday   ,14,12,4,2025
256.70000000000005,5,2997,22:21:04.311041,Nicolas Moura,Sítio da Luz,Planalto,da Luz de Ramos,SC,Losartana Potássica 500mg - 20 Comprimidos - Bayer,Saúde Bucal,51.34,2026-01-19,Monday   ,19,1,1,2026
310.98,3,1780,19:00:16.735003,Nicolas Moura,Sítio da Luz,Planalto,da Luz de Ramos,SC,Losartana Potássica Xarope 120ml - EMS (Genérico),Dermocosméticos,103.66,2024-11-23,Saturday ,23,11,4,2024
36.86,2,2820,21:31:43.2185,Nicolas Moura,Sítio da Luz,Planalto,da Luz de Ramos,SC,Cefalexina 50mg - 30 Comprimidos - EMS (Genérico),Antitérmicos,18.43,2026-04-19,Sunday   ,19,4,2,2026
59.56,1,463,08:42:39.746812,Nicolas Moura,Sítio da Luz,Planalto,da Luz de Ramos,SC,Vacina contra Câncer de Próstata - Dose Única,Dermocosméticos,59.56,2025-09-28,Sunday   ,28,9,3,2025
511.70000000000005,5,2223,03:28:36.174922,Kamilly Sousa,Conjunto Almeida,Vila Nova Paraíso,da Cruz da Mata,PB,Sinvastatina Suspensão Oral 50ml - EMS (Genérico),Cuidados com o Cabelo,102.34,2026-03-24,Tuesday  ,24,3,1,2026
704.0999999999999,3,209,19:40:59.385776,Kamilly Sousa,Conjunto Almeida,Vila Nova Paraíso,da Cruz da Mata,PB,Omeprazol Pomada 30g - Neo Química (Genérico),Primeiros Socorros,234.7,2026-03-21,Saturday ,21,3,1,2026
1074.75,5,1639,01:59:31.312833,Dr. Pedro Lucas Costa,Residencial de Câmara,Mariquinhas,da Paz,RJ,Hidroclorotiazida 1g - 10 Comprimidos - Aché,Analgésicos,214.95,2025-12-21,Sunday   ,21,12,4,2025
906.2,5,2282,12:38:14.200764,Dr. Pedro Lucas Costa,Residencial de Câmara,Mariquinhas,da Paz,RJ,Cefalexina Suspensão Oral 50ml - Medley (Genérico),Vacinas,181.24,2024-12-18,Wednesday,18,12,4,2024
215.25,3,1014,22:15:50.668006,Dr. Pedro Lucas Costa,Residencial de Câmara,Mariquinhas,da Paz,RJ,Hidroclorotiazida 50mg - 30 Comprimidos - Eurofarma,Saúde Bucal,71.75,2026-01-11,Sunday   ,11,1,1,2026
769.92,4,2753,05:09:00.263568,Oliver Jesus,Lago Melo,Rio Branco,Alves,BA,Atenolol 500mg - 20 Comprimidos - Eurofarma,Primeiros Socorros,192.48,2026-06-14,Sunday   ,14,6,2,2026
1234.1,5,1588,09:36:02.018082,Oliver Jesus,Lago Melo,Rio Branco,Alves,BA,Vacina contra Esquizofrenia - Reforço,Cuidados com o Cabelo,246.82,2026-01-30,Friday   ,30,1,1,2026
515.4300000000001,3,1630,02:59:13.73432,Oliver Jesus,Lago Melo,Rio Branco,Alves,BA,Enxaguante Bucal Sempre Livre 400ml,Genéricos,171.81,2024-12-17,Tuesday  ,17,12,4,2024
28.58,2,2452,10:59:23.564819,José Pedro Alves,Travessa de Barros,Santa Cruz,Pimenta da Praia,AL,Enalapril Pomada 30g - Eurofarma,Anti-inflamatórios,14.29,2024-11-02,Saturday ,2,11,4,2024
339.04,4,1419,06:03:17.10726,Otávio Ribeiro,Fazenda de Silveira,Vila Da Paz,Alves,BA,Atenolol 50mg - 30 Comprimidos - Neo Química (Genérico),Vitaminas e Suplementos,84.76,2026-06-07,Sunday   ,7,6,2,2026
90.62,2,2895,15:20:39.277192,Otávio Ribeiro,Fazenda de Silveira,Vila Da Paz,Alves,BA,Absorvente com Abas Bepantol 500ml,Analgésicos,45.31,2024-10-26,Saturday ,26,10,4,2024
127.98,1,2687,22:42:49.511235,Otávio Ribeiro,Fazenda de Silveira,Vila Da Paz,Alves,BA,Protetor Solar Corporal Huggies 50 Metros,Homeopatia,127.98,2026-08-22,Saturday ,22,8,3,2026
565.92,4,2148,12:54:21.534781,Matteo Rezende,Quadra Barros,Salgado Filho,Macedo Alegre,RR,Vacina contra Depressão - Dose Única,Produtos Ortopédicos,141.48,2026-09-09,Wednesday,9,9,3,2026
622,5,784,05:06:09.738592,Matteo Rezende,Quadra Barros,Salgado Filho,Macedo Alegre,RR,Leite em Pó Infantil Sempre Livre 400ml,Antialérgicos,124.4,2025-05-11,Sunday   ,11,5,2,2025
107.74,2,702,00:37:41.660978,Sra. Eloá Sousa,Lago de da Rosa,Vila Pinho,Araújo,MS,Azitromicina Suspensão Oral 50ml - Bayer,Vitaminas e Suplementos,53.87,2026-02-24,Tuesday  ,24,2,1,2026
180.2,2,1470,19:40:07.973586,Sra. Eloá Sousa,Lago de da Rosa,Vila Pinho,Araújo,MS,Pantoprazol Pomada 30g - Eurofarma,Anti-inflamatórios,90.1,2026-04-17,Friday   ,17,4,2,2026
391.5,5,1931,09:46:45.736115,Sra. Eloá Sousa,Lago de da Rosa,Vila Pinho,Araújo,MS,Fluoxetina 50mg - 30 Comprimidos - Bayer,Saúde Bucal,78.3,2025-05-23,Friday   ,23,5,2,2025
141.36,1,1980,22:40:15.15167,Sra. Eloá Sousa,Lago de da Rosa,Vila Pinho,Araújo,MS,Clonazepam Xarope 120ml - EMS (Genérico),Vacinas,141.36,2026-07-05,Sunday   ,5,7,3,2026
176.34,2,1396,08:53:59.606169,Sra. Eloá Sousa,Lago de da Rosa,Vila Pinho,Araújo,MS,Curativos (Band-Aid) CeraVe 200ml,Nutrição Infantil,88.17,2025-10-05,Sunday   ,5,10,4,2025
446.15000000000003,5,2057,22:38:20.239898,Sra. Eloá Sousa,Lago de da Rosa,Vila Pinho,Araújo,MS,Álcool em Gel 70% Mió 90g,Analgésicos,89.23,2026-03-03,Tuesday  ,3,3,1,2026
467.82,2,2580,18:48:19.597937,Ísis Cassiano,Sítio de da Paz,Corumbiara,Duarte,PI,Pantoprazol Pomada 30g - Medley (Genérico),Dermocosméticos,233.91,2025-06-02,Monday   ,2,6,2,2025
646.24,4,896,12:44:17.479924,Cecília Aragão,Condomínio de Melo,Prado,Brito,MS,Soro Fisiológico Nivea 50 Metros,Homeopatia,161.56,2025-09-13,Saturday ,13,9,3,2025
1216.1499999999999,5,101,20:27:00.099821,Fernanda Cunha,Parque Vasconcelos,Camponesa 1ª Seção,Duarte Verde,RO,Sertralina Gotas 20ml - Eurofarma,Cuidados com o Cabelo,243.23,2026-04-29,Wednesday,29,4,2,2026
839.52,4,2447,23:01:02.718306,Fernanda Cunha,Parque Vasconcelos,Camponesa 1ª Seção,Duarte Verde,RO,Losartana Potássica Pomada 30g - Neo Química (Genérico),Dermocosméticos,209.88,2025-05-17,Saturday ,17,5,2,2025
282.65,5,1515,04:09:17.794605,Fernanda Cunha,Parque Vasconcelos,Camponesa 1ª Seção,Duarte Verde,RO,Enxaguante Bucal CeraVe 50g,Cuidados com o Cabelo,56.53,2025-01-03,Friday   ,3,1,1,2025
406.86,2,2515,07:29:31.039185,João Pedro Caldeira,Aeroporto Pastor,Vila Madre Gertrudes 4ª Seção,Pimenta da Praia,AL,Loratadina 1g - 10 Comprimidos - Aché,Dermocosméticos,203.43,2025-09-23,Tuesday  ,23,9,3,2025
67.66,1,890,15:12:14.610518,João Pedro Caldeira,Aeroporto Pastor,Vila Madre Gertrudes 4ª Seção,Pimenta da Praia,AL,Vacina contra Hipertensão - Dose Única,Vacinas,67.66,2025-08-11,Monday   ,11,8,3,2025
649.4499999999999,5,2420,17:53:10.461038,João Pedro Caldeira,Aeroporto Pastor,Vila Madre Gertrudes 4ª Seção,Pimenta da Praia,AL,Pomada para Assaduras G-Tech Tamanho M (40 un),Genéricos,129.89,2025-06-02,Monday   ,2,6,2,2025
419.84,4,14,10:50:32.415033,João Pedro Caldeira,Aeroporto Pastor,Vila Madre Gertrudes 4ª Seção,Pimenta da Praia,AL,Desodorante Aerosol Nivea 200ml,Primeiros Socorros,104.96,2025-03-15,Saturday ,15,3,1,2025
902.5,5,255,17:31:54.462734,Laís Borges,Vale Rodrigo Campos,Nova America,Martins do Amparo,ES,Enalapril 50mg - 30 Comprimidos - Eurofarma,Analgésicos,180.5,2026-07-30,Thursday ,30,7,3,2026
1211.8000000000002,5,2322,02:35:40.063925,Marcelo da Rocha,Recanto de Moreira,Vila Tirol,Pastor,MG,Atenolol 50mg - 30 Comprimidos - EMS (Genérico),Dermocosméticos,242.36,2026-02-22,Sunday   ,22,2,1,2026
64.2,1,1774,08:41:46.879746,Marcelo da Rocha,Recanto de Moreira,Vila Tirol,Pastor,MG,Condicionador Hidratação Johnson's FPS 50,Aparelhos Médicos,64.2,2024-10-21,Monday   ,21,10,4,2024
319.32,4,359,15:03:47.427841,Marcelo da Rocha,Recanto de Moreira,Vila Tirol,Pastor,MG,Protetor Solar Facial Bepantol 150ml,Vacinas,79.83,2026-06-13,Saturday ,13,6,2,2026
219.68,2,1946,01:52:42.323683,Maria Julia Vargas,Avenida José Rezende,Vila Maloca,Sales,PE,Loratadina 50mg - 30 Comprimidos - Eurofarma,Higiene Pessoal,109.84,2025-11-28,Friday   ,28,11,4,2025
992.2,5,1857,10:43:35.267565,Maria Julia Vargas,Avenida José Rezende,Vila Maloca,Sales,PE,Metformina 1g - 10 Comprimidos - Medley (Genérico),Antitérmicos,198.44,2026-01-20,Tuesday  ,20,1,1,2026
248.11,1,329,11:29:12.633736,Maria Julia Vargas,Avenida José Rezende,Vila Maloca,Sales,PE,Loratadina Pomada 30g - Eurofarma,Nutrição Infantil,248.11,2025-08-18,Monday   ,18,8,3,2025
625.64,4,828,08:05:30.068672,Maria Julia Vargas,Avenida José Rezende,Vila Maloca,Sales,PE,Vacina contra Rinite - Dose Única,Aparelhos Médicos,156.41,2024-09-22,Sunday   ,22,9,3,2024
231.29999999999998,5,1383,20:48:21.193702,Maria Julia Vargas,Avenida José Rezende,Vila Maloca,Sales,PE,Vacina contra Parkinson - Dose Única,Fraldas e Infantis,46.26,2025-05-22,Thursday ,22,5,2,2025
569.5,5,2678,13:47:50.040287,Maria Julia Vargas,Avenida José Rezende,Vila Maloca,Sales,PE,Shampoo Anticaspa Johnson's FPS 70,Dermocosméticos,113.9,2025-09-02,Tuesday  ,2,9,3,2025
233.21,1,12,11:14:51.274357,Maria Julia Vargas,Avenida José Rezende,Vila Maloca,Sales,PE,Vacina contra Epilepsia - Dose Única,Fitoterápicos,233.21,2025-05-05,Monday   ,5,5,2,2025
218.16,4,2831,15:53:57.902905,Sra. Esther Silva,Recanto Bruna Vieira,Itatiaia,Aragão da Serra,MT,Protetor Solar Facial Nivea 50 Metros,Aparelhos Médicos,54.54,2026-08-05,Wednesday,5,8,3,2026
430.71,3,2375,10:08:40.342177,Maria Julia Viana,Sítio de Sampaio,Dom Silverio,Caldeira,SE,Diclofenaco 50mg - 30 Comprimidos - Aché,Produtos Ortopédicos,143.57,2026-01-07,Wednesday,7,1,1,2026
767.84,4,2501,17:01:14.028469,Maria Julia Viana,Sítio de Sampaio,Dom Silverio,Caldeira,SE,Hidroclorotiazida 25mg - 30 Comprimidos - Medley (Genérico),Antitérmicos,191.96,2025-01-18,Saturday ,18,1,1,2025
725.9399999999999,3,1087,10:40:22.742182,Maria Julia Viana,Sítio de Sampaio,Dom Silverio,Caldeira,SE,Escitalopram Suspensão Oral 50ml - Eurofarma,Vitaminas e Suplementos,241.98,2025-06-16,Monday   ,16,6,2,2025
40.9,2,2211,13:16:54.979726,Maria Julia Viana,Sítio de Sampaio,Dom Silverio,Caldeira,SE,Vacina contra Enxaqueca - Dose Única,Antitérmicos,20.45,2025-10-10,Friday   ,10,10,4,2025
1045.1000000000001,5,355,02:26:04.446872,Sr. Nathan Mendonça,Aeroporto Peixoto,Vila Antena Montanhês,Fogaça do Amparo,PB,Creme Hidratante Mió 90g,Nutrição Infantil,209.02,2025-01-14,Tuesday  ,14,1,1,2025
582.1,5,1527,09:45:43.489878,Sr. Nathan Mendonça,Aeroporto Peixoto,Vila Antena Montanhês,Fogaça do Amparo,PB,Fralda Descartável Aptamil 50 Metros,Dermocosméticos,116.42,2024-12-04,Wednesday,4,12,4,2024
646.48,4,1558,21:38:49.989313,Rebeca Melo,Quadra de das Neves,Vila Nova Dos Milionarios,Machado,PE,Atenolol Xarope 120ml - Aché,Fraldas e Infantis,161.62,2026-09-06,Sunday   ,6,9,3,2026
532.9,5,996,15:29:47.401425,Rebeca Melo,Quadra de das Neves,Vila Nova Dos Milionarios,Machado,PE,Água Micelar Colgate 50g,Fitoterápicos,106.58,2024-12-08,Sunday   ,8,12,4,2024
469.78,2,788,00:10:57.506176,Alexandre da Conceição,Vereda Maria Eduarda Moura,Pongelupe,Porto,GO,Atenolol Xarope 120ml - Eurofarma,Fraldas e Infantis,234.89,2025-05-24,Saturday ,24,5,2,2025
1074.75,5,2252,17:20:38.532206,Alexandre da Conceição,Vereda Maria Eduarda Moura,Pongelupe,Porto,GO,Hidroclorotiazida 1g - 10 Comprimidos - Aché,Analgésicos,214.95,2025-10-08,Wednesday,8,10,4,2025
102.68,2,1012,09:57:05.368997,Alexandre da Conceição,Vereda Maria Eduarda Moura,Pongelupe,Porto,GO,Losartana Potássica 500mg - 20 Comprimidos - Bayer,Saúde Bucal,51.34,2024-11-06,Wednesday,6,11,4,2024
672.3,3,1952,01:19:46.726149,Alexandre da Conceição,Vereda Maria Eduarda Moura,Pongelupe,Porto,GO,Água Micelar Needs FPS 50,Genéricos,224.1,2026-08-03,Monday   ,3,8,3,2026
836.08,4,2711,17:58:15.177571,Valentim Andrade,Estação Davi Teixeira,Conjunto Paulo Vi,Moraes do Galho,PA,Creme Hidratante Mió 90g,Nutrição Infantil,209.02,2025-12-11,Thursday ,11,12,4,2025
209.84,2,1310,21:44:55.100116,Valentim Andrade,Estação Davi Teixeira,Conjunto Paulo Vi,Moraes do Galho,PA,Protetor Solar Corporal CeraVe Tamanho M (40 un),Fitoterápicos,104.92,2026-08-25,Tuesday  ,25,8,3,2026
194.46,1,2861,04:51:26.151586,Rhavi Ramos,Conjunto Macedo,São Francisco,Câmara de Casa Grande,AM,Clonazepam Suspensão Oral 50ml - Medley (Genérico),Vitaminas e Suplementos,194.46,2026-03-11,Wednesday,11,3,1,2026
242.36,1,730,03:11:41.81095,Rhavi Ramos,Conjunto Macedo,São Francisco,Câmara de Casa Grande,AM,Atenolol 50mg - 30 Comprimidos - EMS (Genérico),Dermocosméticos,242.36,2026-04-13,Monday   ,13,4,2,2026
895.28,4,2240,23:15:01.220763,Rhavi Ramos,Conjunto Macedo,São Francisco,Câmara de Casa Grande,AM,Vacina contra Chikungunya - Dose Única,Vacinas,223.82,2025-09-21,Sunday   ,21,9,3,2025
31.44,3,457,01:19:56.555831,Rhavi Ramos,Conjunto Macedo,São Francisco,Câmara de Casa Grande,AM,Condicionador Hidratação Vichy 90g,Vacinas,10.48,2025-07-31,Thursday ,31,7,3,2025
158.7,3,1732,12:11:04.263582,Rhavi Ramos,Conjunto Macedo,São Francisco,Câmara de Casa Grande,AM,Fralda Descartável Vichy 150ml,Homeopatia,52.9,2025-05-06,Tuesday  ,6,5,2,2025
53.87,1,2007,07:35:36.488995,Luan Moreira,Vereda de Pereira,Conjunto Serra Verde,Martins de Gonçalves,RS,Azitromicina Suspensão Oral 50ml - Bayer,Vitaminas e Suplementos,53.87,2026-08-17,Monday   ,17,8,3,2026
231.29999999999998,5,2826,22:32:12.979831,Luan Moreira,Vereda de Pereira,Conjunto Serra Verde,Martins de Gonçalves,RS,Vacina contra Parkinson - Dose Única,Fraldas e Infantis,46.26,2026-08-29,Saturday ,29,8,3,2026
1076.25,5,2965,23:51:52.281176,Luan Moreira,Vereda de Pereira,Conjunto Serra Verde,Martins de Gonçalves,RS,Lenço Umedecido Mió FPS 50,Saúde Bucal,215.25,2026-04-18,Saturday ,18,4,2,2026
1110.95,5,1462,23:58:57.547954,Agatha da Mota,Área Andrade,Lagoinha,Nunes,SE,Amoxicilina Suspensão Oral 50ml - Neo Química (Genérico),Anti-inflamatórios,222.19,2026-03-28,Saturday ,28,3,1,2026
481.16,4,518,11:31:45.621375,Agatha da Mota,Área Andrade,Lagoinha,Nunes,SE,Dipirona Sódica Xarope 120ml - Medley (Genérico),Nutrição Infantil,120.29,2025-03-09,Sunday   ,9,3,1,2025
350.15999999999997,3,976,02:10:43.523044,Agatha da Mota,Área Andrade,Lagoinha,Nunes,SE,Clonazepam 25mg - 30 Comprimidos - Bayer,Higiene Pessoal,116.72,2025-09-11,Thursday ,11,9,3,2025
338.29999999999995,5,690,16:26:00.431763,Agatha da Mota,Área Andrade,Lagoinha,Nunes,SE,Vacina contra Hipertensão - Dose Única,Vacinas,67.66,2026-04-02,Thursday ,2,4,2,2026
352.92,2,2640,16:19:30.861201,Agatha da Mota,Área Andrade,Lagoinha,Nunes,SE,Sabonete Líquido CeraVe 500ml,Fitoterápicos,176.46,2026-05-02,Saturday ,2,5,2,2026
349.54,2,217,01:31:42.527374,Paulo Rezende,Núcleo Letícia Sampaio,Grajaú,Cirino,RJ,Losartana Potássica Suspensão Oral 50ml - Aché,Vitaminas e Suplementos,174.77,2025-03-16,Sunday   ,16,3,1,2025
274.36,2,147,05:40:26.045369,Théo Pastor,Recanto de Silveira,Nova Esperança,Nogueira,PA,Fluoxetina 1g - 10 Comprimidos - Bayer,Fraldas e Infantis,137.18,2026-08-07,Friday   ,7,8,3,2026
109.22999999999999,3,263,08:35:21.313333,Théo Pastor,Recanto de Silveira,Nova Esperança,Nogueira,PA,Pomada para Assaduras CeraVe 90g,Cuidados com o Cabelo,36.41,2026-06-10,Wednesday,10,6,2,2026
105.33,3,2121,06:34:15.691602,Pedro Miguel da Paz,Fazenda Barbosa,Vitoria Da Conquista,Rios,ES,Omeprazol 50mg - 30 Comprimidos - EMS (Genérico),Fitoterápicos,35.11,2024-10-26,Saturday ,26,10,4,2024
516,4,1567,01:14:42.837624,Pedro Miguel da Paz,Fazenda Barbosa,Vitoria Da Conquista,Rios,ES,Paracetamol 50mg - 30 Comprimidos - Bayer,Antibióticos,129,2026-05-06,Wednesday,6,5,2,2026
53.87,1,2144,03:05:05.564293,Alícia da Cruz,Estrada Pastor,Braúnas,Barros de Sousa,RS,Azitromicina Suspensão Oral 50ml - Bayer,Vitaminas e Suplementos,53.87,2024-11-02,Saturday ,2,11,4,2024
186.1,2,2087,03:23:55.013898,Vitor Monteiro,Setor Ribeiro,São Gabriel,Rios,ES,Escitalopram Gotas 20ml - EMS (Genérico),Antialérgicos,93.05,2025-02-01,Saturday ,1,2,1,2025
510,5,1045,14:07:07.90204,Vitor Monteiro,Setor Ribeiro,São Gabriel,Rios,ES,Absorvente com Abas Bepantol 50g,Fraldas e Infantis,102,2025-04-04,Friday   ,4,4,2,2025
981.96,4,1602,09:46:49.677301,Lucas Moura,Vale de Ribeiro,Grota,Montenegro da Praia,PA,Tadalafila 50mg - 30 Comprimidos - EMS (Genérico),Antialérgicos,245.49,2024-10-16,Wednesday,16,10,4,2024
748.65,5,2139,20:34:28.34201,Lucas Moura,Vale de Ribeiro,Grota,Montenegro da Praia,PA,Condicionador Hidratação Vichy FPS 50,Saúde Bucal,149.73,2025-09-22,Monday   ,22,9,3,2025
308.2,4,2029,09:45:14.195451,Arthur Gabriel da Luz,Loteamento de Carvalho,Virgínia,Pastor,MG,Sérum Vitamina C Pampers 400ml,Antidepressivos,77.05,2025-05-07,Wednesday,7,5,2,2025
227.94,3,2461,00:54:09.039159,Emilly Rodrigues,Morro Matheus Camargo,Santa Monica,Sampaio,SC,Omeprazol 25mg - 30 Comprimidos - Bayer,Analgésicos,75.98,2026-02-26,Thursday ,26,2,1,2026
1158.1999999999998,5,2827,13:12:51.586425,Emilly Rodrigues,Morro Matheus Camargo,Santa Monica,Sampaio,SC,Diclofenaco 1g - 10 Comprimidos - Eurofarma,Anti-inflamatórios,231.64,2025-08-09,Saturday ,9,8,3,2025
168.52,1,1242,03:04:39.069666,Emilly Rodrigues,Morro Matheus Camargo,Santa Monica,Sampaio,SC,Creme Hidratante Johnson's Tamanho G (32 un),Antibióticos,168.52,2025-03-07,Friday   ,7,3,1,2025
287.56,2,2361,13:10:08.625872,Rebeca Campos,Vereda Rafaela Sousa,Santa Branca,da Mota de Oliveira,RS,Tadalafila Pomada 30g - Neo Química (Genérico),Produtos Ortopédicos,143.78,2024-10-23,Wednesday,23,10,4,2024
98.42,2,2104,20:07:40.889075,Rebeca Campos,Vereda Rafaela Sousa,Santa Branca,da Mota de Oliveira,RS,Vacina contra Câncer de Próstata - Reforço,Nutrição Infantil,49.21,2026-09-12,Saturday ,12,9,3,2026
457.32,2,531,18:03:39.096834,Rebeca Campos,Vereda Rafaela Sousa,Santa Branca,da Mota de Oliveira,RS,Pomada para Assaduras Listerine 400ml,Fitoterápicos,228.66,2026-03-14,Saturday ,14,3,1,2026
293.85,5,1807,13:03:58.465054,Arthur Miguel Dias,Parque Kaique da Cruz,Santa Lúcia,Brito da Mata,BA,Loratadina 1g - 10 Comprimidos - Neo Química (Genérico),Primeiros Socorros,58.77,2026-03-26,Thursday ,26,3,1,2026
244.36,2,234,02:49:37.75087,Arthur Miguel Dias,Parque Kaique da Cruz,Santa Lúcia,Brito da Mata,BA,Escitalopram Gotas 20ml - Neo Química (Genérico),Vitaminas e Suplementos,122.18,2025-06-28,Saturday ,28,6,2,2025
573.84,4,1044,08:18:15.206308,Arthur Miguel Dias,Parque Kaique da Cruz,Santa Lúcia,Brito da Mata,BA,Sinvastatina 500mg - 20 Comprimidos - Neo Química (Genérico),Fitoterápicos,143.46,2026-01-18,Sunday   ,18,1,1,2026
537.88,4,415,02:38:26.613245,Arthur Miguel Dias,Parque Kaique da Cruz,Santa Lúcia,Brito da Mata,BA,Nimesulida 50mg - 30 Comprimidos - EMS (Genérico),Anti-inflamatórios,134.47,2026-01-02,Friday   ,2,1,1,2026
160.43,1,2988,02:57:38.604067,Dante Vasconcelos,Favela de Mendes,Santa Rosa,Lopes dos Dourados,PB,Omeprazol Suspensão Oral 50ml - Eurofarma,Anti-inflamatórios,160.43,2026-09-05,Saturday ,5,9,3,2026
142.89,1,1330,20:52:47.253453,Dante Vasconcelos,Favela de Mendes,Santa Rosa,Lopes dos Dourados,PB,Escitalopram 25mg - 30 Comprimidos - Bayer,Aparelhos Médicos,142.89,2025-08-31,Sunday   ,31,8,3,2025
245.78,2,1110,13:13:51.526771,Dante Vasconcelos,Favela de Mendes,Santa Rosa,Lopes dos Dourados,PB,Paracetamol 50mg - 30 Comprimidos - Medley (Genérico),Nutrição Infantil,122.89,2025-07-02,Wednesday,2,7,3,2025
121.22,1,435,06:23:37.464614,Dante Vasconcelos,Favela de Mendes,Santa Rosa,Lopes dos Dourados,PB,Lenço Umedecido Rexona FPS 50,Antibióticos,121.22,2026-04-17,Friday   ,17,4,2,2026
84.03,3,1719,11:23:11.993151,Srta. Isabelly Sampaio,Vale Rios,Independência,Barros de Sousa,RS,Vacina contra Hepatite C - Dose Única,Cuidados com o Cabelo,28.01,2025-08-31,Sunday   ,31,8,3,2025
787.76,4,1256,07:43:00.267152,Luiza da Cruz,Largo Alícia Cassiano,Vila Nova,Azevedo de Leão,MS,Desodorante Aerosol G-Tech 150ml,Antidepressivos,196.94,2025-03-01,Saturday ,1,3,1,2025
142.9,1,401,01:53:07.962902,Luiza da Cruz,Largo Alícia Cassiano,Vila Nova,Azevedo de Leão,MS,Curativos (Band-Aid) Nivea 500ml,Vacinas,142.9,2025-05-13,Tuesday  ,13,5,2,2025
43.62,3,998,19:41:03.689249,Luiza Barbosa,Travessa Theodoro Vasconcelos,Madri,Rios,ES,Amoxicilina Gotas 20ml - Aché,Aparelhos Médicos,14.54,2026-03-29,Sunday   ,29,3,1,2026
124.14999999999999,5,2270,03:27:30.009432,Luiza Barbosa,Travessa Theodoro Vasconcelos,Madri,Rios,ES,Creme Dental Colgate 150ml,Vacinas,24.83,2025-04-18,Friday   ,18,4,2,2025
575.12,4,1692,18:35:20.584554,Dr. Yuri Moraes,Núcleo Gabriel Montenegro,Lourdes,Martins do Amparo,ES,Tadalafila Pomada 30g - Neo Química (Genérico),Produtos Ortopédicos,143.78,2025-04-16,Wednesday,16,4,2,2025
28.27,1,1436,10:12:10.592921,Dr. Yuri Moraes,Núcleo Gabriel Montenegro,Lourdes,Martins do Amparo,ES,Soro Fisiológico Bepantol Tamanho M (40 un),Analgésicos,28.27,2024-12-21,Saturday ,21,12,4,2024
958.45,5,2858,13:20:31.776325,Dr. Yuri Moraes,Núcleo Gabriel Montenegro,Lourdes,Martins do Amparo,ES,Creme Dental Panvel 90g,Antitérmicos,191.69,2026-01-23,Friday   ,23,1,1,2026
245.01,1,398,13:29:25.168421,Cauã Monteiro,Setor Gael Henrique Barbosa,Jardim Dos Comerciarios,da Rosa,MS,Hidroclorotiazida 25mg - 30 Comprimidos - EMS (Genérico),Cuidados com o Cabelo,245.01,2025-04-18,Friday   ,18,4,2,2025
309.48,2,2958,09:52:53.298785,Cauã Monteiro,Setor Gael Henrique Barbosa,Jardim Dos Comerciarios,da Rosa,MS,Escitalopram 1g - 10 Comprimidos - Medley (Genérico),Aparelhos Médicos,154.74,2025-01-13,Monday   ,13,1,1,2025
274.36,2,1591,16:21:16.292309,Camila Nunes,Área de Duarte,Araguaia,Alves,BA,Fluoxetina 1g - 10 Comprimidos - Bayer,Fraldas e Infantis,137.18,2026-02-01,Sunday   ,1,2,1,2026
234.78,1,2199,00:50:43.667624,Liz Novais,Chácara Daniela Alves,Vila Nova Paraíso,Aragão da Serra,MT,Sabonete em Barra G-Tech 90g,Antibióticos,234.78,2025-01-22,Wednesday,22,1,1,2025
205.83,1,2950,06:52:47.396887,Liz Novais,Chácara Daniela Alves,Vila Nova Paraíso,Aragão da Serra,MT,Curativos (Band-Aid) Mió 200ml,Produtos Ortopédicos,205.83,2026-04-29,Wednesday,29,4,2,2026
110.93,1,2031,16:13:20.800748,Dra. Heloisa Leão,Vila Moraes,Heliopolis,Martins de Gonçalves,RS,Dipirona Sódica 25mg - 30 Comprimidos - EMS (Genérico),Genéricos,110.93,2024-10-11,Friday   ,11,10,4,2024
1044.55,5,1806,03:24:38.948246,Dra. Heloisa Leão,Vila Moraes,Heliopolis,Martins de Gonçalves,RS,Hastes Flexíveis (Cotonetes) Huggies 150ml,Antibióticos,208.91,2024-09-30,Monday   ,30,9,3,2024
858.28,4,1997,06:37:11.408315,João Pedro Barbosa,Sítio de Cunha,Alto Dos Pinheiros,da Mata de Pereira,RR,Escitalopram 25mg - 30 Comprimidos - Neo Química (Genérico),Fraldas e Infantis,214.57,2026-08-23,Sunday   ,23,8,3,2026
626.73,3,352,12:55:24.087318,João Pedro Barbosa,Sítio de Cunha,Alto Dos Pinheiros,da Mata de Pereira,RR,Hastes Flexíveis (Cotonetes) Huggies 150ml,Antibióticos,208.91,2024-12-08,Sunday   ,8,12,4,2024
383.38,2,266,10:14:20.765075,João Pedro Barbosa,Sítio de Cunha,Alto Dos Pinheiros,da Mata de Pereira,RR,Creme Dental Panvel 90g,Antitérmicos,191.69,2026-06-02,Tuesday  ,2,6,2,2026
1174.8999999999999,5,153,15:53:24.048922,Esther Ramos,Travessa Hadassa Moura,Bonfim,Moura,PA,Enalapril Gotas 20ml - Bayer,Antitérmicos,234.98,2025-06-10,Tuesday  ,10,6,2,2025
84.76,1,2360,04:55:32.971976,Esther Ramos,Travessa Hadassa Moura,Bonfim,Moura,PA,Atenolol 50mg - 30 Comprimidos - Neo Química (Genérico),Vitaminas e Suplementos,84.76,2025-09-17,Wednesday,17,9,3,2025
981.96,4,2175,14:16:47.325151,Esther Ramos,Travessa Hadassa Moura,Bonfim,Moura,PA,Tadalafila 50mg - 30 Comprimidos - EMS (Genérico),Antialérgicos,245.49,2026-05-06,Wednesday,6,5,2,2026
64.29,1,2398,05:49:24.435626,Esther Ramos,Travessa Hadassa Moura,Bonfim,Moura,PA,Sérum Vitamina C Listerine FPS 70,Antialérgicos,64.29,2025-03-01,Saturday ,1,3,1,2025
291.68,2,1102,17:46:09.487704,Dra. Cecilia Aragão,Campo Maria Isis Barros,Nossa Senhora Da Aparecida,Sá,RR,Paracetamol 500mg - 20 Comprimidos - Neo Química (Genérico),Homeopatia,145.84,2025-08-09,Saturday ,9,8,3,2025
484.88,4,1366,14:55:30.048299,Dra. Cecilia Aragão,Campo Maria Isis Barros,Nossa Senhora Da Aparecida,Sá,RR,Lenço Umedecido Rexona FPS 50,Antibióticos,121.22,2026-06-18,Thursday ,18,6,2,2026
38.85,1,804,19:08:01.141003,Benicio Novais,Lago Dias,Petropolis,da Cruz da Mata,PB,Clonazepam 25mg - 30 Comprimidos - Eurofarma,Cuidados com o Cabelo,38.85,2025-10-25,Saturday ,25,10,4,2025
437.4,2,918,04:00:30.85305,Benicio Novais,Lago Dias,Petropolis,da Cruz da Mata,PB,Vacina contra Infecção Urinária - Dose Única,Vitaminas e Suplementos,218.7,2026-02-15,Sunday   ,15,2,1,2026
984.7,5,578,23:01:41.393507,Benicio Novais,Lago Dias,Petropolis,da Cruz da Mata,PB,Desodorante Aerosol G-Tech 150ml,Antidepressivos,196.94,2025-10-18,Saturday ,18,10,4,2025
649.84,4,1363,17:03:12.262906,Benicio Novais,Lago Dias,Petropolis,da Cruz da Mata,PB,Protetor Solar Corporal Sempre Livre 50 Metros,Aparelhos Médicos,162.46,2026-05-23,Saturday ,23,5,2,2026
423.8,5,1737,03:22:40.558246,Isaque Farias,Morro de Camargo,Providencia,Nunes,AC,Atenolol 50mg - 30 Comprimidos - Neo Química (Genérico),Vitaminas e Suplementos,84.76,2025-03-05,Wednesday,5,3,1,2025
690.68,4,1191,02:25:57.718883,Isaque Farias,Morro de Camargo,Providencia,Nunes,AC,Escitalopram 25mg - 30 Comprimidos - EMS (Genérico),Homeopatia,172.67,2026-05-20,Wednesday,20,5,2,2026
209.92,2,2478,18:17:35.894548,Dr. Francisco Lopes,Praia de Costela,Mariquinhas,Macedo de Costa,RJ,Desodorante Aerosol Nivea 200ml,Primeiros Socorros,104.96,2025-09-08,Monday   ,8,9,3,2025
52.39,1,130,13:01:37.467569,Dr. Francisco Lopes,Praia de Costela,Mariquinhas,Macedo de Costa,RJ,Condicionador Hidratação Dove 90g,Antitérmicos,52.39,2026-06-04,Thursday ,4,6,2,2026
908.88,4,1179,03:52:02.445477,Isaac Jesus,Trecho de Guerra,Esplanada,Gonçalves do Sul,RO,Fluoxetina 500mg - 20 Comprimidos - Medley (Genérico),Dermocosméticos,227.22,2024-10-01,Tuesday  ,1,10,4,2024
802.84,4,1197,00:28:35.83898,Isaac Jesus,Trecho de Guerra,Esplanada,Gonçalves do Sul,RO,Clonazepam 1g - 10 Comprimidos - Neo Química (Genérico),Analgésicos,200.71,2026-07-13,Monday   ,13,7,3,2026
772.88,4,1408,15:57:58.295579,Isaac Jesus,Trecho de Guerra,Esplanada,Gonçalves do Sul,RO,Atenolol 25mg - 30 Comprimidos - Aché,Higiene Pessoal,193.22,2025-12-18,Thursday ,18,12,4,2025
297.8,5,1435,00:16:32.540622,Isaac Jesus,Trecho de Guerra,Esplanada,Gonçalves do Sul,RO,Vacina contra Câncer de Próstata - Dose Única,Dermocosméticos,59.56,2025-12-08,Monday   ,8,12,4,2025
556.05,5,375,01:53:50.565115,Isaac Jesus,Trecho de Guerra,Esplanada,Gonçalves do Sul,RO,Sérum Vitamina C Huggies 90g,Saúde Bucal,111.21,2026-05-10,Sunday   ,10,5,2,2026
122,1,2100,13:33:32.767128,Valentim Leão,Pátio Mendes,Atila De Paiva,Araújo,MS,Vacina contra Gripe - Reforço,Antidepressivos,122,2025-03-14,Friday   ,14,3,1,2025
201.53,1,2917,06:59:34.202722,Valentim Leão,Pátio Mendes,Atila De Paiva,Araújo,MS,Sabonete em Barra Clear 50g,Analgésicos,201.53,2025-05-04,Sunday   ,4,5,2,2025
913.04,4,202,09:35:39.4009,Valentim Leão,Pátio Mendes,Atila De Paiva,Araújo,MS,Curativos (Band-Aid) Pampers 400ml,Aparelhos Médicos,228.26,2025-08-04,Monday   ,4,8,3,2025
245.78,2,1570,05:17:58.061483,Maria Eduarda Vasconcelos,Núcleo Almeida,Vila Madre Gertrudes 3ª Seção,Araújo,MS,Paracetamol 50mg - 30 Comprimidos - Medley (Genérico),Nutrição Infantil,122.89,2026-04-01,Wednesday,1,4,2,2026
100.68,3,1501,17:42:25.137572,Maria Eduarda Vasconcelos,Núcleo Almeida,Vila Madre Gertrudes 3ª Seção,Araújo,MS,Desodorante Roll-on Colgate 90g,Higiene Pessoal,33.56,2025-01-20,Monday   ,20,1,1,2025
312.12,3,2131,00:09:56.901303,Dra. Bella Moura,Núcleo Erick Carvalho,Vila Coqueiral,das Neves,MT,Vacina contra Gripe - Dose Única,Dermocosméticos,104.04,2026-08-12,Wednesday,12,8,3,2026
230.27,1,597,06:26:36.889648,Dra. Bella Moura,Núcleo Erick Carvalho,Vila Coqueiral,das Neves,MT,Vacina contra Alzheimer - Reforço,Nutrição Infantil,230.27,2025-02-22,Saturday ,22,2,1,2025
449.25,5,2919,22:09:55.544697,Calebe Souza,Aeroporto Benjamin Ribeiro,Vila Vista Alegre,Castro,RR,Sildenafila Pomada 30g - Aché,Higiene Pessoal,89.85,2025-09-14,Sunday   ,14,9,3,2025
202.98,3,2526,22:16:08.323062,Calebe Souza,Aeroporto Benjamin Ribeiro,Vila Vista Alegre,Castro,RR,Vacina contra Hipertensão - Dose Única,Vacinas,67.66,2025-04-27,Sunday   ,27,4,2,2025
83.88,4,2890,21:04:28.250262,Calebe Souza,Aeroporto Benjamin Ribeiro,Vila Vista Alegre,Castro,RR,Fralda Descartável Nivea FPS 70,Homeopatia,20.97,2025-10-18,Saturday ,18,10,4,2025
263.74,2,665,18:46:08.825438,Calebe Souza,Aeroporto Benjamin Ribeiro,Vila Vista Alegre,Castro,RR,Curativos (Band-Aid) Needs 400ml,Anti-inflamatórios,131.87,2026-04-28,Tuesday  ,28,4,2,2026
56.39,1,1985,03:19:16.273595,Rhavi Oliveira,Passarela Vitor Gabriel Dias,Braúnas,Moura,SP,Diclofenaco 50mg - 30 Comprimidos - Eurofarma,Antidepressivos,56.39,2025-04-24,Thursday ,24,4,2,2025
682.28,4,394,07:17:00.905025,Rhavi Oliveira,Passarela Vitor Gabriel Dias,Braúnas,Moura,SP,Amoxicilina Suspensão Oral 50ml - Eurofarma,Vacinas,170.57,2026-04-23,Thursday ,23,4,2,2026
271.20000000000005,3,2303,20:12:29.119406,Aurora Guerra,Colônia Ana Liz da Rocha,Boa União 1ª Seção,Fogaça do Amparo,PB,Fluoxetina Gotas 20ml - Aché,Fraldas e Infantis,90.4,2026-05-28,Thursday ,28,5,2,2026
30.58,1,605,00:36:39.414397,Aurora Guerra,Colônia Ana Liz da Rocha,Boa União 1ª Seção,Fogaça do Amparo,PB,Fralda Descartável Colgate 50 Metros,Antidepressivos,30.58,2025-08-08,Friday   ,8,8,3,2025
877.04,4,269,20:12:26.814998,Cauê Garcia,Jardim de Gonçalves,Bacurau,Barbosa,AP,Dipirona Sódica Pomada 30g - Medley (Genérico),Saúde Bucal,219.26,2024-10-23,Wednesday,23,10,4,2024
319.68,4,2627,23:08:19.247751,Juan Mendes,Rua de Freitas,Cenaculo,Câmara de Casa Grande,AM,Desodorante Aerosol Rexona FPS 70,Genéricos,79.92,2026-06-29,Monday   ,29,6,2,2026
1110.1000000000001,5,25,13:14:13.119022,Pedro Henrique Cunha,Chácara Benjamim Rezende,Vila Trinta E Um De Março,Nogueira,PA,Losartana Potássica 500mg - 20 Comprimidos - EMS (Genérico),Genéricos,222.02,2026-03-01,Sunday   ,1,3,1,2026
22.48,1,2297,21:26:02.68504,Mateus Nunes,Sítio de Machado,Petropolis,Barbosa,DF,Fluoxetina 50mg - 30 Comprimidos - Medley (Genérico),Fraldas e Infantis,22.48,2024-12-30,Monday   ,30,12,4,2024
21.18,1,199,09:20:40.843222,Mateus Nunes,Sítio de Machado,Petropolis,Barbosa,DF,Nimesulida 25mg - 30 Comprimidos - Bayer,Antitérmicos,21.18,2025-06-25,Wednesday,25,6,2,2025
69.49,1,1037,18:44:12.79197,Mateus Nunes,Sítio de Machado,Petropolis,Barbosa,DF,Shampoo Anticaspa Sempre Livre 500ml,Fraldas e Infantis,69.49,2025-03-14,Friday   ,14,3,1,2025
185.24,4,922,05:57:23.397251,Isaque Santos,Quadra Carvalho,Ouro Preto,Vasconcelos de Minas,PA,Metformina Xarope 120ml - Eurofarma,Antidepressivos,46.31,2026-05-13,Wednesday,13,5,2,2026
87.5,2,468,22:57:13.712954,Isaque Santos,Quadra Carvalho,Ouro Preto,Vasconcelos de Minas,PA,Escitalopram 1g - 10 Comprimidos - Aché,Primeiros Socorros,43.75,2026-04-25,Saturday ,25,4,2,2026
101.34,3,2188,12:28:39.715484,Isaque Santos,Quadra Carvalho,Ouro Preto,Vasconcelos de Minas,PA,Losartana Potássica Suspensão Oral 50ml - Medley (Genérico),Cuidados com o Cabelo,33.78,2024-12-02,Monday   ,2,12,4,2024
81.8,4,2089,14:15:52.345758,Isaque Santos,Quadra Carvalho,Ouro Preto,Vasconcelos de Minas,PA,Vacina contra Enxaqueca - Dose Única,Antitérmicos,20.45,2025-07-23,Wednesday,23,7,3,2025
423.6,2,316,10:15:37.142836,Kevin Souza,Travessa de Porto,Cidade Nova,Ferreira de Ferreira,AC,Paracetamol Suspensão Oral 50ml - Aché,Antialérgicos,211.8,2025-01-21,Tuesday  ,21,1,1,2025
511.77,3,2271,16:30:32.288108,Rhavi Fogaça,Conjunto Apollo Nascimento,Pindorama,Viana,TO,Omeprazol Xarope 120ml - Aché,Saúde Bucal,170.59,2025-09-16,Tuesday  ,16,9,3,2025
562,4,1556,20:49:56.395537,Rhavi Fogaça,Conjunto Apollo Nascimento,Pindorama,Viana,TO,Ibuprofeno 500mg - 20 Comprimidos - Bayer,Saúde Bucal,140.5,2025-07-05,Saturday ,5,7,3,2025
1029.75,5,1872,12:22:26.816531,Srta. Jade Borges,Fazenda Vargas,Andiroba,Sá,AC,Cefalexina 1g - 10 Comprimidos - Eurofarma,Antialérgicos,205.95,2025-01-07,Tuesday  ,7,1,1,2025
51.65,1,796,19:25:16.885557,Kevin Guerra,Conjunto de Cirino,Vila São Gabriel,Brito,MT,Azitromicina Gotas 20ml - Bayer,Fitoterápicos,51.65,2026-04-26,Sunday   ,26,4,2,2026
217.62,2,2805,01:44:57.960467,Fernando Moraes,Quadra Costela,Marajó,Cardoso,AL,Metformina Xarope 120ml - EMS (Genérico),Dermocosméticos,108.81,2025-10-10,Friday   ,10,10,4,2025
1086.8000000000002,5,2924,01:52:17.499192,Antony Garcia,Feira Albuquerque,São Jorge 1ª Seção,Andrade Alegre,DF,Metformina 1g - 10 Comprimidos - Neo Química (Genérico),Aparelhos Médicos,217.36,2024-11-06,Wednesday,6,11,4,2024
972.3000000000001,5,1526,06:43:31.533499,Antony Garcia,Feira Albuquerque,São Jorge 1ª Seção,Andrade Alegre,DF,Clonazepam Suspensão Oral 50ml - Medley (Genérico),Vitaminas e Suplementos,194.46,2025-09-09,Tuesday  ,9,9,3,2025
345.78,2,338,03:41:40.942083,Antony Garcia,Feira Albuquerque,São Jorge 1ª Seção,Andrade Alegre,DF,Diclofenaco Suspensão Oral 50ml - Aché,Primeiros Socorros,172.89,2025-11-19,Wednesday,19,11,4,2025
657.9300000000001,3,2901,16:35:28.757009,Antony Garcia,Feira Albuquerque,São Jorge 1ª Seção,Andrade Alegre,DF,Fio Dental Listerine Tamanho M (40 un),Cuidados com o Cabelo,219.31,2026-02-03,Tuesday  ,3,2,1,2026
140.5,1,1329,10:25:44.975506,Dra. Ana Luiza Cavalcante,Favela de Campos,Suzana,Nunes do Sul,MA,Ibuprofeno 500mg - 20 Comprimidos - Bayer,Saúde Bucal,140.5,2025-08-18,Monday   ,18,8,3,2025
104.85,5,1224,15:37:29.367323,Dra. Ana Luiza Cavalcante,Favela de Campos,Suzana,Nunes do Sul,MA,Fralda Descartável Nivea FPS 70,Homeopatia,20.97,2025-10-29,Wednesday,29,10,4,2025
197,4,1029,22:43:28.986314,Dra. Ana Luiza Cavalcante,Favela de Campos,Suzana,Nunes do Sul,MA,Hastes Flexíveis (Cotonetes) Pampers 500ml,Nutrição Infantil,49.25,2025-12-06,Saturday ,6,12,4,2025
13.22,2,2934,03:00:24.323411,Heloísa Machado,Feira Bárbara Rodrigues,Conjunto Floramar,Correia Grande,MA,Enalapril Xarope 120ml - Medley (Genérico),Primeiros Socorros,6.61,2026-08-25,Tuesday  ,25,8,3,2026
127.5,2,2227,08:05:07.822516,Heloísa Machado,Feira Bárbara Rodrigues,Conjunto Floramar,Correia Grande,MA,Loratadina Xarope 120ml - Bayer,Cuidados com o Cabelo,63.75,2026-03-23,Monday   ,23,3,1,2026
821.8,4,2253,16:45:58.578579,Heloísa Machado,Feira Bárbara Rodrigues,Conjunto Floramar,Correia Grande,MA,Paracetamol Xarope 120ml - Medley (Genérico),Nutrição Infantil,205.45,2026-02-18,Wednesday,18,2,1,2026
1119.1,5,711,08:28:56.666771,Heloísa Machado,Feira Bárbara Rodrigues,Conjunto Floramar,Correia Grande,MA,Vacina contra Chikungunya - Dose Única,Vacinas,223.82,2025-03-21,Friday   ,21,3,1,2025
104.12,1,2519,08:29:01.179698,Heloísa Machado,Feira Bárbara Rodrigues,Conjunto Floramar,Correia Grande,MA,Pomada para Assaduras Panvel 200ml,Primeiros Socorros,104.12,2025-07-11,Friday   ,11,7,3,2025
30.58,1,1021,01:12:17.88106,Dr. Eduardo Novais,Recanto Correia,Vila Batik,da Mota de Oliveira,RS,Fralda Descartável Colgate 50 Metros,Antidepressivos,30.58,2025-12-12,Friday   ,12,12,4,2025
172.29,3,862,09:36:49.987056,Sr. Marcelo Sales,Aeroporto Rodrigues,Fazendinha,Rios do Oeste,AP,Azitromicina 50mg - 30 Comprimidos - Aché,Saúde Bucal,57.43,2024-10-13,Sunday   ,13,10,4,2024
671.46,3,562,16:36:22.815968,Carlos Eduardo Castro,Rodovia de Pires,Varzea Da Palma,Pires,AM,Vacina contra Chikungunya - Dose Única,Vacinas,223.82,2025-02-26,Wednesday,26,2,1,2025
859.05,5,392,21:38:40.700625,Carlos Eduardo Castro,Rodovia de Pires,Varzea Da Palma,Pires,AM,Enxaguante Bucal Sempre Livre 400ml,Genéricos,171.81,2026-08-12,Wednesday,12,8,3,2026
309.48,2,194,04:42:01.495319,Sra. Bruna das Neves,Avenida de Caldeira,Xangri-Lá,Porto,GO,Escitalopram 1g - 10 Comprimidos - Medley (Genérico),Aparelhos Médicos,154.74,2024-10-19,Saturday ,19,10,4,2024
141.36,1,2972,09:20:56.33648,Sra. Bruna das Neves,Avenida de Caldeira,Xangri-Lá,Porto,GO,Clonazepam Xarope 120ml - EMS (Genérico),Vacinas,141.36,2026-02-04,Wednesday,4,2,1,2026
356.92,4,1787,14:23:26.090041,Sra. Bruna das Neves,Avenida de Caldeira,Xangri-Lá,Porto,GO,Álcool em Gel 70% Mió 90g,Analgésicos,89.23,2026-08-05,Wednesday,5,8,3,2026
195.99,3,33,16:56:59.594407,Olívia Moraes,Lago de Ferreira,Goiania,Alves de da Conceição,AC,Atenolol 25mg - 30 Comprimidos - Neo Química (Genérico),Cuidados com o Cabelo,65.33,2025-02-23,Sunday   ,23,2,1,2025
30.03,3,836,08:17:22.961448,Olívia Moraes,Lago de Ferreira,Goiania,Alves de da Conceição,AC,Tadalafila Gotas 20ml - Medley (Genérico),Aparelhos Médicos,10.01,2026-08-28,Friday   ,28,8,3,2026
84.81,3,149,10:58:39.255242,Olívia Moraes,Lago de Ferreira,Goiania,Alves de da Conceição,AC,Soro Fisiológico Bepantol Tamanho M (40 un),Analgésicos,28.27,2026-06-19,Friday   ,19,6,2,2026
33.13,1,1063,00:52:17.341404,Olívia Moraes,Lago de Ferreira,Goiania,Alves de da Conceição,AC,Creme Hidratante Colgate 50g,Antibióticos,33.13,2026-06-17,Wednesday,17,6,2,2026
694.24,4,2026,01:47:37.626238,Olívia Moraes,Lago de Ferreira,Goiania,Alves de da Conceição,AC,Sérum Vitamina C Clear FPS 70,Fraldas e Infantis,173.56,2025-10-01,Wednesday,1,10,4,2025
514.2,3,424,18:00:33.055933,Olívia Moraes,Lago de Ferreira,Goiania,Alves de da Conceição,AC,Shampoo Anticaspa Rexona 90g,Nutrição Infantil,171.4,2026-03-30,Monday   ,30,3,1,2026
142.3,5,89,13:38:28.31575,Gabriel Costa,Colônia João Gabriel Carvalho,São Geraldo,Duarte Verde,RO,Amoxicilina Gotas 20ml - Medley (Genérico),Antidepressivos,28.46,2026-07-22,Wednesday,22,7,3,2026
219.26,1,2249,11:41:33.700522,Gabriel Costa,Colônia João Gabriel Carvalho,São Geraldo,Duarte Verde,RO,Dipirona Sódica Pomada 30g - Medley (Genérico),Saúde Bucal,219.26,2026-07-29,Wednesday,29,7,3,2026
208.08,2,2551,06:42:47.377208,Gabriel Costa,Colônia João Gabriel Carvalho,São Geraldo,Duarte Verde,RO,Vacina contra Gripe - Dose Única,Dermocosméticos,104.04,2025-08-03,Sunday   ,3,8,3,2025
934.9,5,229,06:01:02.285114,Sra. Carolina Brito,Conjunto Lunna Borges,Vila São Dimas,Albuquerque,MG,Enalapril Gotas 20ml - EMS (Genérico),Homeopatia,186.98,2026-08-20,Thursday ,20,8,3,2026
197.06,1,2963,16:26:19.268711,João Gabriel Gonçalves,Esplanada de da Rocha,Vila Copasa,Sales,PE,Metformina 500mg - 20 Comprimidos - Bayer,Antitérmicos,197.06,2025-10-30,Thursday ,30,10,4,2025
38.61,1,475,01:56:57.71158,João Gabriel Gonçalves,Esplanada de da Rocha,Vila Copasa,Sales,PE,Metformina Pomada 30g - Bayer,Genéricos,38.61,2025-05-01,Thursday ,1,5,2,2025
227.47,1,2017,00:08:54.00072,João Gabriel Gonçalves,Esplanada de da Rocha,Vila Copasa,Sales,PE,Absorvente com Abas Rexona FPS 70,Fitoterápicos,227.47,2025-07-21,Monday   ,21,7,3,2025
454.94,2,1,03:09:23.15349,João Gabriel Gonçalves,Esplanada de da Rocha,Vila Copasa,Sales,PE,Absorvente com Abas Rexona FPS 70,Fitoterápicos,227.47,2026-07-05,Sunday   ,5,7,3,2026
29.55,5,2306,05:26:29.311972,Camila Sampaio,Vila Nascimento,Santa Rita De Cássia,Gonçalves do Sul,RO,Omeprazol Suspensão Oral 50ml - EMS (Genérico),Saúde Bucal,5.91,2025-06-19,Thursday ,19,6,2,2025
512.25,3,592,14:52:35.073231,Camila Sampaio,Vila Nascimento,Santa Rita De Cássia,Gonçalves do Sul,RO,Dipirona Sódica Pomada 30g - EMS (Genérico),Antitérmicos,170.75,2025-08-06,Wednesday,6,8,3,2025
953.0500000000001,5,2274,00:07:49.39204,Maitê Silva,Esplanada Juliana Abreu,Buritis,Fogaça,BA,Fluoxetina 25mg - 30 Comprimidos - Eurofarma,Fitoterápicos,190.61,2026-08-09,Sunday   ,9,8,3,2026
189.7,5,2697,21:02:39.562198,Dr. José Fogaça,Sítio de Pastor,Vila Santo Antônio,Duarte,MA,Sertralina Xarope 120ml - Eurofarma,Fraldas e Infantis,37.94,2025-07-11,Friday   ,11,7,3,2025
493.92,4,2480,22:17:42.720724,Dr. José Fogaça,Sítio de Pastor,Vila Santo Antônio,Duarte,MA,Sérum Vitamina C Mió 400ml,Antitérmicos,123.48,2025-10-22,Wednesday,22,10,4,2025
92.49,1,2470,04:23:29.744422,João Miguel Viana,Praça da Paz,Vila Independencia 2ª Seção,Lopes dos Dourados,PB,Losartana Potássica Gotas 20ml - Medley (Genérico),Antitérmicos,92.49,2025-05-10,Saturday ,10,5,2,2025
625.64,4,1793,18:19:36.880175,João Miguel Viana,Praça da Paz,Vila Independencia 2ª Seção,Lopes dos Dourados,PB,Vacina contra Rinite - Dose Única,Aparelhos Médicos,156.41,2025-02-24,Monday   ,24,2,1,2025
181.24,4,2436,15:44:04.312237,João Miguel Viana,Praça da Paz,Vila Independencia 2ª Seção,Lopes dos Dourados,PB,Absorvente com Abas Bepantol 500ml,Analgésicos,45.31,2025-05-18,Sunday   ,18,5,2,2025
112.1,2,1847,01:40:50.963612,Dr. Thomas Abreu,Campo Gomes,Minaslandia,Macedo de Martins,PR,Amoxicilina 1g - 10 Comprimidos - EMS (Genérico),Antidepressivos,56.05,2025-12-08,Monday   ,8,12,4,2025
189.85,1,1382,07:37:52.426865,Dr. Thomas Abreu,Campo Gomes,Minaslandia,Macedo de Martins,PR,Dipirona Sódica Xarope 120ml - Aché,Cuidados com o Cabelo,189.85,2026-06-25,Thursday ,25,6,2,2026
503.72,4,1694,23:54:51.501395,Dr. Thomas Abreu,Campo Gomes,Minaslandia,Macedo de Martins,PR,Soro Fisiológico CeraVe 150ml,Homeopatia,125.93,2024-09-23,Monday   ,23,9,3,2024
142.84,1,2964,14:45:52.415069,Asafe Barbosa,Viaduto Alves,Alta Tensão 2ª Seção,Macedo do Sul,DF,Losartana Potássica Gotas 20ml - Neo Química (Genérico),Analgésicos,142.84,2025-10-02,Thursday ,2,10,4,2025
319.68,4,503,16:07:29.120415,Asafe Barbosa,Viaduto Alves,Alta Tensão 2ª Seção,Macedo do Sul,DF,Desodorante Aerosol Rexona FPS 70,Genéricos,79.92,2025-11-24,Monday   ,24,11,4,2025
216.06,3,1704,22:17:46.266564,Samuel Teixeira,Campo Henry Gabriel Nunes,Santa Terezinha,das Neves,MT,Cefalexina Gotas 20ml - Eurofarma,Saúde Bucal,72.02,2025-05-01,Thursday ,1,5,2,2025
148.29,3,779,02:42:54.079026,Samuel Teixeira,Campo Henry Gabriel Nunes,Santa Terezinha,das Neves,MT,Cefalexina Pomada 30g - Aché,Anti-inflamatórios,49.43,2026-02-07,Saturday ,7,2,1,2026
1034.2,5,2925,17:28:33.120918,Samuel Teixeira,Campo Henry Gabriel Nunes,Santa Terezinha,das Neves,MT,Paracetamol 25mg - 30 Comprimidos - Aché,Antibióticos,206.84,2025-10-25,Saturday ,25,10,4,2025
40.12,1,675,05:19:44.453222,Samuel Teixeira,Campo Henry Gabriel Nunes,Santa Terezinha,das Neves,MT,Soro Fisiológico Panvel Tamanho M (40 un),Fitoterápicos,40.12,2024-11-09,Saturday ,9,11,4,2024
274.6,4,2814,21:55:47.475669,Samuel Teixeira,Campo Henry Gabriel Nunes,Santa Terezinha,das Neves,MT,Fralda Descartável Vichy 400ml,Produtos Ortopédicos,68.65,2026-07-28,Tuesday  ,28,7,3,2026
32.43,1,1294,23:52:04.55505,Dra. Luana Jesus,Fazenda Maria Cecília da Luz,Palmeiras,Cassiano,SE,Losartana Potássica 25mg - 30 Comprimidos - EMS (Genérico),Nutrição Infantil,32.43,2025-12-07,Sunday   ,7,12,4,2025
557.5500000000001,5,783,13:10:09.282362,Dra. Luana Jesus,Fazenda Maria Cecília da Luz,Palmeiras,Cassiano,SE,Vacina contra Insuficiência Renal - Reforço,Fitoterápicos,111.51,2025-06-18,Wednesday,18,6,2,2025
76.44,1,1375,07:16:22.010993,Sr. Anthony Rodrigues,Lagoa de Casa Grande,Tres Marias,Nogueira de Rios,PR,Nimesulida 500mg - 20 Comprimidos - EMS (Genérico),Saúde Bucal,76.44,2025-04-11,Friday   ,11,4,2,2025
182.84,2,2512,03:15:10.008776,Otto Barbosa,Parque Ana Luiza Sampaio,João Pinheiro,Machado,PB,Losartana Potássica Pomada 30g - Bayer,Nutrição Infantil,91.42,2026-03-31,Tuesday  ,31,3,1,2026
600.36,3,2429,15:11:03.815052,Otto Barbosa,Parque Ana Luiza Sampaio,João Pinheiro,Machado,PB,Vacina contra Artrite - Dose Única,Produtos Ortopédicos,200.12,2025-11-27,Thursday ,27,11,4,2025
493.64,2,2980,00:10:19.999842,Otto Barbosa,Parque Ana Luiza Sampaio,João Pinheiro,Machado,PB,Vacina contra Esquizofrenia - Reforço,Cuidados com o Cabelo,246.82,2025-02-01,Saturday ,1,2,1,2025
323.12,2,1117,11:33:01.202586,Otto Barbosa,Parque Ana Luiza Sampaio,João Pinheiro,Machado,PB,Soro Fisiológico Nivea 50 Metros,Homeopatia,161.56,2026-01-10,Saturday ,10,1,1,2026
146.2,1,2064,00:54:06.380885,Otto Barbosa,Parque Ana Luiza Sampaio,João Pinheiro,Machado,PB,Fio Dental Sempre Livre FPS 70,Saúde Bucal,146.2,2025-08-22,Friday   ,22,8,3,2025
106.56,2,29,06:54:01.590071,Lavínia Silva,Trevo Léo Nunes,Vila Nova,Vargas,AL,Hidroclorotiazida 50mg - 30 Comprimidos - Neo Química (Genérico),Cuidados com o Cabelo,53.28,2024-09-26,Thursday ,26,9,3,2024
690.68,4,515,10:58:12.472479,Lavínia Silva,Trevo Léo Nunes,Vila Nova,Vargas,AL,Escitalopram 25mg - 30 Comprimidos - EMS (Genérico),Homeopatia,172.67,2026-03-16,Monday   ,16,3,1,2026
62.7,2,935,16:35:22.005553,Lavínia Silva,Trevo Léo Nunes,Vila Nova,Vargas,AL,Azitromicina Xarope 120ml - Medley (Genérico),Antibióticos,31.35,2026-01-06,Tuesday  ,6,1,1,2026
214.06,2,1013,02:40:10.22377,Lavínia Silva,Trevo Léo Nunes,Vila Nova,Vargas,AL,Vacina contra Insuficiência Cardíaca - Dose Única,Antitérmicos,107.03,2025-12-20,Saturday ,20,12,4,2025
102.62,1,2268,22:54:43.737619,Leonardo Rodrigues,Estação de Mendes,Canadá,da Paz,RJ,Vacina contra Alzheimer - Dose Única,Antialérgicos,102.62,2026-05-20,Wednesday,20,5,2,2026
481.29,3,119,16:00:38.733548,Ravi Lucca da Mota,Recanto Ana Carolina Santos,Bandeirantes,Brito da Mata,BA,Omeprazol Suspensão Oral 50ml - Eurofarma,Anti-inflamatórios,160.43,2025-02-09,Sunday   ,9,2,1,2025
44.01,1,191,09:32:46.271523,Ravi Lucca da Mota,Recanto Ana Carolina Santos,Bandeirantes,Brito da Mata,BA,Sertralina Gotas 20ml - Aché,Dermocosméticos,44.01,2026-04-17,Friday   ,17,4,2,2026
492.52,4,1728,07:56:16.209293,Ravi Lucca da Mota,Recanto Ana Carolina Santos,Bandeirantes,Brito da Mata,BA,Vacina contra Embolia - Dose Única,Antibióticos,123.13,2026-02-11,Wednesday,11,2,1,2026
321.09000000000003,3,2504,05:21:09.075672,Ravi Lucca da Mota,Recanto Ana Carolina Santos,Bandeirantes,Brito da Mata,BA,Vacina contra Insuficiência Cardíaca - Dose Única,Antitérmicos,107.03,2026-04-10,Friday   ,10,4,2,2026
408,4,1051,13:57:07.616871,Ravi Lucca da Mota,Recanto Ana Carolina Santos,Bandeirantes,Brito da Mata,BA,Absorvente com Abas Bepantol 50g,Fraldas e Infantis,102,2025-02-09,Sunday   ,9,2,1,2025
291.9,3,1155,16:51:58.72897,Laís Cavalcante,Trecho de Castro,Aguas Claras,Vargas,AL,Fluoxetina Suspensão Oral 50ml - Medley (Genérico),Antidepressivos,97.3,2025-12-03,Wednesday,3,12,4,2025
113.85,5,2873,16:13:31.580669,Maria Liz Ferreira,Vereda de da Conceição,Vila Nova Dos Milionarios,da Cruz da Mata,PB,Omeprazol 500mg - 20 Comprimidos - Eurofarma,Produtos Ortopédicos,22.77,2025-04-11,Friday   ,11,4,2,2025
122.08,1,2737,05:15:41.358744,Maria Liz Ferreira,Vereda de da Conceição,Vila Nova Dos Milionarios,da Cruz da Mata,PB,Vacina contra Dermatite - Reforço,Primeiros Socorros,122.08,2025-07-03,Thursday ,3,7,3,2025
432.02,2,1562,11:29:24.136765,Maria Liz Ferreira,Vereda de da Conceição,Vila Nova Dos Milionarios,da Cruz da Mata,PB,Curativos (Band-Aid) Clear FPS 50,Vacinas,216.01,2024-12-30,Monday   ,30,12,4,2024
172.29,3,396,16:48:43.702132,Maria Fernanda Castro,Condomínio Cauã Brito,Vila Puc,Correia Grande,MA,Azitromicina 50mg - 30 Comprimidos - Aché,Saúde Bucal,57.43,2025-11-02,Sunday   ,2,11,4,2025
470.58000000000004,3,2354,11:58:05.600109,Maria Fernanda Castro,Condomínio Cauã Brito,Vila Puc,Correia Grande,MA,Vacina contra Hepatite C - Reforço,Nutrição Infantil,156.86,2026-06-15,Monday   ,15,6,2,2026
159.46,2,525,07:28:26.423361,Maria Fernanda Castro,Condomínio Cauã Brito,Vila Puc,Correia Grande,MA,Creme Dental Needs FPS 70,Antidepressivos,79.73,2025-10-16,Thursday ,16,10,4,2025
45.21,1,827,21:07:57.696044,Miguel Moreira,Vila de Cirino,Universitário,Almeida das Pedras,PI,Vacina contra Osteoporose - Reforço,Antibióticos,45.21,2026-03-18,Wednesday,18,3,1,2026
437.40000000000003,5,2859,15:54:12.951802,Miguel Moreira,Vila de Cirino,Universitário,Almeida das Pedras,PI,Fralda Descartável Aptamil 200ml,Anti-inflamatórios,87.48,2025-06-08,Sunday   ,8,6,2,2025
428.12,4,2275,10:30:30.455981,Isabel Pereira,Favela Benicio Barros,Mineirão,Aparecida,CE,Vacina contra Insuficiência Cardíaca - Dose Única,Antitérmicos,107.03,2026-04-05,Sunday   ,5,4,2,2026
270.39,3,1068,05:11:45.85521,Isabel Pereira,Favela Benicio Barros,Mineirão,Aparecida,CE,Desodorante Roll-on Sempre Livre 150ml,Vitaminas e Suplementos,90.13,2026-03-30,Monday   ,30,3,1,2026
189.7,5,2780,21:02:25.134793,Sophia Costa,Esplanada Liz Marques,Vila Copacabana,Novaes de Minas,PE,Sertralina Xarope 120ml - Eurofarma,Fraldas e Infantis,37.94,2025-02-10,Monday   ,10,2,1,2025
695.52,3,1145,21:23:12.932521,Sophia Costa,Esplanada Liz Marques,Vila Copacabana,Novaes de Minas,PE,Vacina contra Linfoma - Reforço,Nutrição Infantil,231.84,2026-02-10,Tuesday  ,10,2,1,2026
967.0999999999999,5,1769,11:55:26.163064,Eduarda Pacheco,Rodovia Enzo Martins,Conjunto Lagoa,Barbosa,AP,Enalapril Suspensão Oral 50ml - Eurofarma,Saúde Bucal,193.42,2025-08-30,Saturday ,30,8,3,2025
72.23,1,2364,02:15:14.590172,Eduarda Pacheco,Rodovia Enzo Martins,Conjunto Lagoa,Barbosa,AP,Dipirona Sódica Gotas 20ml - Bayer,Antitérmicos,72.23,2024-10-07,Monday   ,7,10,4,2024
454.94,2,28,02:26:26.801572,João Pedro Ferreira,Passarela de da Luz,Vitoria Da Conquista,Lopes de Goiás,SE,Absorvente com Abas Rexona FPS 70,Fitoterápicos,227.47,2025-02-13,Thursday ,13,2,1,2025
172.67,1,1945,16:45:20.711432,Sophia Sampaio,Vale José Miguel Lima,Nova Esperança,Castro,CE,Escitalopram 25mg - 30 Comprimidos - EMS (Genérico),Homeopatia,172.67,2025-08-21,Thursday ,21,8,3,2025
84.94,1,2141,07:56:09.622253,Sophia Sampaio,Vale José Miguel Lima,Nova Esperança,Castro,CE,Enalapril 500mg - 20 Comprimidos - Bayer,Nutrição Infantil,84.94,2026-07-03,Friday   ,3,7,3,2026
437.40000000000003,5,49,05:44:12.619903,Sophia Sampaio,Vale José Miguel Lima,Nova Esperança,Castro,CE,Fralda Descartável Aptamil 200ml,Anti-inflamatórios,87.48,2026-01-03,Saturday ,3,1,1,2026
137.47,1,76,21:23:41.147029,Srta. Isabelly Souza,Lago Antonella Novais,Conjunto Santa Maria,Gonçalves do Sul,RO,Paracetamol Gotas 20ml - Neo Química (Genérico),Anti-inflamatórios,137.47,2024-10-02,Wednesday,2,10,4,2024
309.48,2,2899,01:21:02.953597,Srta. Isabelly Souza,Lago Antonella Novais,Conjunto Santa Maria,Gonçalves do Sul,RO,Escitalopram 1g - 10 Comprimidos - Medley (Genérico),Aparelhos Médicos,154.74,2025-09-01,Monday   ,1,9,3,2025
341.3,5,2169,03:18:49.517653,Srta. Isabelly Souza,Lago Antonella Novais,Conjunto Santa Maria,Gonçalves do Sul,RO,Vacina contra Úlcera - Dose Única,Fraldas e Infantis,68.26,2026-03-07,Saturday ,7,3,1,2026
314.68,2,1860,23:36:24.154329,Srta. Isabelly Souza,Lago Antonella Novais,Conjunto Santa Maria,Gonçalves do Sul,RO,Hastes Flexíveis (Cotonetes) Johnson's 200ml,Higiene Pessoal,157.34,2026-04-13,Monday   ,13,4,2,2026
426.45000000000005,3,1634,05:56:40.958826,Lorenzo Barbosa,Lagoa Catarina Alves,Vila Jardim Alvorada,Cardoso,RO,Amoxicilina Pomada 30g - Eurofarma,Vitaminas e Suplementos,142.15,2024-11-25,Monday   ,25,11,4,2024
190.48,4,1468,17:59:45.872971,Lorenzo Barbosa,Lagoa Catarina Alves,Vila Jardim Alvorada,Cardoso,RO,Vacina contra Câncer de Mama - Dose Única,Cuidados com o Cabelo,47.62,2026-04-11,Saturday ,11,4,2,2026
44.27,1,1346,10:48:48.029483,Rhavi Guerra,Residencial de Sales,Pindura Saia,Carvalho,DF,Enalapril 1g - 10 Comprimidos - Aché,Homeopatia,44.27,2026-07-07,Tuesday  ,7,7,3,2026
131.12,2,1291,18:49:27.405088,Rhavi Guerra,Residencial de Sales,Pindura Saia,Carvalho,DF,Losartana Potássica Suspensão Oral 50ml - Bayer,Saúde Bucal,65.56,2025-01-08,Wednesday,8,1,1,2025
124.99,1,797,14:28:04.992703,Rhavi Guerra,Residencial de Sales,Pindura Saia,Carvalho,DF,Sérum Vitamina C Panvel FPS 70,Higiene Pessoal,124.99,2025-04-26,Saturday ,26,4,2,2025
176.14999999999998,5,1353,19:44:40.676671,Rhavi Guerra,Residencial de Sales,Pindura Saia,Carvalho,DF,Condicionador Hidratação G-Tech Tamanho G (32 un),Analgésicos,35.23,2025-02-19,Wednesday,19,2,1,2025
228.66,1,1995,03:30:06.968892,Rhavi Guerra,Residencial de Sales,Pindura Saia,Carvalho,DF,Pomada para Assaduras Listerine 400ml,Fitoterápicos,228.66,2025-06-07,Saturday ,7,6,2,2025
421.5,3,219,06:14:29.652383,Vitor Aragão,Passarela da Rosa,Conjunto Minas Caixa,Cavalcante,RR,Ibuprofeno 500mg - 20 Comprimidos - Bayer,Saúde Bucal,140.5,2025-07-10,Thursday ,10,7,3,2025
366.54,3,821,01:17:43.014908,Vitor Aragão,Passarela da Rosa,Conjunto Minas Caixa,Cavalcante,RR,Escitalopram Gotas 20ml - Neo Química (Genérico),Vitaminas e Suplementos,122.18,2024-09-15,Sunday   ,15,9,3,2024
624.9499999999999,5,2451,21:28:04.798206,Vitor Aragão,Passarela da Rosa,Conjunto Minas Caixa,Cavalcante,RR,Sérum Vitamina C Panvel FPS 70,Higiene Pessoal,124.99,2025-03-10,Monday   ,10,3,1,2025
180.5,1,2774,04:52:26.28536,Joana Novais,Lago de Moraes,Manacas,Sá,RR,Enalapril 50mg - 30 Comprimidos - Eurofarma,Analgésicos,180.5,2025-09-08,Monday   ,8,9,3,2025
676.48,4,981,14:58:02.512662,Joana Novais,Lago de Moraes,Manacas,Sá,RR,Vacina contra Diabetes Tipo 1 - Reforço,Analgésicos,169.12,2026-04-01,Wednesday,1,4,2,2026
158.7,3,1303,23:15:06.241536,Joana Novais,Lago de Moraes,Manacas,Sá,RR,Fralda Descartável Vichy 150ml,Homeopatia,52.9,2025-09-27,Saturday ,27,9,3,2025
174.45,5,1081,18:15:02.761129,Ana Siqueira,Campo Pietra Garcia,Unidas,Pacheco,RR,Cefalexina 50mg - 30 Comprimidos - Eurofarma,Antibióticos,34.89,2026-07-09,Thursday ,9,7,3,2026
939.56,4,2418,12:31:38.097327,Ana Siqueira,Campo Pietra Garcia,Unidas,Pacheco,RR,Atenolol Xarope 120ml - Eurofarma,Fraldas e Infantis,234.89,2025-10-03,Friday   ,3,10,4,2025
699.08,4,2775,00:47:05.739858,Srta. Elisa Mendes,Distrito de Vieira,Braúnas,Ferreira de Sampaio,PB,Losartana Potássica Suspensão Oral 50ml - Aché,Vitaminas e Suplementos,174.77,2025-07-06,Sunday   ,6,7,3,2025
122.08,1,603,18:07:07.13207,Srta. Elisa Mendes,Distrito de Vieira,Braúnas,Ferreira de Sampaio,PB,Vacina contra Dermatite - Reforço,Primeiros Socorros,122.08,2025-10-10,Friday   ,10,10,4,2025
358.75,5,1545,12:05:31.015312,Srta. Elisa Mendes,Distrito de Vieira,Braúnas,Ferreira de Sampaio,PB,Vacina contra Cirrose - Dose Única,Aparelhos Médicos,71.75,2025-10-07,Tuesday  ,7,10,4,2025
14.88,1,2767,02:28:00.27083,Dr. Vinícius Moura,Vila de Sá,Vila Havaí,da Mota do Campo,CE,Clonazepam Suspensão Oral 50ml - EMS (Genérico),Saúde Bucal,14.88,2024-11-14,Thursday ,14,11,4,2024
947.8,4,2466,12:12:21.708061,Dr. Vinícius Moura,Vila de Sá,Vila Havaí,da Mota do Campo,CE,Metformina Pomada 30g - Medley (Genérico),Saúde Bucal,236.95,2025-12-11,Thursday ,11,12,4,2025
113.85,5,1289,14:22:53.442868,Dr. Vinícius Moura,Vila de Sá,Vila Havaí,da Mota do Campo,CE,Omeprazol 500mg - 20 Comprimidos - Eurofarma,Produtos Ortopédicos,22.77,2026-05-26,Tuesday  ,26,5,2,2026
986.3,5,1132,20:48:54.779619,Pedro Henrique Pastor,Rodovia Sarah Andrade,Mangueiras,Sousa,PE,Paracetamol Suspensão Oral 50ml - Bayer,Vitaminas e Suplementos,197.26,2025-02-27,Thursday ,27,2,1,2025
469.76,4,904,09:50:11.535948,Arthur Gabriel Cardoso,Setor da Cunha,São Geraldo,Jesus,ES,Sabonete em Barra Colgate Tamanho G (32 un),Fraldas e Infantis,117.44,2025-01-16,Thursday ,16,1,1,2025
277.46999999999997,3,2708,14:01:57.725126,Sr. Asafe Aragão,Lago Garcia,Jardim Guanabara,Machado,PB,Losartana Potássica Gotas 20ml - Medley (Genérico),Antitérmicos,92.49,2025-02-22,Saturday ,22,2,1,2025
128.4,2,295,21:58:48.400294,Sr. Asafe Aragão,Lago Garcia,Jardim Guanabara,Machado,PB,Condicionador Hidratação Johnson's FPS 50,Aparelhos Médicos,64.2,2024-09-14,Saturday ,14,9,3,2024
465.68,4,1902,06:17:56.392981,Alana Melo,Aeroporto Beatriz Nascimento,Aguas Claras,Barros de Fernandes,RR,Fralda Descartável Aptamil 50 Metros,Dermocosméticos,116.42,2025-03-29,Saturday ,29,3,1,2025
173.32,1,1736,23:55:55.14416,João Guilherme Jesus,Rodovia Sampaio,São Tomaz,da Costa,PE,Vacina contra Diabetes Tipo 1 - Dose Única,Antidepressivos,173.32,2025-01-19,Sunday   ,19,1,1,2025
77.7,2,1866,06:52:19.820538,Mathias Silveira,Recanto da Paz,Beija Flor,Pereira,SP,Clonazepam 25mg - 30 Comprimidos - Eurofarma,Cuidados com o Cabelo,38.85,2026-07-09,Thursday ,9,7,3,2026
313.2,4,2778,23:43:30.943807,Mathias Silveira,Recanto da Paz,Beija Flor,Pereira,SP,Fluoxetina 50mg - 30 Comprimidos - Bayer,Saúde Bucal,78.3,2025-07-20,Sunday   ,20,7,3,2025
455.68,4,582,16:28:08.139862,Mathias Silveira,Recanto da Paz,Beija Flor,Pereira,SP,Hidroclorotiazida 500mg - 20 Comprimidos - Medley (Genérico),Saúde Bucal,113.92,2025-08-22,Friday   ,22,8,3,2025
35.27,1,142,18:57:57.702134,Mathias Silveira,Recanto da Paz,Beija Flor,Pereira,SP,Metformina Suspensão Oral 50ml - Medley (Genérico),Antidepressivos,35.27,2025-02-15,Saturday ,15,2,1,2025
712.89,3,1600,02:53:14.645176,Mathias Silveira,Recanto da Paz,Beija Flor,Pereira,SP,Condicionador Hidratação Panvel Tamanho G (32 un),Nutrição Infantil,237.63,2024-12-18,Wednesday,18,12,4,2024
35.44,1,601,19:21:50.513133,Maria Cecília da Rosa,Parque Rios,Vila Maloca,Rios,AP,Nimesulida Xarope 120ml - Eurofarma,Dermocosméticos,35.44,2026-01-02,Friday   ,2,1,1,2026
195.04,4,2269,03:27:50.359351,Maria Cecília da Rosa,Parque Rios,Vila Maloca,Rios,AP,Clonazepam 50mg - 30 Comprimidos - Aché,Vitaminas e Suplementos,48.76,2026-02-01,Sunday   ,1,2,1,2026
612.75,3,1903,22:40:22.199431,Maria Cecília da Rosa,Parque Rios,Vila Maloca,Rios,AP,Vacina contra Zika - Dose Única,Primeiros Socorros,204.25,2025-08-05,Tuesday  ,5,8,3,2025
230.8,4,2579,05:57:33.477943,Pietro Pastor,Morro Viana,Vila Madre Gertrudes 4ª Seção,Câmara do Galho,RO,Pantoprazol Xarope 120ml - Aché,Nutrição Infantil,57.7,2026-04-04,Saturday ,4,4,2,2026
424.08000000000004,3,403,06:46:05.770576,Pietro Pastor,Morro Viana,Vila Madre Gertrudes 4ª Seção,Câmara do Galho,RO,Clonazepam Xarope 120ml - EMS (Genérico),Vacinas,141.36,2025-09-05,Friday   ,5,9,3,2025
21.51,1,2510,07:19:17.955352,Pietro Pastor,Morro Viana,Vila Madre Gertrudes 4ª Seção,Câmara do Galho,RO,Vacina contra Gastrite - Dose Única,Fitoterápicos,21.51,2025-09-26,Friday   ,26,9,3,2025
453.39,3,1347,13:15:01.552298,Pietro Pastor,Morro Viana,Vila Madre Gertrudes 4ª Seção,Câmara do Galho,RO,Água Micelar Sempre Livre 50g,Vacinas,151.13,2025-03-30,Sunday   ,30,3,1,2025
209.96,2,1835,04:32:13.105239,Pietro Pastor,Morro Viana,Vila Madre Gertrudes 4ª Seção,Câmara do Galho,RO,Água Micelar G-Tech FPS 70,Antibióticos,104.98,2025-04-11,Friday   ,11,4,2,2025
735.72,4,1955,11:29:38.481398,João Lucas Brito,Passarela de Farias,Madri,Brito da Mata,BA,Condicionador Hidratação Bepantol 90g,Produtos Ortopédicos,183.93,2026-08-26,Wednesday,26,8,3,2026
231.14999999999998,3,284,02:02:45.328907,João Lucas Brito,Passarela de Farias,Madri,Brito da Mata,BA,Sérum Vitamina C Pampers 400ml,Antidepressivos,77.05,2024-10-02,Wednesday,2,10,4,2024
266.06,2,1041,18:53:57.167001,Sra. Ísis Pacheco,Viela Ágatha Pires,Distrito Industrial Do Jatoba,Rezende,GO,Sertralina 1g - 10 Comprimidos - Aché,Primeiros Socorros,133.03,2025-02-21,Friday   ,21,2,1,2025
30.41,1,684,13:19:39.573833,Júlia Barros,Conjunto de Ribeiro,Capitão Eduardo,Brito da Mata,BA,Sildenafila 25mg - 30 Comprimidos - EMS (Genérico),Primeiros Socorros,30.41,2025-11-01,Saturday ,1,11,4,2025
601.59,3,787,15:24:22.298611,Júlia Barros,Conjunto de Ribeiro,Capitão Eduardo,Brito da Mata,BA,Vacina contra Conjuntivite - Dose Única,Antidepressivos,200.53,2025-12-10,Wednesday,10,12,4,2025
166.85,5,1320,10:32:58.228118,Júlia Barros,Conjunto de Ribeiro,Capitão Eduardo,Brito da Mata,BA,Protetor Solar Corporal Needs Tamanho M (40 un),Antibióticos,33.37,2025-06-10,Tuesday  ,10,6,2,2025
718.1,5,2765,17:15:45.4919,Júlia Barros,Conjunto de Ribeiro,Capitão Eduardo,Brito da Mata,BA,Protetor Solar Corporal La Roche-Posay 90g,Aparelhos Médicos,143.62,2025-10-07,Tuesday  ,7,10,4,2025
471.6,2,2953,11:22:02.509339,Cecilia Souza,Esplanada Yan Aparecida,Brasil Industrial,Cardoso,RO,Diclofenaco 500mg - 20 Comprimidos - Eurofarma,Antibióticos,235.8,2025-03-29,Saturday ,29,3,1,2025
203.64,4,2376,23:23:41.041227,Cecilia Souza,Esplanada Yan Aparecida,Brasil Industrial,Cardoso,RO,Nimesulida Xarope 120ml - Medley (Genérico),Antidepressivos,50.91,2024-11-06,Wednesday,6,11,4,2024
154.15,1,1059,19:48:01.666799,Cecilia Souza,Esplanada Yan Aparecida,Brasil Industrial,Cardoso,RO,Soro Fisiológico Sempre Livre 500ml,Higiene Pessoal,154.15,2026-05-04,Monday   ,4,5,2,2026
24.76,4,1615,02:10:51.710741,Stephany Viana,Esplanada de Vargas,Olaria,Albuquerque,MG,Tadalafila 1g - 10 Comprimidos - Aché,Primeiros Socorros,6.19,2026-06-29,Monday   ,29,6,2,2026
144.48,1,2004,16:46:33.037084,Ravi Lucca da Conceição,Morro Rezende,Universo,Duarte,AL,Hidroclorotiazida 500mg - 20 Comprimidos - Aché,Antidepressivos,144.48,2026-02-08,Sunday   ,8,2,1,2026
827.8499999999999,5,831,21:39:34.842509,Ravi Lucca da Conceição,Morro Rezende,Universo,Duarte,AL,Clonazepam Pomada 30g - Aché,Fraldas e Infantis,165.57,2025-05-26,Monday   ,26,5,2,2025
1128,5,1949,11:08:38.513272,Ravi Lucca da Conceição,Morro Rezende,Universo,Duarte,AL,Diclofenaco Xarope 120ml - Neo Química (Genérico),Primeiros Socorros,225.6,2026-09-09,Wednesday,9,9,3,2026
121.22,1,2154,14:37:11.592407,Ravi Lucca da Conceição,Morro Rezende,Universo,Duarte,AL,Lenço Umedecido Rexona FPS 50,Antibióticos,121.22,2025-09-04,Thursday ,4,9,3,2025
103.9,2,2368,11:29:14.508078,Ravi Lucca da Conceição,Morro Rezende,Universo,Duarte,AL,Sabonete em Barra Aptamil 50 Metros,Higiene Pessoal,51.95,2025-10-19,Sunday   ,19,10,4,2025
74.49,3,2929,01:59:46.380139,Eduardo Vasconcelos,Esplanada de Viana,João Alfredo,Moraes,DF,Creme Dental Colgate 150ml,Vacinas,24.83,2026-05-28,Thursday ,28,5,2,2026
662.55,3,350,03:44:04.431202,Eduardo Vasconcelos,Esplanada de Viana,João Alfredo,Moraes,DF,Água Micelar La Roche-Posay Tamanho M (40 un),Vitaminas e Suplementos,220.85,2026-03-14,Saturday ,14,3,1,2026
347.12,2,1448,08:35:00.588051,Eduardo Vasconcelos,Esplanada de Viana,João Alfredo,Moraes,DF,Sérum Vitamina C Clear FPS 70,Fraldas e Infantis,173.56,2024-11-25,Monday   ,25,11,4,2024
218.75,5,993,03:18:16.819101,Dra. Laís Andrade,Praça Maria Alice Aparecida,Conjunto Novo Dom Bosco,Moura,SP,Escitalopram 1g - 10 Comprimidos - Aché,Primeiros Socorros,43.75,2025-03-04,Tuesday  ,4,3,1,2025
898.36,4,1128,21:02:09.280746,Dra. Laís Andrade,Praça Maria Alice Aparecida,Conjunto Novo Dom Bosco,Moura,SP,Vacina contra Desnutrição - Dose Única,Homeopatia,224.59,2026-07-30,Thursday ,30,7,3,2026
505.56000000000006,3,1143,20:43:28.114585,Dra. Laís Andrade,Praça Maria Alice Aparecida,Conjunto Novo Dom Bosco,Moura,SP,Creme Hidratante Johnson's Tamanho G (32 un),Antibióticos,168.52,2024-12-29,Sunday   ,29,12,4,2024
755.65,5,231,07:00:33.383573,Dra. Laís Andrade,Praça Maria Alice Aparecida,Conjunto Novo Dom Bosco,Moura,SP,Água Micelar Sempre Livre 50g,Vacinas,151.13,2025-01-10,Friday   ,10,1,1,2025
488.48,2,1298,12:34:31.173718,Luiz Gustavo Gomes,Chácara João Lucas Brito,Jatobá,da Rocha da Prata,RN,Sinvastatina Gotas 20ml - Medley (Genérico),Dermocosméticos,244.24,2025-05-20,Tuesday  ,20,5,2,2025
51.65,1,1006,19:45:51.782855,Luiz Gustavo Gomes,Chácara João Lucas Brito,Jatobá,da Rocha da Prata,RN,Azitromicina Gotas 20ml - Bayer,Fitoterápicos,51.65,2026-01-06,Tuesday  ,6,1,1,2026
315.44,4,703,18:33:26.651587,Luiz Gustavo Gomes,Chácara João Lucas Brito,Jatobá,da Rocha da Prata,RN,Vacina contra Resfriado - Dose Única,Cuidados com o Cabelo,78.86,2026-09-08,Tuesday  ,8,9,3,2026
604.52,4,1989,16:04:56.148809,Luiz Gustavo Gomes,Chácara João Lucas Brito,Jatobá,da Rocha da Prata,RN,Água Micelar Sempre Livre 50g,Vacinas,151.13,2025-03-04,Tuesday  ,4,3,1,2025
391.08000000000004,3,1283,22:15:29.544487,Sra. Isabela Machado,Jardim Sales,Santa Helena,Brito da Mata,BA,Loratadina Suspensão Oral 50ml - Neo Química (Genérico),Analgésicos,130.36,2025-06-23,Monday   ,23,6,2,2025
145.8,5,356,16:01:24.962531,Sra. Isabela Machado,Jardim Sales,Santa Helena,Brito da Mata,BA,Sertralina 50mg - 30 Comprimidos - Neo Química (Genérico),Higiene Pessoal,29.16,2025-10-04,Saturday ,4,10,4,2025
227.92,2,2222,13:12:46.519852,Maria Laura Mendonça,Passarela Stella Santos,Cidade Jardim Taquaril,Pinto dos Dourados,MT,Sildenafila 50mg - 30 Comprimidos - Aché,Antidepressivos,113.96,2025-08-26,Tuesday  ,26,8,3,2025
168.27,1,163,19:31:30.225994,Maria Laura Mendonça,Passarela Stella Santos,Cidade Jardim Taquaril,Pinto dos Dourados,MT,Pomada para Assaduras Mió 500ml,Vacinas,168.27,2025-07-12,Saturday ,12,7,3,2025
630.5699999999999,3,861,18:28:16.639637,Bernardo Aragão,Morro Farias,Braúnas,Silveira das Flores,PE,Dipirona Sódica Pomada 30g - Bayer,Antidepressivos,210.19,2025-09-21,Sunday   ,21,9,3,2025
394.52,2,2448,11:27:24.265321,José Miguel Oliveira,Praça Josué Macedo,Jardim Guanabara,Cassiano,SE,Paracetamol Suspensão Oral 50ml - Bayer,Vitaminas e Suplementos,197.26,2024-10-20,Sunday   ,20,10,4,2024
861.8,4,2208,21:25:15.32932,José Miguel Oliveira,Praça Josué Macedo,Jardim Guanabara,Cassiano,SE,Vacina contra Gota - Dose Única,Antidepressivos,215.45,2026-01-03,Saturday ,3,1,1,2026
520.4399999999999,3,245,18:42:09.37524,José Miguel Oliveira,Praça Josué Macedo,Jardim Guanabara,Cassiano,SE,Fralda Descartável Clear FPS 50,Antibióticos,173.48,2025-06-20,Friday   ,20,6,2,2025
352.76,2,1763,18:24:49.361512,José Miguel Oliveira,Praça Josué Macedo,Jardim Guanabara,Cassiano,SE,Shampoo Anticaspa Clear 90g,Antitérmicos,176.38,2026-06-12,Friday   ,12,6,2,2026
266.76,3,2696,21:02:58.404672,Maria Luísa Oliveira,Lagoa Lopes,Vila Oeste,Pereira,SP,Dipirona Sódica Gotas 20ml - Eurofarma,Produtos Ortopédicos,88.92,2025-01-10,Friday   ,10,1,1,2025
341.76,3,591,21:59:18.144849,Maria Luísa Oliveira,Lagoa Lopes,Vila Oeste,Pereira,SP,Hidroclorotiazida 500mg - 20 Comprimidos - Medley (Genérico),Saúde Bucal,113.92,2026-01-01,Thursday ,1,1,1,2026
454.35,5,230,23:17:56.306023,Maria Luísa Oliveira,Lagoa Lopes,Vila Oeste,Pereira,SP,Álcool em Gel 70% Pampers 50 Metros,Fraldas e Infantis,90.87,2024-11-24,Sunday   ,24,11,4,2024
46.48,2,2348,08:28:35.791554,Stephany Vargas,Jardim Manuella Andrade,Tupi B,Ramos,AC,Diclofenaco Suspensão Oral 50ml - Eurofarma,Higiene Pessoal,23.24,2026-07-30,Thursday ,30,7,3,2026
91.42,1,1797,06:03:09.32743,Stephany Vargas,Jardim Manuella Andrade,Tupi B,Ramos,AC,Losartana Potássica Pomada 30g - Bayer,Nutrição Infantil,91.42,2025-03-10,Monday   ,10,3,1,2025
224.2,4,1697,12:43:57.343078,Stephany Vargas,Jardim Manuella Andrade,Tupi B,Ramos,AC,Amoxicilina 1g - 10 Comprimidos - EMS (Genérico),Antidepressivos,56.05,2025-11-21,Friday   ,21,11,4,2025
162.15,5,282,12:07:58.858913,Stephany Vargas,Jardim Manuella Andrade,Tupi B,Ramos,AC,Losartana Potássica 25mg - 30 Comprimidos - EMS (Genérico),Nutrição Infantil,32.43,2026-04-02,Thursday ,2,4,2,2026
90.13,1,2384,05:27:53.20897,Stephany Vargas,Jardim Manuella Andrade,Tupi B,Ramos,AC,Desodorante Roll-on Sempre Livre 150ml,Vitaminas e Suplementos,90.13,2025-05-20,Tuesday  ,20,5,2,2025
22.26,2,2186,20:32:17.87837,Amanda Monteiro,Conjunto de Barros,Tupi B,Duarte,DF,Enalapril Suspensão Oral 50ml - Neo Química (Genérico),Cuidados com o Cabelo,11.13,2026-05-18,Monday   ,18,5,2,2026
681.66,3,2494,16:30:00.689327,Amanda Monteiro,Conjunto de Barros,Tupi B,Duarte,DF,Fluoxetina 500mg - 20 Comprimidos - Medley (Genérico),Dermocosméticos,227.22,2026-07-06,Monday   ,6,7,3,2026
253,4,570,23:45:29.355117,Amanda Monteiro,Conjunto de Barros,Tupi B,Duarte,DF,Curativos (Band-Aid) La Roche-Posay 400ml,Antibióticos,63.25,2026-03-31,Tuesday  ,31,3,1,2026
727.52,4,816,03:59:59.425649,Letícia Araújo,Conjunto Ana Julia Câmara,São Vicente,Aparecida,RS,Azitromicina Suspensão Oral 50ml - Neo Química (Genérico),Vacinas,181.88,2026-08-02,Sunday   ,2,8,3,2026
79.83,1,2813,17:08:25.264368,Letícia Araújo,Conjunto Ana Julia Câmara,São Vicente,Aparecida,RS,Protetor Solar Facial Bepantol 150ml,Vacinas,79.83,2026-07-27,Monday   ,27,7,3,2026
190.61,1,1019,09:38:59.566277,Lara Freitas,Loteamento Dante Mendes,Vila Da Amizade,Freitas,RO,Fluoxetina 25mg - 30 Comprimidos - Eurofarma,Fitoterápicos,190.61,2026-03-28,Saturday ,28,3,1,2026
335.04,3,1425,07:35:40.643293,Lara Freitas,Loteamento Dante Mendes,Vila Da Amizade,Freitas,RO,Hidroclorotiazida Xarope 120ml - EMS (Genérico),Antidepressivos,111.68,2025-05-03,Saturday ,3,5,2,2025
486.48,3,2001,12:19:21.333239,Dr. Lucas Gabriel Guerra,Favela Silva,Monte Azul,Albuquerque de Brito,GO,Tadalafila Suspensão Oral 50ml - Bayer,Homeopatia,162.16,2025-10-16,Thursday ,16,10,4,2025
129.73,1,1341,03:31:38.419106,Dr. Lucas Gabriel Guerra,Favela Silva,Monte Azul,Albuquerque de Brito,GO,Losartana Potássica 500mg - 20 Comprimidos - Eurofarma,Primeiros Socorros,129.73,2024-12-06,Friday   ,6,12,4,2024
401.95,5,2557,20:36:34.249774,Dr. Lucas Gabriel Guerra,Favela Silva,Monte Azul,Albuquerque de Brito,GO,Vacina contra Embolia - Reforço,Anti-inflamatórios,80.39,2025-08-10,Sunday   ,10,8,3,2025
349.54,2,2181,15:42:44.143649,Alana Peixoto,Vereda de Aragão,Glória,da Costa,PE,Losartana Potássica Suspensão Oral 50ml - Aché,Vitaminas e Suplementos,174.77,2025-01-08,Wednesday,8,1,1,2025
60.91,1,857,15:31:17.502726,Alana Peixoto,Vereda de Aragão,Glória,da Costa,PE,Azitromicina 1g - 10 Comprimidos - EMS (Genérico),Dermocosméticos,60.91,2025-09-24,Wednesday,24,9,3,2025
213.16,2,902,09:45:38.677115,Alana Peixoto,Vereda de Aragão,Glória,da Costa,PE,Água Micelar Colgate 50g,Fitoterápicos,106.58,2024-12-12,Thursday ,12,12,4,2024
680.91,3,1680,18:06:17.231381,Henry Gabriel da Rosa,Lagoa Caldeira,Zilah Sposito,Carvalho,DF,Fluoxetina 50mg - 30 Comprimidos - EMS (Genérico),Vitaminas e Suplementos,226.97,2025-02-06,Thursday ,6,2,1,2025
824.25,5,1773,10:45:59.952569,Henry Gabriel da Rosa,Lagoa Caldeira,Zilah Sposito,Carvalho,DF,Escitalopram 500mg - 20 Comprimidos - Bayer,Produtos Ortopédicos,164.85,2025-05-27,Tuesday  ,27,5,2,2025
169.59,3,1361,19:40:33.555957,Henry Gabriel da Rosa,Lagoa Caldeira,Zilah Sposito,Carvalho,DF,Enxaguante Bucal CeraVe 50g,Cuidados com o Cabelo,56.53,2026-03-07,Saturday ,7,3,1,2026
943.2,4,2733,20:02:37.57262,Cecilia Barbosa,Distrito de Nascimento,Paquetá,Moraes,DF,Diclofenaco 500mg - 20 Comprimidos - Eurofarma,Antibióticos,235.8,2025-04-24,Thursday ,24,4,2,2025
729.1500000000001,5,59,03:49:44.926539,Cecilia Barbosa,Distrito de Nascimento,Paquetá,Moraes,DF,Enxaguante Bucal Nivea 90g,Antibióticos,145.83,2025-07-22,Tuesday  ,22,7,3,2025
953.0500000000001,5,1547,01:54:29.189049,Otto Guerra,Distrito Machado,Minaslandia,Sousa,TO,Fluoxetina 25mg - 30 Comprimidos - Eurofarma,Fitoterápicos,190.61,2025-08-15,Friday   ,15,8,3,2025
87.64,1,1452,17:15:12.363725,Otto Guerra,Distrito Machado,Minaslandia,Sousa,TO,Loratadina 25mg - 30 Comprimidos - Eurofarma,Nutrição Infantil,87.64,2026-08-02,Sunday   ,2,8,3,2026
361.15000000000003,5,2829,19:59:44.861106,Otto Guerra,Distrito Machado,Minaslandia,Sousa,TO,Dipirona Sódica Gotas 20ml - Bayer,Antitérmicos,72.23,2025-05-21,Wednesday,21,5,2,2025
270.48,4,1986,18:13:27.224348,Otto Guerra,Distrito Machado,Minaslandia,Sousa,TO,Vacina contra Osteoporose - Dose Única,Nutrição Infantil,67.62,2024-12-13,Friday   ,13,12,4,2024
438.2,5,2771,11:09:17.80786,Valentim Moreira,Parque Heitor Leão,Virgínia,Cavalcante,RR,Loratadina 25mg - 30 Comprimidos - Eurofarma,Nutrição Infantil,87.64,2024-10-11,Friday   ,11,10,4,2024
490.44,2,1460,05:40:50.242352,Valentim Moreira,Parque Heitor Leão,Virgínia,Cavalcante,RR,Sertralina 50mg - 30 Comprimidos - Bayer,Antibióticos,245.22,2025-07-25,Friday   ,25,7,3,2025
44.64,3,2933,08:35:39.425912,Thales Santos,Colônia Clarice Costa,Nova America,Ferreira de Sampaio,PB,Clonazepam Suspensão Oral 50ml - EMS (Genérico),Saúde Bucal,14.88,2026-02-08,Sunday   ,8,2,1,2026
144.48,1,1482,05:10:35.270092,Isabel Câmara,Esplanada Almeida,Jardim Felicidade,Macedo de Costa,RJ,Hidroclorotiazida 500mg - 20 Comprimidos - Aché,Antidepressivos,144.48,2026-03-05,Thursday ,5,3,1,2026
1122.95,5,387,06:23:12.924336,Isabel Câmara,Esplanada Almeida,Jardim Felicidade,Macedo de Costa,RJ,Vacina contra Desnutrição - Dose Única,Homeopatia,224.59,2024-12-09,Monday   ,9,12,4,2024
534.84,4,2671,08:53:49.382255,Lavínia Sousa,Praia Cavalcanti,Cruzeiro,Nogueira,PA,Sildenafila 1g - 10 Comprimidos - Neo Química (Genérico),Anti-inflamatórios,133.71,2025-09-22,Monday   ,22,9,3,2025
327.2,2,1450,10:14:03.618638,Lavínia Sousa,Praia Cavalcanti,Cruzeiro,Nogueira,PA,Enalapril Suspensão Oral 50ml - Aché,Vitaminas e Suplementos,163.6,2025-09-30,Tuesday  ,30,9,3,2025
682.28,4,994,01:03:18.636729,Lavínia Sousa,Praia Cavalcanti,Cruzeiro,Nogueira,PA,Amoxicilina Suspensão Oral 50ml - Eurofarma,Vacinas,170.57,2025-12-26,Friday   ,26,12,4,2025
112.04,4,1589,11:48:19.797036,Lavínia Sousa,Praia Cavalcanti,Cruzeiro,Nogueira,PA,Vacina contra Hepatite C - Dose Única,Cuidados com o Cabelo,28.01,2025-01-09,Thursday ,9,1,1,2025
927.36,4,2768,08:52:24.622982,Lavínia Sousa,Praia Cavalcanti,Cruzeiro,Nogueira,PA,Vacina contra Linfoma - Reforço,Nutrição Infantil,231.84,2025-04-12,Saturday ,12,4,2,2025
65.26,1,907,19:41:12.037828,Kevin Nunes,Parque Lunna Borges,Vila Madre Gertrudes 1ª Seção,Barbosa,DF,Hidroclorotiazida 1g - 10 Comprimidos - Medley (Genérico),Saúde Bucal,65.26,2025-07-01,Tuesday  ,1,7,3,2025
734.32,4,1550,11:25:00.207044,Kevin Nunes,Parque Lunna Borges,Vila Madre Gertrudes 1ª Seção,Barbosa,DF,Protetor Solar Corporal Rexona 150ml,Antibióticos,183.58,2025-02-20,Thursday ,20,2,1,2025
489.41999999999996,3,785,00:06:22.496095,Kevin Nunes,Parque Lunna Borges,Vila Madre Gertrudes 1ª Seção,Barbosa,DF,Creme Dental Clear 50g,Antidepressivos,163.14,2026-03-12,Thursday ,12,3,1,2026
130.28,4,2525,18:07:10.92812,Daniela Freitas,Alameda de Peixoto,Novo Santa Cecilia,Viana,TO,Paracetamol 500mg - 20 Comprimidos - Eurofarma,Fitoterápicos,32.57,2026-05-20,Wednesday,20,5,2,2026
967.92,4,75,06:05:20.366489,Daniela Freitas,Alameda de Peixoto,Novo Santa Cecilia,Viana,TO,Escitalopram Suspensão Oral 50ml - Eurofarma,Vitaminas e Suplementos,241.98,2025-09-16,Tuesday  ,16,9,3,2025
236.81,1,947,17:33:32.191149,Bruna Sales,Lagoa de Cavalcante,Novo Tupi,Cavalcanti,AL,Atenolol Xarope 120ml - EMS (Genérico),Analgésicos,236.81,2025-05-28,Wednesday,28,5,2,2025
263.01,3,771,03:06:40.132544,Bruna Sales,Lagoa de Cavalcante,Novo Tupi,Cavalcanti,AL,Vacina contra Colesterol Alto - Dose Única,Higiene Pessoal,87.67,2026-08-19,Wednesday,19,8,3,2026
224.1,1,161,01:57:59.692811,Bruna Sales,Lagoa de Cavalcante,Novo Tupi,Cavalcanti,AL,Água Micelar Needs FPS 50,Genéricos,224.1,2026-02-17,Tuesday  ,17,2,1,2026
547.11,3,2280,10:45:35.43543,Bruna Sales,Lagoa de Cavalcante,Novo Tupi,Cavalcanti,AL,Protetor Solar Corporal Bepantol FPS 70,Homeopatia,182.37,2025-02-10,Monday   ,10,2,1,2025
309.88,4,2118,13:30:41.291617,Bruna Sales,Lagoa de Cavalcante,Novo Tupi,Cavalcanti,AL,Curativos (Band-Aid) Huggies 150ml,Vitaminas e Suplementos,77.47,2026-04-09,Thursday ,9,4,2,2026
252.5,5,2304,18:22:53.903006,Leonardo Cardoso,Feira de Câmara,Pirineus,Viana,TO,Metformina Pomada 30g - Aché,Fraldas e Infantis,50.5,2026-01-07,Wednesday,7,1,1,2026
33.17,1,2135,20:56:26.6784,Leonardo Cardoso,Feira de Câmara,Pirineus,Viana,TO,Paracetamol Pomada 30g - Bayer,Anti-inflamatórios,33.17,2025-08-04,Monday   ,4,8,3,2025
1184.75,5,1031,12:07:38.908521,Leonardo Cardoso,Feira de Câmara,Pirineus,Viana,TO,Metformina Pomada 30g - Medley (Genérico),Saúde Bucal,236.95,2025-11-16,Sunday   ,16,11,4,2025
453.1,5,109,04:02:38.854858,Maya Cirino,Avenida de Fogaça,Vila Maria,Nunes do Sul,MA,Amoxicilina Suspensão Oral 50ml - EMS (Genérico),Vacinas,90.62,2025-06-07,Saturday ,7,6,2,2025
983.16,4,2631,02:56:40.153374,Maya Cirino,Avenida de Fogaça,Vila Maria,Nunes do Sul,MA,Diclofenaco 500mg - 20 Comprimidos - Neo Química (Genérico),Antidepressivos,245.79,2025-07-22,Tuesday  ,22,7,3,2025
12.56,2,1744,17:18:52.633555,Maya Cirino,Avenida de Fogaça,Vila Maria,Nunes do Sul,MA,Omeprazol Gotas 20ml - Bayer,Antidepressivos,6.28,2026-09-01,Tuesday  ,1,9,3,2026
6.28,1,2875,14:35:35.244879,Gustavo Barbosa,Estrada Benício Gomes,Conjunto Califórnia Ii,Pacheco de Novaes,PR,Sinvastatina 1g - 10 Comprimidos - Eurofarma,Antidepressivos,6.28,2025-06-09,Monday   ,9,6,2,2025
463.68,2,2799,13:35:00.319071,Gustavo Barbosa,Estrada Benício Gomes,Conjunto Califórnia Ii,Pacheco de Novaes,PR,Vacina contra Linfoma - Reforço,Nutrição Infantil,231.84,2025-04-05,Saturday ,5,4,2,2025
27.32,1,801,01:32:01.41107,Gustavo Barbosa,Estrada Benício Gomes,Conjunto Califórnia Ii,Pacheco de Novaes,PR,Sabonete Líquido Vichy 500ml,Antitérmicos,27.32,2025-09-21,Sunday   ,21,9,3,2025
38.38,2,554,06:24:28.454288,Sra. Yasmin Fogaça,Sítio Vasconcelos,Jardim Atlântico,Sousa,TO,Nimesulida 1g - 10 Comprimidos - Eurofarma,Produtos Ortopédicos,19.19,2026-05-03,Sunday   ,3,5,2,2026
720.48,4,1654,02:46:48.855886,Sra. Yasmin Fogaça,Sítio Vasconcelos,Jardim Atlântico,Sousa,TO,Vacina contra Linfoma - Dose Única,Vitaminas e Suplementos,180.12,2026-01-24,Saturday ,24,1,1,2026
1188.15,5,2522,12:29:50.893575,Sra. Yasmin Fogaça,Sítio Vasconcelos,Jardim Atlântico,Sousa,TO,Vacina contra Arritmia - Reforço,Analgésicos,237.63,2024-10-23,Wednesday,23,10,4,2024
113.08,4,2748,21:16:30.547828,Sra. Yasmin Fogaça,Sítio Vasconcelos,Jardim Atlântico,Sousa,TO,Soro Fisiológico Bepantol Tamanho M (40 un),Analgésicos,28.27,2025-01-27,Monday   ,27,1,1,2025
484.68,3,1299,07:04:13.879464,Vitor Barbosa,Passarela Maria Fernanda da Cunha,Minaslandia,Barros de Fernandes,RR,Soro Fisiológico Nivea 50 Metros,Homeopatia,161.56,2025-05-12,Monday   ,12,5,2,2025
399.6,5,1469,22:32:09.242991,Srta. Alícia Campos,Residencial Luana Sampaio,Nova Suíça,da Conceição,DF,Desodorante Aerosol Rexona FPS 70,Genéricos,79.92,2025-09-10,Wednesday,10,9,3,2025
105.33,3,2329,07:41:00.49557,Bianca Farias,Alameda Maria Isis da Paz,Pousada Santo Antonio,Pereira do Oeste,MS,Omeprazol 50mg - 30 Comprimidos - EMS (Genérico),Fitoterápicos,35.11,2024-09-15,Sunday   ,15,9,3,2024
232.41,3,2523,07:27:05.044983,Bianca Farias,Alameda Maria Isis da Paz,Pousada Santo Antonio,Pereira do Oeste,MS,Curativos (Band-Aid) Huggies 150ml,Vitaminas e Suplementos,77.47,2025-12-14,Sunday   ,14,12,4,2025
902.5,5,3000,23:52:56.245241,Emilly Costela,Passarela Monteiro,Conjunto Califórnia I,Siqueira do Norte,RO,Enalapril 50mg - 30 Comprimidos - Eurofarma,Analgésicos,180.5,2024-09-19,Thursday ,19,9,3,2024
269.98,2,1542,13:45:22.254151,Emilly Costela,Passarela Monteiro,Conjunto Califórnia I,Siqueira do Norte,RO,Loratadina 25mg - 30 Comprimidos - Aché,Analgésicos,134.99,2025-06-17,Tuesday  ,17,6,2,2025
228.26,1,2202,14:11:04.778911,Hellena Viana,Fazenda de Ferreira,Santa Tereza,Jesus,ES,Curativos (Band-Aid) Pampers 400ml,Aparelhos Médicos,228.26,2025-12-14,Sunday   ,14,12,4,2025
352.32,3,1833,11:35:01.706878,Hellena Viana,Fazenda de Ferreira,Santa Tereza,Jesus,ES,Sabonete em Barra Colgate Tamanho G (32 un),Fraldas e Infantis,117.44,2026-03-02,Monday   ,2,3,1,2026
132.03,3,2879,13:50:51.376043,Amanda Marques,Ladeira Porto,João Pinheiro,Marques Alegre,AL,Sertralina Gotas 20ml - Aché,Dermocosméticos,44.01,2025-05-06,Tuesday  ,6,5,2,2025
565.05,3,2648,04:21:55.082569,Amanda Marques,Ladeira Porto,João Pinheiro,Marques Alegre,AL,Omeprazol 500mg - 20 Comprimidos - EMS (Genérico),Vitaminas e Suplementos,188.35,2025-03-13,Thursday ,13,3,1,2025
46.94,1,1079,11:34:47.413538,Amanda Marques,Ladeira Porto,João Pinheiro,Marques Alegre,AL,Dipirona Sódica 50mg - 30 Comprimidos - EMS (Genérico),Saúde Bucal,46.94,2025-01-14,Tuesday  ,14,1,1,2025
108.05,1,1307,00:12:21.104327,Amanda Marques,Ladeira Porto,João Pinheiro,Marques Alegre,AL,Condicionador Hidratação G-Tech FPS 50,Produtos Ortopédicos,108.05,2024-10-22,Tuesday  ,22,10,4,2024
157.17000000000002,3,436,07:31:26.846413,Amanda Marques,Ladeira Porto,João Pinheiro,Marques Alegre,AL,Condicionador Hidratação Dove 90g,Antitérmicos,52.39,2025-01-28,Tuesday  ,28,1,1,2025
251.4,5,1771,10:35:49.570784,Murilo Cassiano,Esplanada Luísa Melo,Parque São Pedro,Castro,CE,Metformina Gotas 20ml - Bayer,Saúde Bucal,50.28,2025-07-12,Saturday ,12,7,3,2025
9.51,1,1549,04:04:08.399976,Murilo Cassiano,Esplanada Luísa Melo,Parque São Pedro,Castro,CE,Dipirona Sódica Gotas 20ml - EMS (Genérico),Aparelhos Médicos,9.51,2025-03-21,Friday   ,21,3,1,2025
219.31,1,110,23:24:55.862562,Murilo Cassiano,Esplanada Luísa Melo,Parque São Pedro,Castro,CE,Fio Dental Listerine Tamanho M (40 un),Cuidados com o Cabelo,219.31,2024-09-29,Sunday   ,29,9,3,2024
675.42,3,1555,00:42:06.706875,Murilo Cassiano,Esplanada Luísa Melo,Parque São Pedro,Castro,CE,Creme Hidratante Rexona 50 Metros,Saúde Bucal,225.14,2026-06-24,Wednesday,24,6,2,2026
725.9399999999999,3,305,16:18:49.918058,Letícia Fernandes,Trecho Rael Mendes,Custodinha,Rocha,PR,Escitalopram Suspensão Oral 50ml - Eurofarma,Vitaminas e Suplementos,241.98,2025-10-23,Thursday ,23,10,4,2025
79.13,1,2292,10:17:42.904376,Letícia Fernandes,Trecho Rael Mendes,Custodinha,Rocha,PR,Álcool em Gel 70% Vichy 150ml,Saúde Bucal,79.13,2025-07-30,Wednesday,30,7,3,2025
27.4,4,2744,14:23:55.732813,Dr. Benicio Ramos,Pátio de Cavalcante,Vitoria Da Conquista,Farias da Prata,RN,Omeprazol 50mg - 30 Comprimidos - Bayer,Vitaminas e Suplementos,6.85,2026-05-12,Tuesday  ,12,5,2,2026
233.36,4,548,16:25:13.007275,Dr. Benicio Ramos,Pátio de Cavalcante,Vitoria Da Conquista,Farias da Prata,RN,Tadalafila 25mg - 30 Comprimidos - EMS (Genérico),Dermocosméticos,58.34,2026-03-22,Sunday   ,22,3,1,2026
933.68,4,1337,05:32:12.023451,Dr. Benicio Ramos,Pátio de Cavalcante,Vitoria Da Conquista,Farias da Prata,RN,Fralda Descartável G-Tech 200ml,Fitoterápicos,233.42,2025-10-16,Thursday ,16,10,4,2025
12.56,2,662,06:32:07.185702,Daniela Pires,Largo Mateus Garcia,Ermelinda,Ferreira do Amparo,AC,Omeprazol Gotas 20ml - Bayer,Antidepressivos,6.28,2025-11-20,Thursday ,20,11,4,2025
477.06,2,2620,05:33:55.79825,Daniela Pires,Largo Mateus Garcia,Ermelinda,Ferreira do Amparo,AC,Condicionador Hidratação Needs Tamanho M (40 un),Genéricos,238.53,2025-10-02,Thursday ,2,10,4,2025
45.949999999999996,5,2706,06:27:54.177825,João Gabriel Guerra,Jardim Isaac Fonseca,Jardim Montanhês,da Costa de Melo,AL,Pantoprazol Gotas 20ml - Medley (Genérico),Fitoterápicos,9.19,2025-12-28,Sunday   ,28,12,4,2025
178.68,3,1915,00:33:41.038373,João Gabriel Guerra,Jardim Isaac Fonseca,Jardim Montanhês,da Costa de Melo,AL,Vacina contra Câncer de Próstata - Dose Única,Dermocosméticos,59.56,2024-11-25,Monday   ,25,11,4,2024
489.41999999999996,3,23,09:07:33.940922,Sarah Castro,Viaduto Vitor Hugo Fogaça,Corumbiara,Nogueira,PA,Creme Dental Clear 50g,Antidepressivos,163.14,2026-02-20,Friday   ,20,2,1,2026
33.56,1,1627,21:18:54.251854,Sarah Castro,Viaduto Vitor Hugo Fogaça,Corumbiara,Nogueira,PA,Desodorante Roll-on Colgate 90g,Higiene Pessoal,33.56,2026-01-10,Saturday ,10,1,1,2026
140.52,4,2989,04:55:50.183691,Paulo Duarte,Loteamento da Mota,Pindura Saia,Sousa,CE,Dipirona Sódica Xarope 120ml - EMS (Genérico),Aparelhos Médicos,35.13,2025-07-21,Monday   ,21,7,3,2025
122.89,1,268,20:21:41.97167,Paulo Duarte,Loteamento da Mota,Pindura Saia,Sousa,CE,Paracetamol 50mg - 30 Comprimidos - Medley (Genérico),Nutrição Infantil,122.89,2025-09-20,Saturday ,20,9,3,2025
270.48,4,944,12:51:22.328574,Paulo Duarte,Loteamento da Mota,Pindura Saia,Sousa,CE,Vacina contra Osteoporose - Dose Única,Nutrição Infantil,67.62,2026-02-18,Wednesday,18,2,1,2026
1018.7,5,2809,17:47:18.545884,Paulo Duarte,Loteamento da Mota,Pindura Saia,Sousa,CE,Leite em Pó Infantil Rexona 150ml,Analgésicos,203.74,2025-09-27,Saturday ,27,9,3,2025
235.8,4,1770,10:36:46.776589,Laís da Rocha,Viela de Araújo,Confisco,Fernandes do Norte,RO,Diclofenaco Suspensão Oral 50ml - EMS (Genérico),Higiene Pessoal,58.95,2025-03-05,Wednesday,5,3,1,2025
381.52,2,699,21:17:45.37596,Laís da Rocha,Viela de Araújo,Confisco,Fernandes do Norte,RO,Vacina contra Melanoma - Reforço,Antialérgicos,190.76,2025-04-29,Tuesday  ,29,4,2,2025
200.71,1,1571,09:34:43.871584,Melissa Araújo,Estação Andrade,Alta Tensão 2ª Seção,Machado,PB,Clonazepam 1g - 10 Comprimidos - Neo Química (Genérico),Analgésicos,200.71,2025-06-17,Tuesday  ,17,6,2,2025
341.70000000000005,3,425,23:50:22.785625,Eduardo Cassiano,Vereda de Vasconcelos,Bonfim,da Rocha Alegre,RJ,Shampoo Anticaspa Johnson's FPS 70,Dermocosméticos,113.9,2026-04-21,Tuesday  ,21,4,2,2026
598.92,4,37,21:27:33.147863,Eduardo Cassiano,Vereda de Vasconcelos,Bonfim,da Rocha Alegre,RJ,Condicionador Hidratação Vichy FPS 50,Saúde Bucal,149.73,2025-05-11,Sunday   ,11,5,2,2025
137.78,2,2495,17:09:09.971277,Maria Julia da Costa,Fazenda Clara Pinto,Juliana,Rios,ES,Nimesulida 1g - 10 Comprimidos - Aché,Vacinas,68.89,2024-10-28,Monday   ,28,10,4,2024
177.08,4,2390,12:10:28.92858,Dra. Manuela da Mota,Lago de Casa Grande,Conjunto Taquaril,Barros de Fernandes,RR,Enalapril 1g - 10 Comprimidos - Aché,Homeopatia,44.27,2026-02-16,Monday   ,16,2,1,2026
557.5500000000001,5,2550,04:11:18.852224,Dra. Manuela da Mota,Lago de Casa Grande,Conjunto Taquaril,Barros de Fernandes,RR,Vacina contra Insuficiência Renal - Reforço,Fitoterápicos,111.51,2025-12-05,Friday   ,5,12,4,2025
401.13,3,2655,10:40:35.24532,Léo Silveira,Alameda de Carvalho,Jardim Atlântico,Rocha,PR,Sildenafila 1g - 10 Comprimidos - Neo Química (Genérico),Anti-inflamatórios,133.71,2025-09-19,Friday   ,19,9,3,2025
391.08000000000004,3,1269,17:04:03.207859,Léo Silveira,Alameda de Carvalho,Jardim Atlântico,Rocha,PR,Loratadina Suspensão Oral 50ml - Neo Química (Genérico),Analgésicos,130.36,2025-08-13,Wednesday,13,8,3,2025
357.94,2,337,20:03:22.025081,Dr. Arthur Miguel Machado,Aeroporto de Pacheco,Santa Monica,Montenegro,SC,Losartana Potássica 500mg - 20 Comprimidos - Neo Química (Genérico),Aparelhos Médicos,178.97,2026-04-03,Friday   ,3,4,2,2026
240.58,1,1324,05:56:10.441764,Luiz Felipe Albuquerque,Ladeira da Paz,Minas Caixa,Rios do Oeste,AP,Vacina contra Asma - Dose Única,Higiene Pessoal,240.58,2026-06-02,Tuesday  ,2,6,2,2026
719.35,5,1084,10:46:13.184875,Luiz Felipe Albuquerque,Ladeira da Paz,Minas Caixa,Rios do Oeste,AP,Creme Hidratante Dove 400ml,Higiene Pessoal,143.87,2025-11-21,Friday   ,21,11,4,2025
351.6,2,706,20:10:57.01882,Alana Sales,Vila de Leão,Palmares,Sampaio das Flores,CE,Sertralina Suspensão Oral 50ml - Bayer,Antibióticos,175.8,2025-08-28,Thursday ,28,8,3,2025
438.2,5,1138,17:23:09.041795,Alana Sales,Vila de Leão,Palmares,Sampaio das Flores,CE,Loratadina 25mg - 30 Comprimidos - Eurofarma,Nutrição Infantil,87.64,2025-10-09,Thursday ,9,10,4,2025
789.04,4,1456,13:13:01.23818,Alana Sales,Vila de Leão,Palmares,Sampaio das Flores,CE,Paracetamol Suspensão Oral 50ml - Bayer,Vitaminas e Suplementos,197.26,2026-03-13,Friday   ,13,3,1,2026
84.64,2,789,06:59:06.454447,Alana Sales,Vila de Leão,Palmares,Sampaio das Flores,CE,Metformina Suspensão Oral 50ml - Eurofarma,Cuidados com o Cabelo,42.32,2025-03-06,Thursday ,6,3,1,2025
609.6899999999999,3,2499,19:00:46.143376,Alana Sales,Vila de Leão,Palmares,Sampaio das Flores,CE,Enxaguante Bucal Clear FPS 70,Saúde Bucal,203.23,2026-04-13,Monday   ,13,4,2,2026
223.82,1,2761,06:50:47.109605,Alana Sales,Vila de Leão,Palmares,Sampaio das Flores,CE,Vacina contra Chikungunya - Dose Única,Vacinas,223.82,2025-03-28,Friday   ,28,3,1,2025
171.89999999999998,3,1810,06:36:30.1922,Dra. Isabel Gomes,Lago de Dias,Céu Azul,Aragão da Serra,MT,Pantoprazol Gotas 20ml - Eurofarma,Primeiros Socorros,57.3,2024-12-18,Wednesday,18,12,4,2024
259.78,2,2717,23:20:23.89518,Dra. Isabel Gomes,Lago de Dias,Céu Azul,Aragão da Serra,MT,Pomada para Assaduras G-Tech Tamanho M (40 un),Genéricos,129.89,2026-08-14,Friday   ,14,8,3,2026
291.70000000000005,5,839,12:25:38.889339,Isaque Gonçalves,Praça Yuri Aragão,Ipiranga,Duarte,DF,Tadalafila 25mg - 30 Comprimidos - EMS (Genérico),Dermocosméticos,58.34,2025-11-22,Saturday ,22,11,4,2025
344.45,5,2940,02:13:59.929097,Isaque Gonçalves,Praça Yuri Aragão,Ipiranga,Duarte,DF,Nimesulida 1g - 10 Comprimidos - Aché,Vacinas,68.89,2025-02-01,Saturday ,1,2,1,2025
332.82,2,1663,18:19:18.540664,Isaque Gonçalves,Praça Yuri Aragão,Ipiranga,Duarte,DF,Pomada para Assaduras Rexona 400ml,Nutrição Infantil,166.41,2026-08-29,Saturday ,29,8,3,2026
105.24,2,1472,08:55:25.174543,Cecilia da Conceição,Praia de Teixeira,Flamengo,Viana,TO,Amoxicilina 500mg - 20 Comprimidos - Eurofarma,Dermocosméticos,52.62,2025-02-03,Monday   ,3,2,1,2025
704.0999999999999,3,1100,02:04:34.255265,Cecilia da Conceição,Praia de Teixeira,Flamengo,Viana,TO,Omeprazol Pomada 30g - Neo Química (Genérico),Primeiros Socorros,234.7,2026-09-03,Thursday ,3,9,3,2026
89.02,1,2636,22:30:14.275171,Cecilia da Conceição,Praia de Teixeira,Flamengo,Viana,TO,Lenço Umedecido Aptamil FPS 50,Dermocosméticos,89.02,2024-11-30,Saturday ,30,11,4,2024
181.88,1,1721,01:20:29.810024,Maria Cecília Casa Grande,Loteamento Marques,Santa Terezinha,Machado,PE,Azitromicina Suspensão Oral 50ml - Neo Química (Genérico),Vacinas,181.88,2026-02-02,Monday   ,2,2,1,2026
28.01,1,2521,09:16:39.923995,Maria Cecília Casa Grande,Loteamento Marques,Santa Terezinha,Machado,PE,Vacina contra Hepatite C - Dose Única,Cuidados com o Cabelo,28.01,2025-06-11,Wednesday,11,6,2,2025
73.74,3,723,08:29:02.069081,Maria Cecília Casa Grande,Loteamento Marques,Santa Terezinha,Machado,PE,Protetor Solar Facial G-Tech Tamanho M (40 un),Cuidados com o Cabelo,24.58,2024-09-17,Tuesday  ,17,9,3,2024
399.56,2,2277,05:38:13.469651,Cecilia Guerra,Fazenda de da Paz,Candelaria,Lopes de Goiás,SE,Loratadina Xarope 120ml - EMS (Genérico),Homeopatia,199.78,2025-01-23,Thursday ,23,1,1,2025
928.56,4,2382,11:09:49.204716,Cecilia Guerra,Fazenda de da Paz,Candelaria,Lopes de Goiás,SE,Creme Hidratante G-Tech 400ml,Primeiros Socorros,232.14,2026-09-05,Saturday ,5,9,3,2026
675.42,3,1023,03:25:04.576541,Cecilia Guerra,Fazenda de da Paz,Candelaria,Lopes de Goiás,SE,Creme Hidratante Rexona 50 Metros,Saúde Bucal,225.14,2025-12-20,Saturday ,20,12,4,2025
181.88,1,1185,10:24:47.249475,Allana Machado,Viaduto de Vieira,Jardim Do Vale,Borges,PA,Azitromicina Suspensão Oral 50ml - Neo Química (Genérico),Vacinas,181.88,2026-02-10,Tuesday  ,10,2,1,2026
707.55,5,1675,10:29:10.427114,Fernando Pereira,Setor Santos,Novo São Lucas,Vargas,AL,Clonazepam Pomada 30g - Medley (Genérico),Homeopatia,141.51,2025-06-27,Friday   ,27,6,2,2025
816.15,5,1483,10:17:59.188309,Fernando Pereira,Setor Santos,Novo São Lucas,Vargas,AL,Paracetamol 25mg - 30 Comprimidos - Medley (Genérico),Aparelhos Médicos,163.23,2025-11-02,Sunday   ,2,11,4,2025
742.5600000000001,3,1705,15:39:28.275244,Fernando Pereira,Setor Santos,Novo São Lucas,Vargas,AL,Metformina Pomada 30g - EMS (Genérico),Produtos Ortopédicos,247.52,2025-10-14,Tuesday  ,14,10,4,2025
236.88,4,16,13:31:42.546268,Fernando Pereira,Setor Santos,Novo São Lucas,Vargas,AL,Vacina contra Dengue - Reforço,Analgésicos,59.22,2024-11-21,Thursday ,21,11,4,2024
176.85000000000002,3,2822,20:37:25.415506,Benjamin Nascimento,Chácara Moraes,Olaria,Rocha,RS,Diclofenaco Suspensão Oral 50ml - EMS (Genérico),Higiene Pessoal,58.95,2024-11-25,Monday   ,25,11,4,2024
710.8499999999999,3,276,16:36:27.866604,Benjamin Nascimento,Chácara Moraes,Olaria,Rocha,RS,Metformina Pomada 30g - Medley (Genérico),Saúde Bucal,236.95,2025-03-31,Monday   ,31,3,1,2025
301.84999999999997,5,1368,10:24:30.887217,Benjamin Nascimento,Chácara Moraes,Olaria,Rocha,RS,Hidroclorotiazida Xarope 120ml - Bayer,Cuidados com o Cabelo,60.37,2025-12-16,Tuesday  ,16,12,4,2025
520.2,5,308,04:42:02.364989,Benjamin Nascimento,Chácara Moraes,Olaria,Rocha,RS,Vacina contra Gripe - Dose Única,Dermocosméticos,104.04,2024-12-02,Monday   ,2,12,4,2024
251.12,2,2672,09:25:35.593396,Isabelly Farias,Parque da Luz,Cidade Nova,Montenegro da Praia,PA,Metformina 25mg - 30 Comprimidos - Aché,Fraldas e Infantis,125.56,2025-11-15,Saturday ,15,11,4,2025
290.85,5,72,11:42:51.850501,Isabelly Farias,Parque da Luz,Cidade Nova,Montenegro da Praia,PA,Protetor Solar Corporal Bepantol 50 Metros,Vitaminas e Suplementos,58.17,2025-04-26,Saturday ,26,4,2,2025
67.56,2,899,09:26:07.362849,Ana Liz Casa Grande,Lago Brenda Farias,Vila Copacabana,Gonçalves das Pedras,PR,Losartana Potássica Suspensão Oral 50ml - Medley (Genérico),Cuidados com o Cabelo,33.78,2025-02-16,Sunday   ,16,2,1,2025
185.04,4,2847,09:44:13.125507,Ana Liz Casa Grande,Lago Brenda Farias,Vila Copacabana,Gonçalves das Pedras,PR,Vacina contra Parkinson - Dose Única,Fraldas e Infantis,46.26,2024-12-03,Tuesday  ,3,12,4,2024
292.22,2,891,12:32:51.953872,Ana Liz Casa Grande,Lago Brenda Farias,Vila Copacabana,Gonçalves das Pedras,PR,Lenço Umedecido Colgate 50g,Homeopatia,146.11,2024-12-22,Sunday   ,22,12,4,2024
414.14,2,1671,23:38:04.375557,Bianca Andrade,Lago de Martins,Lajedo,Carvalho,MT,Hidroclorotiazida Xarope 120ml - Neo Química (Genérico),Antitérmicos,207.07,2026-01-28,Wednesday,28,1,1,2026
140.05,5,259,23:56:55.821508,Bianca Andrade,Lago de Martins,Lajedo,Carvalho,MT,Vacina contra Hepatite C - Dose Única,Cuidados com o Cabelo,28.01,2026-08-18,Tuesday  ,18,8,3,2026
224.2,4,275,03:42:39.003647,Srta. Maria Luísa Barros,Jardim de Dias,Estrela,Barros,SC,Amoxicilina 1g - 10 Comprimidos - EMS (Genérico),Antidepressivos,56.05,2025-09-07,Sunday   ,7,9,3,2025
323.24,2,1073,18:56:53.800666,Dra. Alícia Andrade,Via Albuquerque,Minaslandia,da Paz das Flores,PR,Atenolol Xarope 120ml - Aché,Fraldas e Infantis,161.62,2025-03-08,Saturday ,8,3,1,2025
105.39000000000001,3,2463,21:27:50.551459,Dra. Alícia Andrade,Via Albuquerque,Minaslandia,da Paz das Flores,PR,Dipirona Sódica Xarope 120ml - EMS (Genérico),Aparelhos Médicos,35.13,2025-01-03,Friday   ,3,1,1,2025
115.27,1,1724,15:44:42.396188,Dra. Alícia Andrade,Via Albuquerque,Minaslandia,da Paz das Flores,PR,Escitalopram 50mg - 30 Comprimidos - Eurofarma,Cuidados com o Cabelo,115.27,2025-07-12,Saturday ,12,7,3,2025
917.9000000000001,5,1768,13:55:27.56409,Dra. Alícia Andrade,Via Albuquerque,Minaslandia,da Paz das Flores,PR,Protetor Solar Corporal Rexona 150ml,Antibióticos,183.58,2025-10-14,Tuesday  ,14,10,4,2025
414.14,2,1516,11:48:30.623923,Carlos Eduardo Mendonça,Praça de Peixoto,Belmonte,Siqueira do Campo,GO,Hidroclorotiazida Xarope 120ml - Neo Química (Genérico),Antitérmicos,207.07,2025-07-06,Sunday   ,6,7,3,2025
990.08,4,2492,14:07:56.217018,Carlos Eduardo Mendonça,Praça de Peixoto,Belmonte,Siqueira do Campo,GO,Metformina Pomada 30g - EMS (Genérico),Produtos Ortopédicos,247.52,2025-08-19,Tuesday  ,19,8,3,2025
836.08,4,1334,16:08:12.285586,Carlos Eduardo Mendonça,Praça de Peixoto,Belmonte,Siqueira do Campo,GO,Creme Hidratante Mió 90g,Nutrição Infantil,209.02,2024-12-14,Saturday ,14,12,4,2024
56.53,1,2603,20:57:06.84193,Carlos Eduardo Mendonça,Praça de Peixoto,Belmonte,Siqueira do Campo,GO,Enxaguante Bucal CeraVe 50g,Cuidados com o Cabelo,56.53,2026-07-01,Wednesday,1,7,3,2026
90.07,1,1905,15:36:57.840511,Ana Pereira,Ladeira Cauã Aragão,Boa União 2ª Seção,da Conceição,DF,Cefalexina Xarope 120ml - Aché,Produtos Ortopédicos,90.07,2025-01-17,Friday   ,17,1,1,2025
28.58,2,1851,05:49:43.407401,Ana Pereira,Ladeira Cauã Aragão,Boa União 2ª Seção,da Conceição,DF,Enalapril Pomada 30g - Eurofarma,Anti-inflamatórios,14.29,2025-07-06,Sunday   ,6,7,3,2025
382.14,3,450,20:13:45.879765,Ana Pereira,Ladeira Cauã Aragão,Boa União 2ª Seção,da Conceição,DF,Vacina contra Insônia - Reforço,Homeopatia,127.38,2026-04-08,Wednesday,8,4,2,2026
335.58,3,10,13:12:35.995677,Ana Pereira,Ladeira Cauã Aragão,Boa União 2ª Seção,da Conceição,DF,Sabonete em Barra Dove FPS 70,Antibióticos,111.86,2026-08-17,Monday   ,17,8,3,2026
324.05,5,2133,14:09:16.796771,Pedro Henrique Duarte,Rodovia de Freitas,Vila Da Luz,Guerra de Minas,DF,Vacina contra Hipotensão - Reforço,Antidepressivos,64.81,2026-01-13,Tuesday  ,13,1,1,2026
59.56,1,2468,00:15:51.274082,Pedro Henrique Duarte,Rodovia de Freitas,Vila Da Luz,Guerra de Minas,DF,Vacina contra Câncer de Próstata - Dose Única,Dermocosméticos,59.56,2025-12-13,Saturday ,13,12,4,2025
82.32000000000001,3,1867,06:40:14.900217,Pedro Henrique Duarte,Rodovia de Freitas,Vila Da Luz,Guerra de Minas,DF,Curativos (Band-Aid) Sempre Livre 90g,Antitérmicos,27.44,2026-02-01,Sunday   ,1,2,1,2026
701.46,3,2784,22:27:50.225829,Rhavi Monteiro,Favela Ana Beatriz Garcia,São Bernardo,Jesus,AP,Pantoprazol 50mg - 30 Comprimidos - Neo Química (Genérico),Vacinas,233.82,2025-07-24,Thursday ,24,7,3,2025
114.6,2,323,08:31:32.53425,Mariana Barros,Viaduto Ravy Correia,Vila Madre Gertrudes 4ª Seção,Montenegro,SC,Pantoprazol Gotas 20ml - Eurofarma,Primeiros Socorros,57.3,2026-07-08,Wednesday,8,7,3,2026
568.6,4,1370,20:39:09.892886,Mariana Barros,Viaduto Ravy Correia,Vila Madre Gertrudes 4ª Seção,Montenegro,SC,Amoxicilina Pomada 30g - Eurofarma,Vitaminas e Suplementos,142.15,2026-06-18,Thursday ,18,6,2,2026
71.72,1,2347,13:13:58.755946,Mariana Barros,Viaduto Ravy Correia,Vila Madre Gertrudes 4ª Seção,Montenegro,SC,Álcool em Gel 70% Aptamil FPS 50,Antibióticos,71.72,2025-10-23,Thursday ,23,10,4,2025
504.8,4,2902,03:20:35.872789,Dra. Ana Beatriz Costa,Sítio de Montenegro,Castelo,das Neves,MT,Pantoprazol 1g - 10 Comprimidos - Medley (Genérico),Analgésicos,126.2,2026-03-19,Thursday ,19,3,1,2026
129.73,1,1743,13:24:08.202655,Dra. Ana Beatriz Costa,Sítio de Montenegro,Castelo,das Neves,MT,Losartana Potássica 500mg - 20 Comprimidos - Eurofarma,Primeiros Socorros,129.73,2026-03-22,Sunday   ,22,3,1,2026
169.59,3,1502,09:32:07.275948,Dra. Ana Beatriz Costa,Sítio de Montenegro,Castelo,das Neves,MT,Enxaguante Bucal CeraVe 50g,Cuidados com o Cabelo,56.53,2026-01-02,Friday   ,2,1,1,2026
132.52,4,658,22:50:54.314272,Dra. Ana Beatriz Costa,Sítio de Montenegro,Castelo,das Neves,MT,Creme Hidratante Colgate 50g,Antibióticos,33.13,2024-12-20,Friday   ,20,12,4,2024
274.45,5,715,16:31:53.218984,Danilo Cunha,Vale Novais,Vila Nova Cachoeirinha 2ª Seção,Pires,AM,Nimesulida 1g - 10 Comprimidos - Neo Química (Genérico),Nutrição Infantil,54.89,2026-01-28,Wednesday,28,1,1,2026
27.4,2,1532,00:31:20.345178,Danilo Cunha,Vale Novais,Vila Nova Cachoeirinha 2ª Seção,Pires,AM,Ibuprofeno 50mg - 30 Comprimidos - Eurofarma,Antitérmicos,13.7,2025-06-05,Thursday ,5,6,2,2025
199.78,1,632,02:40:57.042384,Danilo Cunha,Vale Novais,Vila Nova Cachoeirinha 2ª Seção,Pires,AM,Loratadina Xarope 120ml - EMS (Genérico),Homeopatia,199.78,2025-06-10,Tuesday  ,10,6,2,2025
249.16,1,2221,21:00:02.166529,Danilo Cunha,Vale Novais,Vila Nova Cachoeirinha 2ª Seção,Pires,AM,Curativos (Band-Aid) Colgate FPS 50,Antibióticos,249.16,2026-05-25,Monday   ,25,5,2,2026
302.26,2,1823,05:01:53.613939,Danilo Cunha,Vale Novais,Vila Nova Cachoeirinha 2ª Seção,Pires,AM,Água Micelar Sempre Livre 50g,Vacinas,151.13,2026-05-25,Monday   ,25,5,2,2026
635.48,4,2386,04:09:08.267869,Manuela Oliveira,Vereda de Gomes,Novo Ouro Preto,Rocha das Pedras,AP,Vacina contra Refluxo - Reforço,Dermocosméticos,158.87,2025-02-03,Monday   ,3,2,1,2025
601.4399999999999,3,937,23:34:39.469044,Maria Clara Cirino,Esplanada de Cavalcanti,Vila Satélite,das Neves,MT,Metformina 25mg - 30 Comprimidos - EMS (Genérico),Cuidados com o Cabelo,200.48,2025-08-18,Monday   ,18,8,3,2025
236.61,1,739,00:01:11.369652,Maria Clara Cirino,Esplanada de Cavalcanti,Vila Satélite,das Neves,MT,Dipirona Sódica Xarope 120ml - Neo Química (Genérico),Antidepressivos,236.61,2026-06-15,Monday   ,15,6,2,2026
156.86,1,1404,23:42:48.759146,Maria Clara Cirino,Esplanada de Cavalcanti,Vila Satélite,das Neves,MT,Vacina contra Hepatite C - Reforço,Nutrição Infantil,156.86,2025-03-07,Friday   ,7,3,1,2025
398.65000000000003,5,2394,15:28:51.693597,Maria Clara Cirino,Esplanada de Cavalcanti,Vila Satélite,das Neves,MT,Creme Dental Needs FPS 70,Antidepressivos,79.73,2024-11-23,Saturday ,23,11,4,2024
56.92,2,735,16:30:34.768492,Asafe Melo,Parque João Vitor Lopes,Guaratã,Sá,RR,Amoxicilina Gotas 20ml - Medley (Genérico),Antidepressivos,28.46,2025-10-08,Wednesday,8,10,4,2025
173.27,1,756,00:08:23.048078,Asafe Melo,Parque João Vitor Lopes,Guaratã,Sá,RR,Escitalopram 500mg - 20 Comprimidos - Medley (Genérico),Fitoterápicos,173.27,2025-08-13,Wednesday,13,8,3,2025
215.48,4,2898,00:23:15.5918,Dr. Carlos Eduardo Câmara,Sítio de Nunes,Lindéia,Brito,MT,Azitromicina Suspensão Oral 50ml - Bayer,Vitaminas e Suplementos,53.87,2024-12-16,Monday   ,16,12,4,2024
207.07,1,586,00:24:24.910031,Dr. Carlos Eduardo Câmara,Sítio de Nunes,Lindéia,Brito,MT,Hidroclorotiazida Xarope 120ml - Neo Química (Genérico),Antitérmicos,207.07,2025-10-03,Friday   ,3,10,4,2025
168.3,3,2389,14:01:19.487573,Dr. Carlos Eduardo Câmara,Sítio de Nunes,Lindéia,Brito,MT,Atenolol 25mg - 30 Comprimidos - Medley (Genérico),Vacinas,56.1,2025-06-07,Saturday ,7,6,2,2025
438.6,2,2516,06:41:49.244036,Dr. Carlos Eduardo Câmara,Sítio de Nunes,Lindéia,Brito,MT,Clonazepam Gotas 20ml - Eurofarma,Antialérgicos,219.3,2026-05-10,Sunday   ,10,5,2,2026
1119.1,5,1342,14:36:57.210959,Dr. Carlos Eduardo Câmara,Sítio de Nunes,Lindéia,Brito,MT,Vacina contra Chikungunya - Dose Única,Vacinas,223.82,2025-04-11,Friday   ,11,4,2,2025
525.68,4,938,06:46:06.423717,Dr. Carlos Eduardo Câmara,Sítio de Nunes,Lindéia,Brito,MT,Sérum Vitamina C Listerine Tamanho M (40 un),Genéricos,131.42,2026-06-30,Tuesday  ,30,6,2,2026
567.66,3,2008,16:18:28.853406,Diego Moraes,Avenida Bruno Pastor,Buritis,Rocha,RS,Loratadina Gotas 20ml - EMS (Genérico),Antibióticos,189.22,2025-08-11,Monday   ,11,8,3,2025
544.05,5,1605,04:17:40.713212,Diego Moraes,Avenida Bruno Pastor,Buritis,Rocha,RS,Metformina Xarope 120ml - EMS (Genérico),Dermocosméticos,108.81,2025-12-30,Tuesday  ,30,12,4,2025
610,5,107,15:25:56.401426,Diego Moraes,Avenida Bruno Pastor,Buritis,Rocha,RS,Vacina contra Gripe - Reforço,Antidepressivos,122,2024-11-25,Monday   ,25,11,4,2024
1018.7,5,2122,09:25:19.214938,Diego Moraes,Avenida Bruno Pastor,Buritis,Rocha,RS,Leite em Pó Infantil Rexona 150ml,Analgésicos,203.74,2026-03-25,Wednesday,25,3,1,2026
225.73,1,38,06:43:39.340799,Maria Vitória Fonseca,Ladeira de Sousa,Vila Canto Do Sabiá,Cavalcante da Serra,RJ,Fluoxetina 500mg - 20 Comprimidos - Neo Química (Genérico),Antitérmicos,225.73,2025-02-14,Friday   ,14,2,1,2025
449.34000000000003,3,1862,05:18:12.008093,Maria Vitória Fonseca,Ladeira de Sousa,Vila Canto Do Sabiá,Cavalcante da Serra,RJ,Metformina 500mg - 20 Comprimidos - Eurofarma,Primeiros Socorros,149.78,2025-11-05,Wednesday,5,11,4,2025
20.02,2,2049,07:05:04.016176,Maria Vitória Fonseca,Ladeira de Sousa,Vila Canto Do Sabiá,Cavalcante da Serra,RJ,Tadalafila Gotas 20ml - Medley (Genérico),Aparelhos Médicos,10.01,2026-06-16,Tuesday  ,16,6,2,2026
267.06,3,2716,21:13:24.960907,Maria Vitória Fonseca,Ladeira de Sousa,Vila Canto Do Sabiá,Cavalcante da Serra,RJ,Lenço Umedecido Aptamil FPS 50,Dermocosméticos,89.02,2025-02-15,Saturday ,15,2,1,2025
18.56,1,1210,02:45:16.741886,Sofia Andrade,Jardim de Cavalcanti,Conjunto Santa Maria,Albuquerque das Flores,RN,Enalapril Gotas 20ml - Medley (Genérico),Dermocosméticos,18.56,2026-04-16,Thursday ,16,4,2,2026
520.53,3,2395,08:29:10.208504,Sofia Andrade,Jardim de Cavalcanti,Conjunto Santa Maria,Albuquerque das Flores,RN,Sertralina Xarope 120ml - EMS (Genérico),Saúde Bucal,173.51,2025-10-08,Wednesday,8,10,4,2025
105.69,3,13,15:42:08.360636,Sofia Andrade,Jardim de Cavalcanti,Conjunto Santa Maria,Albuquerque das Flores,RN,Condicionador Hidratação G-Tech Tamanho G (32 un),Analgésicos,35.23,2026-05-08,Friday   ,8,5,2,2026
215.25,1,2332,17:44:14.87293,Marcela da Paz,Trecho Ana Julia da Mata,Santa Helena,da Costa de Melo,AL,Lenço Umedecido Mió FPS 50,Saúde Bucal,215.25,2024-10-16,Wednesday,16,10,4,2024
420.38,2,44,01:54:57.086941,João Vitor Aragão,Distrito Mendes,Nova Suíça,Câmara do Galho,RO,Dipirona Sódica Pomada 30g - Bayer,Antidepressivos,210.19,2026-09-03,Thursday ,3,9,3,2026
109.84,1,2341,13:30:44.267524,João Vitor Aragão,Distrito Mendes,Nova Suíça,Câmara do Galho,RO,Loratadina 50mg - 30 Comprimidos - Eurofarma,Higiene Pessoal,109.84,2025-11-18,Tuesday  ,18,11,4,2025
1216.1499999999999,5,645,17:49:24.162903,João Vitor Aragão,Distrito Mendes,Nova Suíça,Câmara do Galho,RO,Sertralina Gotas 20ml - Eurofarma,Cuidados com o Cabelo,243.23,2026-01-05,Monday   ,5,1,1,2026
242.45,1,1212,01:59:48.60844,Sr. Luiz Gustavo Jesus,Lago Pinto,São José,Pereira do Oeste,MS,Ibuprofeno Suspensão Oral 50ml - Eurofarma,Anti-inflamatórios,242.45,2026-06-06,Saturday ,6,6,2,2026
237.63,1,326,23:33:22.955741,Sr. Luiz Gustavo Jesus,Lago Pinto,São José,Pereira do Oeste,MS,Condicionador Hidratação Panvel Tamanho G (32 un),Nutrição Infantil,237.63,2026-06-01,Monday   ,1,6,2,2026
311.04,2,376,09:31:16.80289,Sra. Ísis Sales,Lagoa Pastor,Funcionários,Monteiro,AP,Sinvastatina 1g - 10 Comprimidos - Aché,Produtos Ortopédicos,155.52,2026-09-03,Thursday ,3,9,3,2026
479.96,2,763,04:48:16.739282,Sra. Ísis Sales,Lagoa Pastor,Funcionários,Monteiro,AP,Curativos (Band-Aid) Aptamil Tamanho G (32 un),Higiene Pessoal,239.98,2026-04-30,Thursday ,30,4,2,2026
525.68,4,1127,08:49:51.773322,Ryan Gonçalves,Vila de Silva,Bacurau,Barbosa,AP,Sérum Vitamina C Listerine Tamanho M (40 un),Genéricos,131.42,2026-08-19,Wednesday,19,8,3,2026
157.34,1,421,13:52:13.268248,Ryan Gonçalves,Vila de Silva,Bacurau,Barbosa,AP,Hastes Flexíveis (Cotonetes) Johnson's 200ml,Higiene Pessoal,157.34,2026-04-03,Friday   ,3,4,2,2026
415.5,3,2136,20:53:37.132187,Raquel Cirino,Quadra Juliana Leão,Salgado Filho,Carvalho,DF,Loratadina Suspensão Oral 50ml - Bayer,Homeopatia,138.5,2025-08-25,Monday   ,25,8,3,2025
158.5,2,674,14:28:50.552814,Maria Luiza Borges,Lago da Luz,Universitário,Câmara de Casa Grande,AM,Diclofenaco Pomada 30g - EMS (Genérico),Produtos Ortopédicos,79.25,2026-04-03,Friday   ,3,4,2,2026
537.88,4,1484,21:00:48.242147,Maria Luiza Borges,Lago da Luz,Universitário,Câmara de Casa Grande,AM,Nimesulida 50mg - 30 Comprimidos - EMS (Genérico),Anti-inflamatórios,134.47,2025-11-19,Wednesday,19,11,4,2025
155.85000000000002,3,1466,15:15:30.081252,Maria Luiza Borges,Lago da Luz,Universitário,Câmara de Casa Grande,AM,Sabonete em Barra Aptamil 50 Metros,Higiene Pessoal,51.95,2025-05-01,Thursday ,1,5,2,2025
449.18,2,2180,00:25:48.503612,João Lucas Caldeira,Setor de Farias,São Gabriel,Borges,BA,Vacina contra Desnutrição - Dose Única,Homeopatia,224.59,2025-02-10,Monday   ,10,2,1,2025
174.96,2,1441,20:15:45.519725,João Lucas Caldeira,Setor de Farias,São Gabriel,Borges,BA,Fralda Descartável Aptamil 200ml,Anti-inflamatórios,87.48,2025-07-07,Monday   ,7,7,3,2025
209.56,4,913,15:30:22.503102,João Lucas Caldeira,Setor de Farias,São Gabriel,Borges,BA,Condicionador Hidratação Dove 90g,Antitérmicos,52.39,2025-09-08,Monday   ,8,9,3,2025
27.57,3,1924,15:00:02.928088,Juan Silveira,Praia Cirino,Céu Azul,Ferreira,AM,Pantoprazol Gotas 20ml - Medley (Genérico),Fitoterápicos,9.19,2026-04-13,Monday   ,13,4,2,2026
113.85,5,1496,23:53:56.572499,Juan Silveira,Praia Cirino,Céu Azul,Ferreira,AM,Omeprazol 500mg - 20 Comprimidos - Eurofarma,Produtos Ortopédicos,22.77,2025-03-31,Monday   ,31,3,1,2025
45.21,1,1354,02:26:43.580257,Juan Silveira,Praia Cirino,Céu Azul,Ferreira,AM,Vacina contra Osteoporose - Reforço,Antibióticos,45.21,2026-04-09,Thursday ,9,4,2,2026
202.6,4,1108,00:58:45.388876,Lara Teixeira,Favela de Pires,Vila Pinho,Nunes do Sul,MA,Sertralina Xarope 120ml - Neo Química (Genérico),Produtos Ortopédicos,50.65,2025-06-28,Saturday ,28,6,2,2025
17.85,1,8,08:39:17.293785,Lara Teixeira,Favela de Pires,Vila Pinho,Nunes do Sul,MA,Pomada para Assaduras Dove FPS 70,Fraldas e Infantis,17.85,2025-11-16,Sunday   ,16,11,4,2025
35.13,1,336,03:08:38.115813,Dr. Kevin Pacheco,Conjunto de Teixeira,Confisco,da Mata dos Dourados,PR,Dipirona Sódica Xarope 120ml - EMS (Genérico),Aparelhos Médicos,35.13,2024-12-14,Saturday ,14,12,4,2024
309.76,2,215,23:39:54.297503,Dr. Kevin Pacheco,Conjunto de Teixeira,Confisco,da Mata dos Dourados,PR,Tadalafila 25mg - 30 Comprimidos - Neo Química (Genérico),Saúde Bucal,154.88,2025-02-14,Friday   ,14,2,1,2025
162.15,5,2517,15:57:40.980978,Dr. Kevin Pacheco,Conjunto de Teixeira,Confisco,da Mata dos Dourados,PR,Losartana Potássica 25mg - 30 Comprimidos - EMS (Genérico),Nutrição Infantil,32.43,2025-01-10,Friday   ,10,1,1,2025
135.05,5,2402,03:25:04.166559,Dr. Kevin Pacheco,Conjunto de Teixeira,Confisco,da Mata dos Dourados,PR,Ibuprofeno 25mg - 30 Comprimidos - Bayer,Dermocosméticos,27.01,2025-07-01,Tuesday  ,1,7,3,2025
648.36,4,2880,14:34:32.536673,Dr. Kevin Pacheco,Conjunto de Teixeira,Confisco,da Mata dos Dourados,PR,Vacina contra Hepatite B - Dose Única,Vacinas,162.09,2025-09-29,Monday   ,29,9,3,2025
1167.6000000000001,5,2155,02:54:30.597898,Dr. Kevin Pacheco,Conjunto de Teixeira,Confisco,da Mata dos Dourados,PR,Creme Hidratante Colgate 150ml,Anti-inflamatórios,233.52,2025-04-07,Monday   ,7,4,2,2025
239.49,3,2811,02:10:08.782847,Josué Lima,Aeroporto Macedo,Santa Rosa,Pastor,AP,Protetor Solar Facial Bepantol 150ml,Vacinas,79.83,2026-07-08,Wednesday,8,7,3,2026
116.42,1,372,07:24:07.033562,Josué Lima,Aeroporto Macedo,Santa Rosa,Pastor,AP,Fralda Descartável Aptamil 50 Metros,Dermocosméticos,116.42,2025-05-16,Friday   ,16,5,2,2025
440.94,2,1848,21:26:40.274651,Stella Cunha,Setor Ana Liz Caldeira,Céu Azul,Sá,RR,Sérum Vitamina C Huggies 50 Metros,Nutrição Infantil,220.47,2026-06-27,Saturday ,27,6,2,2026
958.6,5,661,17:58:23.913183,Lavínia Abreu,Lagoa de Silveira,Vila São Dimas,Martins,PA,Creme Hidratante Listerine 500ml,Saúde Bucal,191.72,2025-11-10,Monday   ,10,11,4,2025
722.4,5,1048,19:38:17.894591,Alexandre Brito,Distrito de Fogaça,Renascença,da Cunha,AM,Hidroclorotiazida 500mg - 20 Comprimidos - Aché,Antidepressivos,144.48,2025-08-17,Sunday   ,17,8,3,2025
396.88,2,940,01:05:23.017519,Alexandre Brito,Distrito de Fogaça,Renascença,da Cunha,AM,Metformina 1g - 10 Comprimidos - Medley (Genérico),Antitérmicos,198.44,2025-10-09,Thursday ,9,10,4,2025
168.64999999999998,5,1651,06:03:07.969058,Alexandre Brito,Distrito de Fogaça,Renascença,da Cunha,AM,Paracetamol Xarope 120ml - Neo Química (Genérico),Higiene Pessoal,33.73,2025-08-14,Thursday ,14,8,3,2025
205.95,1,86,15:22:41.831794,Clara Cavalcanti,Sítio Barbosa,Santo André,Aparecida,RS,Cefalexina 1g - 10 Comprimidos - Eurofarma,Antialérgicos,205.95,2024-11-09,Saturday ,9,11,4,2024
549.88,4,30,19:18:32.160843,Clara Cavalcanti,Sítio Barbosa,Santo André,Aparecida,RS,Paracetamol Gotas 20ml - Neo Química (Genérico),Anti-inflamatórios,137.47,2025-03-04,Tuesday  ,4,3,1,2025
174.77,1,1928,14:50:13.505663,João Guilherme Fernandes,Lagoa de Campos,Mariano De Abreu,Cavalcante da Serra,RJ,Losartana Potássica Suspensão Oral 50ml - Aché,Vitaminas e Suplementos,174.77,2026-08-10,Monday   ,10,8,3,2026
679.08,4,1755,13:55:24.17998,João Guilherme Fernandes,Lagoa de Campos,Mariano De Abreu,Cavalcante da Serra,RJ,Enxaguante Bucal Rexona FPS 50,Dermocosméticos,169.77,2025-07-12,Saturday ,12,7,3,2025
43.84,1,565,18:02:47.835515,Gustavo Silva,Sítio André Teixeira,Vila São João Batista,Vieira de Minas,MT,Azitromicina 1g - 10 Comprimidos - Eurofarma,Antitérmicos,43.84,2025-11-21,Friday   ,21,11,4,2025
97.52,2,407,01:40:13.365718,Gustavo Silva,Sítio André Teixeira,Vila São João Batista,Vieira de Minas,MT,Clonazepam 50mg - 30 Comprimidos - Aché,Vitaminas e Suplementos,48.76,2026-08-08,Saturday ,8,8,3,2026
171.88,1,573,22:03:31.925256,Noah Lima,Aeroporto Oliver Duarte,Vila Cloris,Alves,BA,Pantoprazol 50mg - 30 Comprimidos - Eurofarma,Nutrição Infantil,171.88,2026-05-07,Thursday ,7,5,2,2026
173.48,1,1290,14:01:44.85012,Noah Lima,Aeroporto Oliver Duarte,Vila Cloris,Alves,BA,Fralda Descartável Clear FPS 50,Antibióticos,173.48,2026-05-19,Tuesday  ,19,5,2,2026
495.04,2,943,18:17:03.765884,Yasmin Pereira,Área de Pastor,Vila Paris,Lopes de Mendes,AM,Metformina Pomada 30g - EMS (Genérico),Produtos Ortopédicos,247.52,2025-08-20,Wednesday,20,8,3,2025
125.4,4,1662,12:13:43.771166,Yasmin Pereira,Área de Pastor,Vila Paris,Lopes de Mendes,AM,Azitromicina Xarope 120ml - Medley (Genérico),Antibióticos,31.35,2025-12-28,Sunday   ,28,12,4,2025
208.36,1,2788,06:30:26.673622,Yasmin Pereira,Área de Pastor,Vila Paris,Lopes de Mendes,AM,Vacina contra Câncer de Pulmão - Dose Única,Antialérgicos,208.36,2026-09-11,Friday   ,11,9,3,2026
566.04,4,2961,11:41:34.945169,Srta. Ana Sophia Albuquerque,Viela de Vasconcelos,Nossa Senhora Da Conceição,Macedo de Costa,RJ,Clonazepam Pomada 30g - Medley (Genérico),Homeopatia,141.51,2026-07-13,Monday   ,13,7,3,2026
93.05,1,909,22:48:51.186746,Srta. Ana Sophia Albuquerque,Viela de Vasconcelos,Nossa Senhora Da Conceição,Macedo de Costa,RJ,Escitalopram Gotas 20ml - EMS (Genérico),Antialérgicos,93.05,2026-01-06,Tuesday  ,6,1,1,2026
168.14999999999998,3,1523,16:07:02.04031,Srta. Ana Sophia Albuquerque,Viela de Vasconcelos,Nossa Senhora Da Conceição,Macedo de Costa,RJ,Amoxicilina 1g - 10 Comprimidos - EMS (Genérico),Antidepressivos,56.05,2025-11-25,Tuesday  ,25,11,4,2025
398.40000000000003,5,721,19:00:31.550259,Srta. Ana Sophia Albuquerque,Viela de Vasconcelos,Nossa Senhora Da Conceição,Macedo de Costa,RJ,Sabonete Líquido Panvel 90g,Nutrição Infantil,79.68,2025-08-11,Monday   ,11,8,3,2025
489.64,2,2685,22:28:49.259506,Maria Clara Freitas,Rodovia da Mota,Vila Satélite,Montenegro Alegre,BA,Enalapril 500mg - 20 Comprimidos - EMS (Genérico),Saúde Bucal,244.82,2026-03-23,Monday   ,23,3,1,2026
101.19,3,2709,06:01:12.819082,Maria Clara Freitas,Rodovia da Mota,Vila Satélite,Montenegro Alegre,BA,Paracetamol Xarope 120ml - Neo Química (Genérico),Higiene Pessoal,33.73,2026-03-22,Sunday   ,22,3,1,2026
512.68,4,2367,16:56:31.037436,Maria Clara Freitas,Rodovia da Mota,Vila Satélite,Montenegro Alegre,BA,Losartana Potássica Gotas 20ml - Aché,Antidepressivos,128.17,2025-11-19,Wednesday,19,11,4,2025
629.4000000000001,3,1684,01:31:58.416659,Maria Clara Freitas,Rodovia da Mota,Vila Satélite,Montenegro Alegre,BA,Termômetro Digital Nivea 50 Metros,Antidepressivos,209.8,2024-09-29,Sunday   ,29,9,3,2024
206.6,4,60,12:20:28.296869,Pedro Lucas Siqueira,Conjunto Machado,Vila Santo Antônio,Pacheco de Novaes,PR,Azitromicina Gotas 20ml - Bayer,Fitoterápicos,51.65,2025-01-12,Sunday   ,12,1,1,2025
67.12,2,1690,05:43:57.627158,Pedro Lucas Siqueira,Conjunto Machado,Vila Santo Antônio,Pacheco de Novaes,PR,Desodorante Roll-on Colgate 90g,Higiene Pessoal,33.56,2025-02-03,Monday   ,3,2,1,2025
5.91,1,1141,12:59:25.869634,Sr. José Miguel Pimenta,Distrito de Marques,Coração Eucarístico,Cavalcanti de Correia,SP,Omeprazol Suspensão Oral 50ml - EMS (Genérico),Saúde Bucal,5.91,2025-08-20,Wednesday,20,8,3,2025
54.8,4,693,00:36:59.88357,Sr. José Miguel Pimenta,Distrito de Marques,Coração Eucarístico,Cavalcanti de Correia,SP,Ibuprofeno 50mg - 30 Comprimidos - Eurofarma,Antitérmicos,13.7,2026-08-01,Saturday ,1,8,3,2026
140.82,3,2430,19:46:41.517364,Sr. José Miguel Pimenta,Distrito de Marques,Coração Eucarístico,Cavalcanti de Correia,SP,Dipirona Sódica 50mg - 30 Comprimidos - EMS (Genérico),Saúde Bucal,46.94,2026-01-19,Monday   ,19,1,1,2026
164.85,1,1703,09:19:40.867999,Sr. José Miguel Pimenta,Distrito de Marques,Coração Eucarístico,Cavalcanti de Correia,SP,Escitalopram 500mg - 20 Comprimidos - Bayer,Produtos Ortopédicos,164.85,2026-01-05,Monday   ,5,1,1,2026
74.2,1,2033,02:15:58.411184,Sr. José Miguel Pimenta,Distrito de Marques,Coração Eucarístico,Cavalcanti de Correia,SP,Vacina contra Parkinson - Reforço,Fraldas e Infantis,74.2,2025-07-14,Monday   ,14,7,3,2025
81.6,3,1965,23:21:41.163743,Sr. José Miguel Pimenta,Distrito de Marques,Coração Eucarístico,Cavalcanti de Correia,SP,Condicionador Hidratação Rexona 90g,Vitaminas e Suplementos,27.2,2025-02-22,Saturday ,22,2,1,2025
732.72,3,2340,10:43:10.108175,Bárbara Oliveira,Fazenda Ramos,Mantiqueira,Macedo de Costa,RJ,Sinvastatina Gotas 20ml - Medley (Genérico),Dermocosméticos,244.24,2025-01-19,Sunday   ,19,1,1,2025
54.8,4,1617,18:01:09.557343,Bárbara Oliveira,Fazenda Ramos,Mantiqueira,Macedo de Costa,RJ,Ibuprofeno 50mg - 30 Comprimidos - Eurofarma,Antitérmicos,13.7,2025-09-26,Friday   ,26,9,3,2025
607.59,3,2559,23:56:49.328725,Bárbara Oliveira,Fazenda Ramos,Mantiqueira,Macedo de Costa,RJ,Azitromicina 50mg - 30 Comprimidos - Medley (Genérico),Homeopatia,202.53,2026-07-09,Thursday ,9,7,3,2026
241.99,1,2995,08:26:44.76037,Bárbara Oliveira,Fazenda Ramos,Mantiqueira,Macedo de Costa,RJ,Escitalopram Suspensão Oral 50ml - Bayer,Nutrição Infantil,241.99,2026-02-13,Friday   ,13,2,1,2026
200.12,1,1740,19:34:46.378946,Bárbara Oliveira,Fazenda Ramos,Mantiqueira,Macedo de Costa,RJ,Vacina contra Artrite - Dose Única,Produtos Ortopédicos,200.12,2025-09-14,Sunday   ,14,9,3,2025
52.400000000000006,5,1292,00:39:26.279119,Bárbara Oliveira,Fazenda Ramos,Mantiqueira,Macedo de Costa,RJ,Condicionador Hidratação Vichy 90g,Vacinas,10.48,2026-03-26,Thursday ,26,3,1,2026
338.08,2,2021,18:41:35.603462,Juliana Barbosa,Vila de Casa Grande,Vila Vista Alegre,Andrade Alegre,DF,Diclofenaco 25mg - 30 Comprimidos - Medley (Genérico),Dermocosméticos,169.04,2025-08-13,Wednesday,13,8,3,2025
168.77,1,31,18:53:53.163086,Juliana Barbosa,Vila de Casa Grande,Vila Vista Alegre,Andrade Alegre,DF,Tadalafila Xarope 120ml - Bayer,Antibióticos,168.77,2026-07-12,Sunday   ,12,7,3,2026
143.44,2,660,02:25:04.04883,Juliana Barbosa,Vila de Casa Grande,Vila Vista Alegre,Andrade Alegre,DF,Álcool em Gel 70% Aptamil FPS 50,Antibióticos,71.72,2026-04-13,Monday   ,13,4,2,2026
31.24,2,2200,11:47:33.231997,Juan Nascimento,Lagoa de Souza,Vila Copasa,Leão,RJ,Diclofenaco 50mg - 30 Comprimidos - Medley (Genérico),Vitaminas e Suplementos,15.62,2025-01-22,Wednesday,22,1,1,2025
119.58,1,1939,18:56:57.203939,Maria Laura Cavalcanti,Área Machado,Alpes,Albuquerque das Flores,RN,Tadalafila Pomada 30g - EMS (Genérico),Anti-inflamatórios,119.58,2025-12-24,Wednesday,24,12,4,2025
819.8000000000001,5,2431,16:20:15.564123,Danilo Teixeira,Residencial de Macedo,São Geraldo,Macedo Alegre,RR,Hidroclorotiazida 500mg - 20 Comprimidos - Bayer,Primeiros Socorros,163.96,2026-05-14,Thursday ,14,5,2,2026
111.06,1,2700,02:43:49.333018,Danilo Teixeira,Residencial de Macedo,São Geraldo,Macedo Alegre,RR,Azitromicina Gotas 20ml - Eurofarma,Anti-inflamatórios,111.06,2026-01-31,Saturday ,31,1,1,2026
267.42,2,761,23:40:41.300048,Danilo Teixeira,Residencial de Macedo,São Geraldo,Macedo Alegre,RR,Sildenafila 1g - 10 Comprimidos - Neo Química (Genérico),Anti-inflamatórios,133.71,2024-11-09,Saturday ,9,11,4,2024
241.48,4,1720,18:03:14.684976,Danilo Teixeira,Residencial de Macedo,São Geraldo,Macedo Alegre,RR,Hidroclorotiazida Xarope 120ml - Bayer,Cuidados com o Cabelo,60.37,2025-01-16,Thursday ,16,1,1,2025
569.5,5,2097,10:05:50.363533,Danilo Teixeira,Residencial de Macedo,São Geraldo,Macedo Alegre,RR,Shampoo Anticaspa Johnson's FPS 70,Dermocosméticos,113.9,2025-11-09,Sunday   ,9,11,4,2025
679.08,4,1218,02:32:20.627982,Danilo Teixeira,Residencial de Macedo,São Geraldo,Macedo Alegre,RR,Enxaguante Bucal Rexona FPS 50,Dermocosméticos,169.77,2025-03-07,Friday   ,7,3,1,2025
581.5,5,2823,09:28:10.201473,Luiz Felipe Gonçalves,Lago de das Neves,São Sebastião,Pacheco,TO,Diclofenaco 25mg - 30 Comprimidos - Aché,Anti-inflamatórios,116.3,2026-05-28,Thursday ,28,5,2,2026
31.44,3,1213,21:17:22.746,Luiz Felipe Gonçalves,Lago de das Neves,São Sebastião,Pacheco,TO,Condicionador Hidratação Vichy 90g,Vacinas,10.48,2025-06-11,Wednesday,11,6,2,2025
296.56,2,2561,10:47:05.140272,Sra. Eloah Nascimento,Morro de Macedo,Vila Da Paz,Barros,TO,Pantoprazol 50mg - 30 Comprimidos - Bayer,Saúde Bucal,148.28,2025-11-29,Saturday ,29,11,4,2025
62.7,2,1726,10:42:06.720218,Joaquim Pereira,Vila Helena Alves,Jatobá,Andrade Alegre,DF,Azitromicina Xarope 120ml - Medley (Genérico),Antibióticos,31.35,2025-10-02,Thursday ,2,10,4,2025
84.63,1,368,06:00:18.624698,Joaquim Pereira,Vila Helena Alves,Jatobá,Andrade Alegre,DF,Diclofenaco 25mg - 30 Comprimidos - Neo Química (Genérico),Anti-inflamatórios,84.63,2025-05-12,Monday   ,12,5,2,2025
254.28000000000003,3,124,17:52:12.736272,Kevin Guerra,Recanto Julia Pinto,São Bernardo,Macedo,AC,Atenolol 50mg - 30 Comprimidos - Neo Química (Genérico),Vitaminas e Suplementos,84.76,2025-05-29,Thursday ,29,5,2,2025
693.08,4,629,10:10:50.415248,Kevin Guerra,Recanto Julia Pinto,São Bernardo,Macedo,AC,Escitalopram 500mg - 20 Comprimidos - Medley (Genérico),Fitoterápicos,173.27,2026-03-18,Wednesday,18,3,1,2026
119.58,1,2486,11:28:23.019603,Davi Luiz Pastor,Rodovia Aragão,Vila Santa Monica 1ª Seção,Pacheco,RR,Tadalafila Pomada 30g - EMS (Genérico),Anti-inflamatórios,119.58,2025-09-03,Wednesday,3,9,3,2025
105.8,2,1036,17:15:39.916364,Davi Luiz Pastor,Rodovia Aragão,Vila Santa Monica 1ª Seção,Pacheco,RR,Fralda Descartável Vichy 150ml,Homeopatia,52.9,2026-07-01,Wednesday,1,7,3,2026
801.92,4,2346,21:26:35.728642,Catarina Nogueira,Morro Brito,Santa Rita De Cássia,Lopes de Mendes,AM,Metformina 25mg - 30 Comprimidos - EMS (Genérico),Cuidados com o Cabelo,200.48,2025-07-21,Monday   ,21,7,3,2025
447.44,4,1566,12:24:07.497703,Catarina Nogueira,Morro Brito,Santa Rita De Cássia,Lopes de Mendes,AM,Sabonete em Barra Dove FPS 70,Antibióticos,111.86,2024-11-22,Friday   ,22,11,4,2024
665.64,4,2676,10:15:23.273271,Catarina Nogueira,Morro Brito,Santa Rita De Cássia,Lopes de Mendes,AM,Pomada para Assaduras Rexona 400ml,Nutrição Infantil,166.41,2025-06-29,Sunday   ,29,6,2,2025
82.32000000000001,3,2722,15:39:25.500266,Catarina Nogueira,Morro Brito,Santa Rita De Cássia,Lopes de Mendes,AM,Curativos (Band-Aid) Sempre Livre 90g,Antitérmicos,27.44,2025-10-31,Friday   ,31,10,4,2025
554,4,1209,05:53:25.007071,Sra. Fernanda Costela,Estação Camargo,Venda Nova,Azevedo de Leão,MS,Loratadina Suspensão Oral 50ml - Bayer,Homeopatia,138.5,2024-12-18,Wednesday,18,12,4,2024
314.52,2,1457,20:35:39.204599,Sra. Fernanda Costela,Estação Camargo,Venda Nova,Azevedo de Leão,MS,Atenolol 50mg - 30 Comprimidos - Medley (Genérico),Anti-inflamatórios,157.26,2026-01-10,Saturday ,10,1,1,2026
735.72,4,2922,18:46:06.897733,Sra. Fernanda Costela,Estação Camargo,Venda Nova,Azevedo de Leão,MS,Condicionador Hidratação Bepantol 90g,Produtos Ortopédicos,183.93,2025-12-13,Saturday ,13,12,4,2025
548.72,4,506,01:16:52.69535,Sarah Fogaça,Morro Danilo Guerra,Aparecida 7ª Seção,Rezende,DF,Fluoxetina 1g - 10 Comprimidos - Bayer,Fraldas e Infantis,137.18,2025-07-05,Saturday ,5,7,3,2025
105,4,1157,03:24:58.801187,Sarah Fogaça,Morro Danilo Guerra,Aparecida 7ª Seção,Rezende,DF,Sérum Vitamina C Aptamil Tamanho M (40 un),Antibióticos,26.25,2025-07-22,Tuesday  ,22,7,3,2025
53.87,1,2164,22:14:13.047324,Sr. Dante da Mota,Núcleo João Miguel Casa Grande,Palmares,Casa Grande do Oeste,MT,Azitromicina Suspensão Oral 50ml - Bayer,Vitaminas e Suplementos,53.87,2024-10-20,Sunday   ,20,10,4,2024
916.1,5,243,02:31:21.090209,Sr. Dante da Mota,Núcleo João Miguel Casa Grande,Palmares,Casa Grande do Oeste,MT,Metformina 1g - 10 Comprimidos - Bayer,Genéricos,183.22,2026-06-29,Monday   ,29,6,2,2026
29.14,2,1638,20:49:24.362435,Sr. Dante da Mota,Núcleo João Miguel Casa Grande,Palmares,Casa Grande do Oeste,MT,Cefalexina 500mg - 20 Comprimidos - Neo Química (Genérico),Produtos Ortopédicos,14.57,2026-09-04,Friday   ,4,9,3,2026
54.8,4,705,06:55:33.528251,Sr. Dante da Mota,Núcleo João Miguel Casa Grande,Palmares,Casa Grande do Oeste,MT,Ibuprofeno 50mg - 30 Comprimidos - Eurofarma,Antitérmicos,13.7,2026-06-08,Monday   ,8,6,2,2026
226.12,4,2335,23:42:52.095319,Sr. Dante da Mota,Núcleo João Miguel Casa Grande,Palmares,Casa Grande do Oeste,MT,Enxaguante Bucal CeraVe 50g,Cuidados com o Cabelo,56.53,2025-04-25,Friday   ,25,4,2,2025
540.25,5,942,08:58:33.766174,Sr. Dante da Mota,Núcleo João Miguel Casa Grande,Palmares,Casa Grande do Oeste,MT,Condicionador Hidratação G-Tech FPS 50,Produtos Ortopédicos,108.05,2026-01-10,Saturday ,10,1,1,2026
81.96000000000001,3,647,15:19:39.95163,Sr. Dante da Mota,Núcleo João Miguel Casa Grande,Palmares,Casa Grande do Oeste,MT,Sabonete Líquido Vichy 500ml,Antitérmicos,27.32,2025-05-05,Monday   ,5,5,2,2025
718.2,4,1930,04:32:36.087015,Sra. Sophie Almeida,Quadra de Correia,Jonas Veiga,Pacheco,RR,Paracetamol 1g - 10 Comprimidos - Aché,Primeiros Socorros,179.55,2024-09-20,Friday   ,20,9,3,2024
1002.4,5,1236,04:34:12.28211,Vinicius da Luz,Praça Isabella da Mota,Palmares,Oliveira Verde,CE,Metformina 25mg - 30 Comprimidos - EMS (Genérico),Cuidados com o Cabelo,200.48,2025-11-13,Thursday ,13,11,4,2025
183.93,1,884,06:34:09.578455,Ravy Fogaça,Largo da Mata,São Jorge 1ª Seção,Costela,AP,Condicionador Hidratação Bepantol 90g,Produtos Ortopédicos,183.93,2025-12-12,Friday   ,12,12,4,2025
557.76,3,990,09:12:06.265896,Gabrielly Sousa,Rodovia Cassiano,Estrela Do Oriente,Câmara de Casa Grande,AM,Creme Hidratante Bepantol FPS 50,Dermocosméticos,185.92,2026-07-27,Monday   ,27,7,3,2026
684.78,3,1313,19:03:40.666603,Milena Jesus,Fazenda Farias,Acaiaca,Duarte,PI,Curativos (Band-Aid) Pampers 400ml,Aparelhos Médicos,228.26,2025-10-30,Thursday ,30,10,4,2025
306.48,3,995,04:00:44.691633,Daniel Moreira,Feira Amanda das Neves,Havaí,da Rocha da Prata,RN,Atenolol Pomada 30g - Medley (Genérico),Aparelhos Médicos,102.16,2026-02-28,Saturday ,28,2,1,2026
1037,5,1338,12:34:42.673994,Daniel Moreira,Feira Amanda das Neves,Havaí,da Rocha da Prata,RN,Nimesulida 25mg - 30 Comprimidos - Neo Química (Genérico),Higiene Pessoal,207.4,2025-11-14,Friday   ,14,11,4,2025
583.36,4,2639,17:54:44.590708,Daniel Moreira,Feira Amanda das Neves,Havaí,da Rocha da Prata,RN,Paracetamol 500mg - 20 Comprimidos - Neo Química (Genérico),Homeopatia,145.84,2024-11-10,Sunday   ,10,11,4,2024
174.51,3,2630,06:59:46.795166,Daniel Moreira,Feira Amanda das Neves,Havaí,da Rocha da Prata,RN,Protetor Solar Corporal Bepantol 50 Metros,Vitaminas e Suplementos,58.17,2025-08-11,Monday   ,11,8,3,2025
116.34,2,741,21:00:42.325744,Daniel Moreira,Feira Amanda das Neves,Havaí,da Rocha da Prata,RN,Protetor Solar Corporal Bepantol 50 Metros,Vitaminas e Suplementos,58.17,2024-11-25,Monday   ,25,11,4,2024
248.07,3,2586,06:29:39.328226,Ana Sophia Araújo,Parque Heitor Vieira,Vila Jardim Montanhes,Cavalcante da Serra,RJ,Paracetamol Pomada 30g - Medley (Genérico),Antitérmicos,82.69,2024-11-20,Wednesday,20,11,4,2024
996.64,4,936,02:35:38.294497,Ana Sophia Araújo,Parque Heitor Vieira,Vila Jardim Montanhes,Cavalcante da Serra,RJ,Curativos (Band-Aid) Colgate FPS 50,Antibióticos,249.16,2026-05-29,Friday   ,29,5,2,2026
320.86,2,2294,22:55:56.713058,Diego Pacheco,Passarela Catarina Costa,Marajó,da Paz das Pedras,BA,Omeprazol Suspensão Oral 50ml - Eurofarma,Anti-inflamatórios,160.43,2026-03-19,Thursday ,19,3,1,2026
314.42,2,875,12:42:11.434135,Maitê Novaes,Passarela de Almeida,Xodo-Marize,Gonçalves do Sul,RO,Vacina contra Psoríase - Dose Única,Higiene Pessoal,157.21,2025-08-08,Friday   ,8,8,3,2025
735.72,4,2830,22:15:16.94182,Maitê Novaes,Passarela de Almeida,Xodo-Marize,Gonçalves do Sul,RO,Condicionador Hidratação Bepantol 90g,Produtos Ortopédicos,183.93,2025-01-08,Wednesday,8,1,1,2025
646.48,4,2889,00:19:30.40672,Sra. Ayla Garcia,Esplanada de da Rosa,Jatobá,da Costa de Melo,AL,Atenolol Xarope 120ml - Aché,Fraldas e Infantis,161.62,2026-09-02,Wednesday,2,9,3,2026
216.06,3,1809,03:49:25.255856,Sra. Ayla Garcia,Esplanada de da Rosa,Jatobá,da Costa de Melo,AL,Cefalexina Gotas 20ml - Eurofarma,Saúde Bucal,72.02,2026-06-15,Monday   ,15,6,2,2026
190.76,1,1295,10:03:52.050389,Sra. Ayla Garcia,Esplanada de da Rosa,Jatobá,da Costa de Melo,AL,Vacina contra Melanoma - Reforço,Antialérgicos,190.76,2025-10-13,Monday   ,13,10,4,2025
175.24,4,1722,06:34:52.139649,Sra. Ayla Garcia,Esplanada de da Rosa,Jatobá,da Costa de Melo,AL,Lenço Umedecido Colgate FPS 50,Analgésicos,43.81,2026-08-04,Tuesday  ,4,8,3,2026
514.2,3,256,07:58:24.136776,Sr. Benjamim Caldeira,Vila de Aragão,Santa Efigênia,Silveira,BA,Shampoo Anticaspa Rexona 90g,Nutrição Infantil,171.4,2026-04-21,Tuesday  ,21,4,2,2026
50.5,1,2481,03:14:57.835137,Sra. Clarice Fernandes,Viela de Silveira,Luxemburgo,Ferreira de Sampaio,PB,Metformina Pomada 30g - Aché,Fraldas e Infantis,50.5,2025-09-04,Thursday ,4,9,3,2025
748.65,5,829,06:07:26.788778,Sra. Clarice Fernandes,Viela de Silveira,Luxemburgo,Ferreira de Sampaio,PB,Condicionador Hidratação Vichy FPS 50,Saúde Bucal,149.73,2026-06-08,Monday   ,8,6,2,2026
176.53,1,1659,14:20:08.05256,Sra. Rafaela Mendes,Rua Pimenta,Betânia,Macedo,AC,Loratadina Xarope 120ml - Aché,Fraldas e Infantis,176.53,2025-12-30,Tuesday  ,30,12,4,2025
154.74,1,1548,21:17:43.175553,Ana Lívia Ferreira,Praça Vargas,Jardim Vitoria,Cavalcante,RR,Escitalopram 1g - 10 Comprimidos - Medley (Genérico),Aparelhos Médicos,154.74,2026-01-04,Sunday   ,4,1,1,2026
48.76,1,1603,00:08:41.875699,Ana Lívia Ferreira,Praça Vargas,Jardim Vitoria,Cavalcante,RR,Clonazepam 50mg - 30 Comprimidos - Aché,Vitaminas e Suplementos,48.76,2025-06-29,Sunday   ,29,6,2,2025
202.6,4,963,07:34:34.997552,Ana Lívia Ferreira,Praça Vargas,Jardim Vitoria,Cavalcante,RR,Sertralina Xarope 120ml - Neo Química (Genérico),Produtos Ortopédicos,50.65,2026-02-08,Sunday   ,8,2,1,2026
122.32,4,182,04:23:22.618005,Ana Lívia Ferreira,Praça Vargas,Jardim Vitoria,Cavalcante,RR,Fralda Descartável Colgate 50 Metros,Antidepressivos,30.58,2025-10-15,Wednesday,15,10,4,2025
226.12,4,659,22:56:52.604658,Ana Lívia Ferreira,Praça Vargas,Jardim Vitoria,Cavalcante,RR,Enxaguante Bucal CeraVe 50g,Cuidados com o Cabelo,56.53,2024-11-07,Thursday ,7,11,4,2024
162.46,1,1252,07:26:50.685424,Ana Lívia Ferreira,Praça Vargas,Jardim Vitoria,Cavalcante,RR,Protetor Solar Corporal Sempre Livre 50 Metros,Aparelhos Médicos,162.46,2026-01-05,Monday   ,5,1,1,2026
515.64,3,2163,02:13:23.596255,Julia Pimenta,Conjunto de da Mata,Providencia,da Paz das Flores,PR,Pantoprazol 50mg - 30 Comprimidos - Eurofarma,Nutrição Infantil,171.88,2026-05-01,Friday   ,1,5,2,2026
245.01,1,812,15:20:09.143075,Julia Pimenta,Conjunto de da Mata,Providencia,da Paz das Flores,PR,Hidroclorotiazida 25mg - 30 Comprimidos - EMS (Genérico),Cuidados com o Cabelo,245.01,2025-02-04,Tuesday  ,4,2,1,2025
312.82,2,2281,20:19:24.381419,Julia Pimenta,Conjunto de da Mata,Providencia,da Paz das Flores,PR,Vacina contra Rinite - Dose Única,Aparelhos Médicos,156.41,2026-01-05,Monday   ,5,1,1,2026
443.37,3,1626,13:07:52.118708,Julia Pimenta,Conjunto de da Mata,Providencia,da Paz das Flores,PR,Água Micelar CeraVe 90g,Primeiros Socorros,147.79,2025-10-16,Thursday ,16,10,4,2025
108.05,1,1279,21:35:01.929661,Julia Pimenta,Conjunto de da Mata,Providencia,da Paz das Flores,PR,Condicionador Hidratação G-Tech FPS 50,Produtos Ortopédicos,108.05,2025-06-15,Sunday   ,15,6,2,2025
140.92,4,1739,01:12:51.794076,Julia Pimenta,Conjunto de da Mata,Providencia,da Paz das Flores,PR,Condicionador Hidratação G-Tech Tamanho G (32 un),Analgésicos,35.23,2026-03-16,Monday   ,16,3,1,2026
103.44,4,1126,17:29:30.829649,Benjamim Pires,Aeroporto de da Cruz,Chácara Leonina,Nunes,AC,Cefalexina 25mg - 30 Comprimidos - Eurofarma,Primeiros Socorros,25.86,2026-02-25,Wednesday,25,2,1,2026
61.16,2,2985,16:24:46.216036,Benjamim Pires,Aeroporto de da Cruz,Chácara Leonina,Nunes,AC,Fralda Descartável Colgate 50 Metros,Antidepressivos,30.58,2025-08-11,Monday   ,11,8,3,2025
316.11,3,2886,18:14:08.440791,Sara Costa,Largo Cauê Sousa,Cônego Pinheiro 1ª Seção,Gonçalves,MT,Hidroclorotiazida 50mg - 30 Comprimidos - EMS (Genérico),Analgésicos,105.37,2024-11-10,Sunday   ,10,11,4,2024
672.3,3,2239,01:48:39.627036,Eloah Nogueira,Esplanada de da Conceição,Vila Formosa,da Paz,RJ,Água Micelar Needs FPS 50,Genéricos,224.1,2025-01-03,Friday   ,3,1,1,2025
52.39,1,128,18:57:46.786305,Eloah Nogueira,Esplanada de da Conceição,Vila Formosa,da Paz,RJ,Condicionador Hidratação Dove 90g,Antitérmicos,52.39,2026-05-30,Saturday ,30,5,2,2026
46.36,4,2450,03:37:34.099655,Emanuel Cavalcanti,Setor Pietro Cirino,Cruzeiro,da Rosa de Nascimento,PR,Sildenafila 500mg - 20 Comprimidos - Eurofarma,Analgésicos,11.59,2026-08-18,Tuesday  ,18,8,3,2026
23.66,2,1800,20:49:40.839563,Emanuel Cavalcanti,Setor Pietro Cirino,Cruzeiro,da Rosa de Nascimento,PR,Protetor Solar Corporal CeraVe Tamanho G (32 un),Aparelhos Médicos,11.83,2026-03-19,Thursday ,19,3,1,2026
1059,5,2449,11:58:46.133712,Maria Helena Camargo,Estrada Cassiano,Ambrosina,Novaes de Minas,PE,Paracetamol Suspensão Oral 50ml - Aché,Antialérgicos,211.8,2024-11-09,Saturday ,9,11,4,2024
224.2,4,720,01:27:12.788498,Maria Helena Camargo,Estrada Cassiano,Ambrosina,Novaes de Minas,PE,Amoxicilina 1g - 10 Comprimidos - EMS (Genérico),Antidepressivos,56.05,2025-12-03,Wednesday,3,12,4,2025
83.62,1,2068,23:13:10.240846,Maria Helena Camargo,Estrada Cassiano,Ambrosina,Novaes de Minas,PE,Nimesulida Suspensão Oral 50ml - Neo Química (Genérico),Produtos Ortopédicos,83.62,2026-09-05,Saturday ,5,9,3,2026
64.29,1,184,18:55:45.14347,Maria Helena Camargo,Estrada Cassiano,Ambrosina,Novaes de Minas,PE,Sérum Vitamina C Listerine FPS 70,Antialérgicos,64.29,2024-12-05,Thursday ,5,12,4,2024
532.9,5,1652,22:28:37.759643,Maria Helena Camargo,Estrada Cassiano,Ambrosina,Novaes de Minas,PE,Água Micelar Colgate 50g,Fitoterápicos,106.58,2025-06-05,Thursday ,5,6,2,2025
147,4,1028,06:50:13.127316,Marcos Vinicius Jesus,Distrito Leão,Xangri-Lá,da Mata dos Dourados,PR,Tadalafila Pomada 30g - Aché,Vitaminas e Suplementos,36.75,2024-12-17,Tuesday  ,17,12,4,2024
411.9,2,206,10:28:49.791793,Marcos Vinicius Jesus,Distrito Leão,Xangri-Lá,da Mata dos Dourados,PR,Cefalexina 1g - 10 Comprimidos - Eurofarma,Antialérgicos,205.95,2025-07-03,Thursday ,3,7,3,2025
241.17000000000002,3,847,23:16:28.236324,Marcos Vinicius Jesus,Distrito Leão,Xangri-Lá,da Mata dos Dourados,PR,Vacina contra Embolia - Reforço,Anti-inflamatórios,80.39,2025-03-12,Wednesday,12,3,1,2025
190.61,1,173,06:35:15.003154,Ana Laura Ramos,Fazenda de Sampaio,Horto,Barros de Fernandes,RR,Fluoxetina 25mg - 30 Comprimidos - Eurofarma,Fitoterápicos,190.61,2025-10-06,Monday   ,6,10,4,2025
230.8,4,579,15:38:00.33516,Ana Laura Ramos,Fazenda de Sampaio,Horto,Barros de Fernandes,RR,Pantoprazol Xarope 120ml - Aché,Nutrição Infantil,57.7,2026-03-19,Thursday ,19,3,1,2026
159.84,3,1841,15:16:25.143898,Pedro Henrique Fonseca,Praia Melo,Vila Jardim São José,Guerra de Minas,DF,Hidroclorotiazida 50mg - 30 Comprimidos - Neo Química (Genérico),Cuidados com o Cabelo,53.28,2025-04-09,Wednesday,9,4,2,2025
90.1,1,616,23:25:13.277165,Pedro Henrique Fonseca,Praia Melo,Vila Jardim São José,Guerra de Minas,DF,Pantoprazol Pomada 30g - Eurofarma,Anti-inflamatórios,90.1,2025-09-08,Monday   ,8,9,3,2025
701.46,3,2841,02:35:22.038753,Pedro Henrique Fonseca,Praia Melo,Vila Jardim São José,Guerra de Minas,DF,Pantoprazol 50mg - 30 Comprimidos - Neo Química (Genérico),Vacinas,233.82,2026-07-25,Saturday ,25,7,3,2026
445.09999999999997,5,1987,06:32:03.651639,Pedro Henrique Fonseca,Praia Melo,Vila Jardim São José,Guerra de Minas,DF,Lenço Umedecido Aptamil FPS 50,Dermocosméticos,89.02,2025-10-29,Wednesday,29,10,4,2025
983.16,4,127,02:28:46.809027,Luara Aragão,Núcleo Milena Macedo,Conjunto Paulo Vi,da Costa do Galho,CE,Diclofenaco 500mg - 20 Comprimidos - Neo Química (Genérico),Antidepressivos,245.79,2025-08-17,Sunday   ,17,8,3,2025
148.04,1,2625,14:23:03.735412,Luara Aragão,Núcleo Milena Macedo,Conjunto Paulo Vi,da Costa do Galho,CE,Vacina contra Lúpus - Dose Única,Antibióticos,148.04,2025-07-19,Saturday ,19,7,3,2025
610.4,5,1274,16:43:59.799298,Luara Aragão,Núcleo Milena Macedo,Conjunto Paulo Vi,da Costa do Galho,CE,Vacina contra Dermatite - Reforço,Primeiros Socorros,122.08,2025-04-29,Tuesday  ,29,4,2,2025
934.08,4,1782,13:52:46.740963,Luara Aragão,Núcleo Milena Macedo,Conjunto Paulo Vi,da Costa do Galho,CE,Creme Hidratante Colgate 150ml,Anti-inflamatórios,233.52,2025-11-23,Sunday   ,23,11,4,2025
411.9,2,2442,21:42:56.268929,Ana Oliveira,Pátio de Azevedo,Universo,Pastor,AP,Cefalexina 1g - 10 Comprimidos - Eurofarma,Antialérgicos,205.95,2025-06-08,Sunday   ,8,6,2,2025
512.25,3,708,10:45:06.695233,Ana Oliveira,Pátio de Azevedo,Universo,Pastor,AP,Dipirona Sódica Pomada 30g - EMS (Genérico),Antitérmicos,170.75,2026-02-25,Wednesday,25,2,1,2026
338.52,4,272,07:06:19.479871,Ana Oliveira,Pátio de Azevedo,Universo,Pastor,AP,Vacina contra Obesidade - Dose Única,Fraldas e Infantis,84.63,2026-08-31,Monday   ,31,8,3,2026
226.05,5,2453,08:22:01.971263,Ana Oliveira,Pátio de Azevedo,Universo,Pastor,AP,Vacina contra Osteoporose - Reforço,Antibióticos,45.21,2025-12-23,Tuesday  ,23,12,4,2025
104.12,1,405,12:10:09.007113,Ana Oliveira,Pátio de Azevedo,Universo,Pastor,AP,Pomada para Assaduras Panvel 200ml,Primeiros Socorros,104.12,2026-08-16,Sunday   ,16,8,3,2026
715.59,3,728,20:52:30.928139,Ana Oliveira,Pátio de Azevedo,Universo,Pastor,AP,Condicionador Hidratação Needs Tamanho M (40 un),Genéricos,238.53,2025-08-01,Friday   ,1,8,3,2025
144.51,3,2735,19:59:41.475478,Stephany Castro,Chácara Dom Freitas,Zilah Sposito,Montenegro,SC,Paracetamol Gotas 20ml - Bayer,Genéricos,48.17,2026-09-13,Sunday   ,13,9,3,2026
68.02,1,2576,01:16:52.682328,Stephany Castro,Chácara Dom Freitas,Zilah Sposito,Montenegro,SC,Loratadina 500mg - 20 Comprimidos - EMS (Genérico),Cuidados com o Cabelo,68.02,2025-09-24,Wednesday,24,9,3,2025
340.09999999999997,5,1231,07:34:55.54194,Stephany Castro,Chácara Dom Freitas,Zilah Sposito,Montenegro,SC,Loratadina 500mg - 20 Comprimidos - EMS (Genérico),Cuidados com o Cabelo,68.02,2026-06-18,Thursday ,18,6,2,2026
904.5999999999999,5,491,12:44:30.816418,Vinicius da Conceição,Largo de Duarte,Ermelinda,Machado,PE,Losartana Potássica 500mg - 20 Comprimidos - Medley (Genérico),Nutrição Infantil,180.92,2024-12-27,Friday   ,27,12,4,2024
512.68,4,2352,19:46:37.706437,Vinicius da Conceição,Largo de Duarte,Ermelinda,Machado,PE,Losartana Potássica Gotas 20ml - Aché,Antidepressivos,128.17,2025-03-07,Friday   ,7,3,1,2025
950.52,4,1727,02:56:08.838019,Vinicius da Conceição,Largo de Duarte,Ermelinda,Machado,PE,Vacina contra Arritmia - Reforço,Analgésicos,237.63,2025-07-19,Saturday ,19,7,3,2025
114.9,1,2225,03:22:46.950886,Vinicius da Conceição,Largo de Duarte,Ermelinda,Machado,PE,Creme Hidratante Listerine 90g,Homeopatia,114.9,2025-05-22,Thursday ,22,5,2,2025
286.88,4,1855,19:59:06.804514,Vinicius da Conceição,Largo de Duarte,Ermelinda,Machado,PE,Álcool em Gel 70% Aptamil FPS 50,Antibióticos,71.72,2025-04-06,Sunday   ,6,4,2,2025
122.89999999999999,5,841,11:42:03.548041,Vinicius da Conceição,Largo de Duarte,Ermelinda,Machado,PE,Protetor Solar Facial G-Tech Tamanho M (40 un),Cuidados com o Cabelo,24.58,2025-05-24,Saturday ,24,5,2,2025
897.75,5,669,04:05:19.409415,Dr. Bernardo da Cunha,Recanto de Macedo,Vila Primeiro De Maio,Rodrigues,TO,Paracetamol 1g - 10 Comprimidos - Aché,Primeiros Socorros,179.55,2025-12-07,Sunday   ,7,12,4,2025
391.91999999999996,3,280,08:22:19.714588,Dr. Bernardo da Cunha,Recanto de Macedo,Vila Primeiro De Maio,Rodrigues,TO,Cefalexina Gotas 20ml - EMS (Genérico),Vitaminas e Suplementos,130.64,2024-11-22,Friday   ,22,11,4,2024
536.91,3,1978,22:11:27.950733,Dr. Bernardo da Cunha,Recanto de Macedo,Vila Primeiro De Maio,Rodrigues,TO,Losartana Potássica 500mg - 20 Comprimidos - Neo Química (Genérico),Aparelhos Médicos,178.97,2025-06-27,Friday   ,27,6,2,2025
358.74,3,458,13:58:52.730772,Dr. Bernardo da Cunha,Recanto de Macedo,Vila Primeiro De Maio,Rodrigues,TO,Tadalafila Pomada 30g - EMS (Genérico),Anti-inflamatórios,119.58,2025-11-25,Tuesday  ,25,11,4,2025
400.96,2,737,04:47:35.822982,Maria Julia Dias,Campo Vasconcelos,Mantiqueira,Sousa,TO,Metformina 25mg - 30 Comprimidos - EMS (Genérico),Cuidados com o Cabelo,200.48,2025-10-28,Tuesday  ,28,10,4,2025
1136.1,5,667,11:13:17.728286,Maria Julia Dias,Campo Vasconcelos,Mantiqueira,Sousa,TO,Fluoxetina 500mg - 20 Comprimidos - Medley (Genérico),Dermocosméticos,227.22,2026-06-12,Friday   ,12,6,2,2026
720.3499999999999,5,1759,15:59:24.505767,Bella Mendes,Condomínio de Duarte,Boa Viagem,Pacheco,RR,Sérum Vitamina C Johnson's 150ml,Antibióticos,144.07,2025-03-18,Tuesday  ,18,3,1,2025
319.68,4,2954,14:17:44.519883,Bella Mendes,Condomínio de Duarte,Boa Viagem,Pacheco,RR,Desodorante Aerosol Rexona FPS 70,Genéricos,79.92,2026-03-13,Friday   ,13,3,1,2026
449.34000000000003,3,1257,02:46:10.101737,João Lucas Santos,Viaduto de Farias,Vila Real 1ª Seção,Borges,PA,Metformina 500mg - 20 Comprimidos - Eurofarma,Primeiros Socorros,149.78,2025-07-15,Tuesday  ,15,7,3,2025
505.56000000000006,3,2090,09:39:54.511642,João Lucas Santos,Viaduto de Farias,Vila Real 1ª Seção,Borges,PA,Creme Hidratante Johnson's Tamanho G (32 un),Antibióticos,168.52,2026-04-10,Friday   ,10,4,2,2026
962.4,5,1111,01:53:43.49241,Joaquim Andrade,Núcleo Luiz Fernando Nascimento,Barro Preto,Siqueira do Amparo,BA,Atenolol 500mg - 20 Comprimidos - Eurofarma,Primeiros Socorros,192.48,2024-12-14,Saturday ,14,12,4,2024
707.4,5,103,06:24:52.50136,Joaquim Andrade,Núcleo Luiz Fernando Nascimento,Barro Preto,Siqueira do Amparo,BA,Vacina contra Depressão - Dose Única,Produtos Ortopédicos,141.48,2025-12-01,Monday   ,1,12,4,2025
524.6,5,1525,08:44:43.755641,Joaquim Andrade,Núcleo Luiz Fernando Nascimento,Barro Preto,Siqueira do Amparo,BA,Protetor Solar Corporal CeraVe Tamanho M (40 un),Fitoterápicos,104.92,2026-06-22,Monday   ,22,6,2,2026
470.38,2,2086,22:38:09.442958,Joaquim Andrade,Núcleo Luiz Fernando Nascimento,Barro Preto,Siqueira do Amparo,BA,Leite em Pó Infantil Huggies 90g,Homeopatia,235.19,2025-11-09,Sunday   ,9,11,4,2025
732.88,4,2742,23:42:25.357183,Milena da Mota,Parque Davi Lucca Brito,Barroca,Nascimento de Azevedo,GO,Metformina 1g - 10 Comprimidos - Bayer,Genéricos,183.22,2024-11-15,Friday   ,15,11,4,2024
444.52,4,1751,17:27:28.823834,Milena da Mota,Parque Davi Lucca Brito,Barroca,Nascimento de Azevedo,GO,Fluoxetina Xarope 120ml - Bayer,Antialérgicos,111.13,2026-04-11,Saturday ,11,4,2,2026
1093.5,5,70,14:11:09.338194,Milena da Mota,Parque Davi Lucca Brito,Barroca,Nascimento de Azevedo,GO,Vacina contra Infecção Urinária - Dose Única,Vitaminas e Suplementos,218.7,2026-04-18,Saturday ,18,4,2,2026
48.51,1,1193,02:40:34.78274,Milena da Mota,Parque Davi Lucca Brito,Barroca,Nascimento de Azevedo,GO,Sérum Vitamina C Panvel 400ml,Fitoterápicos,48.51,2024-09-29,Sunday   ,29,9,3,2024
680.91,3,725,06:26:56.986403,Henry Dias,Área Pimenta,Cidade Jardim Taquaril,Lopes de Goiás,SE,Fluoxetina 50mg - 30 Comprimidos - EMS (Genérico),Vitaminas e Suplementos,226.97,2024-12-15,Sunday   ,15,12,4,2024
176.04,4,2263,03:55:11.146995,Henry Dias,Área Pimenta,Cidade Jardim Taquaril,Lopes de Goiás,SE,Sertralina Gotas 20ml - Aché,Dermocosméticos,44.01,2025-04-16,Wednesday,16,4,2,2025
159.66,2,889,17:52:20.711425,Henry Dias,Área Pimenta,Cidade Jardim Taquaril,Lopes de Goiás,SE,Protetor Solar Facial Bepantol 150ml,Vacinas,79.83,2026-09-01,Tuesday  ,1,9,3,2026
55.29,3,1207,03:04:35.600396,Maysa Fogaça,Viaduto Bruno Moreira,Jardim Felicidade,Aparecida,RS,Cefalexina 50mg - 30 Comprimidos - EMS (Genérico),Antitérmicos,18.43,2025-04-25,Friday   ,25,4,2,2025
1219.65,5,1990,19:08:30.793712,Maysa Fogaça,Viaduto Bruno Moreira,Jardim Felicidade,Aparecida,RS,Curativos (Band-Aid) CeraVe FPS 50,Nutrição Infantil,243.93,2025-10-16,Thursday ,16,10,4,2025
90.42,2,1333,23:16:06.056094,Juan Andrade,Chácara de Montenegro,Vila Petropolis,Rios do Oeste,AP,Vacina contra Osteoporose - Reforço,Antibióticos,45.21,2026-04-22,Wednesday,22,4,2,2026
378.06,2,2454,07:34:22.061594,Maitê Montenegro,Residencial Fogaça,Vila Copacabana,Cassiano Verde,SE,Tadalafila Xarope 120ml - Aché,Antialérgicos,189.03,2026-07-03,Friday   ,3,7,3,2026
888.45,5,399,10:09:22.818243,Maitê Montenegro,Residencial Fogaça,Vila Copacabana,Cassiano Verde,SE,Diclofenaco Xarope 120ml - Medley (Genérico),Primeiros Socorros,177.69,2024-12-04,Wednesday,4,12,4,2024
141.76,4,1018,14:02:33.969035,Maitê Montenegro,Residencial Fogaça,Vila Copacabana,Cassiano Verde,SE,Nimesulida Xarope 120ml - Eurofarma,Dermocosméticos,35.44,2025-10-22,Wednesday,22,10,4,2025
269.54999999999995,3,713,06:05:43.97413,Maitê Montenegro,Residencial Fogaça,Vila Copacabana,Cassiano Verde,SE,Sildenafila Pomada 30g - Aché,Higiene Pessoal,89.85,2024-10-08,Tuesday  ,8,10,4,2024
348.9,3,568,12:58:30.475191,Maitê Almeida,Travessa Freitas,Caetano Furquim,Rios do Oeste,AP,Diclofenaco 25mg - 30 Comprimidos - Aché,Anti-inflamatórios,116.3,2024-11-25,Monday   ,25,11,4,2024
225.56,4,915,12:01:27.610961,Emilly Silva,Quadra de Melo,Novo Santa Cecilia,Melo,MA,Diclofenaco 50mg - 30 Comprimidos - Eurofarma,Antidepressivos,56.39,2024-09-17,Tuesday  ,17,9,3,2024
475.14,3,2475,02:12:29.016308,Emilly Silva,Quadra de Melo,Novo Santa Cecilia,Melo,MA,Vacina contra Hipertensão - Reforço,Antibióticos,158.38,2024-11-14,Thursday ,14,11,4,2024
142.15,1,908,15:40:14.454757,Vitor Hugo Fogaça,Passarela Novaes,Cinquentenário,Freitas Alegre,PB,Amoxicilina Pomada 30g - Eurofarma,Vitaminas e Suplementos,142.15,2024-12-02,Monday   ,2,12,4,2024
802.12,4,2724,12:26:32.77151,Vitor Hugo Fogaça,Passarela Novaes,Cinquentenário,Freitas Alegre,PB,Vacina contra Conjuntivite - Dose Única,Antidepressivos,200.53,2026-07-04,Saturday ,4,7,3,2026
407.48,2,751,09:31:11.617076,Vitor Hugo Fogaça,Passarela Novaes,Cinquentenário,Freitas Alegre,PB,Leite em Pó Infantil Rexona 150ml,Analgésicos,203.74,2025-01-17,Friday   ,17,1,1,2025
79,2,2327,18:02:27.222135,Benício Garcia,Alameda Gonçalves,Vitoria Da Conquista,Almeida das Pedras,PI,Vacina contra Esquizofrenia - Dose Única,Antialérgicos,39.5,2025-09-13,Saturday ,13,9,3,2025
102.86,1,2691,22:30:34.336709,Benício Garcia,Alameda Gonçalves,Vitoria Da Conquista,Almeida das Pedras,PI,Soro Fisiológico Rexona Tamanho G (32 un),Anti-inflamatórios,102.86,2025-04-25,Friday   ,25,4,2,2025
143.46,1,516,13:41:02.199507,Caio da Mata,Chácara Rezende,Ipe,Nogueira de Rios,PR,Sinvastatina 500mg - 20 Comprimidos - Neo Química (Genérico),Fitoterápicos,143.46,2024-09-15,Sunday   ,15,9,3,2024
514.2,3,1942,18:32:35.753222,Caio da Mata,Chácara Rezende,Ipe,Nogueira de Rios,PR,Shampoo Anticaspa Rexona 90g,Nutrição Infantil,171.4,2025-08-24,Sunday   ,24,8,3,2025
136.12,4,307,08:44:12.182178,Eloah Caldeira,Campo Vargas,Vila São João Batista,Vargas,AL,Pantoprazol Suspensão Oral 50ml - Neo Química (Genérico),Vitaminas e Suplementos,34.03,2025-09-24,Wednesday,24,9,3,2025
205.45,1,1241,20:20:32.602215,Eloah Caldeira,Campo Vargas,Vila São João Batista,Vargas,AL,Paracetamol Xarope 120ml - Medley (Genérico),Nutrição Infantil,205.45,2026-08-13,Thursday ,13,8,3,2026
709.83,3,2800,03:58:38.129118,Ana Clara da Conceição,Feira Pinto,Tirol,da Cunha,AM,Dipirona Sódica Xarope 120ml - Neo Química (Genérico),Antidepressivos,236.61,2026-04-28,Tuesday  ,28,4,2,2026
444.84000000000003,3,1590,03:33:09.309573,Ana Clara da Conceição,Feira Pinto,Tirol,da Cunha,AM,Pantoprazol 50mg - 30 Comprimidos - Bayer,Saúde Bucal,148.28,2026-04-07,Tuesday  ,7,4,2,2026
256.34,2,1947,18:39:11.90398,Ana Clara da Conceição,Feira Pinto,Tirol,da Cunha,AM,Losartana Potássica Gotas 20ml - Aché,Antidepressivos,128.17,2026-03-27,Friday   ,27,3,1,2026
45.94,2,167,02:05:05.596253,Ana Clara da Conceição,Feira Pinto,Tirol,da Cunha,AM,Termômetro Digital Mió FPS 70,Produtos Ortopédicos,22.97,2024-10-08,Tuesday  ,8,10,4,2024
143.24,2,222,06:45:59.483622,Ana Clara da Conceição,Feira Pinto,Tirol,da Cunha,AM,Desodorante Roll-on Nivea FPS 70,Anti-inflamatórios,71.62,2026-07-10,Friday   ,10,7,3,2026
195.8,2,1825,05:57:44.31888,Ana Lívia Vasconcelos,Travessa Emanuella das Neves,Leticia,Pacheco de Novaes,PR,Metformina Gotas 20ml - Aché,Antidepressivos,97.9,2025-02-01,Saturday ,1,2,1,2025
111.13,1,91,18:25:49.172472,Ana Lívia Vasconcelos,Travessa Emanuella das Neves,Leticia,Pacheco de Novaes,PR,Fluoxetina Xarope 120ml - Bayer,Antialérgicos,111.13,2025-01-17,Friday   ,17,1,1,2025
50.28,1,1524,02:43:19.259094,Bruno da Rosa,Conjunto Vieira,Calafate,Lopes dos Dourados,PB,Metformina Gotas 20ml - Bayer,Saúde Bucal,50.28,2025-11-19,Wednesday,19,11,4,2025
706.8000000000001,5,1804,10:17:41.43461,Bruno da Rosa,Conjunto Vieira,Calafate,Lopes dos Dourados,PB,Clonazepam Xarope 120ml - EMS (Genérico),Vacinas,141.36,2024-12-29,Sunday   ,29,12,4,2024
205.24,2,1878,13:59:48.260809,Bruno da Rosa,Conjunto Vieira,Calafate,Lopes dos Dourados,PB,Vacina contra Alzheimer - Dose Única,Antialérgicos,102.62,2025-04-28,Monday   ,28,4,2,2025
469.96,2,2731,02:34:34.396507,Leonardo Andrade,Largo Caldeira,Sion,Dias,RR,Enalapril Gotas 20ml - Bayer,Antitérmicos,234.98,2025-06-06,Friday   ,6,6,2,2025
366.24,3,1678,05:42:45.634158,Leonardo Andrade,Largo Caldeira,Sion,Dias,RR,Vacina contra Dermatite - Reforço,Primeiros Socorros,122.08,2026-02-28,Saturday ,28,2,1,2026
43.75,1,851,05:05:52.052783,Apollo Lima,Loteamento Correia,Boa União 2ª Seção,Machado,PB,Escitalopram 1g - 10 Comprimidos - Aché,Primeiros Socorros,43.75,2025-03-10,Monday   ,10,3,1,2025
182.64,1,174,08:56:41.199144,Apollo Lima,Loteamento Correia,Boa União 2ª Seção,Machado,PB,Hastes Flexíveis (Cotonetes) Mió 150ml,Vitaminas e Suplementos,182.64,2025-04-05,Saturday ,5,4,2,2025
114.86,2,2665,16:43:07.999049,Dr. Antony Cavalcanti,Sítio Lorena Fernandes,Vila Da Luz,da Mata dos Dourados,PR,Azitromicina 50mg - 30 Comprimidos - Aché,Saúde Bucal,57.43,2025-07-20,Sunday   ,20,7,3,2025
219.20000000000002,5,1378,14:52:28.171921,Dr. Antony Cavalcanti,Sítio Lorena Fernandes,Vila Da Luz,da Mata dos Dourados,PR,Azitromicina 1g - 10 Comprimidos - Eurofarma,Antitérmicos,43.84,2025-06-27,Friday   ,27,6,2,2025
338.52,4,1477,18:22:51.425969,Dr. Antony Cavalcanti,Sítio Lorena Fernandes,Vila Da Luz,da Mata dos Dourados,PR,Diclofenaco 25mg - 30 Comprimidos - Neo Química (Genérico),Anti-inflamatórios,84.63,2026-05-26,Tuesday  ,26,5,2,2026
470.15,5,795,22:09:44.043159,Dr. Antony Cavalcanti,Sítio Lorena Fernandes,Vila Da Luz,da Mata dos Dourados,PR,Vacina contra COVID-19 - Reforço,Primeiros Socorros,94.03,2024-11-13,Wednesday,13,11,4,2024
33.17,1,2812,17:22:03.321388,Isaac Cavalcanti,Quadra João Vitor Monteiro,Alto Caiçaras,Moura,BA,Paracetamol Pomada 30g - Bayer,Anti-inflamatórios,33.17,2025-08-14,Thursday ,14,8,3,2025
366.24,3,992,18:45:59.419215,Isaac Cavalcanti,Quadra João Vitor Monteiro,Alto Caiçaras,Moura,BA,Vacina contra Dermatite - Reforço,Primeiros Socorros,122.08,2024-12-25,Wednesday,25,12,4,2024
297.12,4,2955,19:45:15.511747,Isaac Cavalcanti,Quadra João Vitor Monteiro,Alto Caiçaras,Moura,BA,Vacina contra Depressão - Reforço,Dermocosméticos,74.28,2025-04-24,Thursday ,24,4,2,2025
62.91,3,888,15:49:17.679332,Isaac Cavalcanti,Quadra João Vitor Monteiro,Alto Caiçaras,Moura,BA,Fralda Descartável Nivea FPS 70,Homeopatia,20.97,2025-02-23,Sunday   ,23,2,1,2025
158.7,3,62,03:51:48.955365,Isaac Cavalcanti,Quadra João Vitor Monteiro,Alto Caiçaras,Moura,BA,Fralda Descartável Vichy 150ml,Homeopatia,52.9,2024-12-14,Saturday ,14,12,4,2024
407.48,2,2423,03:45:59.685598,Isaac Cavalcanti,Quadra João Vitor Monteiro,Alto Caiçaras,Moura,BA,Leite em Pó Infantil Rexona 150ml,Analgésicos,203.74,2026-03-26,Thursday ,26,3,1,2026
223.36,2,2084,21:40:23.553593,Daniel Camargo,Via Vasconcelos,Beira Linha,da Rocha,PI,Hidroclorotiazida Xarope 120ml - EMS (Genérico),Antidepressivos,111.68,2026-07-09,Thursday ,9,7,3,2026
393.56,2,358,02:22:21.976048,Daniel Camargo,Via Vasconcelos,Beira Linha,da Rocha,PI,Vacina contra Cirrose - Reforço,Analgésicos,196.78,2026-06-13,Saturday ,13,6,2,2026
244.32,4,1856,09:26:34.001236,Daniel Camargo,Via Vasconcelos,Beira Linha,da Rocha,PI,Condicionador Hidratação Nivea 50g,Fraldas e Infantis,61.08,2024-10-15,Tuesday  ,15,10,4,2024
222.12,2,390,04:27:37.712689,Heitor Vasconcelos,Parque Caldeira,Funcionários,Rocha,RS,Azitromicina Gotas 20ml - Eurofarma,Anti-inflamatórios,111.06,2024-09-18,Wednesday,18,9,3,2024
67.44,3,2507,07:43:18.005218,Thiago Mendes,Núcleo Moura,São Damião,Albuquerque de Brito,GO,Fluoxetina 50mg - 30 Comprimidos - Medley (Genérico),Fraldas e Infantis,22.48,2025-12-06,Saturday ,6,12,4,2025
25.86,1,2573,22:17:09.754156,Gael Henrique Ferreira,Residencial de Câmara,Europa,Rodrigues,TO,Cefalexina 25mg - 30 Comprimidos - Eurofarma,Primeiros Socorros,25.86,2025-05-29,Thursday ,29,5,2,2025
349.26,3,1118,11:40:13.528407,Bella Fernandes,Loteamento da Mota,Maria Tereza,Jesus,RR,Fralda Descartável Aptamil 50 Metros,Dermocosméticos,116.42,2025-07-22,Tuesday  ,22,7,3,2025
313.12,4,673,06:16:21.185485,Gael Freitas,Vereda Léo Nogueira,Vila Maria,Porto,GO,Sinvastatina Xarope 120ml - EMS (Genérico),Antitérmicos,78.28,2024-12-22,Sunday   ,22,12,4,2024
180.2,2,1632,13:34:38.619748,Gael Freitas,Vereda Léo Nogueira,Vila Maria,Porto,GO,Pantoprazol Pomada 30g - Eurofarma,Anti-inflamatórios,90.1,2026-07-09,Thursday ,9,7,3,2026
205.72,2,1837,07:40:13.938576,Gael Freitas,Vereda Léo Nogueira,Vila Maria,Porto,GO,Soro Fisiológico Rexona Tamanho G (32 un),Anti-inflamatórios,102.86,2025-02-09,Sunday   ,9,2,1,2025
914.64,4,511,07:45:15.055951,Gael Freitas,Vereda Léo Nogueira,Vila Maria,Porto,GO,Pomada para Assaduras Listerine 400ml,Fitoterápicos,228.66,2024-10-15,Tuesday  ,15,10,4,2024
175.24,4,1834,08:11:07.733832,Gael Freitas,Vereda Léo Nogueira,Vila Maria,Porto,GO,Lenço Umedecido Colgate FPS 50,Analgésicos,43.81,2026-06-20,Saturday ,20,6,2,2026
567.66,3,2115,21:41:39.125664,Helena Barbosa,Lago Sousa,Mariano De Abreu,Vieira de Minas,PB,Loratadina Gotas 20ml - EMS (Genérico),Antibióticos,189.22,2025-05-24,Saturday ,24,5,2,2025
986.3,5,1553,03:37:32.732251,Helena Barbosa,Lago Sousa,Mariano De Abreu,Vieira de Minas,PB,Paracetamol Suspensão Oral 50ml - Bayer,Vitaminas e Suplementos,197.26,2025-09-20,Saturday ,20,9,3,2025
98.42,2,236,15:56:30.203187,Helena Barbosa,Lago Sousa,Mariano De Abreu,Vieira de Minas,PB,Vacina contra Câncer de Próstata - Reforço,Nutrição Infantil,49.21,2025-03-09,Sunday   ,9,3,1,2025
136.6,5,1057,04:31:10.80761,Helena Barbosa,Lago Sousa,Mariano De Abreu,Vieira de Minas,PB,Sabonete Líquido Vichy 500ml,Antitérmicos,27.32,2025-08-19,Tuesday  ,19,8,3,2025
829.6,4,1842,06:13:09.126042,Diego das Neves,Viela da Paz,Vila Santa Rosa,Souza,ES,Nimesulida 25mg - 30 Comprimidos - Neo Química (Genérico),Higiene Pessoal,207.4,2025-07-22,Tuesday  ,22,7,3,2025
247.15,5,82,13:01:22.556712,Diego das Neves,Viela da Paz,Vila Santa Rosa,Souza,ES,Cefalexina Pomada 30g - Aché,Anti-inflamatórios,49.43,2026-02-06,Friday   ,6,2,1,2026
464.28,2,2824,09:36:04.240567,Diego das Neves,Viela da Paz,Vila Santa Rosa,Souza,ES,Creme Hidratante G-Tech 400ml,Primeiros Socorros,232.14,2025-03-12,Wednesday,12,3,1,2025
176.34,2,1485,05:54:38.460247,Diego das Neves,Viela da Paz,Vila Santa Rosa,Souza,ES,Curativos (Band-Aid) CeraVe 200ml,Nutrição Infantil,88.17,2026-01-26,Monday   ,26,1,1,2026
126.21000000000001,3,724,14:38:52.482524,Marcelo Santos,Residencial Evelyn Monteiro,Vila Das Oliveiras,Rios do Oeste,AP,Pantoprazol Xarope 120ml - Eurofarma,Cuidados com o Cabelo,42.07,2024-09-13,Friday   ,13,9,3,2024
652.92,4,539,10:46:49.251032,Marcelo Santos,Residencial Evelyn Monteiro,Vila Das Oliveiras,Rios do Oeste,AP,Paracetamol 25mg - 30 Comprimidos - Medley (Genérico),Aparelhos Médicos,163.23,2025-11-05,Wednesday,5,11,4,2025
101.56,1,2552,06:54:12.528299,Marcelo Santos,Residencial Evelyn Monteiro,Vila Das Oliveiras,Rios do Oeste,AP,Nimesulida 25mg - 30 Comprimidos - Medley (Genérico),Antitérmicos,101.56,2024-11-18,Monday   ,18,11,4,2024
33.17,1,116,14:11:42.502726,Luna Barros,Conjunto Sara Silveira,Vila Betânia,Moura,BA,Paracetamol Pomada 30g - Bayer,Anti-inflamatórios,33.17,2026-07-18,Saturday ,18,7,3,2026
92.15,5,1718,11:21:04.279508,Luna Barros,Conjunto Sara Silveira,Vila Betânia,Moura,BA,Cefalexina 50mg - 30 Comprimidos - EMS (Genérico),Antitérmicos,18.43,2025-08-23,Saturday ,23,8,3,2025
138.78,3,1288,17:00:39.827274,Luna Barros,Conjunto Sara Silveira,Vila Betânia,Moura,BA,Vacina contra Parkinson - Dose Única,Fraldas e Infantis,46.26,2025-07-24,Thursday ,24,7,3,2025
31.400000000000002,5,870,17:07:09.670456,Ana Laura Rios,Lagoa Camargo,Salgado Filho,Fogaça do Amparo,PB,Sinvastatina 1g - 10 Comprimidos - Eurofarma,Antidepressivos,6.28,2025-08-08,Friday   ,8,8,3,2025
147,4,1345,07:14:54.090167,Diogo da Costa,Lago Pereira,Independência,Sampaio das Flores,CE,Tadalafila Pomada 30g - Aché,Vitaminas e Suplementos,36.75,2026-08-25,Tuesday  ,25,8,3,2026
403.06,2,1838,04:26:12.753049,Diogo da Costa,Lago Pereira,Independência,Sampaio das Flores,CE,Sabonete em Barra Clear 50g,Analgésicos,201.53,2026-08-15,Saturday ,15,8,3,2026
151.95,3,2783,14:26:06.523622,Caio Abreu,Via Pedro Barros,Jardim Guanabara,Nogueira,PA,Sertralina Xarope 120ml - Neo Química (Genérico),Produtos Ortopédicos,50.65,2025-11-01,Saturday ,1,11,4,2025
36.76,4,1543,18:46:21.264447,Vicente Rocha,Vale Joana Dias,Minaslandia,Ramos,AC,Pantoprazol Gotas 20ml - Medley (Genérico),Fitoterápicos,9.19,2026-02-16,Monday   ,16,2,1,2026
888.08,4,1071,22:56:16.320111,Vicente Rocha,Vale Joana Dias,Minaslandia,Ramos,AC,Losartana Potássica 500mg - 20 Comprimidos - EMS (Genérico),Genéricos,222.02,2025-12-01,Monday   ,1,12,4,2025
808.92,4,553,02:09:20.66986,Maria Clara da Cruz,Parque Ana Sophia Aragão,Jaqueline,Gonçalves das Pedras,PR,Vacina contra Bipolaridade - Dose Única,Nutrição Infantil,202.23,2026-09-13,Sunday   ,13,9,3,2026
169.26,2,2103,15:23:27.860674,Ester Souza,Setor Luiz Otávio Vieira,Tirol,Martins do Amparo,ES,Diclofenaco 25mg - 30 Comprimidos - Neo Química (Genérico),Anti-inflamatórios,84.63,2025-02-27,Thursday ,27,2,1,2025
977.48,4,2108,15:24:25.160877,Ester Souza,Setor Luiz Otávio Vieira,Tirol,Martins do Amparo,ES,Shampoo Anticaspa CeraVe 500ml,Saúde Bucal,244.37,2026-02-16,Monday   ,16,2,1,2026
457.48,2,2134,21:51:55.540181,Dr. Gael Henrique Montenegro,Via Gomes,São Gonçalo,Jesus,ES,Escitalopram Pomada 30g - Eurofarma,Anti-inflamatórios,228.74,2025-02-20,Thursday ,20,2,1,2025
370.04999999999995,3,747,02:41:48.355171,Dr. Gael Henrique Montenegro,Via Gomes,São Gonçalo,Jesus,ES,Pantoprazol Pomada 30g - Neo Química (Genérico),Anti-inflamatórios,123.35,2026-04-15,Wednesday,15,4,2,2026
261.32,4,151,04:19:44.038239,Dr. Gael Henrique Montenegro,Via Gomes,São Gonçalo,Jesus,ES,Atenolol 25mg - 30 Comprimidos - Neo Química (Genérico),Cuidados com o Cabelo,65.33,2025-06-14,Saturday ,14,6,2,2025
39.45,1,1248,08:21:44.778512,Dr. Gael Henrique Montenegro,Via Gomes,São Gonçalo,Jesus,ES,Metformina 25mg - 30 Comprimidos - Eurofarma,Antibióticos,39.45,2026-06-08,Monday   ,8,6,2,2026
340.09999999999997,5,1544,21:57:37.989887,Dr. Gael Henrique Montenegro,Via Gomes,São Gonçalo,Jesus,ES,Loratadina 500mg - 20 Comprimidos - EMS (Genérico),Cuidados com o Cabelo,68.02,2026-07-12,Sunday   ,12,7,3,2026
91.42,1,480,03:19:23.875784,Eduardo Almeida,Quadra de Pereira,Horto,Dias,RR,Losartana Potássica Pomada 30g - Bayer,Nutrição Infantil,91.42,2026-08-10,Monday   ,10,8,3,2026
693.28,4,764,14:48:33.315313,Eduardo Almeida,Quadra de Pereira,Horto,Dias,RR,Vacina contra Diabetes Tipo 1 - Dose Única,Antidepressivos,173.32,2024-10-16,Wednesday,16,10,4,2024
183.22,1,1982,02:28:08.064126,Isabella Cavalcanti,Praia Barros,João Pinheiro,da Paz das Pedras,BA,Metformina 1g - 10 Comprimidos - Bayer,Genéricos,183.22,2025-08-31,Sunday   ,31,8,3,2025
193.22,1,2189,10:21:08.602243,Isabella Cavalcanti,Praia Barros,João Pinheiro,da Paz das Pedras,BA,Atenolol 25mg - 30 Comprimidos - Aché,Higiene Pessoal,193.22,2025-01-05,Sunday   ,5,1,1,2025
81.96000000000001,3,1933,20:40:03.865054,Isabella Cavalcanti,Praia Barros,João Pinheiro,da Paz das Pedras,BA,Sabonete Líquido Vichy 500ml,Antitérmicos,27.32,2024-10-31,Thursday ,31,10,4,2024
18.43,1,1005,07:31:13.942723,Srta. Luísa Souza,Sítio de Moura,Vila Nova Cachoeirinha 3ª Seção,Cirino,RJ,Cefalexina 50mg - 30 Comprimidos - EMS (Genérico),Antitérmicos,18.43,2025-03-03,Monday   ,3,3,1,2025
338.52,4,2432,08:35:11.333496,Srta. Luísa Souza,Sítio de Moura,Vila Nova Cachoeirinha 3ª Seção,Cirino,RJ,Vacina contra Obesidade - Dose Única,Fraldas e Infantis,84.63,2025-12-23,Tuesday  ,23,12,4,2025
404.64,3,418,15:21:23.635751,Srta. Luísa Souza,Sítio de Moura,Vila Nova Cachoeirinha 3ª Seção,Cirino,RJ,Pomada para Assaduras G-Tech FPS 50,Higiene Pessoal,134.88,2026-01-09,Friday   ,9,1,1,2026
384.7,5,2755,21:09:03.622558,Maria Sales,Quadra Ana Carolina Costa,Itaipu,Barros,SC,Tadalafila Suspensão Oral 50ml - Medley (Genérico),Antialérgicos,76.94,2025-10-05,Sunday   ,5,10,4,2025
179.7,2,261,15:06:44.850359,José Miguel da Cunha,Esplanada de Ferreira,Conjunto Novo Dom Bosco,Macedo do Sul,DF,Sildenafila Pomada 30g - Aché,Higiene Pessoal,89.85,2025-07-20,Sunday   ,20,7,3,2025
233.44,2,2541,03:07:39.19088,José Miguel da Cunha,Esplanada de Ferreira,Conjunto Novo Dom Bosco,Macedo do Sul,DF,Clonazepam 25mg - 30 Comprimidos - Bayer,Higiene Pessoal,116.72,2025-07-04,Friday   ,4,7,3,2025
25.12,4,1271,13:56:03.283638,João Felipe Novais,Rua Isabella Porto,Pantanal,Nunes,AC,Omeprazol Gotas 20ml - Bayer,Antidepressivos,6.28,2026-01-31,Saturday ,31,1,1,2026
92.52,2,87,10:12:35.159824,João Felipe Novais,Rua Isabella Porto,Pantanal,Nunes,AC,Vacina contra Parkinson - Dose Única,Fraldas e Infantis,46.26,2025-03-14,Friday   ,14,3,1,2025
230.54,2,2595,06:10:04.537914,Dra. Raquel Correia,Vale de Ferreira,Lindéia,da Mota de Oliveira,RS,Escitalopram 50mg - 30 Comprimidos - Eurofarma,Cuidados com o Cabelo,115.27,2025-11-24,Monday   ,24,11,4,2025
631,5,2930,03:45:33.702428,Lavínia Rezende,Vereda Cardoso,Maria Helena,Barbosa dos Dourados,RN,Pantoprazol 1g - 10 Comprimidos - Medley (Genérico),Analgésicos,126.2,2026-05-25,Monday   ,25,5,2,2026
676.48,4,487,09:47:58.679127,Lavínia Rezende,Vereda Cardoso,Maria Helena,Barbosa dos Dourados,RN,Vacina contra Diabetes Tipo 1 - Reforço,Analgésicos,169.12,2025-09-29,Monday   ,29,9,3,2025
27.4,4,241,22:24:07.405147,Srta. Heloísa da Cruz,Via de Moreira,Vila Maria,Cavalcante,RR,Omeprazol 50mg - 30 Comprimidos - Bayer,Vitaminas e Suplementos,6.85,2025-05-28,Wednesday,28,5,2,2025
640.8499999999999,5,2330,14:42:39.096684,Srta. Heloísa da Cruz,Via de Moreira,Vila Maria,Cavalcante,RR,Losartana Potássica Gotas 20ml - Aché,Antidepressivos,128.17,2025-10-05,Sunday   ,5,10,4,2025
106.53,1,2732,16:39:01.448314,Antony Nogueira,Rua de Monteiro,Acaiaca,Fonseca de Cavalcante,AP,Enalapril 50mg - 30 Comprimidos - Medley (Genérico),Higiene Pessoal,106.53,2024-12-14,Saturday ,14,12,4,2024
651.48,4,507,20:34:37.157462,Antony Nogueira,Rua de Monteiro,Acaiaca,Fonseca de Cavalcante,AP,Metformina 50mg - 30 Comprimidos - Bayer,Antialérgicos,162.87,2025-05-27,Tuesday  ,27,5,2,2025
686.22,3,242,10:06:53.233707,Caroline da Rosa,Núcleo de Cavalcanti,Vila São Francisco,Oliveira Verde,CE,Escitalopram Pomada 30g - Eurofarma,Anti-inflamatórios,228.74,2026-05-04,Monday   ,4,5,2,2026
425.43,3,1245,16:04:46.099552,Calebe Azevedo,Alameda Pinto,Vila Nova Cachoeirinha 1ª Seção,Martins do Amparo,ES,Sildenafila Xarope 120ml - Eurofarma,Antialérgicos,141.81,2026-07-25,Saturday ,25,7,3,2026
983.9,5,1535,00:13:54.696495,Juliana Cavalcante,Chácara de Ramos,Vila Boa Vista,Albuquerque,MG,Vacina contra Cirrose - Reforço,Analgésicos,196.78,2026-01-16,Friday   ,16,1,1,2026
90.87,1,2673,10:11:01.780909,Pietra Andrade,Viela Freitas,Flavio Marques Lisboa,Pires,PE,Álcool em Gel 70% Pampers 50 Metros,Fraldas e Infantis,90.87,2025-07-21,Monday   ,21,7,3,2025
67.12,2,2981,18:18:44.529848,Pietra Andrade,Viela Freitas,Flavio Marques Lisboa,Pires,PE,Desodorante Roll-on Colgate 90g,Higiene Pessoal,33.56,2025-10-06,Monday   ,6,10,4,2025
117.54,2,2945,20:05:09.497341,João Vitor Costa,Condomínio Antony Farias,Liberdade,Sá,AC,Loratadina 1g - 10 Comprimidos - Neo Química (Genérico),Primeiros Socorros,58.77,2026-03-08,Sunday   ,8,3,1,2026
44.96,2,824,09:11:43.377218,Maria Luiza Vargas,Setor de Jesus,Boa Viagem,Casa Grande do Oeste,MT,Fluoxetina 50mg - 30 Comprimidos - Medley (Genérico),Fraldas e Infantis,22.48,2025-07-27,Sunday   ,27,7,3,2025
14.57,1,373,09:59:34.915098,Maria Luiza Vargas,Setor de Jesus,Boa Viagem,Casa Grande do Oeste,MT,Cefalexina 500mg - 20 Comprimidos - Neo Química (Genérico),Produtos Ortopédicos,14.57,2025-05-05,Monday   ,5,5,2,2025
269.54999999999995,3,1169,07:10:15.282544,Maria Luiza Vargas,Setor de Jesus,Boa Viagem,Casa Grande do Oeste,MT,Sildenafila Pomada 30g - Aché,Higiene Pessoal,89.85,2024-12-21,Saturday ,21,12,4,2024
60.82,2,2764,23:01:27.689944,Léo Mendonça,Lagoa de Farias,Vila Jardim Montanhes,Rocha,RS,Sildenafila 25mg - 30 Comprimidos - EMS (Genérico),Primeiros Socorros,30.41,2025-08-16,Saturday ,16,8,3,2025
932.84,4,1934,21:04:14.848387,Léo Mendonça,Lagoa de Farias,Vila Jardim Montanhes,Rocha,RS,Vacina contra Epilepsia - Dose Única,Fitoterápicos,233.21,2025-12-23,Tuesday  ,23,12,4,2025
297.12,4,2018,23:51:40.598535,Léo Mendonça,Lagoa de Farias,Vila Jardim Montanhes,Rocha,RS,Vacina contra Depressão - Reforço,Dermocosméticos,74.28,2025-05-09,Friday   ,9,5,2,2025
134.53,1,2730,15:07:41.342269,João Rios,Lago Maria Luísa da Rocha,Jardim América,Rodrigues,TO,Ibuprofeno Gotas 20ml - Medley (Genérico),Antitérmicos,134.53,2026-03-03,Tuesday  ,3,3,1,2026
115.83,3,251,08:44:35.27865,João Rios,Lago Maria Luísa da Rocha,Jardim América,Rodrigues,TO,Metformina Pomada 30g - Bayer,Genéricos,38.61,2025-02-11,Tuesday  ,11,2,1,2025
512.25,3,2117,00:07:03.092469,João Rios,Lago Maria Luísa da Rocha,Jardim América,Rodrigues,TO,Dipirona Sódica Pomada 30g - EMS (Genérico),Antitérmicos,170.75,2026-05-13,Wednesday,13,5,2,2026
296.1,5,2903,12:42:28.006516,Dra. Maria Cecília Oliveira,Largo Freitas,Lagoinha,Leão,RJ,Vacina contra Dengue - Reforço,Analgésicos,59.22,2026-07-09,Thursday ,9,7,3,2026
54.8,4,1409,16:48:43.314387,Théo Cardoso,Núcleo Mendes,Ipe,Duarte,DF,Ibuprofeno 50mg - 30 Comprimidos - Eurofarma,Antitérmicos,13.7,2025-07-22,Tuesday  ,22,7,3,2025
285.92,4,2120,13:13:23.24499,Théo Cardoso,Núcleo Mendes,Ipe,Duarte,DF,Lenço Umedecido Sempre Livre Tamanho G (32 un),Anti-inflamatórios,71.48,2025-04-28,Monday   ,28,4,2,2025
691.59,3,2027,04:18:26.811468,Julia Ramos,Campo de Freitas,Castanheira,Nunes,SP,Fluoxetina Suspensão Oral 50ml - Aché,Vacinas,230.53,2025-07-05,Saturday ,5,7,3,2025
6.85,1,522,13:14:31.488069,Olivia Câmara,Viaduto de Pires,Vila São Rafael,Duarte,MA,Omeprazol 50mg - 30 Comprimidos - Bayer,Vitaminas e Suplementos,6.85,2025-05-06,Tuesday  ,6,5,2,2025
213.82,1,600,15:26:09.63201,Olivia Câmara,Viaduto de Pires,Vila São Rafael,Duarte,MA,Nimesulida 500mg - 20 Comprimidos - Aché,Antidepressivos,213.82,2024-10-03,Thursday ,3,10,4,2024
368.67,3,1563,18:25:49.685232,Olivia Câmara,Viaduto de Pires,Vila São Rafael,Duarte,MA,Paracetamol 50mg - 30 Comprimidos - Medley (Genérico),Nutrição Infantil,122.89,2025-01-11,Saturday ,11,1,1,2025
740.46,3,2669,22:30:07.446928,Olivia Câmara,Viaduto de Pires,Vila São Rafael,Duarte,MA,Vacina contra Esquizofrenia - Reforço,Cuidados com o Cabelo,246.82,2026-06-03,Wednesday,3,6,2,2026
615.8100000000001,3,1142,11:48:09.944279,Otto Montenegro,Largo Borges,Monte Azul,Moura,SP,Vacina contra Epilepsia - Reforço,Antitérmicos,205.27,2025-01-06,Monday   ,6,1,1,2025
136,5,1106,19:33:18.843287,Isabelly Abreu,Distrito Carvalho,Santa Tereza,Porto,GO,Condicionador Hidratação Rexona 90g,Vitaminas e Suplementos,27.2,2025-01-29,Wednesday,29,1,1,2025
444.84000000000003,3,281,01:53:38.30462,Sr. Enzo Moraes,Sítio João Felipe Gomes,Vila Satélite,Nunes,AC,Pantoprazol 50mg - 30 Comprimidos - Bayer,Saúde Bucal,148.28,2026-06-17,Wednesday,17,6,2,2026
366,3,1753,01:53:41.761197,Sr. Enzo Moraes,Sítio João Felipe Gomes,Vila Satélite,Nunes,AC,Vacina contra Gripe - Reforço,Antidepressivos,122,2026-08-04,Tuesday  ,4,8,3,2026
722.4,5,289,12:30:33.436634,Maria Júlia Casa Grande,Avenida Albuquerque,Conjunto Califórnia Ii,Melo,MA,Hidroclorotiazida 500mg - 20 Comprimidos - Aché,Antidepressivos,144.48,2025-08-20,Wednesday,20,8,3,2025
68.11,1,949,13:49:54.862859,Maria Júlia Casa Grande,Avenida Albuquerque,Conjunto Califórnia Ii,Melo,MA,Omeprazol 25mg - 30 Comprimidos - Eurofarma,Higiene Pessoal,68.11,2025-06-09,Monday   ,9,6,2,2025
727.08,3,869,07:50:16.823502,Murilo da Cunha,Colônia Heloísa Siqueira,Caiçara - Adelaide,Lopes dos Dourados,PB,Atenolol 50mg - 30 Comprimidos - EMS (Genérico),Dermocosméticos,242.36,2026-03-31,Tuesday  ,31,3,1,2026
199.05,5,2062,12:10:45.242595,Murilo da Cunha,Colônia Heloísa Siqueira,Caiçara - Adelaide,Lopes dos Dourados,PB,Tadalafila 25mg - 30 Comprimidos - Aché,Antitérmicos,39.81,2026-02-20,Friday   ,20,2,1,2026
74.2,1,1646,04:56:41.156094,Murilo da Cunha,Colônia Heloísa Siqueira,Caiçara - Adelaide,Lopes dos Dourados,PB,Vacina contra Parkinson - Reforço,Fraldas e Infantis,74.2,2026-03-22,Sunday   ,22,3,1,2026
234.84,3,1971,04:24:12.901092,Maria Fernanda Rodrigues,Passarela Castro,Tirol,Pires,PE,Sinvastatina Xarope 120ml - EMS (Genérico),Antitérmicos,78.28,2024-11-13,Wednesday,13,11,4,2024
435.24,4,1311,02:11:58.709177,Maria Fernanda Rodrigues,Passarela Castro,Tirol,Pires,PE,Metformina Xarope 120ml - EMS (Genérico),Dermocosméticos,108.81,2025-11-15,Saturday ,15,11,4,2025
519.7,5,2419,02:08:27.10272,Maria Fernanda Rodrigues,Passarela Castro,Tirol,Pires,PE,Clonazepam 500mg - 20 Comprimidos - Medley (Genérico),Dermocosméticos,103.94,2025-06-09,Monday   ,9,6,2,2025
332.52,2,493,01:57:48.740226,Maria Fernanda Rodrigues,Passarela Castro,Tirol,Pires,PE,Sildenafila 1g - 10 Comprimidos - EMS (Genérico),Antitérmicos,166.26,2024-11-04,Monday   ,4,11,4,2024
441.7,2,1529,13:36:25.777637,Maria Fernanda Rodrigues,Passarela Castro,Tirol,Pires,PE,Água Micelar La Roche-Posay Tamanho M (40 un),Vitaminas e Suplementos,220.85,2025-06-04,Wednesday,4,6,2,2025
293.85,5,757,12:26:12.598312,Ana Lívia Cardoso,Jardim de Costa,Santa Cecilia,Almeida das Pedras,PI,Loratadina 1g - 10 Comprimidos - Neo Química (Genérico),Primeiros Socorros,58.77,2025-10-21,Tuesday  ,21,10,4,2025
220.47,1,1836,15:17:56.696573,Ana Lívia Cardoso,Jardim de Costa,Santa Cecilia,Almeida das Pedras,PI,Sérum Vitamina C Huggies 50 Metros,Nutrição Infantil,220.47,2024-10-07,Monday   ,7,10,4,2024
240.96,1,1458,21:28:01.752711,Marcela Silva,Viaduto Ester Lopes,Conjunto Celso Machado,Lopes de Goiás,SE,Metformina Suspensão Oral 50ml - EMS (Genérico),Fraldas e Infantis,240.96,2025-07-21,Monday   ,21,7,3,2025
31.24,2,1095,21:41:41.786943,Marcela Silva,Viaduto Ester Lopes,Conjunto Celso Machado,Lopes de Goiás,SE,Diclofenaco 50mg - 30 Comprimidos - Medley (Genérico),Vitaminas e Suplementos,15.62,2025-02-17,Monday   ,17,2,1,2025
103.9,2,1747,11:14:46.052662,Marcela Silva,Viaduto Ester Lopes,Conjunto Celso Machado,Lopes de Goiás,SE,Sabonete em Barra Aptamil 50 Metros,Higiene Pessoal,51.95,2026-01-29,Thursday ,29,1,1,2026
491.58,2,1923,12:40:55.333901,Henrique Correia,Vereda Cecilia Fonseca,Vila Tirol,Macedo,AC,Diclofenaco 500mg - 20 Comprimidos - Neo Química (Genérico),Antidepressivos,245.79,2026-08-02,Sunday   ,2,8,3,2026
184.98,2,1725,13:31:49.344156,Davi Luiz Carvalho,Praça Bruno Vasconcelos,Nova Esperança,Moura,BA,Losartana Potássica Gotas 20ml - Medley (Genérico),Antitérmicos,92.49,2026-09-11,Friday   ,11,9,3,2026
163.14,1,1657,22:58:55.182978,Davi Luiz Carvalho,Praça Bruno Vasconcelos,Nova Esperança,Moura,BA,Creme Dental Clear 50g,Antidepressivos,163.14,2026-08-23,Sunday   ,23,8,3,2026
49.16,2,1238,05:38:19.126235,Davi Luiz Carvalho,Praça Bruno Vasconcelos,Nova Esperança,Moura,BA,Protetor Solar Facial G-Tech Tamanho M (40 un),Cuidados com o Cabelo,24.58,2025-10-21,Tuesday  ,21,10,4,2025
734.49,3,1973,19:36:34.534656,Ana Laura da Rocha,Sítio Marques,Mirante,Nunes,SE,Amoxicilina Xarope 120ml - Bayer,Antibióticos,244.83,2025-03-07,Friday   ,7,3,1,2025
1221.6,5,1906,06:33:22.89487,Ana Laura da Rocha,Sítio Marques,Mirante,Nunes,SE,Soro Fisiológico Johnson's Tamanho M (40 un),Primeiros Socorros,244.32,2026-01-24,Saturday ,24,1,1,2026
1000.6,5,46,09:38:37.607737,Helena Carvalho,Parque de Costela,Braúnas,Borges,BA,Vacina contra Artrite - Dose Única,Produtos Ortopédicos,200.12,2026-07-25,Saturday ,25,7,3,2026
33.56,1,536,22:54:02.814328,Helena Carvalho,Parque de Costela,Braúnas,Borges,BA,Desodorante Roll-on Colgate 90g,Higiene Pessoal,33.56,2026-08-29,Saturday ,29,8,3,2026
69.89,1,2044,08:10:01.822495,José Pedro da Luz,Trecho Isaque Cavalcante,Céu Azul,Cardoso,RO,Desodorante Aerosol G-Tech 400ml,Antidepressivos,69.89,2025-01-18,Saturday ,18,1,1,2025
65.33,1,2095,05:34:38.460516,Ester Nunes,Condomínio de Leão,Jatobá,Costela,AP,Atenolol 25mg - 30 Comprimidos - Neo Química (Genérico),Cuidados com o Cabelo,65.33,2026-03-05,Thursday ,5,3,1,2026
91.88,4,2048,09:54:57.072679,Liam Sales,Área Rafaela Costela,Baleia,Freitas Alegre,PB,Termômetro Digital Mió FPS 70,Produtos Ortopédicos,22.97,2025-09-02,Tuesday  ,2,9,3,2025
398.65000000000003,5,1297,17:54:11.936725,Liam Sales,Área Rafaela Costela,Baleia,Freitas Alegre,PB,Creme Dental Needs FPS 70,Antidepressivos,79.73,2024-10-24,Thursday ,24,10,4,2024
202.27,1,803,23:03:45.862113,Gael Peixoto,Via de Silveira,Urca,Almeida das Pedras,PI,Pantoprazol 1g - 10 Comprimidos - Bayer,Cuidados com o Cabelo,202.27,2025-05-24,Saturday ,24,5,2,2025
1021.25,5,1105,08:41:08.652626,Gael Peixoto,Via de Silveira,Urca,Almeida das Pedras,PI,Vacina contra Zika - Dose Única,Primeiros Socorros,204.25,2025-01-31,Friday   ,31,1,1,2025
239.19,3,883,02:05:15.046232,Gael Peixoto,Via de Silveira,Urca,Almeida das Pedras,PI,Creme Dental Needs FPS 70,Antidepressivos,79.73,2025-09-15,Monday   ,15,9,3,2025
810.12,4,2158,02:17:04.204602,Clarice Castro,Sítio Câmara,Vila Paris,Cavalcante da Serra,RJ,Azitromicina 50mg - 30 Comprimidos - Medley (Genérico),Homeopatia,202.53,2025-05-12,Monday   ,12,5,2,2025
78.9,2,143,10:35:16.979861,Clarice Castro,Sítio Câmara,Vila Paris,Cavalcante da Serra,RJ,Metformina 25mg - 30 Comprimidos - Eurofarma,Antibióticos,39.45,2026-06-12,Friday   ,12,6,2,2026
227.84,2,2878,08:56:33.529429,Clarice Castro,Sítio Câmara,Vila Paris,Cavalcante da Serra,RJ,Hidroclorotiazida 500mg - 20 Comprimidos - Medley (Genérico),Saúde Bucal,113.92,2026-03-10,Tuesday  ,10,3,1,2026
331.14,2,1243,13:45:07.024084,João Gabriel Garcia,Fazenda Aragão,Jaqueline,Fogaça do Amparo,PB,Clonazepam Pomada 30g - Aché,Fraldas e Infantis,165.57,2025-09-08,Monday   ,8,9,3,2025
11.82,2,2165,23:45:16.862613,João Gabriel Garcia,Fazenda Aragão,Jaqueline,Fogaça do Amparo,PB,Omeprazol Suspensão Oral 50ml - EMS (Genérico),Saúde Bucal,5.91,2025-06-18,Wednesday,18,6,2,2025
134.9,5,2236,08:37:19.331386,João Gabriel Garcia,Fazenda Aragão,Jaqueline,Fogaça do Amparo,PB,Sabonete Líquido Huggies FPS 70,Antitérmicos,26.98,2026-08-24,Monday   ,24,8,3,2026
123.48,1,2488,01:45:46.5523,João Gabriel Garcia,Fazenda Aragão,Jaqueline,Fogaça do Amparo,PB,Sérum Vitamina C Mió 400ml,Antitérmicos,123.48,2026-01-22,Thursday ,22,1,1,2026
219.26,1,429,00:43:40.74989,Isabel Cardoso,Condomínio Siqueira,Conjunto Bonsucesso,Pastor,MG,Dipirona Sódica Pomada 30g - Medley (Genérico),Saúde Bucal,219.26,2025-11-05,Wednesday,5,11,4,2025
705.52,4,4,18:36:36.473099,Isabel Cardoso,Condomínio Siqueira,Conjunto Bonsucesso,Pastor,MG,Shampoo Anticaspa Clear 90g,Antitérmicos,176.38,2025-10-21,Tuesday  ,21,10,4,2025
102.09,3,2059,06:27:16.169624,Theo Cardoso,Lago de Araújo,Vitoria,da Mata dos Dourados,PR,Pantoprazol Suspensão Oral 50ml - Neo Química (Genérico),Vitaminas e Suplementos,34.03,2026-06-28,Sunday   ,28,6,2,2026
220.04999999999998,5,2952,18:25:38.979881,Theo Cardoso,Lago de Araújo,Vitoria,da Mata dos Dourados,PR,Sertralina Gotas 20ml - Aché,Dermocosméticos,44.01,2026-01-25,Sunday   ,25,1,1,2026
911.3,5,2909,18:17:53.362518,Ana Luiza Moura,Lago de da Mota,Alta Tensão 1ª Seção,Machado,PE,Vacina contra Trombose - Reforço,Fitoterápicos,182.26,2025-07-18,Friday   ,18,7,3,2025
248.07,3,2214,10:02:59.641229,Leonardo Pimenta,Loteamento Barros,São João,da Costa do Galho,CE,Paracetamol Pomada 30g - Medley (Genérico),Antitérmicos,82.69,2026-07-26,Sunday   ,26,7,3,2026
584.8,4,704,19:47:56.687911,Leonardo Pimenta,Loteamento Barros,São João,da Costa do Galho,CE,Fio Dental Sempre Livre FPS 70,Saúde Bucal,146.2,2025-01-05,Sunday   ,5,1,1,2025
226.05,5,2002,07:39:48.128504,Elisa Brito,Praia Maria Julia Cavalcanti,Ribeiro De Abreu,Moraes do Galho,PA,Vacina contra Osteoporose - Reforço,Antibióticos,45.21,2025-01-22,Wednesday,22,1,1,2025
459.7,2,535,17:40:25.994915,Elisa Brito,Praia Maria Julia Cavalcanti,Ribeiro De Abreu,Moraes do Galho,PA,Álcool em Gel 70% CeraVe 150ml,Genéricos,229.85,2024-12-19,Thursday ,19,12,4,2024
1137.35,5,2353,07:11:33.162778,Elisa Brito,Praia Maria Julia Cavalcanti,Ribeiro De Abreu,Moraes do Galho,PA,Absorvente com Abas Rexona FPS 70,Fitoterápicos,227.47,2025-05-02,Friday   ,2,5,2,2025
1016.85,5,391,23:03:13.933657,Sra. Clarice Silveira,Praia Vitor da Mata,Unidas,Rezende,GO,Fluoxetina 1g - 10 Comprimidos - Medley (Genérico),Produtos Ortopédicos,203.37,2024-12-31,Tuesday  ,31,12,4,2024
483.06000000000006,3,2318,17:30:28.511512,Sra. Isis Pimenta,Setor Noah Câmara,Candelaria,Brito,MT,Escitalopram Gotas 20ml - Eurofarma,Antibióticos,161.02,2024-10-22,Tuesday  ,22,10,4,2024
633.52,4,1359,11:29:08.303498,Sra. Isis Pimenta,Setor Noah Câmara,Candelaria,Brito,MT,Vacina contra Hipertensão - Reforço,Antibióticos,158.38,2024-11-06,Wednesday,6,11,4,2024
148.4,2,1451,11:03:08.505238,Sra. Isis Pimenta,Setor Noah Câmara,Candelaria,Brito,MT,Vacina contra Parkinson - Reforço,Fraldas e Infantis,74.2,2025-10-28,Tuesday  ,28,10,4,2025
288.96,2,830,14:07:02.293997,Davi Miguel Moreira,Travessa Costela,Cruzeiro,da Rosa,AP,Hidroclorotiazida 500mg - 20 Comprimidos - Aché,Antidepressivos,144.48,2026-01-17,Saturday ,17,1,1,2026
140.82,3,2011,20:15:32.228783,Davi Miguel Moreira,Travessa Costela,Cruzeiro,da Rosa,AP,Dipirona Sódica 50mg - 30 Comprimidos - EMS (Genérico),Saúde Bucal,46.94,2025-09-09,Tuesday  ,9,9,3,2025
705.52,4,959,15:03:00.856506,Davi Miguel Moreira,Travessa Costela,Cruzeiro,da Rosa,AP,Shampoo Anticaspa Clear 90g,Antitérmicos,176.38,2025-05-18,Sunday   ,18,5,2,2025
452,5,2224,00:59:30.27442,Henry Gabriel Siqueira,Trecho Laís Alves,Conjunto Jatoba,Rezende,DF,Fluoxetina Gotas 20ml - Aché,Fraldas e Infantis,90.4,2026-07-27,Monday   ,27,7,3,2026
473.62,2,2226,12:59:26.351576,Henry Gabriel Siqueira,Trecho Laís Alves,Conjunto Jatoba,Rezende,DF,Atenolol Xarope 120ml - EMS (Genérico),Analgésicos,236.81,2026-03-19,Thursday ,19,3,1,2026
406.86,2,1620,19:52:09.555535,Henry Gabriel Siqueira,Trecho Laís Alves,Conjunto Jatoba,Rezende,DF,Loratadina 1g - 10 Comprimidos - Aché,Dermocosméticos,203.43,2026-04-08,Wednesday,8,4,2,2026
321.54,2,2207,04:55:43.183538,Sr. Lorenzo Barros,Condomínio de Barros,Vila Copacabana,Vasconcelos do Campo,MG,Vacina contra Hepatite A - Dose Única,Analgésicos,160.77,2025-08-19,Tuesday  ,19,8,3,2025
192.60000000000002,3,2564,10:44:19.144264,Sr. Lorenzo Barros,Condomínio de Barros,Vila Copacabana,Vasconcelos do Campo,MG,Condicionador Hidratação Johnson's FPS 50,Aparelhos Médicos,64.2,2026-04-23,Thursday ,23,4,2,2026
729.48,4,102,01:04:56.270201,Sr. Lorenzo Barros,Condomínio de Barros,Vila Copacabana,Vasconcelos do Campo,MG,Protetor Solar Corporal Bepantol FPS 70,Homeopatia,182.37,2025-06-08,Sunday   ,8,6,2,2025
478.1,5,2206,08:23:24.957996,Sr. Lorenzo Barros,Condomínio de Barros,Vila Copacabana,Vasconcelos do Campo,MG,Sabonete em Barra Huggies 200ml,Antitérmicos,95.62,2025-07-28,Monday   ,28,7,3,2025
478.1,5,2427,11:52:29.502708,Sr. Leonardo Leão,Área Cavalcante,Calafate,da Mota de Oliveira,RS,Sabonete em Barra Huggies 200ml,Antitérmicos,95.62,2026-05-14,Thursday ,14,5,2,2026
623.2,5,50,21:00:44.182887,Manuella Guerra,Praça Vitor Garcia,Juliana,Araújo,MS,Escitalopram 25mg - 30 Comprimidos - Aché,Anti-inflamatórios,124.64,2025-07-19,Saturday ,19,7,3,2025
104.12,1,2046,04:00:34.191907,Manuella Guerra,Praça Vitor Garcia,Juliana,Araújo,MS,Pomada para Assaduras Panvel 200ml,Primeiros Socorros,104.12,2026-01-18,Sunday   ,18,1,1,2026
228.74,1,624,12:51:33.35503,Benicio Cunha,Chácara Maria Clara Jesus,São Luiz,Pastor,AP,Escitalopram Pomada 30g - Eurofarma,Anti-inflamatórios,228.74,2025-07-15,Tuesday  ,15,7,3,2025
328.54,2,1629,16:56:00.996619,Benicio Cunha,Chácara Maria Clara Jesus,São Luiz,Pastor,AP,Azitromicina Gotas 20ml - Aché,Primeiros Socorros,164.27,2025-02-07,Friday   ,7,2,1,2025
742.65,5,1033,17:19:16.037547,Benicio Cunha,Chácara Maria Clara Jesus,São Luiz,Pastor,AP,Amoxicilina 500mg - 20 Comprimidos - EMS (Genérico),Saúde Bucal,148.53,2024-12-02,Monday   ,2,12,4,2024
470.58000000000004,3,1085,22:52:47.329177,Benicio Cunha,Chácara Maria Clara Jesus,São Luiz,Pastor,AP,Vacina contra Hepatite C - Reforço,Nutrição Infantil,156.86,2026-02-05,Thursday ,5,2,1,2026
180.06,2,646,01:47:36.001109,Benicio Cunha,Chácara Maria Clara Jesus,São Luiz,Pastor,AP,Sérum Vitamina C Needs FPS 50,Vitaminas e Suplementos,90.03,2025-12-15,Monday   ,15,12,4,2025
594.42,3,2261,06:08:58.091535,Eduardo Costela,Lago de Albuquerque,Trevo,Ferreira do Amparo,AC,Sertralina 1g - 10 Comprimidos - Neo Química (Genérico),Aparelhos Médicos,198.14,2025-11-24,Monday   ,24,11,4,2025
351.6,2,2962,17:43:17.754573,Eduardo Costela,Lago de Albuquerque,Trevo,Ferreira do Amparo,AC,Sertralina Suspensão Oral 50ml - Bayer,Antibióticos,175.8,2024-10-03,Thursday ,3,10,4,2024
38.04,4,1760,10:37:46.23477,André Azevedo,Viela João Pires,Esperança,Nunes,SP,Dipirona Sódica Gotas 20ml - EMS (Genérico),Aparelhos Médicos,9.51,2026-05-18,Monday   ,18,5,2,2026
203.23,1,815,21:57:29.514569,André Azevedo,Viela João Pires,Esperança,Nunes,SP,Enxaguante Bucal Clear FPS 70,Saúde Bucal,203.23,2025-10-28,Tuesday  ,28,10,4,2025
152.88,2,1039,22:05:53.440122,Pedro Henrique Costela,Residencial da Mota,Vila Batik,Carvalho,DF,Nimesulida 500mg - 20 Comprimidos - EMS (Genérico),Saúde Bucal,76.44,2025-11-01,Saturday ,1,11,4,2025
323.84,2,1993,08:44:03.951982,Pedro Henrique Costela,Residencial da Mota,Vila Batik,Carvalho,DF,Creme Hidratante Panvel FPS 50,Genéricos,161.92,2025-05-14,Wednesday,14,5,2,2025
275.56,4,324,01:37:44.571984,Srta. Esther da Conceição,Trecho Breno das Neves,Leonina,Cavalcanti de Correia,SP,Nimesulida 1g - 10 Comprimidos - Aché,Vacinas,68.89,2025-04-03,Thursday ,3,4,2,2025
106.32,3,1911,06:40:37.038843,Srta. Esther da Conceição,Trecho Breno das Neves,Leonina,Cavalcanti de Correia,SP,Nimesulida Xarope 120ml - Eurofarma,Dermocosméticos,35.44,2025-11-22,Saturday ,22,11,4,2025
727.3499999999999,3,846,00:57:42.725605,Srta. Esther da Conceição,Trecho Breno das Neves,Leonina,Cavalcanti de Correia,SP,Ibuprofeno Suspensão Oral 50ml - Eurofarma,Anti-inflamatórios,242.45,2025-04-03,Thursday ,3,4,2,2025
296.8,4,380,23:53:27.582537,Srta. Esther da Conceição,Trecho Breno das Neves,Leonina,Cavalcanti de Correia,SP,Vacina contra Parkinson - Reforço,Fraldas e Infantis,74.2,2026-04-23,Thursday ,23,4,2,2026
637.11,3,1189,16:03:47.827116,Srta. Esther da Conceição,Trecho Breno das Neves,Leonina,Cavalcanti de Correia,SP,Fio Dental Listerine 200ml,Saúde Bucal,212.37,2025-10-09,Thursday ,9,10,4,2025
1050.95,5,556,08:53:24.989866,Sra. Fernanda Campos,Condomínio de Nunes,Vila Jardim Leblon,Duarte Verde,RO,Dipirona Sódica Pomada 30g - Bayer,Antidepressivos,210.19,2024-09-20,Friday   ,20,9,3,2024
386.15999999999997,3,1735,23:03:32.661434,Sra. Fernanda Campos,Condomínio de Nunes,Vila Jardim Leblon,Duarte Verde,RO,Álcool em Gel 70% La Roche-Posay 50g,Antibióticos,128.72,2026-09-11,Friday   ,11,9,3,2026
769.92,4,2892,12:49:24.225557,Benicio da Mota,Condomínio Vicente Aragão,Palmeiras,Fogaça do Amparo,PB,Atenolol 500mg - 20 Comprimidos - Eurofarma,Primeiros Socorros,192.48,2026-02-15,Sunday   ,15,2,1,2026
901.56,4,1112,19:19:47.069532,Benicio da Mota,Condomínio Vicente Aragão,Palmeiras,Fogaça do Amparo,PB,Soro Fisiológico Dove 150ml,Antidepressivos,225.39,2024-12-14,Saturday ,14,12,4,2024
114.60000000000001,5,1476,14:21:05.592229,Bella Correia,Morro Leão,Jonas Veiga,Souza,ES,Diclofenaco Gotas 20ml - Eurofarma,Produtos Ortopédicos,22.92,2026-08-13,Thursday ,13,8,3,2026
454.44,2,1074,01:12:43.497669,Bella Correia,Morro Leão,Jonas Veiga,Souza,ES,Fluoxetina 500mg - 20 Comprimidos - Medley (Genérico),Dermocosméticos,227.22,2024-10-08,Tuesday  ,8,10,4,2024
97.02,2,712,14:17:55.438671,Bella Correia,Morro Leão,Jonas Veiga,Souza,ES,Sérum Vitamina C Panvel 400ml,Fitoterápicos,48.51,2026-03-30,Monday   ,30,3,1,2026
616.75,5,2358,01:06:22.880487,Dr. Theodoro Rodrigues,Núcleo de Araújo,São Vicente,Almeida das Pedras,PI,Pantoprazol Pomada 30g - Neo Química (Genérico),Anti-inflamatórios,123.35,2025-10-17,Friday   ,17,10,4,2025
108.05,1,1948,02:57:31.699695,Dr. Theodoro Rodrigues,Núcleo de Araújo,São Vicente,Almeida das Pedras,PI,Condicionador Hidratação G-Tech FPS 50,Produtos Ortopédicos,108.05,2025-09-15,Monday   ,15,9,3,2025
191.69,1,1583,01:34:32.286245,Dr. Theodoro Rodrigues,Núcleo de Araújo,São Vicente,Almeida das Pedras,PI,Creme Dental Panvel 90g,Antitérmicos,191.69,2025-06-27,Friday   ,27,6,2,2025
89.85,1,1305,00:38:39.734751,Lívia Dias,Campo da Cruz,Nova Granada,Souza,ES,Sildenafila Pomada 30g - Aché,Higiene Pessoal,89.85,2026-05-21,Thursday ,21,5,2,2026
84.03,3,1183,04:01:06.839249,Lívia Dias,Campo da Cruz,Nova Granada,Souza,ES,Vacina contra Hepatite C - Dose Única,Cuidados com o Cabelo,28.01,2025-09-25,Thursday ,25,9,3,2025
686.2,5,2616,02:10:16.714172,Matheus Cassiano,Viela Ravy Moreira,Etelvina Carneiro,Aparecida,CE,Azitromicina Xarope 120ml - EMS (Genérico),Genéricos,137.24,2025-06-06,Friday   ,6,6,2,2025
152.89999999999998,5,92,05:38:18.684658,Matheus Cassiano,Viela Ravy Moreira,Etelvina Carneiro,Aparecida,CE,Fralda Descartável Colgate 50 Metros,Antidepressivos,30.58,2024-09-19,Thursday ,19,9,3,2024
384.7,5,2791,08:03:15.962168,Srta. Kamilly Aragão,Viela Martins,Bonfim,Cardoso,RO,Tadalafila Suspensão Oral 50ml - Medley (Genérico),Antialérgicos,76.94,2026-06-06,Saturday ,6,6,2,2026
566.2,4,2081,22:46:58.2196,Srta. Kamilly Aragão,Viela Martins,Bonfim,Cardoso,RO,Amoxicilina Pomada 30g - Bayer,Vitaminas e Suplementos,141.55,2025-03-08,Saturday ,8,3,1,2025
1245.6,5,1674,01:33:47.504523,Srta. Kamilly Aragão,Viela Martins,Bonfim,Cardoso,RO,Tadalafila 25mg - 30 Comprimidos - Eurofarma,Antialérgicos,249.12,2026-04-27,Monday   ,27,4,2,2026
426.32,4,1890,01:00:43.288092,Srta. Kamilly Aragão,Viela Martins,Bonfim,Cardoso,RO,Água Micelar Colgate 50g,Fitoterápicos,106.58,2026-04-02,Thursday ,2,4,2,2026
574.48,4,1960,03:50:25.366884,Srta. Kamilly Aragão,Viela Martins,Bonfim,Cardoso,RO,Protetor Solar Corporal La Roche-Posay 90g,Aparelhos Médicos,143.62,2025-05-28,Wednesday,28,5,2,2025
379.90000000000003,5,2617,20:13:13.874603,Dra. Maria Vargas,Ladeira de Ramos,Paquetá,Cavalcante da Serra,RJ,Omeprazol 25mg - 30 Comprimidos - Bayer,Analgésicos,75.98,2024-09-29,Sunday   ,29,9,3,2024
717.28,4,2112,19:20:39.843362,Dra. Maria Vargas,Ladeira de Ramos,Paquetá,Cavalcante da Serra,RJ,Ibuprofeno Suspensão Oral 50ml - Medley (Genérico),Homeopatia,179.32,2026-03-06,Friday   ,6,3,1,2026
54.02,2,2290,02:03:52.346879,Dra. Maria Vargas,Ladeira de Ramos,Paquetá,Cavalcante da Serra,RJ,Ibuprofeno 25mg - 30 Comprimidos - Bayer,Dermocosméticos,27.01,2025-03-13,Thursday ,13,3,1,2025
410.54,2,1829,12:24:45.855703,Dra. Maria Vargas,Ladeira de Ramos,Paquetá,Cavalcante da Serra,RJ,Vacina contra Epilepsia - Reforço,Antitérmicos,205.27,2026-05-24,Sunday   ,24,5,2,2026
107.92,4,2601,05:44:16.585315,Dra. Maria Vargas,Ladeira de Ramos,Paquetá,Cavalcante da Serra,RJ,Sabonete Líquido Huggies FPS 70,Antitérmicos,26.98,2024-11-08,Friday   ,8,11,4,2024
456.52,2,910,00:24:32.707448,Dra. Maria Vargas,Ladeira de Ramos,Paquetá,Cavalcante da Serra,RJ,Curativos (Band-Aid) Pampers 400ml,Aparelhos Médicos,228.26,2025-03-23,Sunday   ,23,3,1,2025
126.2,1,1499,01:41:25.453441,Francisco Pinto,Morro João Miguel Andrade,São Luiz,Cassiano,SE,Pantoprazol 1g - 10 Comprimidos - Medley (Genérico),Analgésicos,126.2,2026-01-01,Thursday ,1,1,1,2026
14.54,1,2324,00:11:23.958315,Francisco Pinto,Morro João Miguel Andrade,São Luiz,Cassiano,SE,Amoxicilina Gotas 20ml - Aché,Aparelhos Médicos,14.54,2025-12-03,Wednesday,3,12,4,2025
114.85,5,696,05:18:12.110089,Francisco Pinto,Morro João Miguel Andrade,São Luiz,Cassiano,SE,Termômetro Digital Mió FPS 70,Produtos Ortopédicos,22.97,2024-10-12,Saturday ,12,10,4,2024
459.7,2,2334,02:24:33.878142,Francisco Pinto,Morro João Miguel Andrade,São Luiz,Cassiano,SE,Álcool em Gel 70% CeraVe 150ml,Genéricos,229.85,2024-10-24,Thursday ,24,10,4,2024
459.7,2,1263,13:29:58.002885,Francisco Pinto,Morro João Miguel Andrade,São Luiz,Cassiano,SE,Álcool em Gel 70% CeraVe 150ml,Genéricos,229.85,2026-01-29,Thursday ,29,1,1,2026
724.96,4,342,12:27:28.568231,Dra. Luiza Fogaça,Vila Léo Andrade,Primeiro De Maio,Câmara do Galho,RO,Cefalexina Suspensão Oral 50ml - Medley (Genérico),Vacinas,181.24,2025-02-13,Thursday ,13,2,1,2025
35.23,1,2229,03:32:03.206195,Dra. Luiza Fogaça,Vila Léo Andrade,Primeiro De Maio,Câmara do Galho,RO,Condicionador Hidratação G-Tech Tamanho G (32 un),Analgésicos,35.23,2024-11-27,Wednesday,27,11,4,2024
254.54999999999998,5,1098,18:43:15.27416,Nicolas Gonçalves,Viela de Lopes,São Lucas,Barros de Sousa,RS,Nimesulida Xarope 120ml - Medley (Genérico),Antidepressivos,50.91,2026-05-16,Saturday ,16,5,2,2026
117.32,4,1407,22:30:19.3276,Vitória Sampaio,Rodovia de Lopes,Vila Tirol,Moraes,DF,Condicionador Hidratação Huggies 400ml,Antialérgicos,29.33,2024-12-28,Saturday ,28,12,4,2024
197.25,5,834,00:12:40.226563,José Pedro Albuquerque,Lago da Rocha,Floramar,Farias da Prata,RN,Metformina 25mg - 30 Comprimidos - Eurofarma,Antibióticos,39.45,2024-12-29,Sunday   ,29,12,4,2024
121.82,2,1884,23:29:26.042256,José Pedro Albuquerque,Lago da Rocha,Floramar,Farias da Prata,RN,Azitromicina 1g - 10 Comprimidos - EMS (Genérico),Dermocosméticos,60.91,2025-03-05,Wednesday,5,3,1,2025
334.53000000000003,3,2926,16:01:17.858475,José Pedro Albuquerque,Lago da Rocha,Floramar,Farias da Prata,RN,Vacina contra Insuficiência Renal - Reforço,Fitoterápicos,111.51,2025-01-17,Friday   ,17,1,1,2025
1093.8,5,577,18:05:05.286768,José Pedro Albuquerque,Lago da Rocha,Floramar,Farias da Prata,RN,Soro Fisiológico Mió 90g,Analgésicos,218.76,2024-10-29,Tuesday  ,29,10,4,2024
960.4,4,2602,06:51:51.422576,Ravi Lucca Sales,Trecho Felipe Santos,Conjunto Floramar,Pacheco de Novaes,PR,Tadalafila 50mg - 30 Comprimidos - Neo Química (Genérico),Fitoterápicos,240.1,2025-05-22,Thursday ,22,5,2,2025
390.5,5,521,02:48:50.198287,Ravi Lucca Sales,Trecho Felipe Santos,Conjunto Floramar,Pacheco de Novaes,PR,Diclofenaco Pomada 30g - Medley (Genérico),Dermocosméticos,78.1,2026-06-02,Tuesday  ,2,6,2,2026
471.78,3,555,16:11:26.107657,Ravi Lucca Sales,Trecho Felipe Santos,Conjunto Floramar,Pacheco de Novaes,PR,Atenolol 50mg - 30 Comprimidos - Medley (Genérico),Anti-inflamatórios,157.26,2026-08-26,Wednesday,26,8,3,2026
352.32,3,1069,07:53:49.587824,Ravi Lucca Sales,Trecho Felipe Santos,Conjunto Floramar,Pacheco de Novaes,PR,Sabonete em Barra Colgate Tamanho G (32 un),Fraldas e Infantis,117.44,2026-09-08,Tuesday  ,8,9,3,2026
285.5,5,2015,10:02:42.307077,Vitória Ribeiro,Favela de Abreu,Santa Isabel,Silva de Minas,MA,Tadalafila 500mg - 20 Comprimidos - Aché,Aparelhos Médicos,57.1,2026-07-21,Tuesday  ,21,7,3,2026
800.48,4,2143,14:01:54.664696,Vitória Ribeiro,Favela de Abreu,Santa Isabel,Silva de Minas,MA,Vacina contra Artrite - Dose Única,Produtos Ortopédicos,200.12,2025-10-31,Friday   ,31,10,4,2025
901.56,4,1411,17:47:30.86572,Vitória Ribeiro,Favela de Abreu,Santa Isabel,Silva de Minas,MA,Soro Fisiológico Dove 150ml,Antidepressivos,225.39,2025-05-14,Wednesday,14,5,2,2025
109.76,4,1832,10:57:11.172992,Vitória Ribeiro,Favela de Abreu,Santa Isabel,Silva de Minas,MA,Curativos (Band-Aid) Sempre Livre 90g,Antitérmicos,27.44,2026-05-06,Wednesday,6,5,2,2026
373.92,3,762,15:52:06.150372,Daniel Azevedo,Distrito Nicole Casa Grande,Ambrosina,Araújo,MS,Escitalopram 25mg - 30 Comprimidos - Aché,Anti-inflamatórios,124.64,2025-11-13,Thursday ,13,11,4,2025
386.06,2,2692,01:34:49.167762,Daniel Azevedo,Distrito Nicole Casa Grande,Ambrosina,Araújo,MS,Nimesulida Gotas 20ml - Bayer,Genéricos,193.03,2025-01-10,Friday   ,10,1,1,2025
21.18,1,1388,05:15:06.897717,Daniel Azevedo,Distrito Nicole Casa Grande,Ambrosina,Araújo,MS,Nimesulida 25mg - 30 Comprimidos - Bayer,Antitérmicos,21.18,2025-05-18,Sunday   ,18,5,2,2025
215.45,1,2864,19:18:06.610455,Daniel Azevedo,Distrito Nicole Casa Grande,Ambrosina,Araújo,MS,Vacina contra Gota - Dose Única,Antidepressivos,215.45,2025-01-08,Wednesday,8,1,1,2025
183.24,3,2688,04:17:09.879095,Gabriela Silva,Chácara Vargas,Flamengo,Caldeira,SE,Condicionador Hidratação Nivea 50g,Fraldas e Infantis,61.08,2025-03-28,Friday   ,28,3,1,2025
453.1,5,2396,08:33:48.361593,Rebeca Cavalcante,Rua de Jesus,Alto Vera Cruz,Almeida das Pedras,PI,Amoxicilina Suspensão Oral 50ml - EMS (Genérico),Vacinas,90.62,2025-10-06,Monday   ,6,10,4,2025
183.75,5,1557,17:40:27.803376,Vitor Hugo Cirino,Fazenda de Castro,Havaí,Ramos,AC,Tadalafila Pomada 30g - Aché,Vitaminas e Suplementos,36.75,2025-02-20,Thursday ,20,2,1,2025
1016.15,5,1001,03:30:10.903862,Vitor Hugo Cirino,Fazenda de Castro,Havaí,Ramos,AC,Enxaguante Bucal Clear FPS 70,Saúde Bucal,203.23,2025-10-30,Thursday ,30,10,4,2025
245.37,3,1208,20:36:11.17559,Vitor Hugo Cirino,Fazenda de Castro,Havaí,Ramos,AC,Vacina contra Hipertireoidismo - Reforço,Antidepressivos,81.79,2026-07-11,Saturday ,11,7,3,2026
496.71,3,1839,19:44:56.456083,Davi Lucas Barros,Aeroporto Maria Sophia Gomes,Vila Califórnia,Sales,PE,Clonazepam Pomada 30g - Aché,Fraldas e Infantis,165.57,2026-06-14,Sunday   ,14,6,2,2026
972.45,5,238,07:04:46.852225,Davi Lucas Barros,Aeroporto Maria Sophia Gomes,Vila Califórnia,Sales,PE,Hastes Flexíveis (Cotonetes) Listerine 200ml,Homeopatia,194.49,2025-10-05,Sunday   ,5,10,4,2025
558.4000000000001,5,1387,00:09:00.55149,Lavínia Caldeira,Ladeira de Guerra,Gutierrez,Pereira,SP,Hidroclorotiazida Xarope 120ml - EMS (Genérico),Antidepressivos,111.68,2025-09-08,Monday   ,8,9,3,2025
809.08,4,1246,04:12:43.008086,Lavínia Caldeira,Ladeira de Guerra,Gutierrez,Pereira,SP,Pantoprazol 1g - 10 Comprimidos - Bayer,Cuidados com o Cabelo,202.27,2025-02-16,Sunday   ,16,2,1,2025
675.08,4,218,05:18:14.744534,Lavínia Caldeira,Ladeira de Guerra,Gutierrez,Pereira,SP,Tadalafila Xarope 120ml - Bayer,Antibióticos,168.77,2024-10-31,Thursday ,31,10,4,2024
81.03,3,837,13:37:50.58875,Lavínia Caldeira,Ladeira de Guerra,Gutierrez,Pereira,SP,Ibuprofeno 25mg - 30 Comprimidos - Bayer,Dermocosméticos,27.01,2026-09-10,Thursday ,10,9,3,2026
818,5,136,01:00:29.312469,Brayan Pastor,Núcleo de Martins,Nova Gameleira,Freitas,RO,Enalapril Suspensão Oral 50ml - Aché,Vitaminas e Suplementos,163.6,2026-01-08,Thursday ,8,1,1,2026
996.48,4,258,02:54:36.2771,Brayan Pastor,Núcleo de Martins,Nova Gameleira,Freitas,RO,Tadalafila 25mg - 30 Comprimidos - Eurofarma,Antialérgicos,249.12,2026-04-30,Thursday ,30,4,2,2026
91.88,4,41,01:00:14.124255,Brayan Pastor,Núcleo de Martins,Nova Gameleira,Freitas,RO,Termômetro Digital Mió FPS 70,Produtos Ortopédicos,22.97,2025-05-08,Thursday ,8,5,2,2025
549.6500000000001,5,264,20:23:04.451611,Maria Alice Viana,Estrada de Almeida,Estoril,Guerra de Minas,DF,Dipirona Sódica 1g - 10 Comprimidos - Bayer,Cuidados com o Cabelo,109.93,2026-06-22,Monday   ,22,6,2,2026
457.1,5,1391,13:47:35.099108,Sr. Murilo Macedo,Chácara de Teixeira,Das Industrias I,Aragão da Serra,MT,Losartana Potássica Pomada 30g - Bayer,Nutrição Infantil,91.42,2024-11-18,Monday   ,18,11,4,2024
90.13,1,2703,16:50:43.378277,Sr. Murilo Macedo,Chácara de Teixeira,Das Industrias I,Aragão da Serra,MT,Desodorante Roll-on Sempre Livre 150ml,Vitaminas e Suplementos,90.13,2025-08-26,Tuesday  ,26,8,3,2025
152.89999999999998,5,2644,22:35:58.650122,Sr. Murilo Macedo,Chácara de Teixeira,Das Industrias I,Aragão da Serra,MT,Fralda Descartável Colgate 50 Metros,Antidepressivos,30.58,2024-09-16,Monday   ,16,9,3,2024
478.1,5,1065,20:59:56.625893,Maria Vitória Rodrigues,Feira de Mendonça,Ademar Maldonado,Souza,ES,Sabonete em Barra Huggies 200ml,Antitérmicos,95.62,2025-05-30,Friday   ,30,5,2,2025
467.12,2,1821,06:32:29.108011,Maria Laura Pinto,Vale Vasconcelos,Comiteco,Cavalcanti de Correia,SP,Ibuprofeno Suspensão Oral 50ml - Neo Química (Genérico),Dermocosméticos,233.56,2026-07-27,Monday   ,27,7,3,2026
19.19,1,1816,04:37:27.234557,Maria Laura Pinto,Vale Vasconcelos,Comiteco,Cavalcanti de Correia,SP,Nimesulida 1g - 10 Comprimidos - Eurofarma,Produtos Ortopédicos,19.19,2024-10-03,Thursday ,3,10,4,2024
100.10999999999999,3,1702,22:30:00.375004,Maria Laura Pinto,Vale Vasconcelos,Comiteco,Cavalcanti de Correia,SP,Protetor Solar Corporal Needs Tamanho M (40 un),Antibióticos,33.37,2026-02-04,Wednesday,4,2,1,2026
280.88,4,1211,16:35:24.970578,Emanuella Nascimento,Núcleo Mendonça,São João,Macedo de Costa,RJ,Pantoprazol 1g - 10 Comprimidos - EMS (Genérico),Antialérgicos,70.22,2026-02-05,Thursday ,5,2,1,2026
228.4,4,1920,17:22:44.483864,Emanuella Nascimento,Núcleo Mendonça,São João,Macedo de Costa,RJ,Tadalafila 500mg - 20 Comprimidos - Aché,Aparelhos Médicos,57.1,2024-10-26,Saturday ,26,10,4,2024
1175.5500000000002,5,2562,16:33:08.428111,Emanuella Nascimento,Núcleo Mendonça,São João,Macedo de Costa,RJ,Cefalexina 500mg - 20 Comprimidos - Medley (Genérico),Antitérmicos,235.11,2025-06-09,Monday   ,9,6,2,2025
859.05,5,552,22:07:15.910182,Vicente Jesus,Lago Théo Azevedo,Boa União 2ª Seção,Correia Grande,MA,Enxaguante Bucal Sempre Livre 400ml,Genéricos,171.81,2025-12-14,Sunday   ,14,12,4,2025
626.73,3,1883,11:36:13.11268,Sra. Luana Jesus,Recanto de Novaes,Pompéia,da Rocha do Amparo,RN,Hastes Flexíveis (Cotonetes) Huggies 150ml,Antibióticos,208.91,2024-11-30,Saturday ,30,11,4,2024
680.91,3,385,10:40:43.603931,Maria Isis Castro,Rua Oliveira,Vila Coqueiral,Andrade Alegre,DF,Fluoxetina 50mg - 30 Comprimidos - EMS (Genérico),Vitaminas e Suplementos,226.97,2025-10-14,Tuesday  ,14,10,4,2025
306.48,3,587,12:57:50.772315,Maria Isis Castro,Rua Oliveira,Vila Coqueiral,Andrade Alegre,DF,Atenolol Pomada 30g - Medley (Genérico),Aparelhos Médicos,102.16,2026-03-02,Monday   ,2,3,1,2026
64.81,1,594,01:35:09.61444,Maria Isis Castro,Rua Oliveira,Vila Coqueiral,Andrade Alegre,DF,Vacina contra Hipotensão - Reforço,Antidepressivos,64.81,2025-05-30,Friday   ,30,5,2,2025
208.08,2,2129,10:53:17.002715,Maria Isis Castro,Rua Oliveira,Vila Coqueiral,Andrade Alegre,DF,Vacina contra Gripe - Dose Única,Dermocosméticos,104.04,2025-11-05,Wednesday,5,11,4,2025
79,2,2124,18:02:48.65808,Maria Isis Castro,Rua Oliveira,Vila Coqueiral,Andrade Alegre,DF,Vacina contra Esquizofrenia - Dose Única,Antialérgicos,39.5,2026-01-11,Sunday   ,11,1,1,2026
433.43999999999994,3,2356,07:56:43.002344,Luiz Fernando Cassiano,Viela Aparecida,Nossa Senhora Da Conceição,Andrade Alegre,DF,Hidroclorotiazida 500mg - 20 Comprimidos - Aché,Antidepressivos,144.48,2026-02-20,Friday   ,20,2,1,2026
473.22,2,2825,10:34:13.211163,Luiz Fernando Cassiano,Viela Aparecida,Nossa Senhora Da Conceição,Andrade Alegre,DF,Dipirona Sódica Xarope 120ml - Neo Química (Genérico),Antidepressivos,236.61,2026-08-23,Sunday   ,23,8,3,2026
57.16,4,997,12:22:54.975218,Luiz Fernando Cassiano,Viela Aparecida,Nossa Senhora Da Conceição,Andrade Alegre,DF,Enalapril Pomada 30g - Eurofarma,Anti-inflamatórios,14.29,2026-03-13,Friday   ,13,3,1,2026
194.04,4,2350,23:06:37.259744,Sr. Dante Cunha,Vale Gabrielly Freitas,Frei Leopoldo,Montenegro,SC,Sérum Vitamina C Panvel 400ml,Fitoterápicos,48.51,2024-10-09,Wednesday,9,10,4,2024
1143.7,5,926,16:21:41.232059,Leandro Garcia,Conjunto Maria Isis Azevedo,Itaipu,Duarte,DF,Escitalopram Pomada 30g - Eurofarma,Anti-inflamatórios,228.74,2025-01-15,Wednesday,15,1,1,2025
283.62,2,366,18:51:14.741698,Leandro Garcia,Conjunto Maria Isis Azevedo,Itaipu,Duarte,DF,Sildenafila Xarope 120ml - Eurofarma,Antialérgicos,141.81,2024-11-13,Wednesday,13,11,4,2024
113.82,3,1540,08:19:55.723935,Srta. Isabelly Borges,Campo de da Cruz,Vila Madre Gertrudes 4ª Seção,Duarte,PI,Sertralina Xarope 120ml - Eurofarma,Fraldas e Infantis,37.94,2025-09-21,Sunday   ,21,9,3,2025
108.81,1,1215,20:40:48.877203,Srta. Isabelly Borges,Campo de da Cruz,Vila Madre Gertrudes 4ª Seção,Duarte,PI,Metformina Xarope 120ml - EMS (Genérico),Dermocosméticos,108.81,2025-01-05,Sunday   ,5,1,1,2025
1175.95,5,583,13:29:46.694844,Srta. Isabelly Borges,Campo de da Cruz,Vila Madre Gertrudes 4ª Seção,Duarte,PI,Leite em Pó Infantil Huggies 90g,Homeopatia,235.19,2025-01-12,Sunday   ,12,1,1,2025
444.04,2,2810,19:57:05.676771,Isaac Brito,Sítio Maitê Cavalcanti,Vila Nova Cachoeirinha 1ª Seção,Rios,AP,Losartana Potássica 500mg - 20 Comprimidos - EMS (Genérico),Genéricos,222.02,2024-11-25,Monday   ,25,11,4,2024
1125.25,5,1278,20:14:37.213951,Isaac Brito,Sítio Maitê Cavalcanti,Vila Nova Cachoeirinha 1ª Seção,Rios,AP,Vacina contra Diabetes Tipo 2 - Reforço,Primeiros Socorros,225.05,2026-04-24,Friday   ,24,4,2,2026
131.25,5,1506,12:17:17.440915,Isaac Brito,Sítio Maitê Cavalcanti,Vila Nova Cachoeirinha 1ª Seção,Rios,AP,Sérum Vitamina C Aptamil Tamanho M (40 un),Antibióticos,26.25,2025-03-29,Saturday ,29,3,1,2025
209.02,1,1750,15:10:06.144854,Isaac Brito,Sítio Maitê Cavalcanti,Vila Nova Cachoeirinha 1ª Seção,Rios,AP,Creme Hidratante Mió 90g,Nutrição Infantil,209.02,2024-11-12,Tuesday  ,12,11,4,2024
819.8000000000001,5,1331,05:21:48.823651,Dr. Guilherme Teixeira,Rua Felipe Peixoto,Nova Granada,Macedo do Sul,DF,Hidroclorotiazida 500mg - 20 Comprimidos - Bayer,Primeiros Socorros,163.96,2025-08-28,Thursday ,28,8,3,2025
762.44,4,1249,09:59:57.599887,Dr. Guilherme Teixeira,Rua Felipe Peixoto,Nova Granada,Macedo do Sul,DF,Fluoxetina 25mg - 30 Comprimidos - Eurofarma,Fitoterápicos,190.61,2025-09-28,Sunday   ,28,9,3,2025
852.8499999999999,5,894,06:13:58.517043,Luiz Felipe Pastor,Rodovia Macedo,Jardim Do Vale,Castro,RR,Amoxicilina Suspensão Oral 50ml - Eurofarma,Vacinas,170.57,2025-09-24,Wednesday,24,9,3,2025
802.1500000000001,5,1135,06:37:35.652612,Dr. Luiz Felipe Fogaça,Estrada de Moreira,Padre Eustáquio,Porto,GO,Omeprazol Suspensão Oral 50ml - Eurofarma,Anti-inflamatórios,160.43,2024-10-01,Tuesday  ,1,10,4,2024
676.16,4,1887,10:01:08.183209,Dr. Luiz Felipe Fogaça,Estrada de Moreira,Padre Eustáquio,Porto,GO,Diclofenaco 25mg - 30 Comprimidos - Medley (Genérico),Dermocosméticos,169.04,2025-11-04,Tuesday  ,4,11,4,2025
717.8499999999999,5,999,23:15:15.803017,Davi Lucas da Cruz,Jardim Helena Pinto,Nova Suíça,Gonçalves do Sul,RO,Diclofenaco 50mg - 30 Comprimidos - Aché,Produtos Ortopédicos,143.57,2025-06-05,Thursday ,5,6,2,2025
1035.35,5,2020,10:37:29.932186,Davi Lucas da Cruz,Jardim Helena Pinto,Nova Suíça,Gonçalves do Sul,RO,Hidroclorotiazida Xarope 120ml - Neo Química (Genérico),Antitérmicos,207.07,2024-12-19,Thursday ,19,12,4,2024
35.11,1,1956,02:52:27.116187,Davi Lucas da Cruz,Jardim Helena Pinto,Nova Suíça,Gonçalves do Sul,RO,Omeprazol 50mg - 30 Comprimidos - EMS (Genérico),Fitoterápicos,35.11,2025-05-15,Thursday ,15,5,2,2025
980.04,4,2528,23:06:18.355885,Davi Lucas da Cruz,Jardim Helena Pinto,Nova Suíça,Gonçalves do Sul,RO,Hidroclorotiazida 25mg - 30 Comprimidos - EMS (Genérico),Cuidados com o Cabelo,245.01,2025-07-02,Wednesday,2,7,3,2025
157.8,4,2319,10:45:19.695397,Davi Lucas da Cruz,Jardim Helena Pinto,Nova Suíça,Gonçalves do Sul,RO,Metformina 25mg - 30 Comprimidos - Eurofarma,Antibióticos,39.45,2025-09-29,Monday   ,29,9,3,2025
97.3,1,2487,22:43:38.228465,Dr. Guilherme Pimenta,Alameda João Gabriel Mendonça,Vila Minaslandia,Rezende,DF,Fluoxetina Suspensão Oral 50ml - Medley (Genérico),Antidepressivos,97.3,2026-08-11,Tuesday  ,11,8,3,2026
72.85,5,2178,19:12:31.057381,Dr. Guilherme Pimenta,Alameda João Gabriel Mendonça,Vila Minaslandia,Rezende,DF,Cefalexina 500mg - 20 Comprimidos - Neo Química (Genérico),Produtos Ortopédicos,14.57,2026-04-28,Tuesday  ,28,4,2,2026
215.16,3,1518,06:57:37.310519,Dr. Guilherme Pimenta,Alameda João Gabriel Mendonça,Vila Minaslandia,Rezende,DF,Álcool em Gel 70% Aptamil FPS 50,Antibióticos,71.72,2024-09-25,Wednesday,25,9,3,2024
131.87,1,550,11:44:31.058228,Dr. Guilherme Pimenta,Alameda João Gabriel Mendonça,Vila Minaslandia,Rezende,DF,Curativos (Band-Aid) Needs 400ml,Anti-inflamatórios,131.87,2025-03-31,Monday   ,31,3,1,2025
181.24,2,2173,11:14:42.82542,Jade Rios,Fazenda de Azevedo,Santo Agostinho,Vieira de Minas,MT,Amoxicilina Suspensão Oral 50ml - EMS (Genérico),Vacinas,90.62,2025-06-22,Sunday   ,22,6,2,2025
154.02,3,1868,23:50:34.802121,Jade Rios,Fazenda de Azevedo,Santo Agostinho,Vieira de Minas,MT,Losartana Potássica 500mg - 20 Comprimidos - Bayer,Saúde Bucal,51.34,2025-01-08,Wednesday,8,1,1,2025
769.92,4,2807,08:45:27.805523,Sra. Maria da Rosa,Vila Bella Cassiano,Canaa,Silva de Minas,MA,Atenolol 500mg - 20 Comprimidos - Eurofarma,Primeiros Socorros,192.48,2026-06-25,Thursday ,25,6,2,2026
261.05,5,835,19:57:03.733265,Sra. Maria da Rosa,Vila Bella Cassiano,Canaa,Silva de Minas,MA,Tadalafila Suspensão Oral 50ml - EMS (Genérico),Vacinas,52.21,2025-05-20,Tuesday  ,20,5,2,2025
114.6,2,939,16:48:12.502632,Sra. Maria da Rosa,Vila Bella Cassiano,Canaa,Silva de Minas,MA,Pantoprazol Gotas 20ml - Eurofarma,Primeiros Socorros,57.3,2025-09-12,Friday   ,12,9,3,2025
888.76,4,2024,15:57:31.373076,Sra. Maria da Rosa,Vila Bella Cassiano,Canaa,Silva de Minas,MA,Amoxicilina Suspensão Oral 50ml - Neo Química (Genérico),Anti-inflamatórios,222.19,2025-10-15,Wednesday,15,10,4,2025
947.8,4,1863,23:01:29.279952,Sra. Maria da Rosa,Vila Bella Cassiano,Canaa,Silva de Minas,MA,Metformina Pomada 30g - Medley (Genérico),Saúde Bucal,236.95,2026-08-17,Monday   ,17,8,3,2026
245.38,2,304,21:09:30.299018,Sra. Maria da Rosa,Vila Bella Cassiano,Canaa,Silva de Minas,MA,Amoxicilina 25mg - 30 Comprimidos - Bayer,Vitaminas e Suplementos,122.69,2024-12-27,Friday   ,27,12,4,2024
349.92,4,1426,14:06:17.160876,Sra. Maria da Rosa,Vila Bella Cassiano,Canaa,Silva de Minas,MA,Fralda Descartável Aptamil 200ml,Anti-inflamatórios,87.48,2025-06-26,Thursday ,26,6,2,2025
716.91,3,1893,08:14:44.170781,Sr. Diego Rezende,Vila Juan da Cruz,Corumbiara,Duarte,AL,Nimesulida 25mg - 30 Comprimidos - Aché,Dermocosméticos,238.97,2026-01-02,Friday   ,2,1,1,2026
372.2,4,534,03:04:44.926043,Sr. Diego Rezende,Vila Juan da Cruz,Corumbiara,Duarte,AL,Escitalopram Gotas 20ml - EMS (Genérico),Antialérgicos,93.05,2025-08-04,Monday   ,4,8,3,2025
137.18,1,2915,19:41:06.155298,Sr. Diego Rezende,Vila Juan da Cruz,Corumbiara,Duarte,AL,Fluoxetina 1g - 10 Comprimidos - Bayer,Fraldas e Infantis,137.18,2026-08-15,Saturday ,15,8,3,2026
240.58,2,211,13:15:02.52847,Sr. Diego Rezende,Vila Juan da Cruz,Corumbiara,Duarte,AL,Dipirona Sódica Xarope 120ml - Medley (Genérico),Nutrição Infantil,120.29,2025-07-12,Saturday ,12,7,3,2025
537.88,4,640,19:47:17.926826,Sr. Diego Rezende,Vila Juan da Cruz,Corumbiara,Duarte,AL,Nimesulida 50mg - 30 Comprimidos - EMS (Genérico),Anti-inflamatórios,134.47,2025-07-26,Saturday ,26,7,3,2025
476.61,3,2524,16:27:29.308724,Sr. Diego Rezende,Vila Juan da Cruz,Corumbiara,Duarte,AL,Vacina contra Refluxo - Reforço,Dermocosméticos,158.87,2025-09-06,Saturday ,6,9,3,2025
655.23,3,2491,21:26:27.741538,Sr. Diego Rezende,Vila Juan da Cruz,Corumbiara,Duarte,AL,Creme Hidratante La Roche-Posay FPS 50,Vacinas,218.41,2024-10-10,Thursday ,10,10,4,2024
94.2,2,2567,11:46:56.187645,Nina Nunes,Trecho Brito,Inconfidência,Moura,BA,Amoxicilina 1g - 10 Comprimidos - Aché,Produtos Ortopédicos,47.1,2025-07-06,Sunday   ,6,7,3,2025
346.64,2,526,17:09:32.295571,Nina Nunes,Trecho Brito,Inconfidência,Moura,BA,Vacina contra Diabetes Tipo 1 - Dose Única,Antidepressivos,173.32,2025-04-30,Wednesday,30,4,2,2025
386.15999999999997,3,2439,15:28:05.676988,Nina Nunes,Trecho Brito,Inconfidência,Moura,BA,Álcool em Gel 70% La Roche-Posay 50g,Antibióticos,128.72,2025-01-22,Wednesday,22,1,1,2025
27.44,1,2476,13:17:13.356625,Nina Nunes,Trecho Brito,Inconfidência,Moura,BA,Curativos (Band-Aid) Sempre Livre 90g,Antitérmicos,27.44,2026-05-03,Sunday   ,3,5,2,2026
201.12,4,2041,06:56:30.445789,Dr. Bruno Gomes,Ladeira Vieira,Vila Jardim Montanhes,da Paz das Pedras,BA,Metformina Gotas 20ml - Bayer,Saúde Bucal,50.28,2025-12-11,Thursday ,11,12,4,2025
22.26,2,923,13:15:31.424228,Dr. Bruno Gomes,Ladeira Vieira,Vila Jardim Montanhes,da Paz das Pedras,BA,Enalapril Suspensão Oral 50ml - Neo Química (Genérico),Cuidados com o Cabelo,11.13,2025-08-18,Monday   ,18,8,3,2025
27.4,4,2156,22:42:52.143257,Pietro da Mata,Ladeira Gael Henrique da Rosa,Itapoa,Brito,MS,Omeprazol 50mg - 30 Comprimidos - Bayer,Vitaminas e Suplementos,6.85,2026-05-08,Friday   ,8,5,2,2026
130.64,1,1394,10:08:11.27905,Yago Lima,Quadra de Mendes,Vila Paraíso,Silva de Minas,MA,Cefalexina Gotas 20ml - EMS (Genérico),Vitaminas e Suplementos,130.64,2025-02-27,Thursday ,27,2,1,2025
147.63,3,983,02:57:02.716626,Léo Ferreira,Quadra de Moura,Lagoa,Fonseca de Cavalcante,AP,Vacina contra Câncer de Próstata - Reforço,Nutrição Infantil,49.21,2026-04-29,Wednesday,29,4,2,2026
129.3,5,432,11:09:16.849971,Davi Lucca Lopes,Vila Maitê Novaes,Boa União 2ª Seção,Vieira de Minas,PB,Cefalexina 25mg - 30 Comprimidos - Eurofarma,Primeiros Socorros,25.86,2025-02-16,Sunday   ,16,2,1,2025
254.76,2,2085,11:29:33.776376,Davi Lucca Lopes,Vila Maitê Novaes,Boa União 2ª Seção,Vieira de Minas,PB,Vacina contra Insônia - Reforço,Homeopatia,127.38,2025-08-25,Monday   ,25,8,3,2025
344.70000000000005,3,95,03:36:49.697325,Davi Lucca Lopes,Vila Maitê Novaes,Boa União 2ª Seção,Vieira de Minas,PB,Creme Hidratante Listerine 90g,Homeopatia,114.9,2026-06-25,Thursday ,25,6,2,2026
213.16,2,1815,20:26:29.126898,Davi Lucca Lopes,Vila Maitê Novaes,Boa União 2ª Seção,Vieira de Minas,PB,Água Micelar Colgate 50g,Fitoterápicos,106.58,2025-04-08,Tuesday  ,8,4,2,2025
1221.85,5,332,00:02:31.255449,Davi Lucca Lopes,Vila Maitê Novaes,Boa União 2ª Seção,Vieira de Minas,PB,Shampoo Anticaspa CeraVe 500ml,Saúde Bucal,244.37,2025-04-01,Tuesday  ,1,4,2,2025
640.8499999999999,5,633,01:13:02.897089,Igor Gonçalves,Favela Bento Macedo,Tiradentes,Dias,RR,Losartana Potássica Gotas 20ml - Aché,Antidepressivos,128.17,2026-02-22,Sunday   ,22,2,1,2026
210.46,2,1812,16:02:56.717316,Igor Gonçalves,Favela Bento Macedo,Tiradentes,Dias,RR,Protetor Solar Facial Panvel 200ml,Primeiros Socorros,105.23,2025-10-06,Monday   ,6,10,4,2025
1169.55,5,1325,16:20:59.772101,Dr. Luan Mendes,Rodovia Cavalcante,Maria Virgínia,Martins,PA,Pantoprazol Pomada 30g - Medley (Genérico),Dermocosméticos,233.91,2026-02-05,Thursday ,5,2,1,2026
160.78,2,905,11:49:46.656977,Dr. Luan Mendes,Rodovia Cavalcante,Maria Virgínia,Martins,PA,Vacina contra Embolia - Reforço,Anti-inflamatórios,80.39,2026-07-15,Wednesday,15,7,3,2026
273.04,4,2668,01:01:33.714117,Dr. Luan Mendes,Rodovia Cavalcante,Maria Virgínia,Martins,PA,Vacina contra Úlcera - Dose Única,Fraldas e Infantis,68.26,2025-08-24,Sunday   ,24,8,3,2025
227.47,1,2497,15:50:26.0033,Dr. Luan Mendes,Rodovia Cavalcante,Maria Virgínia,Martins,PA,Absorvente com Abas Rexona FPS 70,Fitoterápicos,227.47,2025-11-20,Thursday ,20,11,4,2025
154.11,1,2067,16:59:34.137789,Evelyn Fonseca,Chácara Cunha,Lagoinha Leblon,da Cruz da Mata,PB,Clonazepam 1g - 10 Comprimidos - EMS (Genérico),Antitérmicos,154.11,2026-01-09,Friday   ,9,1,1,2026
439.36,4,1058,02:11:59.490592,Evelyn Fonseca,Chácara Cunha,Lagoinha Leblon,da Cruz da Mata,PB,Loratadina 50mg - 30 Comprimidos - Eurofarma,Higiene Pessoal,109.84,2025-09-05,Friday   ,5,9,3,2025
413.45,5,957,02:15:40.198972,Dr. Nicolas Novaes,Praia de da Costa,Dom Joaquim,da Costa,PR,Paracetamol Pomada 30g - Medley (Genérico),Antitérmicos,82.69,2026-08-06,Thursday ,6,8,3,2026
483.06000000000006,3,1043,11:47:31.371029,Dr. Nicolas Novaes,Praia de da Costa,Dom Joaquim,da Costa,PR,Escitalopram Gotas 20ml - Eurofarma,Antibióticos,161.02,2025-05-05,Monday   ,5,5,2,2025
55.29,3,1822,08:19:02.10291,Dr. Nicolas Novaes,Praia de da Costa,Dom Joaquim,da Costa,PR,Cefalexina 50mg - 30 Comprimidos - EMS (Genérico),Antitérmicos,18.43,2025-03-28,Friday   ,28,3,1,2025
170.59,1,1405,11:13:16.571515,Benício Rezende,Recanto Campos,Prado,Pastor,MG,Omeprazol Xarope 120ml - Aché,Saúde Bucal,170.59,2025-11-15,Saturday ,15,11,4,2025
980.88,4,131,07:48:48.788687,Benício Rezende,Recanto Campos,Prado,Pastor,MG,Sertralina 50mg - 30 Comprimidos - Bayer,Antibióticos,245.22,2025-06-14,Saturday ,14,6,2,2025
105.39000000000001,3,1259,21:46:43.285369,Alexia Cavalcante,Distrito Viana,Vila Santa Rosa,Barbosa,CE,Dipirona Sódica Xarope 120ml - EMS (Genérico),Aparelhos Médicos,35.13,2025-10-01,Wednesday,1,10,4,2025
309.76,2,1689,20:03:39.125778,Alexia Cavalcante,Distrito Viana,Vila Santa Rosa,Barbosa,CE,Tadalafila 25mg - 30 Comprimidos - Neo Química (Genérico),Saúde Bucal,154.88,2025-07-07,Monday   ,7,7,3,2025
135.05,5,1970,18:37:43.02748,Alexia Cavalcante,Distrito Viana,Vila Santa Rosa,Barbosa,CE,Ibuprofeno 25mg - 30 Comprimidos - Bayer,Dermocosméticos,27.01,2024-11-27,Wednesday,27,11,4,2024
104.96,1,753,02:11:49.24498,Alexia Cavalcante,Distrito Viana,Vila Santa Rosa,Barbosa,CE,Desodorante Aerosol Nivea 200ml,Primeiros Socorros,104.96,2026-01-04,Sunday   ,4,1,1,2026
400.24,2,2796,22:24:27.984635,Emilly Monteiro,Rua Camargo,Campo Alegre,Brito,MS,Vacina contra Artrite - Dose Única,Produtos Ortopédicos,200.12,2025-08-13,Wednesday,13,8,3,2025
581.5,5,2195,00:08:22.789443,João Vitor Lopes,Vale Nathan Marques,Olaria,da Paz das Pedras,BA,Diclofenaco 25mg - 30 Comprimidos - Aché,Anti-inflamatórios,116.3,2025-11-29,Saturday ,29,11,4,2025
652.08,3,2615,04:26:45.11061,João Vitor Lopes,Vale Nathan Marques,Olaria,da Paz das Pedras,BA,Vacina contra Gastrite - Reforço,Antibióticos,217.36,2025-12-02,Tuesday  ,2,12,4,2025
652.56,4,1253,11:25:52.265752,João Vitor Lopes,Vale Nathan Marques,Olaria,da Paz das Pedras,BA,Creme Dental Clear 50g,Antidepressivos,163.14,2026-01-20,Tuesday  ,20,1,1,2026
694.24,4,2176,09:19:43.370805,João Vitor Lopes,Vale Nathan Marques,Olaria,da Paz das Pedras,BA,Sérum Vitamina C Clear FPS 70,Fraldas e Infantis,173.56,2024-12-01,Sunday   ,1,12,4,2024
859.8,4,989,14:27:36.560948,Gael Pacheco,Pátio Enrico Almeida,Vila Nova Gameleira 2ª Seção,Azevedo de Minas,RJ,Hidroclorotiazida 1g - 10 Comprimidos - Aché,Analgésicos,214.95,2024-12-16,Monday   ,16,12,4,2024
243.79999999999998,5,73,09:07:18.643008,Gael Pacheco,Pátio Enrico Almeida,Vila Nova Gameleira 2ª Seção,Azevedo de Minas,RJ,Clonazepam 50mg - 30 Comprimidos - Aché,Vitaminas e Suplementos,48.76,2025-05-03,Saturday ,3,5,2,2025
242.36,1,979,03:28:20.337827,Sophia Garcia,Fazenda da Conceição,Mirtes,Nunes,SP,Atenolol 50mg - 30 Comprimidos - EMS (Genérico),Dermocosméticos,242.36,2025-12-05,Friday   ,5,12,4,2025
144.04,2,1066,00:50:24.109104,Clara Andrade,Vereda Ana Luiza da Paz,Monte Azul,Montenegro,SC,Cefalexina Gotas 20ml - Eurofarma,Saúde Bucal,72.02,2024-09-18,Wednesday,18,9,3,2024
180.31,1,1493,20:59:05.377377,Clara Andrade,Vereda Ana Luiza da Paz,Monte Azul,Montenegro,SC,Protetor Solar Facial La Roche-Posay FPS 70,Antitérmicos,180.31,2024-12-20,Friday   ,20,12,4,2024
179.55,1,1803,07:07:38.684264,Yan Garcia,Passarela José Miguel Pinto,Nova Granada,da Paz de Sampaio,PE,Paracetamol 1g - 10 Comprimidos - Aché,Primeiros Socorros,179.55,2025-09-10,Wednesday,10,9,3,2025
729.2,5,2860,13:11:17.634545,Yan Garcia,Passarela José Miguel Pinto,Nova Granada,da Paz de Sampaio,PE,Paracetamol 500mg - 20 Comprimidos - Neo Química (Genérico),Homeopatia,145.84,2026-06-13,Saturday ,13,6,2,2026
1086.8000000000002,5,1599,22:08:44.369227,Yan Garcia,Passarela José Miguel Pinto,Nova Granada,da Paz de Sampaio,PE,Vacina contra Gastrite - Reforço,Antibióticos,217.36,2025-07-09,Wednesday,9,7,3,2025
159.36,2,2217,20:25:13.532998,Yan Garcia,Passarela José Miguel Pinto,Nova Granada,da Paz de Sampaio,PE,Sabonete Líquido Panvel 90g,Nutrição Infantil,79.68,2026-05-16,Saturday ,16,5,2,2026
558.4000000000001,5,409,10:01:35.773014,Aurora Macedo,Feira Dante Mendes,Granja De Freitas,Fogaça Alegre,PR,Hidroclorotiazida Xarope 120ml - EMS (Genérico),Antidepressivos,111.68,2025-03-12,Wednesday,12,3,1,2025
164.27,1,61,12:17:13.03561,Aurora Macedo,Feira Dante Mendes,Granja De Freitas,Fogaça Alegre,PR,Azitromicina Gotas 20ml - Aché,Primeiros Socorros,164.27,2024-11-28,Thursday ,28,11,4,2024
49.41,1,2503,22:50:05.479279,Aurora Macedo,Feira Dante Mendes,Granja De Freitas,Fogaça Alegre,PR,Vacina contra Anemia - Reforço,Aparelhos Médicos,49.41,2024-12-29,Sunday   ,29,12,4,2024
463.68,2,2749,20:03:38.988482,Aurora Macedo,Feira Dante Mendes,Granja De Freitas,Fogaça Alegre,PR,Vacina contra Linfoma - Reforço,Nutrição Infantil,231.84,2025-06-15,Sunday   ,15,6,2,2025
20.97,1,961,03:34:35.715299,Aurora Macedo,Feira Dante Mendes,Granja De Freitas,Fogaça Alegre,PR,Fralda Descartável Nivea FPS 70,Homeopatia,20.97,2025-08-01,Friday   ,1,8,3,2025
748.9,5,758,17:25:32.817077,Brayan Pires,Aeroporto da Rosa,Brasil Industrial,Machado,PE,Metformina 500mg - 20 Comprimidos - Eurofarma,Primeiros Socorros,149.78,2026-02-26,Thursday ,26,2,1,2026
740.1999999999999,5,971,05:40:43.244203,Brayan Pires,Aeroporto da Rosa,Brasil Industrial,Machado,PE,Vacina contra Lúpus - Dose Única,Antibióticos,148.04,2025-11-02,Sunday   ,2,11,4,2025
460.54,2,1264,05:14:15.90819,Brayan Pires,Aeroporto da Rosa,Brasil Industrial,Machado,PE,Vacina contra Alzheimer - Reforço,Nutrição Infantil,230.27,2026-04-09,Thursday ,9,4,2,2026
1007.65,5,790,14:08:12.398086,Brayan Pires,Aeroporto da Rosa,Brasil Industrial,Machado,PE,Sabonete em Barra Clear 50g,Analgésicos,201.53,2025-08-31,Sunday   ,31,8,3,2025
191.82,1,2654,18:29:24.765549,Brayan Pires,Aeroporto da Rosa,Brasil Industrial,Machado,PE,Lenço Umedecido La Roche-Posay 50 Metros,Antidepressivos,191.82,2026-07-30,Thursday ,30,7,3,2026
317,4,2704,01:05:57.782898,Isabelly Santos,Travessa Yago Porto,Betânia,Cirino,RJ,Diclofenaco Pomada 30g - EMS (Genérico),Produtos Ortopédicos,79.25,2024-10-29,Tuesday  ,29,10,4,2024
126.21000000000001,3,1691,10:34:06.997806,Isabelly Santos,Travessa Yago Porto,Betânia,Cirino,RJ,Pantoprazol Xarope 120ml - Eurofarma,Cuidados com o Cabelo,42.07,2026-07-22,Wednesday,22,7,3,2026
749.36,4,212,13:14:45.794613,Isabelly Santos,Travessa Yago Porto,Betânia,Cirino,RJ,Atenolol 1g - 10 Comprimidos - Neo Química (Genérico),Analgésicos,187.34,2025-06-13,Friday   ,13,6,2,2025
112.2,2,589,08:28:15.717705,Isabelly Santos,Travessa Yago Porto,Betânia,Cirino,RJ,Atenolol 25mg - 30 Comprimidos - Medley (Genérico),Vacinas,56.1,2025-07-11,Friday   ,11,7,3,2025
406.38,3,1871,16:41:46.333206,Isabelly Santos,Travessa Yago Porto,Betânia,Cirino,RJ,Vacina contra Refluxo - Dose Única,Cuidados com o Cabelo,135.46,2026-07-24,Friday   ,24,7,3,2026
453.39,3,2233,04:18:14.948562,Isabelly Santos,Travessa Yago Porto,Betânia,Cirino,RJ,Água Micelar Sempre Livre 50g,Vacinas,151.13,2025-12-21,Sunday   ,21,12,4,2025
574.48,4,1650,17:56:21.732878,Isabelly Santos,Travessa Yago Porto,Betânia,Cirino,RJ,Protetor Solar Corporal La Roche-Posay 90g,Aparelhos Médicos,143.62,2025-10-21,Tuesday  ,21,10,4,2025
584.44,4,736,09:42:01.70847,Isabelly Santos,Travessa Yago Porto,Betânia,Cirino,RJ,Lenço Umedecido Colgate 50g,Homeopatia,146.11,2025-01-23,Thursday ,23,1,1,2025
181.24,2,470,05:23:31.87676,Valentim da Luz,Jardim Porto,Vila Inestan,Leão,RJ,Amoxicilina Suspensão Oral 50ml - EMS (Genérico),Vacinas,90.62,2025-10-12,Sunday   ,12,10,4,2025
312.4,4,1778,02:38:54.855373,Valentim da Luz,Jardim Porto,Vila Inestan,Leão,RJ,Diclofenaco Pomada 30g - Medley (Genérico),Dermocosméticos,78.1,2026-03-19,Thursday ,19,3,1,2026
666.0600000000001,3,335,18:38:00.907541,Valentim da Luz,Jardim Porto,Vila Inestan,Leão,RJ,Losartana Potássica 500mg - 20 Comprimidos - EMS (Genérico),Genéricos,222.02,2025-01-11,Saturday ,11,1,1,2025
432.21,3,1196,12:54:18.343506,Valentim da Luz,Jardim Porto,Vila Inestan,Leão,RJ,Sérum Vitamina C Johnson's 150ml,Antibióticos,144.07,2024-11-29,Friday   ,29,11,4,2024
622,5,1177,19:07:55.878037,Valentim da Luz,Jardim Porto,Vila Inestan,Leão,RJ,Leite em Pó Infantil Sempre Livre 400ml,Antialérgicos,124.4,2026-09-06,Sunday   ,6,9,3,2026
229.09,1,1232,15:27:52.78336,Rebeca Gonçalves,Jardim Gomes,Palmeiras,Fogaça do Amparo,PB,Clonazepam 1g - 10 Comprimidos - Bayer,Antitérmicos,229.09,2024-09-19,Thursday ,19,9,3,2024
343.76,2,769,12:00:38.717907,Mateus Mendonça,Estrada Calebe Farias,Vila São Dimas,Rocha,PR,Pantoprazol 50mg - 30 Comprimidos - Eurofarma,Nutrição Infantil,171.88,2025-11-24,Monday   ,24,11,4,2025
495.59999999999997,3,2142,14:34:51.085193,Mateus Mendonça,Estrada Calebe Farias,Vila São Dimas,Rocha,PR,Atenolol Suspensão Oral 50ml - EMS (Genérico),Antidepressivos,165.2,2026-03-13,Friday   ,13,3,1,2026
457.48,2,1062,08:33:33.24485,Vinicius Monteiro,Núcleo Cauã Rezende,Cônego Pinheiro 1ª Seção,da Paz das Flores,PR,Escitalopram Pomada 30g - Eurofarma,Anti-inflamatórios,228.74,2025-07-13,Sunday   ,13,7,3,2025
591.78,3,1929,18:23:07.386039,Vinicius Monteiro,Núcleo Cauã Rezende,Cônego Pinheiro 1ª Seção,da Paz das Flores,PR,Paracetamol Suspensão Oral 50ml - Bayer,Vitaminas e Suplementos,197.26,2024-10-17,Thursday ,17,10,4,2024
471.78,3,78,18:03:27.158976,Vinicius Monteiro,Núcleo Cauã Rezende,Cônego Pinheiro 1ª Seção,da Paz das Flores,PR,Atenolol 50mg - 30 Comprimidos - Medley (Genérico),Anti-inflamatórios,157.26,2025-06-19,Thursday ,19,6,2,2025
56.53,1,613,23:56:15.028195,Vinicius Monteiro,Núcleo Cauã Rezende,Cônego Pinheiro 1ª Seção,da Paz das Flores,PR,Enxaguante Bucal CeraVe 50g,Cuidados com o Cabelo,56.53,2025-05-20,Tuesday  ,20,5,2,2025
396.25,5,527,15:23:50.121766,Ísis da Costa,Favela Liam Câmara,Minas Caixa,Sales,PE,Diclofenaco Pomada 30g - EMS (Genérico),Produtos Ortopédicos,79.25,2026-08-10,Monday   ,10,8,3,2026
823.8,4,257,21:27:20.685503,Ísis da Costa,Favela Liam Câmara,Minas Caixa,Sales,PE,Cefalexina 1g - 10 Comprimidos - Eurofarma,Antialérgicos,205.95,2025-01-24,Friday   ,24,1,1,2025
230.82,3,1927,17:08:30.710089,Ísis da Costa,Favela Liam Câmara,Minas Caixa,Sales,PE,Tadalafila Suspensão Oral 50ml - Medley (Genérico),Antialérgicos,76.94,2026-06-19,Friday   ,19,6,2,2026
31.35,1,353,04:15:13.137697,Ísis da Costa,Favela Liam Câmara,Minas Caixa,Sales,PE,Azitromicina Xarope 120ml - Medley (Genérico),Antibióticos,31.35,2024-10-07,Monday   ,7,10,4,2024
68.89,1,2279,18:05:51.75774,Ísis da Costa,Favela Liam Câmara,Minas Caixa,Sales,PE,Nimesulida 1g - 10 Comprimidos - Aché,Vacinas,68.89,2026-03-06,Friday   ,6,3,1,2026
821.8,4,21,10:01:46.313177,Ísis da Costa,Favela Liam Câmara,Minas Caixa,Sales,PE,Paracetamol Xarope 120ml - Medley (Genérico),Nutrição Infantil,205.45,2025-03-21,Friday   ,21,3,1,2025
559.3,5,1926,13:21:10.996904,Ísis da Costa,Favela Liam Câmara,Minas Caixa,Sales,PE,Sabonete em Barra Dove FPS 70,Antibióticos,111.86,2025-03-27,Thursday ,27,3,1,2025
133.48,4,205,11:11:59.541883,Ísis da Costa,Favela Liam Câmara,Minas Caixa,Sales,PE,Protetor Solar Corporal Needs Tamanho M (40 un),Antibióticos,33.37,2026-06-22,Monday   ,22,6,2,2026
360.09999999999997,5,1166,09:26:02.890654,Dr. Bento Pinto,Via de Macedo,Tirol,Barbosa,DF,Cefalexina Gotas 20ml - Eurofarma,Saúde Bucal,72.02,2026-03-09,Monday   ,9,3,1,2026
27.57,3,2091,21:22:21.503628,Daniel Vargas,Colônia de Peixoto,Outro,Cavalcante,RR,Pantoprazol Gotas 20ml - Medley (Genérico),Fitoterápicos,9.19,2025-01-06,Monday   ,6,1,1,2025
39.45,1,2605,23:19:51.54426,Daniel Vargas,Colônia de Peixoto,Outro,Cavalcante,RR,Metformina 25mg - 30 Comprimidos - Eurofarma,Antibióticos,39.45,2025-04-19,Saturday ,19,4,2,2025
169.88,2,1514,17:43:51.02924,Daniel Vargas,Colônia de Peixoto,Outro,Cavalcante,RR,Enalapril 500mg - 20 Comprimidos - Bayer,Nutrição Infantil,84.94,2025-08-22,Friday   ,22,8,3,2025
148.23,3,77,23:24:52.121437,Daniel Vargas,Colônia de Peixoto,Outro,Cavalcante,RR,Vacina contra Anemia - Reforço,Aparelhos Médicos,49.41,2026-02-08,Sunday   ,8,2,1,2026
148.56,2,2832,15:25:58.37722,Daniel Vargas,Colônia de Peixoto,Outro,Cavalcante,RR,Vacina contra Depressão - Reforço,Dermocosméticos,74.28,2025-04-17,Thursday ,17,4,2,2025
992.2,5,2016,17:40:49.265818,Carlos Eduardo Nascimento,Lago Barbosa,Vila Nova Paraíso,Macedo de Martins,PR,Metformina 1g - 10 Comprimidos - Medley (Genérico),Antitérmicos,198.44,2025-11-02,Sunday   ,2,11,4,2025
301.16,2,1025,21:53:59.159848,Carlos Eduardo Nascimento,Lago Barbosa,Vila Nova Paraíso,Macedo de Martins,PR,Ibuprofeno Xarope 120ml - Bayer,Higiene Pessoal,150.58,2025-03-30,Sunday   ,30,3,1,2025
701.73,3,270,14:07:01.630728,Carlos Eduardo Nascimento,Lago Barbosa,Vila Nova Paraíso,Macedo de Martins,PR,Pantoprazol Pomada 30g - Medley (Genérico),Dermocosméticos,233.91,2026-01-13,Tuesday  ,13,1,1,2026
425.43,3,1239,17:10:11.016247,Brayan Aparecida,Parque Costa,Vila Ecológica,Ferreira,AM,Sildenafila Xarope 120ml - Eurofarma,Antialérgicos,141.81,2025-01-19,Sunday   ,19,1,1,2025
234.7,5,551,03:17:52.549685,Brayan Aparecida,Parque Costa,Vila Ecológica,Ferreira,AM,Dipirona Sódica 50mg - 30 Comprimidos - EMS (Genérico),Saúde Bucal,46.94,2024-12-22,Sunday   ,22,12,4,2024
67.44,3,1216,04:25:16.929078,Fernanda Cavalcanti,Chácara Sampaio,Vila Maria,Peixoto de Machado,RN,Fluoxetina 50mg - 30 Comprimidos - Medley (Genérico),Fraldas e Infantis,22.48,2026-02-23,Monday   ,23,2,1,2026
256.70000000000005,5,2459,23:04:51.451252,Fernanda Cavalcanti,Chácara Sampaio,Vila Maria,Peixoto de Machado,RN,Losartana Potássica 500mg - 20 Comprimidos - Bayer,Saúde Bucal,51.34,2024-11-13,Wednesday,13,11,4,2024
282.09000000000003,3,1698,07:10:19.497196,Fernanda Cavalcanti,Chácara Sampaio,Vila Maria,Peixoto de Machado,RN,Vacina contra COVID-19 - Reforço,Primeiros Socorros,94.03,2024-09-17,Tuesday  ,17,9,3,2024
67.62,1,732,06:46:14.231278,Fernanda Cavalcanti,Chácara Sampaio,Vila Maria,Peixoto de Machado,RN,Vacina contra Osteoporose - Dose Única,Nutrição Infantil,67.62,2024-09-29,Sunday   ,29,9,3,2024
601.59,3,2474,07:25:56.387458,Fernanda Cavalcanti,Chácara Sampaio,Vila Maria,Peixoto de Machado,RN,Vacina contra Conjuntivite - Dose Única,Antidepressivos,200.53,2024-10-17,Thursday ,17,10,4,2024
175.34,2,2798,01:47:28.391456,Fernanda Cavalcanti,Chácara Sampaio,Vila Maria,Peixoto de Machado,RN,Vacina contra Colesterol Alto - Dose Única,Higiene Pessoal,87.67,2025-01-25,Saturday ,25,1,1,2025
524.9,5,1788,15:15:39.36589,Fernanda Cavalcanti,Chácara Sampaio,Vila Maria,Peixoto de Machado,RN,Água Micelar G-Tech FPS 70,Antibióticos,104.98,2025-04-11,Friday   ,11,4,2,2025
230.53,1,1781,05:27:22.926163,Isis Pastor,Via de Machado,Santa Sofia,Marques Alegre,AL,Fluoxetina Suspensão Oral 50ml - Aché,Vacinas,230.53,2025-04-22,Tuesday  ,22,4,2,2025
224.4,4,1531,22:11:16.358463,Isis Pastor,Via de Machado,Santa Sofia,Marques Alegre,AL,Atenolol 25mg - 30 Comprimidos - Medley (Genérico),Vacinas,56.1,2026-03-01,Sunday   ,1,3,1,2026
324.92,2,1669,03:12:58.826267,Isis Pastor,Via de Machado,Santa Sofia,Marques Alegre,AL,Protetor Solar Corporal Sempre Livre 50 Metros,Aparelhos Médicos,162.46,2024-11-16,Saturday ,16,11,4,2024
1049,5,1083,01:14:48.797558,Caleb Correia,Praça Mendes,Silveira,da Rocha,PI,Termômetro Digital Nivea 50 Metros,Antidepressivos,209.8,2025-10-02,Thursday ,2,10,4,2025
230.82,3,1758,07:21:56.79898,Arthur Freitas,Lagoa Henry Caldeira,Barreiro,Albuquerque,MG,Tadalafila Suspensão Oral 50ml - Medley (Genérico),Antialérgicos,76.94,2024-11-02,Saturday ,2,11,4,2024
676.16,4,773,05:26:42.472075,Arthur Freitas,Lagoa Henry Caldeira,Barreiro,Albuquerque,MG,Diclofenaco 25mg - 30 Comprimidos - Medley (Genérico),Dermocosméticos,169.04,2026-04-30,Thursday ,30,4,2,2026
519.88,4,514,17:28:27.17808,Arthur Freitas,Lagoa Henry Caldeira,Barreiro,Albuquerque,MG,Losartana Potássica Pomada 30g - Medley (Genérico),Antialérgicos,129.97,2026-05-03,Sunday   ,3,5,2,2026
981.96,4,651,16:11:11.23215,André da Cunha,Área Gael Cavalcanti,Vila Tirol,Aparecida,CE,Tadalafila 50mg - 30 Comprimidos - EMS (Genérico),Antialérgicos,245.49,2025-09-14,Sunday   ,14,9,3,2025
864.4499999999999,5,1885,04:26:46.448905,André da Cunha,Área Gael Cavalcanti,Vila Tirol,Aparecida,CE,Diclofenaco Suspensão Oral 50ml - Aché,Primeiros Socorros,172.89,2025-05-30,Friday   ,30,5,2,2025
772.12,4,2254,00:25:40.695932,Anna Liz Cassiano,Lagoa de Jesus,Casa Branca,Pacheco,RR,Nimesulida Gotas 20ml - Bayer,Genéricos,193.03,2025-11-26,Wednesday,26,11,4,2025
105.24,2,2762,21:41:19.741888,Anna Liz Cassiano,Lagoa de Jesus,Casa Branca,Pacheco,RR,Amoxicilina 500mg - 20 Comprimidos - Eurofarma,Dermocosméticos,52.62,2025-11-25,Tuesday  ,25,11,4,2025
141.08,4,814,08:11:39.34954,Anna Liz Cassiano,Lagoa de Jesus,Casa Branca,Pacheco,RR,Metformina Suspensão Oral 50ml - Medley (Genérico),Antidepressivos,35.27,2026-05-07,Thursday ,7,5,2,2026
904.5999999999999,5,2633,06:18:31.994392,Julia Vargas,Núcleo Pires,Boa União 2ª Seção,Araújo da Prata,RR,Losartana Potássica 500mg - 20 Comprimidos - Medley (Genérico),Nutrição Infantil,180.92,2024-12-03,Tuesday  ,3,12,4,2024
313.72,2,975,12:50:38.621247,Julia Vargas,Núcleo Pires,Boa União 2ª Seção,Araújo da Prata,RR,Vacina contra Hepatite C - Reforço,Nutrição Infantil,156.86,2025-06-04,Wednesday,4,6,2,2025
447.44,4,520,17:36:35.009262,Julia Vargas,Núcleo Pires,Boa União 2ª Seção,Araújo da Prata,RR,Sabonete em Barra Dove FPS 70,Antibióticos,111.86,2025-08-08,Friday   ,8,8,3,2025
674.08,4,2152,19:01:18.593475,Julia Vargas,Núcleo Pires,Boa União 2ª Seção,Araújo da Prata,RR,Creme Hidratante Johnson's Tamanho G (32 un),Antibióticos,168.52,2025-05-06,Tuesday  ,6,5,2,2025
1001.35,5,479,06:17:44.828302,Julia Vargas,Núcleo Pires,Boa União 2ª Seção,Araújo da Prata,RR,Hastes Flexíveis (Cotonetes) Nivea 50 Metros,Fitoterápicos,200.27,2025-01-19,Sunday   ,19,1,1,2025
78.75,3,1805,02:27:21.124348,Vinícius da Luz,Trecho Nogueira,Bela Vitoria,Macedo de Costa,RJ,Sérum Vitamina C Aptamil Tamanho M (40 un),Antibióticos,26.25,2024-09-15,Sunday   ,15,9,3,2024
156.56,2,1144,21:37:34.793507,Nathan Sousa,Alameda Helena da Mota,Jonas Veiga,da Conceição,DF,Sinvastatina Xarope 120ml - EMS (Genérico),Antitérmicos,78.28,2025-12-14,Sunday   ,14,12,4,2025
220.85,1,717,21:10:46.415958,Nathan Sousa,Alameda Helena da Mota,Jonas Veiga,da Conceição,DF,Água Micelar La Roche-Posay Tamanho M (40 un),Vitaminas e Suplementos,220.85,2026-08-19,Wednesday,19,8,3,2026
10.48,1,2591,21:39:42.707451,Nathan Sousa,Alameda Helena da Mota,Jonas Veiga,da Conceição,DF,Condicionador Hidratação Vichy 90g,Vacinas,10.48,2025-11-10,Monday   ,10,11,4,2025
151.95,3,1315,19:51:56.180262,Dra. Heloísa Macedo,Viaduto Brenda Carvalho,Vitoria Da Conquista,Leão,RJ,Sertralina Xarope 120ml - Neo Química (Genérico),Produtos Ortopédicos,50.65,2025-07-01,Tuesday  ,1,7,3,2025
1126.9499999999998,5,1648,13:03:22.904008,Dra. Heloísa Macedo,Viaduto Brenda Carvalho,Vitoria Da Conquista,Leão,RJ,Soro Fisiológico Dove 150ml,Antidepressivos,225.39,2024-09-25,Wednesday,25,9,3,2024
473.22,2,207,00:31:23.60165,Letícia Albuquerque,Ladeira de Campos,Santa Amelia,da Costa de Melo,AL,Dipirona Sódica Xarope 120ml - Neo Química (Genérico),Antidepressivos,236.61,2024-11-11,Monday   ,11,11,4,2024
274.36,2,168,19:45:09.746236,Letícia Albuquerque,Ladeira de Campos,Santa Amelia,da Costa de Melo,AL,Fluoxetina 1g - 10 Comprimidos - Bayer,Fraldas e Infantis,137.18,2026-08-03,Monday   ,3,8,3,2026
95.24,2,2851,01:25:28.162165,Ana Júlia Fonseca,Lago Sales,União,Duarte,AL,Vacina contra Câncer de Mama - Dose Única,Cuidados com o Cabelo,47.62,2026-02-17,Tuesday  ,17,2,1,2026
169.26,2,2411,20:00:41.900025,Ana Júlia Fonseca,Lago Sales,União,Duarte,AL,Vacina contra Obesidade - Dose Única,Fraldas e Infantis,84.63,2026-01-23,Friday   ,23,1,1,2026
491.56,4,2863,06:51:22.840295,André Pastor,Jardim Clara Dias,Acaiaca,Pastor,AP,Paracetamol 50mg - 30 Comprimidos - Medley (Genérico),Nutrição Infantil,122.89,2026-01-07,Wednesday,7,1,1,2026
36.75,1,2185,01:50:08.013283,João Miguel Azevedo,Trevo Fonseca,Serra,Nogueira de Rios,PR,Tadalafila Pomada 30g - Aché,Vitaminas e Suplementos,36.75,2025-11-10,Monday   ,10,11,4,2025
131.12,2,1140,03:12:46.582658,João Miguel Azevedo,Trevo Fonseca,Serra,Nogueira de Rios,PR,Losartana Potássica Suspensão Oral 50ml - Bayer,Saúde Bucal,65.56,2025-08-27,Wednesday,27,8,3,2025
121.64,4,1775,10:17:04.325371,João Miguel Azevedo,Trevo Fonseca,Serra,Nogueira de Rios,PR,Sildenafila 25mg - 30 Comprimidos - EMS (Genérico),Primeiros Socorros,30.41,2025-11-20,Thursday ,20,11,4,2025
454.35,5,1008,06:01:21.182924,João Miguel Azevedo,Trevo Fonseca,Serra,Nogueira de Rios,PR,Álcool em Gel 70% Pampers 50 Metros,Fraldas e Infantis,90.87,2026-04-17,Friday   ,17,4,2,2026
20.02,2,2357,10:05:28.96086,Camila Martins,Ladeira Eduardo Novais,Serrano,Duarte Verde,RO,Tadalafila Gotas 20ml - Medley (Genérico),Aparelhos Médicos,10.01,2025-07-08,Tuesday  ,8,7,3,2025
643.08,4,1765,16:49:48.977288,Camila Martins,Ladeira Eduardo Novais,Serrano,Duarte Verde,RO,Vacina contra Hepatite A - Dose Única,Analgésicos,160.77,2025-01-11,Saturday ,11,1,1,2025
287.14,2,1497,17:26:33.982381,Alice Guerra,Lagoa de Fernandes,Boa União 2ª Seção,Brito da Mata,BA,Diclofenaco 50mg - 30 Comprimidos - Aché,Produtos Ortopédicos,143.57,2025-04-08,Tuesday  ,8,4,2,2025
832.05,5,968,22:44:34.650124,Alice Guerra,Lagoa de Fernandes,Boa União 2ª Seção,Brito da Mata,BA,Pomada para Assaduras Rexona 400ml,Nutrição Infantil,166.41,2025-06-08,Sunday   ,8,6,2,2025
244.98,2,2790,02:29:38.719302,Vicente Fogaça,Travessa de Rios,Mirtes,Freitas,RO,Ibuprofeno Gotas 20ml - Aché,Vacinas,122.49,2025-01-26,Sunday   ,26,1,1,2025
100.46,1,476,02:52:44.280534,Vicente Fogaça,Travessa de Rios,Mirtes,Freitas,RO,Pantoprazol 500mg - 20 Comprimidos - Medley (Genérico),Antialérgicos,100.46,2026-06-18,Thursday ,18,6,2,2026
47.62,1,546,03:09:53.249806,Vicente Fogaça,Travessa de Rios,Mirtes,Freitas,RO,Vacina contra Câncer de Mama - Dose Única,Cuidados com o Cabelo,47.62,2025-09-03,Wednesday,3,9,3,2025
437.49,3,793,05:28:24.962966,Vicente Fogaça,Travessa de Rios,Mirtes,Freitas,RO,Enxaguante Bucal Nivea 90g,Antibióticos,145.83,2025-01-18,Saturday ,18,1,1,2025
194.04,4,2184,21:39:21.806444,Zoe Mendes,Sítio Aparecida,Sport Club,da Rosa,AP,Sérum Vitamina C Panvel 400ml,Fitoterápicos,48.51,2025-06-13,Friday   ,13,6,2,2025
347.12,2,1362,08:30:04.54125,Henrique Ferreira,Estação Barbosa,Custodinha,Machado da Serra,MS,Sérum Vitamina C Clear FPS 70,Fraldas e Infantis,173.56,2024-09-24,Tuesday  ,24,9,3,2024
304.68,3,2593,05:07:11.954795,Isadora Lopes,Distrito de Gomes,Acaba Mundo,Castro,RR,Nimesulida 25mg - 30 Comprimidos - Medley (Genérico),Antitérmicos,101.56,2024-12-11,Wednesday,11,12,4,2024
157.85999999999999,3,950,04:56:24.115689,Isadora Lopes,Distrito de Gomes,Acaba Mundo,Castro,RR,Amoxicilina 500mg - 20 Comprimidos - Eurofarma,Dermocosméticos,52.62,2026-06-12,Friday   ,12,6,2,2026
45.54,2,482,03:24:34.557111,Sr. Francisco Teixeira,Feira Sales,Santa Monica,Câmara do Galho,RO,Omeprazol 500mg - 20 Comprimidos - Eurofarma,Produtos Ortopédicos,22.77,2026-05-16,Saturday ,16,5,2,2026
360.12,4,1015,11:04:13.511677,Sr. Francisco Teixeira,Feira Sales,Santa Monica,Câmara do Galho,RO,Sérum Vitamina C Needs FPS 50,Vitaminas e Suplementos,90.03,2025-10-14,Tuesday  ,14,10,4,2025
460.54,2,2835,02:05:05.505356,Yasmin Macedo,Lagoa Jade da Paz,Pindura Saia,Barros,TO,Vacina contra Alzheimer - Reforço,Nutrição Infantil,230.27,2025-11-10,Monday   ,10,11,4,2025
393.88,2,413,02:45:34.941359,Yasmin Macedo,Lagoa Jade da Paz,Pindura Saia,Barros,TO,Desodorante Aerosol G-Tech 150ml,Antidepressivos,196.94,2025-10-28,Tuesday  ,28,10,4,2025
659.35,5,1097,21:02:44.442656,Yasmin Macedo,Lagoa Jade da Paz,Pindura Saia,Barros,TO,Curativos (Band-Aid) Needs 400ml,Anti-inflamatórios,131.87,2025-10-01,Wednesday,1,10,4,2025
131.43,3,1167,04:58:03.455286,Yasmin Macedo,Lagoa Jade da Paz,Pindura Saia,Barros,TO,Lenço Umedecido Colgate FPS 50,Analgésicos,43.81,2025-06-16,Monday   ,16,6,2,2025
168.64999999999998,5,2416,06:12:59.714088,Camila Cassiano,Sítio Nogueira,Minaslandia,Alves,BA,Paracetamol Xarope 120ml - Neo Química (Genérico),Higiene Pessoal,33.73,2024-11-05,Tuesday  ,5,11,4,2024
401.84,4,581,07:55:36.027183,Camila Cassiano,Sítio Nogueira,Minaslandia,Alves,BA,Pantoprazol 500mg - 20 Comprimidos - Medley (Genérico),Antialérgicos,100.46,2026-04-03,Friday   ,3,4,2,2026
616.6,4,2628,05:27:57.410979,Camila Cassiano,Sítio Nogueira,Minaslandia,Alves,BA,Soro Fisiológico Sempre Livre 500ml,Higiene Pessoal,154.15,2025-01-21,Tuesday  ,21,1,1,2025
430.5,2,2055,04:06:18.727701,Dr. Ryan Cavalcante,Parque Luigi Borges,Alta Tensão 1ª Seção,da Rocha Alegre,RJ,Lenço Umedecido Mió FPS 50,Saúde Bucal,215.25,2025-01-05,Sunday   ,5,1,1,2025
450.15,5,467,08:08:36.25771,Dr. Ryan Cavalcante,Parque Luigi Borges,Alta Tensão 1ª Seção,da Rocha Alegre,RJ,Sérum Vitamina C Needs FPS 50,Vitaminas e Suplementos,90.03,2025-05-13,Tuesday  ,13,5,2,2025
377.79,3,2635,21:37:09.462682,Otto Castro,Vale de Rodrigues,Independência,Porto,GO,Soro Fisiológico CeraVe 150ml,Homeopatia,125.93,2025-05-08,Thursday ,8,5,2,2025
90.9,5,1120,18:07:07.298669,Otto Castro,Vale de Rodrigues,Independência,Porto,GO,Termômetro Digital Vichy 50 Metros,Aparelhos Médicos,18.18,2026-02-02,Monday   ,2,2,1,2026
245.38,2,701,19:59:59.074776,Enzo Gabriel Montenegro,Avenida Albuquerque,Vila Ipiranga,Machado,PE,Amoxicilina 25mg - 30 Comprimidos - Bayer,Vitaminas e Suplementos,122.69,2025-10-15,Wednesday,15,10,4,2025
502.29999999999995,5,428,04:39:40.307217,Enzo Gabriel Montenegro,Avenida Albuquerque,Vila Ipiranga,Machado,PE,Pantoprazol 500mg - 20 Comprimidos - Medley (Genérico),Antialérgicos,100.46,2026-04-30,Thursday ,30,4,2,2026
579.66,3,2506,13:51:28.793972,Sra. Sophia Peixoto,Distrito Lara da Conceição,Morro Dos Macacos,da Mata,ES,Atenolol 25mg - 30 Comprimidos - Aché,Higiene Pessoal,193.22,2025-03-30,Sunday   ,30,3,1,2025
56.02,2,56,09:41:03.59722,Sra. Sophia Peixoto,Distrito Lara da Conceição,Morro Dos Macacos,da Mata,ES,Vacina contra Hepatite C - Dose Única,Cuidados com o Cabelo,28.01,2024-10-06,Sunday   ,6,10,4,2024
42.36,2,1779,12:42:12.256219,Juan Vargas,Aeroporto Matteo da Mata,Braúnas,da Conceição,DF,Nimesulida 25mg - 30 Comprimidos - Bayer,Antitérmicos,21.18,2025-01-05,Sunday   ,5,1,1,2025
610.9000000000001,5,2537,08:59:45.332546,Juan Vargas,Aeroporto Matteo da Mata,Braúnas,da Conceição,DF,Escitalopram Gotas 20ml - Neo Química (Genérico),Vitaminas e Suplementos,122.18,2025-08-13,Wednesday,13,8,3,2025
450.65,5,1487,10:59:17.554811,Juan Vargas,Aeroporto Matteo da Mata,Braúnas,da Conceição,DF,Desodorante Roll-on Sempre Livre 150ml,Vitaminas e Suplementos,90.13,2024-12-30,Monday   ,30,12,4,2024
56.92,2,759,17:29:43.941512,Vicente Albuquerque,Morro Freitas,Vila Engenho Nogueira,Ferreira de Ferreira,AC,Amoxicilina Gotas 20ml - Medley (Genérico),Antidepressivos,28.46,2026-03-12,Thursday ,12,3,1,2026
224.2,4,2721,21:43:35.589416,Vicente Albuquerque,Morro Freitas,Vila Engenho Nogueira,Ferreira de Ferreira,AC,Amoxicilina 1g - 10 Comprimidos - EMS (Genérico),Antidepressivos,56.05,2025-01-16,Thursday ,16,1,1,2025
716.91,3,1150,04:17:14.320128,Sra. Cecilia Gomes,Vale Cavalcanti,Buritis,Duarte,AL,Nimesulida 25mg - 30 Comprimidos - Aché,Dermocosméticos,238.97,2024-12-13,Friday   ,13,12,4,2024
183.58,1,1573,19:18:48.122373,Sra. Cecilia Gomes,Vale Cavalcanti,Buritis,Duarte,AL,Protetor Solar Corporal Rexona 150ml,Antibióticos,183.58,2025-11-17,Monday   ,17,11,4,2025
149.73,1,378,18:42:35.297846,Sra. Cecilia Gomes,Vale Cavalcanti,Buritis,Duarte,AL,Condicionador Hidratação Vichy FPS 50,Saúde Bucal,149.73,2025-05-13,Tuesday  ,13,5,2,2025
734.49,3,1695,21:00:00.006265,Diego Aragão,Estrada de Camargo,Providencia,da Luz,RS,Amoxicilina Xarope 120ml - Bayer,Antibióticos,244.83,2025-06-27,Friday   ,27,6,2,2025
287.15,5,2554,18:24:15.321317,Diego Aragão,Estrada de Camargo,Providencia,da Luz,RS,Azitromicina 50mg - 30 Comprimidos - Aché,Saúde Bucal,57.43,2025-08-10,Sunday   ,10,8,3,2025
469.91999999999996,3,642,07:07:44.286934,Diego Aragão,Estrada de Camargo,Providencia,da Luz,RS,Creme Hidratante G-Tech 150ml,Antidepressivos,156.64,2025-09-04,Thursday ,4,9,3,2025
166.41,1,780,20:51:03.096848,Vitor Gabriel Lima,Condomínio de Marques,Palmeiras,Montenegro da Praia,PA,Pomada para Assaduras Rexona 400ml,Nutrição Infantil,166.41,2026-01-08,Thursday ,8,1,1,2026
162.16,1,1136,09:55:29.9588,Cauã da Cunha,Jardim Yago Duarte,Vila Batik,Silveira das Flores,PE,Tadalafila Suspensão Oral 50ml - Bayer,Homeopatia,162.16,2025-06-18,Wednesday,18,6,2,2025
784.3000000000001,5,898,04:41:11.528761,Cauã da Cunha,Jardim Yago Duarte,Vila Batik,Silveira das Flores,PE,Vacina contra Hepatite C - Reforço,Nutrição Infantil,156.86,2025-02-17,Monday   ,17,2,1,2025
169.77,1,692,09:16:33.870796,Cauã da Cunha,Jardim Yago Duarte,Vila Batik,Silveira das Flores,PE,Enxaguante Bucal Rexona FPS 50,Dermocosméticos,169.77,2026-04-02,Thursday ,2,4,2,2026
215.16,3,225,05:52:48.758423,Cauã da Cunha,Jardim Yago Duarte,Vila Batik,Silveira das Flores,PE,Álcool em Gel 70% Aptamil FPS 50,Antibióticos,71.72,2025-04-16,Wednesday,16,4,2,2025
571.36,4,1673,20:48:07.182014,Leandro Jesus,Núcleo Caleb Borges,Novo São Lucas,Nunes,AC,Losartana Potássica Gotas 20ml - Neo Química (Genérico),Analgésicos,142.84,2026-04-03,Friday   ,3,4,2,2026
873.85,5,223,15:45:57.797322,Leandro Jesus,Núcleo Caleb Borges,Novo São Lucas,Nunes,AC,Losartana Potássica Suspensão Oral 50ml - Aché,Vitaminas e Suplementos,174.77,2024-12-17,Tuesday  ,17,12,4,2024
366.24,3,2128,17:44:27.421963,Leandro Jesus,Núcleo Caleb Borges,Novo São Lucas,Nunes,AC,Vacina contra Dermatite - Reforço,Primeiros Socorros,122.08,2025-03-31,Monday   ,31,3,1,2025
478.1,5,349,22:49:21.539488,Leandro Jesus,Núcleo Caleb Borges,Novo São Lucas,Nunes,AC,Sabonete em Barra Huggies 200ml,Antitérmicos,95.62,2025-07-14,Monday   ,14,7,3,2025
104.42,2,2802,07:25:53.304425,João Lucas Melo,Área de Porto,Vila Califórnia,Carvalho,MT,Tadalafila Suspensão Oral 50ml - EMS (Genérico),Vacinas,52.21,2026-01-11,Sunday   ,11,1,1,2026
387.29999999999995,3,1355,18:40:46.437172,João Lucas Melo,Área de Porto,Vila Califórnia,Carvalho,MT,Metformina 1g - 10 Comprimidos - Aché,Fraldas e Infantis,129.1,2025-01-08,Wednesday,8,1,1,2025
129,1,775,13:38:16.244298,João Lucas Melo,Área de Porto,Vila Califórnia,Carvalho,MT,Paracetamol 50mg - 30 Comprimidos - Bayer,Antibióticos,129,2026-07-13,Monday   ,13,7,3,2026
444.04,2,1746,02:02:51.260548,João Lucas Melo,Área de Porto,Vila Califórnia,Carvalho,MT,Losartana Potássica 500mg - 20 Comprimidos - EMS (Genérico),Genéricos,222.02,2026-07-09,Thursday ,9,7,3,2026
606.1,5,1428,12:02:43.416597,João Lucas Melo,Área de Porto,Vila Califórnia,Carvalho,MT,Lenço Umedecido Rexona FPS 50,Antibióticos,121.22,2026-04-04,Saturday ,4,4,2,2026
286.92,2,1494,04:38:40.501801,Isaque Nascimento,Lago Heitor Gomes,Belvedere,Pacheco,RR,Sinvastatina 500mg - 20 Comprimidos - Neo Química (Genérico),Fitoterápicos,143.46,2026-04-14,Tuesday  ,14,4,2,2026
338.70000000000005,3,2428,01:06:39.779746,Sr. Juan Cardoso,Largo de Ramos,São João Batista,Andrade Alegre,DF,Ibuprofeno 1g - 10 Comprimidos - Neo Química (Genérico),Fraldas e Infantis,112.9,2024-12-14,Saturday ,14,12,4,2024
326.43,3,1027,19:01:30.780751,Sr. Juan Cardoso,Largo de Ramos,São João Batista,Andrade Alegre,DF,Metformina Xarope 120ml - EMS (Genérico),Dermocosméticos,108.81,2026-07-18,Saturday ,18,7,3,2026
400.54,2,1504,19:44:21.528413,Sr. Juan Cardoso,Largo de Ramos,São João Batista,Andrade Alegre,DF,Hastes Flexíveis (Cotonetes) Nivea 50 Metros,Fitoterápicos,200.27,2025-09-19,Friday   ,19,9,3,2025
189.85,1,1076,01:38:57.600242,Mariana Casa Grande,Campo de Mendes,Dona Clara,Rodrigues,TO,Dipirona Sódica Xarope 120ml - Aché,Cuidados com o Cabelo,189.85,2025-06-23,Monday   ,23,6,2,2025
159.36,2,2662,10:57:49.591744,Mariana Casa Grande,Campo de Mendes,Dona Clara,Rodrigues,TO,Sabonete Líquido Panvel 90g,Nutrição Infantil,79.68,2026-06-29,Monday   ,29,6,2,2026
286.48,4,1649,19:43:10.521186,Mariana Casa Grande,Campo de Mendes,Dona Clara,Rodrigues,TO,Desodorante Roll-on Nivea FPS 70,Anti-inflamatórios,71.62,2025-03-20,Thursday ,20,3,1,2025
562,4,1820,05:14:16.769889,Sr. Davi Luiz Ramos,Núcleo Lopes,Vila Ecológica,Barros de Sousa,RS,Ibuprofeno 500mg - 20 Comprimidos - Bayer,Saúde Bucal,140.5,2026-05-24,Sunday   ,24,5,2,2026
976.96,4,2533,07:04:46.554759,Sra. Ana Carolina Brito,Estrada Lorenzo Borges,Oeste,Montenegro,SC,Sinvastatina Gotas 20ml - Medley (Genérico),Dermocosméticos,244.24,2024-10-08,Tuesday  ,8,10,4,2024
308.2,4,490,19:24:24.066955,Sra. Ana Carolina Brito,Estrada Lorenzo Borges,Oeste,Montenegro,SC,Sérum Vitamina C Pampers 400ml,Antidepressivos,77.05,2025-01-13,Monday   ,13,1,1,2025
412.4,2,2505,19:44:26.555733,Joana Câmara,Núcleo Ana Laura da Mota,Vila Vista Alegre,Sampaio,SC,Cefalexina 50mg - 30 Comprimidos - Aché,Aparelhos Médicos,206.2,2025-10-18,Saturday ,18,10,4,2025
346.64,2,2293,09:33:48.941591,Joana Câmara,Núcleo Ana Laura da Mota,Vila Vista Alegre,Sampaio,SC,Vacina contra Diabetes Tipo 1 - Dose Única,Antidepressivos,173.32,2025-08-29,Friday   ,29,8,3,2025
214.86,3,365,20:44:08.107672,Joana Câmara,Núcleo Ana Laura da Mota,Vila Vista Alegre,Sampaio,SC,Desodorante Roll-on Nivea FPS 70,Anti-inflamatórios,71.62,2026-09-09,Wednesday,9,9,3,2026
208.36,1,138,06:29:48.210855,Cauã da Mota,Área Caleb Borges,Piraja,Araújo da Prata,RR,Vacina contra Câncer de Pulmão - Dose Única,Antialérgicos,208.36,2024-09-30,Monday   ,30,9,3,2024
313.72,2,2900,02:41:52.881186,Cauã da Mota,Área Caleb Borges,Piraja,Araújo da Prata,RR,Vacina contra Hepatite C - Reforço,Nutrição Infantil,156.86,2026-02-19,Thursday ,19,2,1,2026
72.72,4,1785,09:19:47.816954,Cauã da Mota,Área Caleb Borges,Piraja,Araújo da Prata,RR,Termômetro Digital Vichy 50 Metros,Aparelhos Médicos,18.18,2026-02-21,Saturday ,21,2,1,2026
102.25,5,1449,22:09:19.570016,Sr. Augusto Freitas,Esplanada Mendonça,Santa Efigênia,Jesus,RR,Vacina contra Enxaqueca - Dose Única,Antitérmicos,20.45,2025-12-06,Saturday ,6,12,4,2025
571.6,4,802,23:47:24.496958,Sr. Augusto Freitas,Esplanada Mendonça,Santa Efigênia,Jesus,RR,Curativos (Band-Aid) Nivea 500ml,Vacinas,142.9,2026-07-27,Monday   ,27,7,3,2026
1200.5,5,1762,04:01:40.543656,Pedro Henrique Aragão,Recanto Aurora Oliveira,Vila Nova Dos Milionarios,Mendes das Flores,AL,Tadalafila 50mg - 30 Comprimidos - Neo Química (Genérico),Fitoterápicos,240.1,2025-07-13,Sunday   ,13,7,3,2025
907.88,4,1861,07:48:24.307606,Pedro Henrique Aragão,Recanto Aurora Oliveira,Vila Nova Dos Milionarios,Mendes das Flores,AL,Fluoxetina 50mg - 30 Comprimidos - EMS (Genérico),Vitaminas e Suplementos,226.97,2026-03-06,Friday   ,6,3,1,2026
990.08,4,1783,04:25:26.629228,Pedro Henrique Aragão,Recanto Aurora Oliveira,Vila Nova Dos Milionarios,Mendes das Flores,AL,Metformina Pomada 30g - EMS (Genérico),Produtos Ortopédicos,247.52,2025-05-05,Monday   ,5,5,2,2025
1194.85,5,2337,06:26:03.425133,Pedro Henrique Aragão,Recanto Aurora Oliveira,Vila Nova Dos Milionarios,Mendes das Flores,AL,Nimesulida 25mg - 30 Comprimidos - Aché,Dermocosméticos,238.97,2026-05-24,Sunday   ,24,5,2,2026
883.4,4,2743,09:56:49.123675,Pedro Henrique Aragão,Recanto Aurora Oliveira,Vila Nova Dos Milionarios,Mendes das Flores,AL,Água Micelar La Roche-Posay Tamanho M (40 un),Vitaminas e Suplementos,220.85,2025-11-05,Wednesday,5,11,4,2025
490.79999999999995,3,733,20:49:45.865969,Ana Júlia Araújo,Passarela de Silveira,Garças,Vasconcelos do Campo,MG,Enalapril Suspensão Oral 50ml - Aché,Vitaminas e Suplementos,163.6,2025-10-05,Sunday   ,5,10,4,2025
221.86,2,1116,19:20:53.899095,Joana da Conceição,Estrada de Ribeiro,Vila São Paulo,Martins de Gonçalves,RS,Dipirona Sódica 25mg - 30 Comprimidos - EMS (Genérico),Genéricos,110.93,2024-10-02,Wednesday,2,10,4,2024
219.3,1,2565,09:11:56.610806,Maria Vitória Porto,Distrito Heloisa Vargas,Santa Margarida,da Costa,PR,Clonazepam Gotas 20ml - Eurofarma,Antialérgicos,219.3,2025-03-10,Monday   ,10,3,1,2025
98.5,2,1937,09:37:55.016372,Maria Vitória Porto,Distrito Heloisa Vargas,Santa Margarida,da Costa,PR,Hastes Flexíveis (Cotonetes) Pampers 500ml,Nutrição Infantil,49.25,2024-11-02,Saturday ,2,11,4,2024
70.88,2,2596,13:50:45.601538,Dr. Marcelo Melo,Vale Nathan Albuquerque,Tirol,Cavalcanti,AL,Nimesulida Xarope 120ml - Eurofarma,Dermocosméticos,35.44,2024-12-28,Saturday ,28,12,4,2024
166.26,1,141,03:46:33.316669,Dr. Marcelo Melo,Vale Nathan Albuquerque,Tirol,Cavalcanti,AL,Sildenafila 1g - 10 Comprimidos - EMS (Genérico),Antitérmicos,166.26,2026-04-07,Tuesday  ,7,4,2,2026
37.94,1,2038,16:35:35.593303,Antônio Rios,Rodovia de Farias,Vila Fumec,Ramos,AC,Sertralina Xarope 120ml - Eurofarma,Fraldas e Infantis,37.94,2025-02-03,Monday   ,3,2,1,2025
361.15000000000003,5,849,18:00:00.729774,Antônio Rios,Rodovia de Farias,Vila Fumec,Ramos,AC,Dipirona Sódica Gotas 20ml - Bayer,Antitérmicos,72.23,2026-05-07,Thursday ,7,5,2,2026
706.8000000000001,5,2289,07:35:52.97784,Antônio Rios,Rodovia de Farias,Vila Fumec,Ramos,AC,Clonazepam Xarope 120ml - EMS (Genérico),Vacinas,141.36,2025-04-30,Wednesday,30,4,2,2025
247.04999999999998,5,2684,12:06:06.870865,Otto Rocha,Rua Eduardo Pereira,Engenho Nogueira,Fernandes do Norte,RO,Vacina contra Anemia - Reforço,Aparelhos Médicos,49.41,2025-03-25,Tuesday  ,25,3,1,2025
181.47,3,221,22:51:50.414796,Otto Rocha,Rua Eduardo Pereira,Engenho Nogueira,Fernandes do Norte,RO,Lenço Umedecido CeraVe 400ml,Cuidados com o Cabelo,60.49,2025-08-22,Friday   ,22,8,3,2025
475.14,3,689,10:30:52.849922,Arthur Gabriel Araújo,Praça de Souza,Aguas Claras,Casa Grande do Oeste,MT,Vacina contra Hipertensão - Reforço,Antibióticos,158.38,2026-01-29,Thursday ,29,1,1,2026
234.31,1,2160,22:28:21.950036,Arthur Gabriel Araújo,Praça de Souza,Aguas Claras,Casa Grande do Oeste,MT,Protetor Solar Facial Pampers 90g,Antialérgicos,234.31,2025-06-07,Saturday ,7,6,2,2025
374.96999999999997,3,2776,00:10:34.926378,Arthur Gabriel Araújo,Praça de Souza,Aguas Claras,Casa Grande do Oeste,MT,Sérum Vitamina C Panvel FPS 70,Higiene Pessoal,124.99,2025-04-30,Wednesday,30,4,2,2025
701.73,3,185,12:01:49.820201,Yago Fonseca,Ladeira Oliveira,Santa Terezinha,Albuquerque,MG,Pantoprazol Pomada 30g - Medley (Genérico),Dermocosméticos,233.91,2026-07-11,Saturday ,11,7,3,2026
774.4,5,88,20:09:25.05649,Yago Fonseca,Ladeira Oliveira,Santa Terezinha,Albuquerque,MG,Tadalafila 25mg - 30 Comprimidos - Neo Química (Genérico),Saúde Bucal,154.88,2025-07-09,Wednesday,9,7,3,2025
309.48,2,1661,01:22:05.782673,Sophia Aragão,Fazenda Moraes,Jardim Atlântico,Oliveira Verde,CE,Escitalopram 1g - 10 Comprimidos - Medley (Genérico),Aparelhos Médicos,154.74,2025-03-09,Sunday   ,9,3,1,2025
145.63,1,2920,21:25:16.772424,Ana Sophia Castro,Alameda Teixeira,Ventosa,da Luz,RS,Losartana Potássica 50mg - 30 Comprimidos - Medley (Genérico),Antialérgicos,145.63,2024-12-27,Friday   ,27,12,4,2024
864.4499999999999,5,1148,14:02:34.830709,Ana Sophia Castro,Alameda Teixeira,Ventosa,da Luz,RS,Diclofenaco Suspensão Oral 50ml - Aché,Primeiros Socorros,172.89,2024-10-12,Saturday ,12,10,4,2024
167.24,2,595,15:51:47.7208,Ana Sophia Castro,Alameda Teixeira,Ventosa,da Luz,RS,Nimesulida Suspensão Oral 50ml - Neo Química (Genérico),Produtos Ortopédicos,83.62,2025-01-07,Tuesday  ,7,1,1,2025
953.8,5,982,14:59:56.589948,Ana Sophia Castro,Alameda Teixeira,Ventosa,da Luz,RS,Vacina contra Melanoma - Reforço,Antialérgicos,190.76,2025-02-03,Monday   ,3,2,1,2025
87.62,2,2986,03:35:21.01205,Ana Sophia Castro,Alameda Teixeira,Ventosa,da Luz,RS,Lenço Umedecido Colgate FPS 50,Analgésicos,43.81,2025-08-26,Tuesday  ,26,8,3,2025
102.62,1,1874,07:12:46.083578,Luan Vargas,Passarela de Sá,Vila Primeiro De Maio,da Paz das Pedras,BA,Vacina contra Alzheimer - Dose Única,Antialérgicos,102.62,2025-12-30,Tuesday  ,30,12,4,2025
477.94,2,2246,04:07:50.17849,Dr. Juan Barros,Sítio de Andrade,Conjunto Novo Dom Bosco,Siqueira do Amparo,BA,Nimesulida 25mg - 30 Comprimidos - Aché,Dermocosméticos,238.97,2025-04-01,Tuesday  ,1,4,2,2025
845.1999999999999,5,746,03:12:41.320747,Dr. Juan Barros,Sítio de Andrade,Conjunto Novo Dom Bosco,Siqueira do Amparo,BA,Diclofenaco 25mg - 30 Comprimidos - Medley (Genérico),Dermocosméticos,169.04,2025-07-30,Wednesday,30,7,3,2025
129.89,1,643,21:07:10.833395,Dr. Juan Barros,Sítio de Andrade,Conjunto Novo Dom Bosco,Siqueira do Amparo,BA,Pomada para Assaduras G-Tech Tamanho M (40 un),Genéricos,129.89,2026-01-17,Saturday ,17,1,1,2026
27.44,1,2585,17:07:46.224239,Dr. Juan Barros,Sítio de Andrade,Conjunto Novo Dom Bosco,Siqueira do Amparo,BA,Curativos (Band-Aid) Sempre Livre 90g,Antitérmicos,27.44,2025-01-08,Wednesday,8,1,1,2025
1240.5500000000002,5,105,16:43:51.691068,Aurora Teixeira,Rodovia de Borges,Paquetá,da Conceição,DF,Loratadina Pomada 30g - Eurofarma,Nutrição Infantil,248.11,2026-08-24,Monday   ,24,8,3,2026
25.46,1,1312,14:13:59.958732,Rodrigo Teixeira,Aeroporto de da Paz,Pirineus,Souza,ES,Azitromicina 50mg - 30 Comprimidos - EMS (Genérico),Antibióticos,25.46,2025-12-22,Monday   ,22,12,4,2025
231.29999999999998,5,2198,07:03:31.650543,Ana Clara Moura,Lagoa de Albuquerque,Vila Copacabana,Gonçalves,MT,Vacina contra Parkinson - Dose Única,Fraldas e Infantis,46.26,2026-06-02,Tuesday  ,2,6,2,2026
178.46,2,2056,21:05:09.874487,Ana Clara Moura,Lagoa de Albuquerque,Vila Copacabana,Gonçalves,MT,Álcool em Gel 70% Mió 90g,Analgésicos,89.23,2025-02-28,Friday   ,28,2,1,2025
229.8,2,2727,12:25:23.108066,Marcela Peixoto,Campo Luara Rezende,Ventosa,Machado da Serra,MS,Creme Hidratante Listerine 90g,Homeopatia,114.9,2024-11-09,Saturday ,9,11,4,2024
901.56,4,232,04:28:06.039212,Marcela Peixoto,Campo Luara Rezende,Ventosa,Machado da Serra,MS,Soro Fisiológico Dove 150ml,Antidepressivos,225.39,2024-10-14,Monday   ,14,10,4,2024
272.61,3,2739,10:28:46.381805,Marcela Peixoto,Campo Luara Rezende,Ventosa,Machado da Serra,MS,Álcool em Gel 70% Pampers 50 Metros,Fraldas e Infantis,90.87,2024-12-13,Friday   ,13,12,4,2024
252.4,2,2949,23:31:29.95621,Larissa Martins,Vereda de das Neves,Vila De Sá,Cardoso,AL,Pantoprazol 1g - 10 Comprimidos - Medley (Genérico),Analgésicos,126.2,2026-08-15,Saturday ,15,8,3,2026
411.54,3,2555,05:11:46.61527,Larissa Martins,Vereda de das Neves,Vila De Sá,Cardoso,AL,Fluoxetina 1g - 10 Comprimidos - Bayer,Fraldas e Infantis,137.18,2025-12-12,Friday   ,12,12,4,2025
704.0999999999999,3,1613,11:43:09.192226,Larissa Martins,Vereda de das Neves,Vila De Sá,Cardoso,AL,Omeprazol Pomada 30g - Neo Química (Genérico),Primeiros Socorros,234.7,2026-05-28,Thursday ,28,5,2,2026
349.45,5,2485,07:10:28.444538,Larissa Martins,Vereda de das Neves,Vila De Sá,Cardoso,AL,Desodorante Aerosol G-Tech 400ml,Antidepressivos,69.89,2024-09-24,Tuesday  ,24,9,3,2024
453.39,3,688,07:01:01.711595,Larissa Martins,Vereda de das Neves,Vila De Sá,Cardoso,AL,Água Micelar Sempre Livre 50g,Vacinas,151.13,2025-12-21,Sunday   ,21,12,4,2025
1059,5,2773,22:21:23.894627,Sra. Allana Leão,Chácara Cassiano,Marajó,Rios do Oeste,AP,Paracetamol Suspensão Oral 50ml - Aché,Antialérgicos,211.8,2025-04-18,Friday   ,18,4,2,2025
114.6,2,719,16:58:30.438091,Sra. Allana Leão,Chácara Cassiano,Marajó,Rios do Oeste,AP,Pantoprazol Gotas 20ml - Eurofarma,Primeiros Socorros,57.3,2025-05-30,Friday   ,30,5,2,2025
125.4,4,1875,01:29:06.944991,Sra. Allana Leão,Chácara Cassiano,Marajó,Rios do Oeste,AP,Azitromicina Xarope 120ml - Medley (Genérico),Antibióticos,31.35,2025-11-07,Friday   ,7,11,4,2025
131.25,5,980,23:07:21.578918,Sra. Allana Leão,Chácara Cassiano,Marajó,Rios do Oeste,AP,Sérum Vitamina C Aptamil Tamanho M (40 un),Antibióticos,26.25,2024-12-26,Thursday ,26,12,4,2024
50.28,1,2434,01:26:20.705291,Maria Julia Cavalcante,Lago Dom da Cruz,Vila Nova,Cirino,RJ,Metformina Gotas 20ml - Bayer,Saúde Bucal,50.28,2026-06-18,Thursday ,18,6,2,2026
216.1,2,718,01:34:44.079504,Maria Julia Cavalcante,Lago Dom da Cruz,Vila Nova,Cirino,RJ,Condicionador Hidratação G-Tech FPS 50,Produtos Ortopédicos,108.05,2025-10-05,Sunday   ,5,10,4,2025
125.4,4,1870,08:06:26.184231,Dr. Heitor Vieira,Parque Camargo,Eymard,Nogueira de Rios,PR,Azitromicina Xarope 120ml - Medley (Genérico),Antibióticos,31.35,2025-09-27,Saturday ,27,9,3,2025
99.39000000000001,3,1052,13:52:45.718246,Dr. Heitor Vieira,Parque Camargo,Eymard,Nogueira de Rios,PR,Creme Hidratante Colgate 50g,Antibióticos,33.13,2026-01-30,Friday   ,30,1,1,2026
164.67000000000002,3,1380,00:41:10.566934,Ian Santos,Loteamento de Teixeira,Castanheira,Ferreira do Amparo,AC,Nimesulida 1g - 10 Comprimidos - Neo Química (Genérico),Nutrição Infantil,54.89,2026-06-20,Saturday ,20,6,2,2026
560.9399999999999,3,2622,01:58:16.415513,Ian Santos,Loteamento de Teixeira,Castanheira,Ferreira do Amparo,AC,Enalapril Gotas 20ml - EMS (Genérico),Homeopatia,186.98,2026-05-15,Friday   ,15,5,2,2026
1005.15,5,35,23:28:51.65395,Ian Santos,Loteamento de Teixeira,Castanheira,Ferreira do Amparo,AC,Escitalopram Suspensão Oral 50ml - EMS (Genérico),Vitaminas e Suplementos,201.03,2025-07-08,Tuesday  ,8,7,3,2025
565.44,4,2204,02:07:48.161518,Ian Santos,Loteamento de Teixeira,Castanheira,Ferreira do Amparo,AC,Clonazepam Xarope 120ml - EMS (Genérico),Vacinas,141.36,2025-02-04,Tuesday  ,4,2,1,2025
115.27,1,389,12:45:15.861865,Kaique Cassiano,Viela Azevedo,São Vicente,Cavalcanti de Correia,SP,Escitalopram 50mg - 30 Comprimidos - Eurofarma,Cuidados com o Cabelo,115.27,2026-02-16,Monday   ,16,2,1,2026
110.35,5,1124,06:35:16.696282,Kaique Cassiano,Viela Azevedo,São Vicente,Cavalcanti de Correia,SP,Azitromicina 500mg - 20 Comprimidos - Neo Química (Genérico),Antitérmicos,22.07,2026-08-29,Saturday ,29,8,3,2026
173.51,1,2877,15:42:59.059573,Kaique Cassiano,Viela Azevedo,São Vicente,Cavalcanti de Correia,SP,Sertralina Xarope 120ml - EMS (Genérico),Saúde Bucal,173.51,2025-03-05,Wednesday,5,3,1,2025
33.84,1,157,18:53:40.719066,Kaique Cassiano,Viela Azevedo,São Vicente,Cavalcanti de Correia,SP,Enalapril 500mg - 20 Comprimidos - Eurofarma,Anti-inflamatórios,33.84,2025-05-11,Sunday   ,11,5,2,2025
104.85,5,357,13:48:12.48931,Kaique Cassiano,Viela Azevedo,São Vicente,Cavalcanti de Correia,SP,Fralda Descartável Nivea FPS 70,Homeopatia,20.97,2025-10-07,Tuesday  ,7,10,4,2025
680.91,3,2647,01:46:29.166633,Gael Pereira,Colônia Sarah Jesus,Barão Homem De Melo 2ª Seção,Rios,ES,Fluoxetina 50mg - 30 Comprimidos - EMS (Genérico),Vitaminas e Suplementos,226.97,2025-01-04,Saturday ,4,1,1,2025
131.25,3,2532,22:16:19.809517,Gael Pereira,Colônia Sarah Jesus,Barão Homem De Melo 2ª Seção,Rios,ES,Escitalopram 1g - 10 Comprimidos - Aché,Primeiros Socorros,43.75,2025-09-21,Sunday   ,21,9,3,2025
695.52,3,178,10:33:49.383275,Gael Pereira,Colônia Sarah Jesus,Barão Homem De Melo 2ª Seção,Rios,ES,Vacina contra Linfoma - Reforço,Nutrição Infantil,231.84,2026-09-03,Thursday ,3,9,3,2026
156.86,1,2754,02:25:01.260064,Thomas da Mata,Setor Porto,Granja De Freitas,Alves,BA,Vacina contra Hepatite C - Reforço,Nutrição Infantil,156.86,2025-09-21,Sunday   ,21,9,3,2025
665.15,5,818,07:46:31.748125,Sra. Isabella Monteiro,Praia Vitor Gabriel Nogueira,Vila Sumaré,Silveira,BA,Sertralina 1g - 10 Comprimidos - Aché,Primeiros Socorros,133.03,2025-10-11,Saturday ,11,10,4,2025
1166.05,5,2843,00:13:41.258333,Laura Sá,Recanto de Araújo,Tres Marias,Duarte,AL,Vacina contra Epilepsia - Dose Única,Fitoterápicos,233.21,2025-03-03,Monday   ,3,3,1,2025
722.4,5,216,22:07:16.969967,Yago Montenegro,Ladeira de Rocha,Vila Santa Monica 2ª Seção,Souza,ES,Hidroclorotiazida 500mg - 20 Comprimidos - Aché,Antidepressivos,144.48,2026-07-07,Tuesday  ,7,7,3,2026
808.1,5,2883,20:51:11.477125,Yago Montenegro,Ladeira de Rocha,Vila Santa Monica 2ª Seção,Souza,ES,Atenolol Xarope 120ml - Aché,Fraldas e Infantis,161.62,2025-11-27,Thursday ,27,11,4,2025
713.16,3,657,07:36:39.707096,Yago Montenegro,Ladeira de Rocha,Vila Santa Monica 2ª Seção,Souza,ES,Dipirona Sódica 50mg - 30 Comprimidos - Medley (Genérico),Antibióticos,237.72,2025-09-17,Wednesday,17,9,3,2025
763.04,4,1777,20:00:36.903935,Alana Duarte,Favela Castro,Gutierrez,Albuquerque de Brito,GO,Vacina contra Melanoma - Reforço,Antialérgicos,190.76,2024-11-07,Thursday ,7,11,4,2024
652.56,4,1679,21:58:53.794002,Alana Duarte,Favela Castro,Gutierrez,Albuquerque de Brito,GO,Creme Dental Clear 50g,Antidepressivos,163.14,2025-05-14,Wednesday,14,5,2,2025
438.35,5,265,22:55:06.079135,Hadassa Rocha,Largo Freitas,Apolonia,Brito,MT,Vacina contra Colesterol Alto - Dose Única,Higiene Pessoal,87.67,2024-11-05,Tuesday  ,5,11,4,2024
473.9,2,488,02:29:55.821003,Ana Cecília Cavalcanti,Fazenda João Lucas da Mata,Conjunto Califórnia I,da Costa,PR,Metformina Pomada 30g - Medley (Genérico),Saúde Bucal,236.95,2025-09-06,Saturday ,6,9,3,2025
202.27,1,1432,20:54:07.060542,Ana Cecília Cavalcanti,Fazenda João Lucas da Mata,Conjunto Califórnia I,da Costa,PR,Pantoprazol 1g - 10 Comprimidos - Bayer,Cuidados com o Cabelo,202.27,2026-02-11,Wednesday,11,2,1,2026
365.68,4,932,15:06:07.39828,Ana Cecília Cavalcanti,Fazenda João Lucas da Mata,Conjunto Califórnia I,da Costa,PR,Losartana Potássica Pomada 30g - Bayer,Nutrição Infantil,91.42,2026-05-26,Tuesday  ,26,5,2,2026
559.3,5,1521,07:38:33.52724,Ana Cecília Cavalcanti,Fazenda João Lucas da Mata,Conjunto Califórnia I,da Costa,PR,Sabonete em Barra Dove FPS 70,Antibióticos,111.86,2026-05-27,Wednesday,27,5,2,2026
823.8,4,2944,07:55:13.111173,Dr. Ravi Lucca Novaes,Núcleo Cavalcante,Taquaril,da Conceição da Serra,RR,Cefalexina 1g - 10 Comprimidos - Eurofarma,Antialérgicos,205.95,2025-06-27,Friday   ,27,6,2,2025
131.12,2,681,13:15:48.809906,Dr. Ravi Lucca Novaes,Núcleo Cavalcante,Taquaril,da Conceição da Serra,RR,Losartana Potássica Suspensão Oral 50ml - Bayer,Saúde Bucal,65.56,2026-03-26,Thursday ,26,3,1,2026
208.91,1,1360,01:35:11.386468,Dr. Ravi Lucca Novaes,Núcleo Cavalcante,Taquaril,da Conceição da Serra,RR,Hastes Flexíveis (Cotonetes) Huggies 150ml,Antibióticos,208.91,2025-07-31,Thursday ,31,7,3,2025
440.85,5,1038,07:44:08.198104,Ayla Martins,Passarela de Almeida,Teixeira Dias,Ferreira do Amparo,AC,Curativos (Band-Aid) CeraVe 200ml,Nutrição Infantil,88.17,2025-11-26,Wednesday,26,11,4,2025
90.07,1,1348,16:57:23.511984,Leonardo da Conceição,Residencial de Nascimento,Vila Fumec,Vasconcelos do Campo,MG,Cefalexina Xarope 120ml - Aché,Produtos Ortopédicos,90.07,2025-05-01,Thursday ,1,5,2,2025
91.42,1,1403,16:11:38.041196,Esther da Luz,Praça de Vargas,Senhor Dos Passos,Alves,BA,Losartana Potássica Pomada 30g - Bayer,Nutrição Infantil,91.42,2025-09-23,Tuesday  ,23,9,3,2025
777.6,5,2531,09:43:34.088133,Sabrina Guerra,Trecho de Oliveira,Alta Tensão 1ª Seção,Aragão da Serra,MT,Sinvastatina 1g - 10 Comprimidos - Aché,Produtos Ortopédicos,155.52,2025-06-27,Friday   ,27,6,2,2025
926.8,4,2661,06:37:21.801341,Pedro Lucas Pires,Lago Enzo Gabriel Silveira,Monte Azul,Freitas,RO,Losartana Potássica 50mg - 30 Comprimidos - EMS (Genérico),Vitaminas e Suplementos,231.7,2024-11-17,Sunday   ,17,11,4,2024
6.28,1,2482,13:03:06.294353,Pedro Lucas Pires,Lago Enzo Gabriel Silveira,Monte Azul,Freitas,RO,Sinvastatina 1g - 10 Comprimidos - Eurofarma,Antidepressivos,6.28,2025-10-22,Wednesday,22,10,4,2025
400.96,2,67,00:21:58.755786,Diego da Rocha,Alameda Cardoso,Engenho Nogueira,Brito da Mata,BA,Metformina 25mg - 30 Comprimidos - EMS (Genérico),Cuidados com o Cabelo,200.48,2025-02-17,Monday   ,17,2,1,2025
451.46,2,361,09:05:51.642812,Diego da Rocha,Alameda Cardoso,Engenho Nogueira,Brito da Mata,BA,Fluoxetina 500mg - 20 Comprimidos - Neo Química (Genérico),Antitérmicos,225.73,2025-03-26,Wednesday,26,3,1,2025
589.95,3,791,17:30:09.13687,Diego da Rocha,Alameda Cardoso,Engenho Nogueira,Brito da Mata,BA,Curativos (Band-Aid) G-Tech 90g,Aparelhos Médicos,196.65,2024-09-16,Monday   ,16,9,3,2024
324.32,2,1262,06:57:43.132727,João Felipe Gomes,Núcleo Laura Leão,Corumbiara,Gomes,AM,Tadalafila Suspensão Oral 50ml - Bayer,Homeopatia,162.16,2024-10-02,Wednesday,2,10,4,2024
236.95,1,664,15:52:32.589671,João Felipe Gomes,Núcleo Laura Leão,Corumbiara,Gomes,AM,Metformina Pomada 30g - Medley (Genérico),Saúde Bucal,236.95,2024-10-30,Wednesday,30,10,4,2024
399.09000000000003,3,1664,02:07:46.932791,João Felipe Gomes,Núcleo Laura Leão,Corumbiara,Gomes,AM,Sertralina 1g - 10 Comprimidos - Aché,Primeiros Socorros,133.03,2026-07-20,Monday   ,20,7,3,2026
848.85,5,180,03:54:36.689245,João Felipe Gomes,Núcleo Laura Leão,Corumbiara,Gomes,AM,Enxaguante Bucal Rexona FPS 50,Dermocosméticos,169.77,2024-11-12,Tuesday  ,12,11,4,2024
236.61,1,1974,13:03:12.27808,Dom Costa,Loteamento Josué Oliveira,Ambrosina,Andrade Alegre,DF,Dipirona Sódica Xarope 120ml - Neo Química (Genérico),Antidepressivos,236.61,2024-11-09,Saturday ,9,11,4,2024
103.42,2,201,04:51:21.68196,Dom Costa,Loteamento Josué Oliveira,Ambrosina,Andrade Alegre,DF,Metformina 25mg - 30 Comprimidos - Medley (Genérico),Higiene Pessoal,51.71,2024-11-05,Tuesday  ,5,11,4,2024
667.53,3,2316,21:31:49.183466,Dom Costa,Loteamento Josué Oliveira,Ambrosina,Andrade Alegre,DF,Pomada para Assaduras Needs FPS 50,Antialérgicos,222.51,2025-01-18,Saturday ,18,1,1,2025
583.32,4,137,19:14:27.247411,Kaique Nascimento,Esplanada Lima,Mantiqueira,Macedo de Costa,RJ,Enxaguante Bucal Nivea 90g,Antibióticos,145.83,2024-11-13,Wednesday,13,11,4,2024
424.74,2,302,03:45:36.79603,Kaique Nascimento,Esplanada Lima,Mantiqueira,Macedo de Costa,RJ,Fio Dental Listerine 200ml,Saúde Bucal,212.37,2025-06-10,Tuesday  ,10,6,2,2025
315.44,4,474,22:12:20.904662,Hellena da Mata,Lagoa Agatha Machado,Funcionários,Cirino,RJ,Vacina contra Resfriado - Dose Única,Cuidados com o Cabelo,78.86,2026-03-28,Saturday ,28,3,1,2026
148.84,2,744,23:55:33.996304,Srta. Maria Flor Rezende,Fazenda Câmara,Maria Tereza,da Mata dos Dourados,PR,Dipirona Sódica 1g - 10 Comprimidos - EMS (Genérico),Antibióticos,74.42,2024-11-19,Tuesday  ,19,11,4,2024
72.85,5,2942,06:41:24.923366,Srta. Maria Flor Rezende,Fazenda Câmara,Maria Tereza,da Mata dos Dourados,PR,Cefalexina 500mg - 20 Comprimidos - Neo Química (Genérico),Produtos Ortopédicos,14.57,2026-09-08,Tuesday  ,8,9,3,2026
62.7,2,1075,23:00:32.137823,Srta. Maria Flor Rezende,Fazenda Câmara,Maria Tereza,da Mata dos Dourados,PR,Azitromicina Xarope 120ml - Medley (Genérico),Antibióticos,31.35,2025-06-07,Saturday ,7,6,2,2025
464.64,3,1586,16:15:27.707137,Srta. Maria Flor Rezende,Fazenda Câmara,Maria Tereza,da Mata dos Dourados,PR,Tadalafila 25mg - 30 Comprimidos - Neo Química (Genérico),Saúde Bucal,154.88,2025-04-26,Saturday ,26,4,2,2025
81.03,3,2132,01:22:27.861625,Srta. Maria Flor Rezende,Fazenda Câmara,Maria Tereza,da Mata dos Dourados,PR,Ibuprofeno 25mg - 30 Comprimidos - Bayer,Dermocosméticos,27.01,2024-10-08,Tuesday  ,8,10,4,2024
371.84,2,2369,11:02:58.442233,Srta. Maria Flor Rezende,Fazenda Câmara,Maria Tereza,da Mata dos Dourados,PR,Creme Hidratante Bepantol FPS 50,Dermocosméticos,185.92,2025-01-28,Tuesday  ,28,1,1,2025
668.88,3,1954,12:57:10.209182,Maria da Conceição,Rua Ravi Cavalcante,Vila Canto Do Sabiá,Moraes do Galho,PA,Losartana Potássica Suspensão Oral 50ml - Eurofarma,Dermocosméticos,222.96,2025-03-24,Monday   ,24,3,1,2025
363.42,3,1339,14:24:51.485809,Maria da Conceição,Rua Ravi Cavalcante,Vila Canto Do Sabiá,Moraes do Galho,PA,Vacina contra Dengue - Dose Única,Vacinas,121.14,2025-07-19,Saturday ,19,7,3,2025
105.8,2,1798,15:59:38.905828,Maria da Conceição,Rua Ravi Cavalcante,Vila Canto Do Sabiá,Moraes do Galho,PA,Fralda Descartável Vichy 150ml,Homeopatia,52.9,2025-01-05,Sunday   ,5,1,1,2025
229.72,4,2019,12:43:26.292862,Srta. Ana Cecília Pires,Avenida Ryan Pacheco,Aparecida 7ª Seção,Aragão do Galho,SC,Azitromicina 50mg - 30 Comprimidos - Aché,Saúde Bucal,57.43,2025-03-25,Tuesday  ,25,3,1,2025
437.40000000000003,5,2299,19:18:21.550702,Srta. Ana Cecília Pires,Avenida Ryan Pacheco,Aparecida 7ª Seção,Aragão do Galho,SC,Fralda Descartável Aptamil 200ml,Anti-inflamatórios,87.48,2024-12-13,Friday   ,13,12,4,2024
68.11,1,267,15:47:59.703131,Allana Machado,Esplanada Maria Vitória Nunes,Marajó,Fogaça,BA,Omeprazol 25mg - 30 Comprimidos - Eurofarma,Higiene Pessoal,68.11,2025-07-22,Tuesday  ,22,7,3,2025
222.84,3,114,04:39:51.109867,Allana Machado,Esplanada Maria Vitória Nunes,Marajó,Fogaça,BA,Vacina contra Depressão - Reforço,Dermocosméticos,74.28,2025-09-23,Tuesday  ,23,9,3,2025
616.3499999999999,3,311,06:14:09.07407,Ravy Aragão,Rua Ravi Lucca Carvalho,Cidade Jardim,Ferreira de Ferreira,AC,Paracetamol Xarope 120ml - Medley (Genérico),Nutrição Infantil,205.45,2026-01-17,Saturday ,17,1,1,2026
529.59,3,1352,05:49:04.399202,Ravy Aragão,Rua Ravi Lucca Carvalho,Cidade Jardim,Ferreira de Ferreira,AC,Loratadina Xarope 120ml - Aché,Fraldas e Infantis,176.53,2026-04-15,Wednesday,15,4,2,2026
76.76,4,2840,10:33:15.997212,Ravy Aragão,Rua Ravi Lucca Carvalho,Cidade Jardim,Ferreira de Ferreira,AC,Nimesulida 1g - 10 Comprimidos - Eurofarma,Produtos Ortopédicos,19.19,2024-12-25,Wednesday,25,12,4,2024
251.4,5,1752,16:09:06.190236,Caroline Pires,Aeroporto Luísa Sales,Vila Engenho Nogueira,Rezende,GO,Metformina Gotas 20ml - Bayer,Saúde Bucal,50.28,2024-10-13,Sunday   ,13,10,4,2024
641.46,3,2393,11:59:17.134072,Caroline Pires,Aeroporto Luísa Sales,Vila Engenho Nogueira,Rezende,GO,Nimesulida 500mg - 20 Comprimidos - Aché,Antidepressivos,213.82,2025-10-04,Saturday ,4,10,4,2025
742.5600000000001,3,1056,10:27:17.21822,Caroline Pires,Aeroporto Luísa Sales,Vila Engenho Nogueira,Rezende,GO,Metformina Pomada 30g - EMS (Genérico),Produtos Ortopédicos,247.52,2024-11-14,Thursday ,14,11,4,2024
932.32,4,1572,09:57:17.948274,Caroline Pires,Aeroporto Luísa Sales,Vila Engenho Nogueira,Rezende,GO,Omeprazol 50mg - 30 Comprimidos - Neo Química (Genérico),Anti-inflamatórios,233.08,2025-02-16,Sunday   ,16,2,1,2025
676.8,3,2363,09:04:23.198618,Caroline Pires,Aeroporto Luísa Sales,Vila Engenho Nogueira,Rezende,GO,Diclofenaco Xarope 120ml - Neo Química (Genérico),Primeiros Socorros,225.6,2024-10-24,Thursday ,24,10,4,2024
606.6899999999999,3,2187,00:33:17.200051,Caroline Pires,Aeroporto Luísa Sales,Vila Engenho Nogueira,Rezende,GO,Vacina contra Bipolaridade - Dose Única,Nutrição Infantil,202.23,2025-01-09,Thursday ,9,1,1,2025
700.6800000000001,3,2116,20:02:37.514083,Diogo das Neves,Praça da Conceição,Nova Vista,Barros,SC,Ibuprofeno Suspensão Oral 50ml - Neo Química (Genérico),Dermocosméticos,233.56,2025-04-14,Monday   ,14,4,2,2025
248.72,4,2182,01:31:58.409992,Diogo das Neves,Praça da Conceição,Nova Vista,Barros,SC,Pantoprazol 500mg - 20 Comprimidos - Bayer,Fitoterápicos,62.18,2026-03-09,Monday   ,9,3,1,2026
66.74,2,2196,14:26:52.732509,Diogo das Neves,Praça da Conceição,Nova Vista,Barros,SC,Protetor Solar Corporal Needs Tamanho M (40 un),Antibióticos,33.37,2024-10-16,Wednesday,16,10,4,2024
272.7,5,2440,23:31:55.176071,Diogo das Neves,Praça da Conceição,Nova Vista,Barros,SC,Protetor Solar Facial Nivea 50 Metros,Aparelhos Médicos,54.54,2024-12-15,Sunday   ,15,12,4,2024
105,4,2914,06:00:24.264691,Maria Araújo,Passarela Borges,Piraja,Nunes,AC,Sérum Vitamina C Aptamil Tamanho M (40 un),Antibióticos,26.25,2025-07-05,Saturday ,5,7,3,2025
428.70000000000005,3,121,15:06:10.594316,Maria Araújo,Passarela Borges,Piraja,Nunes,AC,Curativos (Band-Aid) Nivea 500ml,Vacinas,142.9,2025-06-12,Thursday ,12,6,2,2025
175.8,1,2871,04:27:12.29423,Vitor Hugo Almeida,Esplanada Anthony Gabriel Gonçalves,Buritis,Peixoto das Flores,RJ,Sertralina Suspensão Oral 50ml - Bayer,Antibióticos,175.8,2025-12-14,Sunday   ,14,12,4,2025
414.8,2,1454,06:20:08.0209,Vitor Hugo Almeida,Esplanada Anthony Gabriel Gonçalves,Buritis,Peixoto das Flores,RJ,Nimesulida 25mg - 30 Comprimidos - Neo Química (Genérico),Higiene Pessoal,207.4,2025-05-15,Thursday ,15,5,2,2025
685.98,3,24,12:44:39.568624,Valentim Sousa,Conjunto Fonseca,Madri,Vieira de Minas,PB,Pomada para Assaduras Listerine 400ml,Fitoterápicos,228.66,2026-03-25,Wednesday,25,3,1,2026
544.05,5,623,11:31:38.347219,Dr. Vitor Hugo Lima,Núcleo de Barbosa,Vale Do Jatoba,da Mota de Oliveira,RS,Metformina Xarope 120ml - EMS (Genérico),Dermocosméticos,108.81,2025-05-08,Thursday ,8,5,2,2025
231.7,1,743,14:33:30.959159,Laura Rezende,Pátio Montenegro,Nova Pampulha,Borges,PA,Losartana Potássica 50mg - 30 Comprimidos - EMS (Genérico),Vitaminas e Suplementos,231.7,2025-12-02,Tuesday  ,2,12,4,2025
122,1,1895,03:54:22.786351,Laura Rezende,Pátio Montenegro,Nova Pampulha,Borges,PA,Vacina contra Gripe - Reforço,Antidepressivos,122,2025-08-28,Thursday ,28,8,3,2025
1237.6000000000001,5,755,19:52:18.777836,Manuella Cirino,Travessa Pastor,Floresta,Cavalcanti,AL,Metformina Pomada 30g - EMS (Genérico),Produtos Ortopédicos,247.52,2025-03-05,Wednesday,5,3,1,2025
361,2,2884,15:31:55.814743,Manuella Cirino,Travessa Pastor,Floresta,Cavalcanti,AL,Enalapril 50mg - 30 Comprimidos - Eurofarma,Analgésicos,180.5,2025-03-21,Friday   ,21,3,1,2025
49.66,2,354,06:23:21.621542,Manuella Cirino,Travessa Pastor,Floresta,Cavalcanti,AL,Creme Dental Colgate 150ml,Vacinas,24.83,2025-04-28,Monday   ,28,4,2,2025
61.08,1,973,22:15:15.414846,Joana Silveira,Alameda Yan Correia,Jardim Dos Comerciarios,Almeida Grande,AP,Condicionador Hidratação Nivea 50g,Fraldas e Infantis,61.08,2026-06-29,Monday   ,29,6,2,2026
355.38,2,1517,17:09:07.685498,Cauê Pastor,Jardim Juliana da Conceição,Tres Marias,Caldeira,SE,Diclofenaco Xarope 120ml - Medley (Genérico),Primeiros Socorros,177.69,2024-10-24,Thursday ,24,10,4,2024
155.13,3,2300,14:06:25.048971,Cauê Pastor,Jardim Juliana da Conceição,Tres Marias,Caldeira,SE,Metformina 25mg - 30 Comprimidos - Medley (Genérico),Higiene Pessoal,51.71,2026-04-06,Monday   ,6,4,2,2026
183.22,1,2471,10:27:45.198258,Fernanda Lima,Via Enzo da Conceição,Novo Aarão Reis,Marques Alegre,AL,Metformina 1g - 10 Comprimidos - Bayer,Genéricos,183.22,2025-08-19,Tuesday  ,19,8,3,2025
202.53,1,1319,05:03:32.531677,Fernanda Lima,Via Enzo da Conceição,Novo Aarão Reis,Marques Alegre,AL,Azitromicina 50mg - 30 Comprimidos - Medley (Genérico),Homeopatia,202.53,2025-05-19,Monday   ,19,5,2,2025
618.96,4,1940,19:15:20.111498,Fernanda Lima,Via Enzo da Conceição,Novo Aarão Reis,Marques Alegre,AL,Escitalopram 1g - 10 Comprimidos - Medley (Genérico),Aparelhos Médicos,154.74,2025-12-20,Saturday ,20,12,4,2025
464.64,3,2406,01:15:24.710616,Fernanda Lima,Via Enzo da Conceição,Novo Aarão Reis,Marques Alegre,AL,Tadalafila 25mg - 30 Comprimidos - Neo Química (Genérico),Saúde Bucal,154.88,2025-10-08,Wednesday,8,10,4,2025
358.75,5,483,03:28:38.046412,Fernanda Lima,Via Enzo da Conceição,Novo Aarão Reis,Marques Alegre,AL,Vacina contra Cirrose - Dose Única,Aparelhos Médicos,71.75,2026-03-24,Tuesday  ,24,3,1,2026
356.08,4,2272,06:57:54.643434,Fernanda Lima,Via Enzo da Conceição,Novo Aarão Reis,Marques Alegre,AL,Lenço Umedecido Aptamil FPS 50,Dermocosméticos,89.02,2025-04-27,Sunday   ,27,4,2,2025
676.92,4,2,07:34:35.254943,Sr. Rafael Gonçalves,Passarela Noah Nogueira,Vila Jardim Leblon,da Rocha,PI,Metformina 500mg - 20 Comprimidos - Medley (Genérico),Fraldas e Infantis,169.23,2026-01-31,Saturday ,31,1,1,2026
191.1,1,235,12:30:01.71161,Sr. Rafael Gonçalves,Passarela Noah Nogueira,Vila Jardim Leblon,da Rocha,PI,Diclofenaco Xarope 120ml - Eurofarma,Aparelhos Médicos,191.1,2026-06-06,Saturday ,6,6,2,2026
52.400000000000006,5,2584,02:59:24.24678,Sr. Rafael Gonçalves,Passarela Noah Nogueira,Vila Jardim Leblon,da Rocha,PI,Condicionador Hidratação Vichy 90g,Vacinas,10.48,2025-10-16,Thursday ,16,10,4,2025
169.26,2,32,04:41:46.908712,Isaac Marques,Trecho Silva,Bom Jesus,Sampaio da Serra,MT,Diclofenaco 25mg - 30 Comprimidos - Neo Química (Genérico),Anti-inflamatórios,84.63,2024-10-19,Saturday ,19,10,4,2024
113.9,1,1511,14:20:39.440408,Isaac Marques,Trecho Silva,Bom Jesus,Sampaio da Serra,MT,Shampoo Anticaspa Johnson's FPS 70,Dermocosméticos,113.9,2025-06-09,Monday   ,9,6,2,2025
213.16,2,2882,02:40:37.414414,Isaac Marques,Trecho Silva,Bom Jesus,Sampaio da Serra,MT,Água Micelar Colgate 50g,Fitoterápicos,106.58,2025-07-26,Saturday ,26,7,3,2025
55.67999999999999,3,348,13:55:47.632258,Ravi Lucca Pastor,Núcleo Maria Luísa Duarte,Vila Antena,Ferreira,AM,Enalapril Gotas 20ml - Medley (Genérico),Dermocosméticos,18.56,2026-01-24,Saturday ,24,1,1,2026
643.6,5,1786,17:14:39.313104,Ravi Lucca Pastor,Núcleo Maria Luísa Duarte,Vila Antena,Ferreira,AM,Álcool em Gel 70% La Roche-Posay 50g,Antibióticos,128.72,2026-07-03,Friday   ,3,7,3,2026
143.87,1,1080,03:11:38.225158,Ravi Lucca Pastor,Núcleo Maria Luísa Duarte,Vila Antena,Ferreira,AM,Creme Hidratante Dove 400ml,Higiene Pessoal,143.87,2024-10-25,Friday   ,25,10,4,2024
69.89,1,1830,09:20:56.657799,Ravi Lucca Pastor,Núcleo Maria Luísa Duarte,Vila Antena,Ferreira,AM,Desodorante Aerosol G-Tech 400ml,Antidepressivos,69.89,2024-09-13,Friday   ,13,9,3,2024
674.08,4,1260,14:47:41.207447,Ravi Lucca Pastor,Núcleo Maria Luísa Duarte,Vila Antena,Ferreira,AM,Creme Hidratante Johnson's Tamanho G (32 un),Antibióticos,168.52,2025-11-14,Friday   ,14,11,4,2025
154.74,1,584,00:42:59.326634,Bento Martins,Morro de da Paz,Conjunto Bonsucesso,Gonçalves do Sul,RO,Escitalopram 1g - 10 Comprimidos - Medley (Genérico),Aparelhos Médicos,154.74,2025-03-09,Sunday   ,9,3,1,2025
679.08,4,2502,09:40:55.796381,Bento Martins,Morro de da Paz,Conjunto Bonsucesso,Gonçalves do Sul,RO,Enxaguante Bucal Rexona FPS 50,Dermocosméticos,169.77,2026-07-22,Wednesday,22,7,3,2026
539.96,4,925,07:32:14.264576,Maitê Pires,Passarela de Fonseca,Andiroba,Duarte,AL,Loratadina 25mg - 30 Comprimidos - Aché,Analgésicos,134.99,2026-07-24,Friday   ,24,7,3,2026
247.04999999999998,5,1716,15:32:20.094856,Maitê Pires,Passarela de Fonseca,Andiroba,Duarte,AL,Vacina contra Anemia - Reforço,Aparelhos Médicos,49.41,2026-03-16,Monday   ,16,3,1,2026
241.96,4,599,14:05:33.568557,Maitê Pires,Passarela de Fonseca,Andiroba,Duarte,AL,Lenço Umedecido CeraVe 400ml,Cuidados com o Cabelo,60.49,2024-09-21,Saturday ,21,9,3,2024
651.12,4,2426,11:23:40.824667,Matheus Dias,Sítio de Casa Grande,Santa Sofia,Lopes dos Dourados,PB,Atenolol 500mg - 20 Comprimidos - Medley (Genérico),Aparelhos Médicos,162.78,2026-09-13,Sunday   ,13,9,3,2026
627.8,5,2053,00:48:23.35438,Matheus Dias,Sítio de Casa Grande,Santa Sofia,Lopes dos Dourados,PB,Metformina 25mg - 30 Comprimidos - Aché,Fraldas e Infantis,125.56,2025-10-11,Saturday ,11,10,4,2025
1188.15,5,528,16:07:16.880946,Matheus Dias,Sítio de Casa Grande,Santa Sofia,Lopes dos Dourados,PB,Condicionador Hidratação Panvel Tamanho G (32 un),Nutrição Infantil,237.63,2025-05-02,Friday   ,2,5,2,2025
209.56,4,2172,14:06:01.588712,Matheus Dias,Sítio de Casa Grande,Santa Sofia,Lopes dos Dourados,PB,Condicionador Hidratação Dove 90g,Antitérmicos,52.39,2025-01-05,Sunday   ,5,1,1,2025
735.66,3,1951,05:56:22.539771,Cauã Cavalcanti,Loteamento de Cardoso,Providencia,Borges,BA,Sertralina 50mg - 30 Comprimidos - Bayer,Antibióticos,245.22,2025-03-26,Wednesday,26,3,1,2025
141.08,4,1091,22:27:54.693645,Cauã Cavalcanti,Loteamento de Cardoso,Providencia,Borges,BA,Metformina Suspensão Oral 50ml - Medley (Genérico),Antidepressivos,35.27,2025-09-05,Friday   ,5,9,3,2025
178.68,3,1644,17:04:30.982347,Cauã Cavalcanti,Loteamento de Cardoso,Providencia,Borges,BA,Vacina contra Câncer de Próstata - Dose Única,Dermocosméticos,59.56,2024-12-18,Wednesday,18,12,4,2024
196.65,1,1534,11:48:10.47167,Luigi da Rosa,Via Ravi Lucca Cassiano,Lindéia,Dias,RR,Curativos (Band-Aid) G-Tech 90g,Aparelhos Médicos,196.65,2025-03-09,Sunday   ,9,3,1,2025
1216.1499999999999,5,941,07:25:12.960215,Ravy Rios,Núcleo de da Cunha,Alta Tensão 1ª Seção,Brito,MS,Sertralina Gotas 20ml - Eurofarma,Cuidados com o Cabelo,243.23,2026-02-26,Thursday ,26,2,1,2026
617.49,3,6,05:11:35.85776,Ravy Rios,Núcleo de da Cunha,Alta Tensão 1ª Seção,Brito,MS,Curativos (Band-Aid) Mió 200ml,Produtos Ortopédicos,205.83,2025-07-27,Sunday   ,27,7,3,2025
985.3,5,1151,00:52:58.043581,Luísa da Mata,Passarela Vitor Hugo da Cruz,Mantiqueira,Machado,PE,Metformina 500mg - 20 Comprimidos - Bayer,Antitérmicos,197.06,2025-04-25,Friday   ,25,4,2,2025
842.8,5,1067,10:55:10.498319,Luísa da Mata,Passarela Vitor Hugo da Cruz,Mantiqueira,Machado,PE,Losartana Potássica Pomada 30g - EMS (Genérico),Nutrição Infantil,168.56,2026-09-08,Tuesday  ,8,9,3,2026
204.2,1,879,03:55:56.20827,Luísa da Mata,Passarela Vitor Hugo da Cruz,Mantiqueira,Machado,PE,Condicionador Hidratação Nivea 90g,Anti-inflamatórios,204.2,2026-07-11,Saturday ,11,7,3,2026
105.69,3,1042,03:32:04.192815,Luísa da Mata,Passarela Vitor Hugo da Cruz,Mantiqueira,Machado,PE,Condicionador Hidratação G-Tech Tamanho G (32 un),Analgésicos,35.23,2026-01-11,Sunday   ,11,1,1,2026
228.66,1,1090,16:29:38.251853,Luísa da Mata,Passarela Vitor Hugo da Cruz,Mantiqueira,Machado,PE,Pomada para Assaduras Listerine 400ml,Fitoterápicos,228.66,2026-08-03,Monday   ,3,8,3,2026
945.15,5,1267,16:24:07.455287,Heloisa Moura,Condomínio José Nascimento,Betânia,da Cruz da Mata,PB,Tadalafila Xarope 120ml - Aché,Antialérgicos,189.03,2026-03-09,Monday   ,9,3,1,2026
182.64,1,709,12:12:51.965034,Heloisa Moura,Condomínio José Nascimento,Betânia,da Cruz da Mata,PB,Hastes Flexíveis (Cotonetes) Mió 150ml,Vitaminas e Suplementos,182.64,2024-11-28,Thursday ,28,11,4,2024
431.85,5,1082,13:40:34.32501,Dr. Bernardo da Cunha,Conjunto de Lopes,Floramar,Machado,PE,Diclofenaco 1g - 10 Comprimidos - Neo Química (Genérico),Antialérgicos,86.37,2026-01-31,Saturday ,31,1,1,2026
275.56,4,2443,05:20:28.601741,Dr. Bernardo da Cunha,Conjunto de Lopes,Floramar,Machado,PE,Nimesulida 1g - 10 Comprimidos - Aché,Vacinas,68.89,2025-10-29,Wednesday,29,10,4,2025
571.92,3,1113,18:45:05.429639,Dr. Bernardo da Cunha,Conjunto de Lopes,Floramar,Machado,PE,Sabonete em Barra Needs FPS 50,Cuidados com o Cabelo,190.64,2026-04-06,Monday   ,6,4,2,2026
79.92,1,1198,10:30:15.390383,Dr. Bernardo da Cunha,Conjunto de Lopes,Floramar,Machado,PE,Desodorante Aerosol Rexona FPS 70,Genéricos,79.92,2025-02-15,Saturday ,15,2,1,2025
285.5,5,2113,12:01:01.77535,Léo Sampaio,Vereda de Casa Grande,Carlos Prates,Cavalcante da Serra,RJ,Tadalafila 500mg - 20 Comprimidos - Aché,Aparelhos Médicos,57.1,2026-04-10,Friday   ,10,4,2,2026
243.93,1,2760,15:37:48.76773,Léo Sampaio,Vereda de Casa Grande,Carlos Prates,Cavalcante da Serra,RJ,Curativos (Band-Aid) CeraVe FPS 50,Nutrição Infantil,243.93,2025-05-26,Monday   ,26,5,2,2025
72.72,4,2000,20:41:56.182937,Léo Sampaio,Vereda de Casa Grande,Carlos Prates,Cavalcante da Serra,RJ,Termômetro Digital Vichy 50 Metros,Aparelhos Médicos,18.18,2024-10-04,Friday   ,4,10,4,2024
84.72,4,655,19:00:01.340612,Mathias Freitas,Rua Luiz Gustavo Viana,Jardim Alvorada,Cassiano,SE,Nimesulida 25mg - 30 Comprimidos - Bayer,Antitérmicos,21.18,2025-10-21,Tuesday  ,21,10,4,2025
133.03,1,2218,15:36:00.843148,Mathias Freitas,Rua Luiz Gustavo Viana,Jardim Alvorada,Cassiano,SE,Sertralina 1g - 10 Comprimidos - Aché,Primeiros Socorros,133.03,2025-09-07,Sunday   ,7,9,3,2025
713.16,3,2566,14:08:30.110802,Mathias Freitas,Rua Luiz Gustavo Viana,Jardim Alvorada,Cassiano,SE,Dipirona Sódica 50mg - 30 Comprimidos - Medley (Genérico),Antibióticos,237.72,2026-02-03,Tuesday  ,3,2,1,2026
304.68,3,1072,17:35:11.465072,Rael Dias,Feira da Luz,Vila São Gabriel Jacui,da Rosa,AP,Nimesulida 25mg - 30 Comprimidos - Medley (Genérico),Antitérmicos,101.56,2026-08-06,Thursday ,6,8,3,2026
735.66,3,1459,13:28:39.799346,Rael Dias,Feira da Luz,Vila São Gabriel Jacui,da Rosa,AP,Sertralina 50mg - 30 Comprimidos - Bayer,Antibióticos,245.22,2025-02-15,Saturday ,15,2,1,2025
141.48,1,2996,18:16:21.282366,Rael Dias,Feira da Luz,Vila São Gabriel Jacui,da Rosa,AP,Vacina contra Depressão - Dose Única,Produtos Ortopédicos,141.48,2025-09-18,Thursday ,18,9,3,2025
549.6500000000001,5,972,02:12:12.173586,Marcela Novais,Rua Dante Fogaça,Lagoinha,da Costa,PE,Dipirona Sódica 1g - 10 Comprimidos - Bayer,Cuidados com o Cabelo,109.93,2026-01-01,Thursday ,1,1,1,2026
122.08,1,2315,21:17:28.296206,Marcela Novais,Rua Dante Fogaça,Lagoinha,da Costa,PE,Vacina contra Dermatite - Reforço,Primeiros Socorros,122.08,2025-02-23,Sunday   ,23,2,1,2025
469.76,4,1505,17:01:02.066808,Marcela Novais,Rua Dante Fogaça,Lagoinha,da Costa,PE,Sabonete em Barra Colgate Tamanho G (32 un),Fraldas e Infantis,117.44,2025-10-04,Saturday ,4,10,4,2025
347.12,2,1575,12:05:08.256045,Marcela Novais,Rua Dante Fogaça,Lagoinha,da Costa,PE,Sérum Vitamina C Clear FPS 70,Fraldas e Infantis,173.56,2024-12-24,Tuesday  ,24,12,4,2024
486.27,3,2723,14:10:22.579394,Sr. Gustavo Henrique Porto,Rua da Mota,Vila Inestan,Cirino,RJ,Vacina contra Hepatite B - Dose Única,Vacinas,162.09,2026-08-29,Saturday ,29,8,3,2026
1174.8999999999999,5,2387,02:04:15.894646,Srta. Isabel Cunha,Praça Moreira,Independência,Ramos,AC,Enalapril Gotas 20ml - Bayer,Antitérmicos,234.98,2026-07-21,Tuesday  ,21,7,3,2026
344.70000000000005,3,2643,05:34:39.77684,Srta. Isabel Cunha,Praça Moreira,Independência,Ramos,AC,Creme Hidratante Listerine 90g,Homeopatia,114.9,2024-11-07,Thursday ,7,11,4,2024
233.44,2,371,16:13:52.405684,Sr. Benicio Novais,Vereda Liam Fogaça,Maria Goretti,Montenegro da Praia,PA,Clonazepam 25mg - 30 Comprimidos - Bayer,Higiene Pessoal,116.72,2025-08-14,Thursday ,14,8,3,2025
477.06,2,1384,11:05:24.958127,Sr. Benicio Novais,Vereda Liam Fogaça,Maria Goretti,Montenegro da Praia,PA,Condicionador Hidratação Needs Tamanho M (40 un),Genéricos,238.53,2025-09-28,Sunday   ,28,9,3,2025
824.8,4,1879,05:04:37.473307,Lucca Camargo,Estrada de Nascimento,Carlos Prates,Barbosa dos Dourados,RN,Cefalexina 50mg - 30 Comprimidos - Aché,Aparelhos Médicos,206.2,2024-12-27,Friday   ,27,12,4,2024
469.23,3,917,11:07:09.933092,Lucca Camargo,Estrada de Nascimento,Carlos Prates,Barbosa dos Dourados,RN,Vacina contra Rinite - Dose Única,Aparelhos Médicos,156.41,2025-02-16,Sunday   ,16,2,1,2025
394.26,3,1422,15:49:41.420254,Lucca Camargo,Estrada de Nascimento,Carlos Prates,Barbosa dos Dourados,RN,Sérum Vitamina C Listerine Tamanho M (40 un),Genéricos,131.42,2026-04-25,Saturday ,25,4,2,2026
64.2,1,464,09:04:53.813585,Lucca Camargo,Estrada de Nascimento,Carlos Prates,Barbosa dos Dourados,RN,Condicionador Hidratação Johnson's FPS 50,Aparelhos Médicos,64.2,2026-07-09,Thursday ,9,7,3,2026
743.68,4,1582,07:49:49.633576,Sophia Dias,Rua de Novais,Paulo Vi,Carvalho,DF,Creme Hidratante Bepantol FPS 50,Dermocosméticos,185.92,2025-06-20,Friday   ,20,6,2,2025
602.32,4,2105,21:36:02.030176,Pedro Miguel Carvalho,Conjunto Câmara,Dom Silverio,Rodrigues,TO,Ibuprofeno Xarope 120ml - Bayer,Higiene Pessoal,150.58,2025-02-28,Friday   ,28,2,1,2025
601.45,5,2287,04:47:59.127988,Pedro Miguel Carvalho,Conjunto Câmara,Dom Silverio,Rodrigues,TO,Dipirona Sódica Xarope 120ml - Medley (Genérico),Nutrição Infantil,120.29,2025-08-29,Friday   ,29,8,3,2025
946.1,5,2054,20:21:15.426862,Mariah Costela,Residencial Dante Monteiro,Vila Da Luz,da Costa,PE,Loratadina Gotas 20ml - EMS (Genérico),Antibióticos,189.22,2026-02-04,Wednesday,4,2,1,2026
567.09,3,249,12:26:48.800551,Mariah Costela,Residencial Dante Monteiro,Vila Da Luz,da Costa,PE,Tadalafila Xarope 120ml - Aché,Antialérgicos,189.03,2024-09-20,Friday   ,20,9,3,2024
580.26,3,2718,15:42:19.320171,Daniel Vargas,Rua Noah Pastor,Jonas Veiga,Duarte,MA,Enalapril Suspensão Oral 50ml - Eurofarma,Saúde Bucal,193.42,2026-07-18,Saturday ,18,7,3,2026
371.34,2,2779,10:03:47.751281,Daniel Vargas,Rua Noah Pastor,Jonas Veiga,Duarte,MA,Termômetro Digital Needs Tamanho M (40 un),Vitaminas e Suplementos,185.67,2025-01-13,Monday   ,13,1,1,2025
346.78,2,682,11:51:55.821436,Dra. Elisa Teixeira,Aeroporto Monteiro,Confisco,Casa Grande do Oeste,MT,Atenolol Xarope 120ml - Medley (Genérico),Fitoterápicos,173.39,2026-03-27,Friday   ,27,3,1,2026
23.18,2,2729,00:19:44.418427,Dra. Elisa Teixeira,Aeroporto Monteiro,Confisco,Casa Grande do Oeste,MT,Sildenafila 500mg - 20 Comprimidos - Eurofarma,Analgésicos,11.59,2024-10-07,Monday   ,7,10,4,2024
1072.95,5,2714,08:11:19.045461,Dra. Elisa Teixeira,Aeroporto Monteiro,Confisco,Casa Grande do Oeste,MT,Protetor Solar Corporal Needs 90g,Produtos Ortopédicos,214.59,2026-02-13,Friday   ,13,2,1,2026
438.1,5,146,07:13:21.620531,Bella Sampaio,Avenida Pacheco,Marieta 3ª Seção,Monteiro,AP,Sildenafila 25mg - 30 Comprimidos - Medley (Genérico),Antialérgicos,87.62,2026-06-07,Sunday   ,7,6,2,2026
205.24,2,1047,11:42:59.98993,Emanuel Nogueira,Favela de Melo,Estrela Do Oriente,Sousa,TO,Vacina contra Alzheimer - Dose Única,Antialérgicos,102.62,2025-11-24,Monday   ,24,11,4,2025
408,4,344,11:34:16.242463,Emanuel Nogueira,Favela de Melo,Estrela Do Oriente,Sousa,TO,Absorvente com Abas Bepantol 50g,Fraldas e Infantis,102,2024-12-29,Sunday   ,29,12,4,2024
87.32,2,2726,05:19:43.363716,Dr. Liam Fernandes,Viaduto Giovanna Guerra,Etelvina Carneiro,da Rosa de Nascimento,PR,Hidroclorotiazida Gotas 20ml - Medley (Genérico),Aparelhos Médicos,43.66,2024-11-12,Tuesday  ,12,11,4,2024
729.04,4,1284,05:47:53.02474,Dr. Liam Fernandes,Viaduto Giovanna Guerra,Etelvina Carneiro,da Rosa de Nascimento,PR,Vacina contra Trombose - Reforço,Fitoterápicos,182.26,2026-07-14,Tuesday  ,14,7,3,2026
428.52,3,20,04:22:28.412712,Sr. Henrique Alves,Jardim de Moreira,Minas Brasil,Pires,PE,Losartana Potássica Gotas 20ml - Neo Química (Genérico),Analgésicos,142.84,2026-02-02,Monday   ,2,2,1,2026
274.02,2,874,18:53:36.878396,Rhavi Andrade,Viaduto Azevedo,Vila Independencia 3ª Seção,Alves,BA,Metformina Xarope 120ml - Bayer,Aparelhos Médicos,137.01,2025-02-25,Tuesday  ,25,2,1,2025
37.12,2,1936,21:41:39.060419,Rhavi Andrade,Viaduto Azevedo,Vila Independencia 3ª Seção,Alves,BA,Enalapril Gotas 20ml - Medley (Genérico),Dermocosméticos,18.56,2026-01-14,Wednesday,14,1,1,2026
674.95,5,631,22:00:08.062446,Rhavi Andrade,Viaduto Azevedo,Vila Independencia 3ª Seção,Alves,BA,Loratadina 25mg - 30 Comprimidos - Aché,Analgésicos,134.99,2025-12-26,Friday   ,26,12,4,2025
518.67,3,1585,14:31:58.476328,Rhavi Andrade,Viaduto Azevedo,Vila Independencia 3ª Seção,Alves,BA,Diclofenaco Suspensão Oral 50ml - Aché,Primeiros Socorros,172.89,2025-03-22,Saturday ,22,3,1,2025
116.64,4,1912,23:21:39.669232,Helena Andrade,Aeroporto Camila Freitas,Vila Antena,Brito Alegre,MS,Sertralina 50mg - 30 Comprimidos - Neo Química (Genérico),Higiene Pessoal,29.16,2025-08-07,Thursday ,7,8,3,2025
80.39,1,2073,06:54:18.659571,Helena Andrade,Aeroporto Camila Freitas,Vila Antena,Brito Alegre,MS,Vacina contra Embolia - Reforço,Anti-inflamatórios,80.39,2026-08-20,Thursday ,20,8,3,2026
919.4,4,431,21:59:19.038191,Helena Andrade,Aeroporto Camila Freitas,Vila Antena,Brito Alegre,MS,Álcool em Gel 70% CeraVe 150ml,Genéricos,229.85,2026-04-13,Monday   ,13,4,2,2026
284.3,2,920,17:40:37.603375,Maria Clara Araújo,Distrito de Cirino,Minas Caixa,da Cunha,AM,Amoxicilina Pomada 30g - Eurofarma,Vitaminas e Suplementos,142.15,2026-07-11,Saturday ,11,7,3,2026
304.54999999999995,5,427,05:51:14.631011,Maria Clara Araújo,Distrito de Cirino,Minas Caixa,da Cunha,AM,Azitromicina 1g - 10 Comprimidos - EMS (Genérico),Dermocosméticos,60.91,2026-01-09,Friday   ,9,1,1,2026
802.1500000000001,5,2126,20:09:44.818481,Anna Liz Rocha,Rodovia de Castro,Vila Calafate,Silva de Minas,MA,Omeprazol Suspensão Oral 50ml - Eurofarma,Anti-inflamatórios,160.43,2025-09-19,Friday   ,19,9,3,2025
208.84,4,2966,11:03:26.383285,Anna Liz Rocha,Rodovia de Castro,Vila Calafate,Silva de Minas,MA,Tadalafila Suspensão Oral 50ml - EMS (Genérico),Vacinas,52.21,2026-05-05,Tuesday  ,5,5,2,2026
285.78,2,74,01:43:13.090382,Zoe Costela,Esplanada Danilo Mendes,Sport Club,das Neves,MT,Escitalopram 25mg - 30 Comprimidos - Bayer,Aparelhos Médicos,142.89,2026-07-19,Sunday   ,19,7,3,2026
699.24,3,423,17:25:43.639785,Zoe Costela,Esplanada Danilo Mendes,Sport Club,das Neves,MT,Omeprazol 50mg - 30 Comprimidos - Neo Química (Genérico),Anti-inflamatórios,233.08,2025-03-30,Sunday   ,30,3,1,2025
602.13,3,1900,05:42:32.326423,Zoe Costela,Esplanada Danilo Mendes,Sport Club,das Neves,MT,Clonazepam 1g - 10 Comprimidos - Neo Química (Genérico),Analgésicos,200.71,2026-06-15,Monday   ,15,6,2,2026
87.62,1,330,20:38:33.366755,Zoe Costela,Esplanada Danilo Mendes,Sport Club,das Neves,MT,Sildenafila 25mg - 30 Comprimidos - Medley (Genérico),Antialérgicos,87.62,2025-03-19,Wednesday,19,3,1,2025
269.76,2,2278,14:35:36.988694,João Lucas Mendes,Loteamento Campos,Sagrada Família,Gonçalves das Pedras,PR,Pomada para Assaduras G-Tech FPS 50,Higiene Pessoal,134.88,2025-12-12,Friday   ,12,12,4,2025
79.68,1,140,04:42:53.134843,Sara Martins,Loteamento Jade Casa Grande,Vista Do Sol,Macedo de Costa,RJ,Sabonete Líquido Panvel 90g,Nutrição Infantil,79.68,2026-05-01,Friday   ,1,5,2,2026
364.74,2,2074,01:58:36.748421,Sara Martins,Loteamento Jade Casa Grande,Vista Do Sol,Macedo de Costa,RJ,Protetor Solar Corporal Bepantol FPS 70,Homeopatia,182.37,2025-04-11,Friday   ,11,4,2,2025
467.12,2,859,10:06:39.313833,José Pedro Vargas,Condomínio Pacheco,Cruzeiro,Machado,PB,Ibuprofeno Suspensão Oral 50ml - Neo Química (Genérico),Dermocosméticos,233.56,2025-03-21,Friday   ,21,3,1,2025
481.77,3,2608,01:14:47.147618,Isabela Oliveira,Via Mendes,Paulo Vi,Albuquerque de Brito,GO,Metformina Suspensão Oral 50ml - Aché,Genéricos,160.59,2025-09-25,Thursday ,25,9,3,2025
725.9399999999999,3,2296,13:22:38.692867,Isabela Oliveira,Via Mendes,Paulo Vi,Albuquerque de Brito,GO,Escitalopram Suspensão Oral 50ml - Eurofarma,Vitaminas e Suplementos,241.98,2025-02-11,Tuesday  ,11,2,1,2025
328.54,2,169,06:08:03.762206,Isabela Oliveira,Via Mendes,Paulo Vi,Albuquerque de Brito,GO,Azitromicina Gotas 20ml - Aché,Primeiros Socorros,164.27,2025-03-07,Friday   ,7,3,1,2025
24.83,1,1576,13:19:59.765031,Isabela Oliveira,Via Mendes,Paulo Vi,Albuquerque de Brito,GO,Creme Dental Colgate 150ml,Vacinas,24.83,2026-02-11,Wednesday,11,2,1,2026
79.83,1,2309,05:03:16.466153,Isabela Oliveira,Via Mendes,Paulo Vi,Albuquerque de Brito,GO,Protetor Solar Facial Bepantol 150ml,Vacinas,79.83,2026-08-26,Wednesday,26,8,3,2026
647.68,4,745,19:36:17.757851,Isabela Oliveira,Via Mendes,Paulo Vi,Albuquerque de Brito,GO,Creme Hidratante Panvel FPS 50,Genéricos,161.92,2025-07-31,Thursday ,31,7,3,2025
545.64,3,1402,00:25:39.822111,Caroline da Mata,Trecho Freitas,Cidade Jardim Taquaril,Pacheco,RR,Azitromicina Suspensão Oral 50ml - Neo Química (Genérico),Vacinas,181.88,2025-08-16,Saturday ,16,8,3,2025
679.08,4,2328,18:59:26.020092,Caroline da Mata,Trecho Freitas,Cidade Jardim Taquaril,Pacheco,RR,Enxaguante Bucal Rexona FPS 50,Dermocosméticos,169.77,2025-12-31,Wednesday,31,12,4,2025
114.9,1,1122,19:09:07.95011,Pietra das Neves,Núcleo Anna Liz Andrade,Santa Cecilia,Viana,TO,Creme Hidratante Listerine 90g,Homeopatia,114.9,2025-01-21,Tuesday  ,21,1,1,2025
216.1,2,319,19:18:45.666955,Luiza Rezende,Feira Eloah Gonçalves,Chácara Leonina,Moraes do Galho,PA,Condicionador Hidratação G-Tech FPS 50,Produtos Ortopédicos,108.05,2026-02-21,Saturday ,21,2,1,2026
163.62,3,2719,02:58:29.630152,Luiza Rezende,Feira Eloah Gonçalves,Chácara Leonina,Moraes do Galho,PA,Protetor Solar Facial Nivea 50 Metros,Aparelhos Médicos,54.54,2025-04-08,Tuesday  ,8,4,2,2025
141.76,4,1733,17:54:13.576514,Luara Leão,Rua de Rodrigues,União,Leão,RJ,Nimesulida Xarope 120ml - Eurofarma,Dermocosméticos,35.44,2025-01-21,Tuesday  ,21,1,1,2025
676.92,4,1859,07:20:23.636468,Ana Julia Oliveira,Largo Manuela da Mota,Primeiro De Maio,da Paz das Flores,PR,Metformina 500mg - 20 Comprimidos - Medley (Genérico),Fraldas e Infantis,169.23,2026-04-02,Thursday ,2,4,2,2026
695.0999999999999,3,439,23:11:13.505445,Ana Julia Oliveira,Largo Manuela da Mota,Primeiro De Maio,da Paz das Flores,PR,Losartana Potássica 50mg - 30 Comprimidos - EMS (Genérico),Vitaminas e Suplementos,231.7,2025-02-03,Monday   ,3,2,1,2025
297.12,4,2976,01:29:08.513972,Ana Julia Oliveira,Largo Manuela da Mota,Primeiro De Maio,da Paz das Flores,PR,Vacina contra Depressão - Reforço,Dermocosméticos,74.28,2025-12-07,Sunday   ,7,12,4,2025
19.02,2,2540,22:50:00.508088,Luiz Gustavo Macedo,Trevo de Cirino,Flamengo,Alves de da Conceição,AC,Dipirona Sódica Gotas 20ml - EMS (Genérico),Aparelhos Médicos,9.51,2026-05-03,Sunday   ,3,5,2,2026
812.92,4,2380,21:47:18.988896,Luiz Gustavo Macedo,Trevo de Cirino,Flamengo,Alves de da Conceição,AC,Enxaguante Bucal Clear FPS 70,Saúde Bucal,203.23,2026-02-10,Tuesday  ,10,2,1,2026
103.44,4,374,02:49:15.125394,Vinicius Melo,Estação Diogo Rodrigues,Dom Cabral,Pimenta da Praia,AL,Cefalexina 25mg - 30 Comprimidos - Eurofarma,Primeiros Socorros,25.86,2025-01-23,Thursday ,23,1,1,2025
43.75,1,106,05:19:11.707981,Gabrielly Lopes,Área de Lima,Vila Formosa,Machado da Serra,MS,Escitalopram 1g - 10 Comprimidos - Aché,Primeiros Socorros,43.75,2025-02-12,Wednesday,12,2,1,2025
818.2,4,1897,00:36:17.120003,Gabrielly Lopes,Área de Lima,Vila Formosa,Machado da Serra,MS,Escitalopram Xarope 120ml - Neo Química (Genérico),Vitaminas e Suplementos,204.55,2026-08-26,Wednesday,26,8,3,2026
560.9399999999999,3,2695,19:48:44.646259,Sr. Danilo Sales,Travessa Cirino,Mineirão,Sampaio da Serra,MT,Enalapril Gotas 20ml - EMS (Genérico),Homeopatia,186.98,2025-03-06,Thursday ,6,3,1,2025
172.89,1,473,00:51:25.155149,Sr. Danilo Sales,Travessa Cirino,Mineirão,Sampaio da Serra,MT,Diclofenaco Suspensão Oral 50ml - Aché,Primeiros Socorros,172.89,2026-04-19,Sunday   ,19,4,2,2026
668.5500000000001,5,575,02:47:56.716305,Isabelly Souza,Jardim de Camargo,Leonina,Aragão do Galho,SC,Sildenafila 1g - 10 Comprimidos - Neo Química (Genérico),Anti-inflamatórios,133.71,2026-08-23,Sunday   ,23,8,3,2026
35.27,1,2575,07:28:06.991336,Isabelly Souza,Jardim de Camargo,Leonina,Aragão do Galho,SC,Metformina Suspensão Oral 50ml - Medley (Genérico),Antidepressivos,35.27,2026-08-06,Thursday ,6,8,3,2026
131.87,1,2030,21:07:48.675752,Isabelly Souza,Jardim de Camargo,Leonina,Aragão do Galho,SC,Curativos (Band-Aid) Needs 400ml,Anti-inflamatórios,131.87,2026-03-30,Monday   ,30,3,1,2026
242.81,1,1977,16:50:17.052344,Maria Eduarda Monteiro,Rua de Caldeira,Jatobá,Barros,TO,Paracetamol 1g - 10 Comprimidos - Bayer,Vacinas,242.81,2025-08-12,Tuesday  ,12,8,3,2025
507.8,5,1959,22:55:12.616647,Maria Eduarda Monteiro,Rua de Caldeira,Jatobá,Barros,TO,Nimesulida 25mg - 30 Comprimidos - Medley (Genérico),Antitérmicos,101.56,2024-09-27,Friday   ,27,9,3,2024
97.83,1,921,02:16:44.678467,Maria Eduarda Monteiro,Rua de Caldeira,Jatobá,Barros,TO,Pantoprazol 25mg - 30 Comprimidos - Aché,Homeopatia,97.83,2026-03-09,Monday   ,9,3,1,2026
137.47,1,1932,14:34:07.700604,Maria Eduarda Monteiro,Rua de Caldeira,Jatobá,Barros,TO,Paracetamol Gotas 20ml - Neo Química (Genérico),Anti-inflamatórios,137.47,2026-01-22,Thursday ,22,1,1,2026
748.9,5,832,19:20:31.227811,Benjamim Pastor,Vale da Rocha,Bacurau,da Luz,RS,Metformina 500mg - 20 Comprimidos - Eurofarma,Primeiros Socorros,149.78,2025-09-06,Saturday ,6,9,3,2025
423.15,5,1308,16:31:09.475,Benjamim Pastor,Vale da Rocha,Bacurau,da Luz,RS,Vacina contra Obesidade - Dose Única,Fraldas e Infantis,84.63,2024-09-21,Saturday ,21,9,3,2024
160.43,1,685,22:45:55.185097,Calebe Mendes,Alameda Maria Alice Novais,Nova Vista,da Paz das Pedras,BA,Omeprazol Suspensão Oral 50ml - Eurofarma,Anti-inflamatórios,160.43,2025-06-06,Friday   ,6,6,2,2025
1054,5,2520,12:43:05.787437,Calebe Mendes,Alameda Maria Alice Novais,Nova Vista,da Paz das Pedras,BA,Lenço Umedecido G-Tech 500ml,Antidepressivos,210.8,2025-05-24,Saturday ,24,5,2,2025
136.12,4,2511,17:07:35.33999,Sabrina Brito,Trevo Ana Julia Sá,Vale Do Jatoba,da Costa,PE,Pantoprazol Suspensão Oral 50ml - Neo Química (Genérico),Vitaminas e Suplementos,34.03,2025-11-14,Friday   ,14,11,4,2025
214.95,1,2941,05:14:11.590523,Sabrina Brito,Trevo Ana Julia Sá,Vale Do Jatoba,da Costa,PE,Hidroclorotiazida 1g - 10 Comprimidos - Aché,Analgésicos,214.95,2026-05-18,Monday   ,18,5,2,2026
140.92,4,895,23:15:17.634627,Sabrina Brito,Trevo Ana Julia Sá,Vale Do Jatoba,da Costa,PE,Condicionador Hidratação G-Tech Tamanho G (32 un),Analgésicos,35.23,2024-12-24,Tuesday  ,24,12,4,2024
65.02,1,808,07:14:06.404629,Bruna Cassiano,Conjunto de da Paz,São Jorge 1ª Seção,Jesus,ES,Fluoxetina 1g - 10 Comprimidos - Eurofarma,Cuidados com o Cabelo,65.02,2026-08-28,Friday   ,28,8,3,2026
700.6800000000001,3,288,03:29:44.347254,Bruna Cassiano,Conjunto de da Paz,São Jorge 1ª Seção,Jesus,ES,Ibuprofeno Suspensão Oral 50ml - Neo Química (Genérico),Dermocosméticos,233.56,2025-03-11,Tuesday  ,11,3,1,2025
205.45,1,855,23:10:43.771613,Bruna Cassiano,Conjunto de da Paz,São Jorge 1ª Seção,Jesus,ES,Paracetamol Xarope 120ml - Medley (Genérico),Nutrição Infantil,205.45,2024-11-10,Sunday   ,10,11,4,2024
44.14,2,1107,21:39:53.781558,Bruna Cassiano,Conjunto de da Paz,São Jorge 1ª Seção,Jesus,ES,Azitromicina 500mg - 20 Comprimidos - Neo Química (Genérico),Antitérmicos,22.07,2025-06-19,Thursday ,19,6,2,2025
97.52,2,1873,04:30:08.745066,Ana Carolina Rios,Vila Vieira,Saudade,Vieira de Minas,MT,Clonazepam 50mg - 30 Comprimidos - Aché,Vitaminas e Suplementos,48.76,2025-06-10,Tuesday  ,10,6,2,2025
236.81,1,2571,15:01:56.115348,Ana Carolina Rios,Vila Vieira,Saudade,Vieira de Minas,MT,Atenolol Xarope 120ml - EMS (Genérico),Analgésicos,236.81,2026-02-11,Wednesday,11,2,1,2026
95.95,5,2370,19:30:43.898834,Ana Carolina Rios,Vila Vieira,Saudade,Vieira de Minas,MT,Nimesulida 1g - 10 Comprimidos - Eurofarma,Produtos Ortopédicos,19.19,2025-06-20,Friday   ,20,6,2,2025
1171.55,5,540,02:36:20.469091,Ana Carolina Rios,Vila Vieira,Saudade,Vieira de Minas,MT,Protetor Solar Facial Pampers 90g,Antialérgicos,234.31,2025-12-02,Tuesday  ,2,12,4,2025
293.85,5,2295,21:37:35.556254,Ágatha Viana,Ladeira Lopes,Cidade Jardim,Barros de Fernandes,RR,Loratadina 1g - 10 Comprimidos - Neo Química (Genérico),Primeiros Socorros,58.77,2026-02-24,Tuesday  ,24,2,1,2026
322.04,2,1710,12:52:12.735019,Ágatha Viana,Ladeira Lopes,Cidade Jardim,Barros de Fernandes,RR,Escitalopram Gotas 20ml - Eurofarma,Antibióticos,161.02,2026-01-14,Wednesday,14,1,1,2026
507.8,5,618,18:38:04.692792,Ágatha Viana,Ladeira Lopes,Cidade Jardim,Barros de Fernandes,RR,Nimesulida 25mg - 30 Comprimidos - Medley (Genérico),Antitérmicos,101.56,2025-08-23,Saturday ,23,8,3,2025
31.24,2,1228,23:58:41.273278,Ágatha Viana,Ladeira Lopes,Cidade Jardim,Barros de Fernandes,RR,Diclofenaco 50mg - 30 Comprimidos - Medley (Genérico),Vitaminas e Suplementos,15.62,2025-12-05,Friday   ,5,12,4,2025
207.88,2,1619,11:39:20.716495,Ágatha Viana,Ladeira Lopes,Cidade Jardim,Barros de Fernandes,RR,Clonazepam 500mg - 20 Comprimidos - Medley (Genérico),Dermocosméticos,103.94,2025-03-17,Monday   ,17,3,1,2025
104.96,1,1277,20:43:36.056285,Ágatha Viana,Ladeira Lopes,Cidade Jardim,Barros de Fernandes,RR,Desodorante Aerosol Nivea 200ml,Primeiros Socorros,104.96,2025-02-17,Monday   ,17,2,1,2025
902.4,4,833,03:03:01.414734,Alana Porto,Rodovia de da Cruz,Marieta 2ª Seção,Sousa,PE,Diclofenaco Xarope 120ml - Neo Química (Genérico),Primeiros Socorros,225.6,2025-02-02,Sunday   ,2,2,1,2025
640.8499999999999,5,1914,11:40:44.449886,Alana Porto,Rodovia de da Cruz,Marieta 2ª Seção,Sousa,PE,Losartana Potássica Gotas 20ml - Aché,Antidepressivos,128.17,2026-04-05,Sunday   ,5,4,2,2026
74.49,3,1034,20:56:55.863644,Alana Porto,Rodovia de da Cruz,Marieta 2ª Seção,Sousa,PE,Creme Dental Colgate 150ml,Vacinas,24.83,2025-11-21,Friday   ,21,11,4,2025
162.87,1,1880,21:25:52.742998,Srta. Ester da Mata,Chácara de Silva,Novo Ouro Preto,Sampaio da Serra,MT,Metformina 50mg - 30 Comprimidos - Bayer,Antialérgicos,162.87,2024-10-19,Saturday ,19,10,4,2024
361.84,2,96,18:41:41.848311,Srta. Ester da Mata,Chácara de Silva,Novo Ouro Preto,Sampaio da Serra,MT,Losartana Potássica 500mg - 20 Comprimidos - Medley (Genérico),Nutrição Infantil,180.92,2025-11-15,Saturday ,15,11,4,2025
129.62,2,1204,11:39:24.326587,Srta. Ester da Mata,Chácara de Silva,Novo Ouro Preto,Sampaio da Serra,MT,Vacina contra Hipotensão - Reforço,Antidepressivos,64.81,2025-01-15,Wednesday,15,1,1,2025
399.15,5,2607,23:50:20.905813,Srta. Ester da Mata,Chácara de Silva,Novo Ouro Preto,Sampaio da Serra,MT,Protetor Solar Facial Bepantol 150ml,Vacinas,79.83,2025-04-29,Tuesday  ,29,4,2,2025
51.5,5,183,14:39:31.630489,Carlos Eduardo Moura,Núcleo Almeida,Vila Cemig,da Rocha Alegre,RJ,Água Micelar Nivea 500ml,Homeopatia,10.3,2026-09-04,Friday   ,4,9,3,2026
29.55,5,459,03:10:39.170029,Dr. Mathias Araújo,Morro de Novaes,Cabana Do Pai Tomás,da Costa de Melo,AL,Omeprazol Suspensão Oral 50ml - EMS (Genérico),Saúde Bucal,5.91,2025-10-29,Wednesday,29,10,4,2025
666.0600000000001,3,776,06:37:52.062761,Dr. Mathias Araújo,Morro de Novaes,Cabana Do Pai Tomás,da Costa de Melo,AL,Losartana Potássica 500mg - 20 Comprimidos - EMS (Genérico),Genéricos,222.02,2025-12-10,Wednesday,10,12,4,2025
916.36,4,2023,11:15:41.176078,Dr. Mathias Araújo,Morro de Novaes,Cabana Do Pai Tomás,da Costa de Melo,AL,Clonazepam 1g - 10 Comprimidos - Bayer,Antitérmicos,229.09,2025-01-20,Monday   ,20,1,1,2025
47.62,1,188,14:24:02.693307,Dr. Mathias Araújo,Morro de Novaes,Cabana Do Pai Tomás,da Costa de Melo,AL,Vacina contra Câncer de Mama - Dose Única,Cuidados com o Cabelo,47.62,2025-09-14,Sunday   ,14,9,3,2025
608.28,4,542,11:25:51.321927,Dr. Mathias Araújo,Morro de Novaes,Cabana Do Pai Tomás,da Costa de Melo,AL,Shampoo Anticaspa Mió 400ml,Homeopatia,152.07,2024-11-26,Tuesday  ,26,11,4,2024
111.13,1,1229,06:41:47.295837,Sra. Jade Albuquerque,Condomínio de Casa Grande,Mirtes,Albuquerque,MG,Fluoxetina Xarope 120ml - Bayer,Antialérgicos,111.13,2026-01-29,Thursday ,29,1,1,2026
100.56,2,679,11:55:17.245312,Apollo Aparecida,Área Maria Eduarda Vargas,Barão Homem De Melo 1ª Seção,Dias,RR,Metformina Gotas 20ml - Bayer,Saúde Bucal,50.28,2025-04-06,Sunday   ,6,4,2,2025
152.73,3,2597,19:58:26.515751,Apollo Aparecida,Área Maria Eduarda Vargas,Barão Homem De Melo 1ª Seção,Dias,RR,Nimesulida Xarope 120ml - Medley (Genérico),Antidepressivos,50.91,2024-11-26,Tuesday  ,26,11,4,2024
254.76,2,286,13:01:47.348747,Apollo Aparecida,Área Maria Eduarda Vargas,Barão Homem De Melo 1ª Seção,Dias,RR,Vacina contra Insônia - Reforço,Homeopatia,127.38,2026-02-20,Friday   ,20,2,1,2026
909.88,4,1343,04:23:49.084847,Apollo Aparecida,Área Maria Eduarda Vargas,Barão Homem De Melo 1ª Seção,Dias,RR,Absorvente com Abas Rexona FPS 70,Fitoterápicos,227.47,2025-08-15,Friday   ,15,8,3,2025
78.28,1,2866,04:17:52.06396,Vinicius da Cruz,Vila Ana Ferreira,Vila Nova,Nunes do Sul,MA,Sinvastatina Xarope 120ml - EMS (Genérico),Antitérmicos,78.28,2025-08-06,Wednesday,6,8,3,2025
244.82,1,410,11:02:33.361823,Antonella Silva,Travessa Brito,Camponesa 2ª Seção,Nogueira de Rios,PR,Enalapril 500mg - 20 Comprimidos - EMS (Genérico),Saúde Bucal,244.82,2025-05-16,Friday   ,16,5,2,2025
651.8000000000001,5,1794,23:00:48.008114,Antonella Silva,Travessa Brito,Camponesa 2ª Seção,Nogueira de Rios,PR,Loratadina Suspensão Oral 50ml - Neo Química (Genérico),Analgésicos,130.36,2026-06-27,Saturday ,27,6,2,2026
789.04,4,1907,12:29:25.644114,Antonella Silva,Travessa Brito,Camponesa 2ª Seção,Nogueira de Rios,PR,Paracetamol Suspensão Oral 50ml - Bayer,Vitaminas e Suplementos,197.26,2025-03-12,Wednesday,12,3,1,2025
219.31,1,929,22:17:43.529053,Antonella Silva,Travessa Brito,Camponesa 2ª Seção,Nogueira de Rios,PR,Fio Dental Listerine Tamanho M (40 un),Cuidados com o Cabelo,219.31,2025-09-02,Tuesday  ,2,9,3,2025
955.5,5,2959,22:11:39.86671,Lorenzo Vargas,Vale Francisco Cardoso,Vila Jardim Montanhes,Pereira,SP,Diclofenaco Xarope 120ml - Eurofarma,Aparelhos Médicos,191.1,2026-01-10,Saturday ,10,1,1,2026
460.54,2,593,13:45:33.019664,Lorenzo Vargas,Vale Francisco Cardoso,Vila Jardim Montanhes,Pereira,SP,Vacina contra Alzheimer - Reforço,Nutrição Infantil,230.27,2025-06-11,Wednesday,11,6,2,2025
215.48,4,2313,13:40:32.417571,Vinícius Garcia,Esplanada de Mendes,Marieta 3ª Seção,Câmara do Galho,RO,Azitromicina Suspensão Oral 50ml - Bayer,Vitaminas e Suplementos,53.87,2025-05-24,Saturday ,24,5,2,2025
119.43,3,1357,15:34:21.38717,Vinícius Garcia,Esplanada de Mendes,Marieta 3ª Seção,Câmara do Galho,RO,Tadalafila 25mg - 30 Comprimidos - Aché,Antitérmicos,39.81,2026-08-20,Thursday ,20,8,3,2026
138.93,3,558,22:38:10.691797,Caroline Pacheco,Pátio Rafael Fonseca,Vila Betânia,Albuquerque das Flores,RN,Metformina Xarope 120ml - Eurofarma,Antidepressivos,46.31,2025-06-08,Sunday   ,8,6,2,2025
594.16,4,1187,20:21:46.622183,Caroline Pacheco,Pátio Rafael Fonseca,Vila Betânia,Albuquerque das Flores,RN,Atenolol Gotas 20ml - Neo Química (Genérico),Nutrição Infantil,148.54,2024-10-13,Sunday   ,13,10,4,2024
934.24,4,213,23:16:47.426009,Caroline Pacheco,Pátio Rafael Fonseca,Vila Betânia,Albuquerque das Flores,RN,Ibuprofeno Suspensão Oral 50ml - Neo Química (Genérico),Dermocosméticos,233.56,2025-05-11,Sunday   ,11,5,2,2025
122.89,1,1622,18:57:02.910749,Caroline Pacheco,Pátio Rafael Fonseca,Vila Betânia,Albuquerque das Flores,RN,Paracetamol 50mg - 30 Comprimidos - Medley (Genérico),Nutrição Infantil,122.89,2024-12-30,Monday   ,30,12,4,2024
143.44,2,260,04:59:36.669259,Caroline Pacheco,Pátio Rafael Fonseca,Vila Betânia,Albuquerque das Flores,RN,Álcool em Gel 70% Aptamil FPS 50,Antibióticos,71.72,2025-06-13,Friday   ,13,6,2,2025
161.92,1,2645,10:00:11.043255,Caroline Pacheco,Pátio Rafael Fonseca,Vila Betânia,Albuquerque das Flores,RN,Creme Hidratante Panvel FPS 50,Genéricos,161.92,2025-01-23,Thursday ,23,1,1,2025
210.74,2,1203,21:04:32.519143,Eloá Andrade,Conjunto de Nunes,São Gabriel,Novaes de Minas,PE,Hidroclorotiazida 50mg - 30 Comprimidos - EMS (Genérico),Analgésicos,105.37,2024-12-30,Monday   ,30,12,4,2024
105.24,2,1975,16:39:11.282995,Eloá Andrade,Conjunto de Nunes,São Gabriel,Novaes de Minas,PE,Amoxicilina 500mg - 20 Comprimidos - Eurofarma,Dermocosméticos,52.62,2025-02-06,Thursday ,6,2,1,2025
259.78,2,381,19:59:01.351791,Eloá Andrade,Conjunto de Nunes,São Gabriel,Novaes de Minas,PE,Pomada para Assaduras G-Tech Tamanho M (40 un),Genéricos,129.89,2026-07-20,Monday   ,20,7,3,2026
344.70000000000005,3,2050,08:16:48.422917,Eloá Andrade,Conjunto de Nunes,São Gabriel,Novaes de Minas,PE,Creme Hidratante Listerine 90g,Homeopatia,114.9,2025-04-30,Wednesday,30,4,2,2025
225.8,2,1808,15:17:34.210543,Julia da Rocha,Área de Castro,Sion,da Costa do Galho,CE,Ibuprofeno 1g - 10 Comprimidos - Neo Química (Genérico),Fraldas e Infantis,112.9,2024-11-20,Wednesday,20,11,4,2024
144.48,1,139,23:23:24.919482,Mathias Costa,Área Ana Abreu,Álvaro Camargos,da Paz das Flores,PR,Hidroclorotiazida 500mg - 20 Comprimidos - Aché,Antidepressivos,144.48,2025-06-12,Thursday ,12,6,2,2025
74.24,4,1766,01:27:57.252171,Mathias Costa,Área Ana Abreu,Álvaro Camargos,da Paz das Flores,PR,Enalapril Gotas 20ml - Medley (Genérico),Dermocosméticos,18.56,2026-09-05,Saturday ,5,9,3,2026
127.5,2,2713,01:26:49.76035,Mathias Costa,Área Ana Abreu,Álvaro Camargos,da Paz das Flores,PR,Loratadina Xarope 120ml - Bayer,Cuidados com o Cabelo,63.75,2025-11-26,Wednesday,26,11,4,2025
613.45,5,193,05:22:04.339722,Mathias Costa,Área Ana Abreu,Álvaro Camargos,da Paz das Flores,PR,Amoxicilina 25mg - 30 Comprimidos - Bayer,Vitaminas e Suplementos,122.69,2025-11-20,Thursday ,20,11,4,2025
287,4,574,00:29:19.485444,Mathias Costa,Área Ana Abreu,Álvaro Camargos,da Paz das Flores,PR,Vacina contra Cirrose - Dose Única,Aparelhos Médicos,71.75,2024-11-12,Tuesday  ,12,11,4,2024
105.9,5,208,19:55:48.94896,Luiz Henrique da Mata,Esplanada Eduarda Cunha,Horto Florestal,Duarte,AL,Nimesulida 25mg - 30 Comprimidos - Bayer,Antitérmicos,21.18,2025-09-15,Monday   ,15,9,3,2025
607.59,3,489,22:22:50.897843,Luiz Henrique da Mata,Esplanada Eduarda Cunha,Horto Florestal,Duarte,AL,Azitromicina 50mg - 30 Comprimidos - Medley (Genérico),Homeopatia,202.53,2025-09-29,Monday   ,29,9,3,2025
259.24,4,1957,23:20:46.820012,Luiz Henrique da Mata,Esplanada Eduarda Cunha,Horto Florestal,Duarte,AL,Vacina contra Hipotensão - Reforço,Antidepressivos,64.81,2024-11-10,Sunday   ,10,11,4,2024
33.050000000000004,5,2276,21:23:29.795378,Maria Laura Costela,Estação de Moreira,Vila Santo Antônio,Cavalcante,RR,Enalapril Xarope 120ml - Medley (Genérico),Primeiros Socorros,6.61,2025-04-26,Saturday ,26,4,2,2025
344.70000000000005,3,2119,13:24:40.913476,Dr. Cauã Mendes,Lagoa de Barros,Petropolis,Duarte,DF,Creme Hidratante Listerine 90g,Homeopatia,114.9,2026-03-27,Friday   ,27,3,1,2026
728.15,5,962,11:39:39.23375,Sra. Ana Lívia Porto,Passarela da Rosa,Palmeiras,Sá,RR,Losartana Potássica 50mg - 30 Comprimidos - Medley (Genérico),Antialérgicos,145.63,2026-09-07,Monday   ,7,9,3,2026
99.39000000000001,3,1318,03:19:24.927479,Sra. Ana Lívia Porto,Passarela da Rosa,Palmeiras,Sá,RR,Creme Hidratante Colgate 50g,Antibióticos,33.13,2026-05-28,Thursday ,28,5,2,2026
583.36,4,2666,01:23:18.434961,João Felipe Silveira,Aeroporto Fernandes,Camponesa 1ª Seção,Sampaio das Flores,CE,Paracetamol 500mg - 20 Comprimidos - Neo Química (Genérico),Homeopatia,145.84,2026-07-15,Wednesday,15,7,3,2026
636.9,5,1844,11:55:09.148965,João Felipe Silveira,Aeroporto Fernandes,Camponesa 1ª Seção,Sampaio das Flores,CE,Vacina contra Insônia - Reforço,Homeopatia,127.38,2025-09-02,Tuesday  ,2,9,3,2025
321.54,2,698,18:33:16.691532,João Felipe Silveira,Aeroporto Fernandes,Camponesa 1ª Seção,Sampaio das Flores,CE,Vacina contra Hepatite A - Dose Única,Analgésicos,160.77,2026-06-27,Saturday ,27,6,2,2026
101.34,3,1824,17:09:39.235172,Kaique Silva,Parque Borges,Vila São Geraldo,Viana,TO,Losartana Potássica Suspensão Oral 50ml - Medley (Genérico),Cuidados com o Cabelo,33.78,2026-01-13,Tuesday  ,13,1,1,2026
591.16,4,34,09:13:11.722735,Kaique Silva,Parque Borges,Vila São Geraldo,Viana,TO,Água Micelar CeraVe 90g,Primeiros Socorros,147.79,2025-02-13,Thursday ,13,2,1,2025
971.24,4,455,20:38:11.311218,Otávio Duarte,Ladeira Abreu,Santo Antônio,Ferreira de Ferreira,AC,Paracetamol 1g - 10 Comprimidos - Bayer,Vacinas,242.81,2025-09-14,Sunday   ,14,9,3,2025
701.46,3,806,16:25:46.480517,Otávio Duarte,Ladeira Abreu,Santo Antônio,Ferreira de Ferreira,AC,Pantoprazol 50mg - 30 Comprimidos - Neo Química (Genérico),Vacinas,233.82,2026-09-04,Friday   ,4,9,3,2026
859.4,5,363,10:01:03.319638,Otávio Duarte,Ladeira Abreu,Santo Antônio,Ferreira de Ferreira,AC,Pantoprazol 50mg - 30 Comprimidos - Eurofarma,Nutrição Infantil,171.88,2025-02-06,Thursday ,6,2,1,2025
205.36,4,2916,04:53:15.717617,Otávio Duarte,Ladeira Abreu,Santo Antônio,Ferreira de Ferreira,AC,Losartana Potássica 500mg - 20 Comprimidos - Bayer,Saúde Bucal,51.34,2025-08-04,Monday   ,4,8,3,2025
82.69,1,2689,01:56:46.258402,Isabel Farias,Ladeira de Cavalcante,Jaqueline,Marques Alegre,AL,Paracetamol Pomada 30g - Medley (Genérico),Antitérmicos,82.69,2025-09-03,Wednesday,3,9,3,2025
92.15,5,2231,11:56:14.031051,Isabel Farias,Ladeira de Cavalcante,Jaqueline,Marques Alegre,AL,Cefalexina 50mg - 30 Comprimidos - EMS (Genérico),Antitérmicos,18.43,2025-10-27,Monday   ,27,10,4,2025
59.22,1,903,01:58:48.515509,Isabel Farias,Ladeira de Cavalcante,Jaqueline,Marques Alegre,AL,Vacina contra Dengue - Reforço,Analgésicos,59.22,2025-05-19,Monday   ,19,5,2,2025
389.66999999999996,3,2935,22:10:46.643957,Isabel Farias,Ladeira de Cavalcante,Jaqueline,Marques Alegre,AL,Pomada para Assaduras G-Tech Tamanho M (40 un),Genéricos,129.89,2026-05-25,Monday   ,25,5,2,2026
104.98,1,2109,21:04:47.33969,Isabel Farias,Ladeira de Cavalcante,Jaqueline,Marques Alegre,AL,Água Micelar G-Tech FPS 70,Antibióticos,104.98,2025-03-11,Tuesday  ,11,3,1,2025
11.82,2,1119,02:17:19.465829,Theo Aparecida,Ladeira Guerra,Vila Nova Dos Milionarios,Cassiano Verde,SE,Omeprazol Suspensão Oral 50ml - EMS (Genérico),Saúde Bucal,5.91,2026-06-11,Thursday ,11,6,2,2026
299.56,2,1398,09:33:26.443196,Theo Aparecida,Ladeira Guerra,Vila Nova Dos Milionarios,Cassiano Verde,SE,Metformina 500mg - 20 Comprimidos - Eurofarma,Primeiros Socorros,149.78,2024-09-13,Friday   ,13,9,3,2024
253.89,3,1286,05:22:11.867336,Theo Aparecida,Ladeira Guerra,Vila Nova Dos Milionarios,Cassiano Verde,SE,Diclofenaco 25mg - 30 Comprimidos - Neo Química (Genérico),Anti-inflamatórios,84.63,2026-04-26,Sunday   ,26,4,2,2026
429.14,2,294,23:11:36.222288,Theo Aparecida,Ladeira Guerra,Vila Nova Dos Milionarios,Cassiano Verde,SE,Escitalopram 25mg - 30 Comprimidos - Neo Química (Genérico),Fraldas e Infantis,214.57,2025-06-04,Wednesday,4,6,2,2025
400.24,2,287,23:59:00.7419,Theo Aparecida,Ladeira Guerra,Vila Nova Dos Milionarios,Cassiano Verde,SE,Vacina contra Artrite - Dose Única,Produtos Ortopédicos,200.12,2025-07-14,Monday   ,14,7,3,2025
35.23,1,495,22:33:25.51778,Theo Aparecida,Ladeira Guerra,Vila Nova Dos Milionarios,Cassiano Verde,SE,Condicionador Hidratação G-Tech Tamanho G (32 un),Analgésicos,35.23,2025-11-12,Wednesday,12,11,4,2025
74.4,5,2083,11:10:03.551941,Letícia Albuquerque,Vale Ramos,Milionario,Siqueira do Campo,GO,Clonazepam Suspensão Oral 50ml - EMS (Genérico),Saúde Bucal,14.88,2026-03-03,Tuesday  ,3,3,1,2026
519.88,4,1569,15:28:18.99993,Letícia Albuquerque,Vale Ramos,Milionario,Siqueira do Campo,GO,Losartana Potássica Pomada 30g - Medley (Genérico),Antialérgicos,129.97,2025-02-16,Sunday   ,16,2,1,2025
583.6,5,2828,23:33:30.954537,Srta. Maria Luísa Novais,Colônia de Azevedo,Xangri-Lá,Leão,RJ,Clonazepam 25mg - 30 Comprimidos - Bayer,Higiene Pessoal,116.72,2025-02-19,Wednesday,19,2,1,2025
236.61,1,919,01:47:15.332249,Dr. Leandro Moreira,Esplanada de Dias,Cidade Jardim,Câmara de Casa Grande,AM,Dipirona Sódica Xarope 120ml - Neo Química (Genérico),Antidepressivos,236.61,2024-12-03,Tuesday  ,3,12,4,2024
51.34,1,1434,05:11:21.397389,Dr. Leandro Moreira,Esplanada de Dias,Cidade Jardim,Câmara de Casa Grande,AM,Losartana Potássica 500mg - 20 Comprimidos - Bayer,Saúde Bucal,51.34,2025-01-11,Saturday ,11,1,1,2025
191.24,2,2946,08:48:44.164837,Dr. Leandro Moreira,Esplanada de Dias,Cidade Jardim,Câmara de Casa Grande,AM,Sabonete em Barra Huggies 200ml,Antitérmicos,95.62,2025-07-01,Tuesday  ,1,7,3,2025
538.12,4,360,14:39:44.6854,Brenda Novaes,Avenida de Pastor,Satelite,Rezende,GO,Ibuprofeno Gotas 20ml - Medley (Genérico),Antitérmicos,134.53,2024-12-01,Sunday   ,1,12,4,2024
430.71,3,283,19:34:38.200124,Manuela Castro,Rua de Pacheco,Horto,da Rocha da Prata,RN,Diclofenaco 50mg - 30 Comprimidos - Aché,Produtos Ortopédicos,143.57,2025-01-07,Tuesday  ,7,1,1,2025
575.12,4,1696,11:52:51.295566,Manuela Castro,Rua de Pacheco,Horto,da Rocha da Prata,RN,Tadalafila Pomada 30g - Neo Química (Genérico),Produtos Ortopédicos,143.78,2025-11-26,Wednesday,26,11,4,2025
266.4,5,2159,03:31:00.908516,Eduardo Mendes,Feira de Teixeira,Estoril,Peixoto das Flores,RJ,Hidroclorotiazida 50mg - 30 Comprimidos - Neo Química (Genérico),Cuidados com o Cabelo,53.28,2025-03-20,Thursday ,20,3,1,2025
227.94,3,634,19:31:46.327782,Eduardo Mendes,Feira de Teixeira,Estoril,Peixoto das Flores,RJ,Omeprazol 25mg - 30 Comprimidos - Bayer,Analgésicos,75.98,2025-08-07,Thursday ,7,8,3,2025
774.4,5,880,06:39:24.991953,Eduardo Mendes,Feira de Teixeira,Estoril,Peixoto das Flores,RJ,Tadalafila 25mg - 30 Comprimidos - Neo Química (Genérico),Saúde Bucal,154.88,2025-12-09,Tuesday  ,9,12,4,2025
574.48,4,2912,15:23:11.685356,Eduardo Mendes,Feira de Teixeira,Estoril,Peixoto das Flores,RJ,Protetor Solar Corporal La Roche-Posay 90g,Aparelhos Médicos,143.62,2024-11-11,Monday   ,11,11,4,2024
234.89,1,672,05:21:14.146142,Dom Peixoto,Vereda de Moreira,Calafate,Borges,PA,Atenolol Xarope 120ml - Eurofarma,Fraldas e Infantis,234.89,2024-09-14,Saturday ,14,9,3,2024
651.8000000000001,5,2536,05:32:08.704685,Dr. Vitor Hugo da Cunha,Pátio Vinicius Rocha,Maravilha,Barros Grande,RJ,Loratadina Suspensão Oral 50ml - Neo Química (Genérico),Analgésicos,130.36,2025-12-11,Thursday ,11,12,4,2025
521.44,4,1159,11:32:13.699302,Dr. Vitor Hugo da Cunha,Pátio Vinicius Rocha,Maravilha,Barros Grande,RJ,Loratadina Suspensão Oral 50ml - Neo Química (Genérico),Analgésicos,130.36,2025-12-07,Sunday   ,7,12,4,2025
727.3499999999999,3,654,16:30:46.586077,Dr. Vitor Hugo da Cunha,Pátio Vinicius Rocha,Maravilha,Barros Grande,RJ,Ibuprofeno Suspensão Oral 50ml - Eurofarma,Anti-inflamatórios,242.45,2025-03-26,Wednesday,26,3,1,2025
703.2,4,244,12:31:06.244086,Ísis da Mota,Conjunto Clarice da Conceição,Cabana Do Pai Tomás,das Neves,MT,Sertralina Suspensão Oral 50ml - Bayer,Antibióticos,175.8,2026-06-13,Saturday ,13,6,2,2026
582.52,4,930,10:40:26.548038,Ísis da Mota,Conjunto Clarice da Conceição,Cabana Do Pai Tomás,das Neves,MT,Losartana Potássica 50mg - 30 Comprimidos - Medley (Genérico),Antialérgicos,145.63,2026-02-23,Monday   ,23,2,1,2026
154.88,1,2161,23:19:20.599973,Ísis da Mota,Conjunto Clarice da Conceição,Cabana Do Pai Tomás,das Neves,MT,Tadalafila 25mg - 30 Comprimidos - Neo Química (Genérico),Saúde Bucal,154.88,2026-04-24,Friday   ,24,4,2,2026
233.52,1,2467,02:34:48.21662,Ísis da Mota,Conjunto Clarice da Conceição,Cabana Do Pai Tomás,das Neves,MT,Creme Hidratante Colgate 150ml,Anti-inflamatórios,233.52,2026-02-06,Friday   ,6,2,1,2026
1174.4499999999998,5,2153,16:33:54.931167,Vinicius Cirino,Lago Carvalho,Nossa Senhora Da Conceição,Borges,PA,Atenolol Xarope 120ml - Eurofarma,Fraldas e Infantis,234.89,2025-12-09,Tuesday  ,9,12,4,2025
352.76,2,2854,14:27:40.245018,Vinicius Cirino,Lago Carvalho,Nossa Senhora Da Conceição,Borges,PA,Shampoo Anticaspa Clear 90g,Antitérmicos,176.38,2026-04-12,Sunday   ,12,4,2,2026
140.92,4,523,14:24:34.468791,Vinicius Cirino,Lago Carvalho,Nossa Senhora Da Conceição,Borges,PA,Condicionador Hidratação G-Tech Tamanho G (32 un),Analgésicos,35.23,2026-03-25,Wednesday,25,3,1,2026
940.76,4,227,19:50:52.829428,Vinicius Cirino,Lago Carvalho,Nossa Senhora Da Conceição,Borges,PA,Leite em Pó Infantil Huggies 90g,Homeopatia,235.19,2025-11-29,Saturday ,29,11,4,2025
244.32,1,2578,10:21:12.67275,Dra. Larissa Dias,Distrito de Viana,Conjunto Lagoa,Farias da Prata,RN,Soro Fisiológico Johnson's Tamanho M (40 un),Primeiros Socorros,244.32,2025-03-13,Thursday ,13,3,1,2025
518.92,4,2472,23:02:00.157546,Isaque Cunha,Estrada de Sales,Cachoeirinha,Sousa,PE,Losartana Potássica 500mg - 20 Comprimidos - Eurofarma,Primeiros Socorros,129.73,2024-11-18,Monday   ,18,11,4,2024
272.61,3,1020,21:16:24.08555,Isaque Cunha,Estrada de Sales,Cachoeirinha,Sousa,PE,Álcool em Gel 70% Pampers 50 Metros,Fraldas e Infantis,90.87,2026-01-10,Saturday ,10,1,1,2026
91.68,4,123,00:15:00.814182,Srta. Stella Araújo,Quadra de Sampaio,Santa Amelia,Pacheco,RR,Diclofenaco Gotas 20ml - Eurofarma,Produtos Ortopédicos,22.92,2025-01-09,Thursday ,9,1,1,2025
195.78000000000003,3,1580,09:53:22.181902,Srta. Stella Araújo,Quadra de Sampaio,Santa Amelia,Pacheco,RR,Hidroclorotiazida 1g - 10 Comprimidos - Medley (Genérico),Saúde Bucal,65.26,2024-10-22,Tuesday  ,22,10,4,2024
525.68,4,1748,16:41:16.419004,Srta. Stella Araújo,Quadra de Sampaio,Santa Amelia,Pacheco,RR,Sérum Vitamina C Listerine Tamanho M (40 un),Genéricos,131.42,2025-11-14,Friday   ,14,11,4,2025
1141.3,5,454,01:07:49.628296,Srta. Stella Araújo,Quadra de Sampaio,Santa Amelia,Pacheco,RR,Curativos (Band-Aid) Pampers 400ml,Aparelhos Médicos,228.26,2026-06-17,Wednesday,17,6,2,2026
165.65,5,1094,22:29:31.2885,Srta. Stella Araújo,Quadra de Sampaio,Santa Amelia,Pacheco,RR,Creme Hidratante Colgate 50g,Antibióticos,33.13,2026-01-11,Sunday   ,11,1,1,2026
246.26,2,1972,09:04:59.859724,Rafaela Fernandes,Condomínio Maria Sophia Moura,Conjunto Lagoa,Rezende,DF,Vacina contra Embolia - Dose Única,Antibióticos,123.13,2026-03-20,Friday   ,20,3,1,2026
124.99,1,800,05:10:54.360658,Rafaela Fernandes,Condomínio Maria Sophia Moura,Conjunto Lagoa,Rezende,DF,Sérum Vitamina C Panvel FPS 70,Higiene Pessoal,124.99,2025-06-01,Sunday   ,1,6,2,2025
488.48,2,367,01:56:17.227188,Maria Isis Mendonça,Núcleo de Gomes,Nova Cintra,Alves do Oeste,SP,Sinvastatina Gotas 20ml - Medley (Genérico),Dermocosméticos,244.24,2025-10-13,Monday   ,13,10,4,2025
180.2,2,313,22:27:25.792558,Maria Isis Mendonça,Núcleo de Gomes,Nova Cintra,Alves do Oeste,SP,Pantoprazol Pomada 30g - Eurofarma,Anti-inflamatórios,90.1,2025-01-13,Monday   ,13,1,1,2025
131.52,3,2351,19:05:37.2057,Maria Isis Mendonça,Núcleo de Gomes,Nova Cintra,Alves do Oeste,SP,Azitromicina 1g - 10 Comprimidos - Eurofarma,Antitérmicos,43.84,2025-03-22,Saturday ,22,3,1,2025
379.7,2,678,08:01:15.675118,Maria Isis Mendonça,Núcleo de Gomes,Nova Cintra,Alves do Oeste,SP,Dipirona Sódica Xarope 120ml - Aché,Cuidados com o Cabelo,189.85,2026-05-05,Tuesday  ,5,5,2,2026
23.24,1,620,04:53:00.932015,Cecília Pires,Fazenda Theodoro da Luz,Vila São Rafael,Rezende,DF,Diclofenaco Suspensão Oral 50ml - Eurofarma,Higiene Pessoal,23.24,2025-12-08,Monday   ,8,12,4,2025
117.9,2,1488,03:32:33.215099,Cecília Pires,Fazenda Theodoro da Luz,Vila São Rafael,Rezende,DF,Diclofenaco Suspensão Oral 50ml - EMS (Genérico),Higiene Pessoal,58.95,2026-02-12,Thursday ,12,2,1,2026
866.9499999999999,5,2746,23:34:53.504098,Cecília Pires,Fazenda Theodoro da Luz,Vila São Rafael,Rezende,DF,Atenolol Xarope 120ml - Medley (Genérico),Fitoterápicos,173.39,2026-04-23,Thursday ,23,4,2,2026
57.95,5,2243,09:10:18.777354,Cecília Pires,Fazenda Theodoro da Luz,Vila São Rafael,Rezende,DF,Sildenafila 500mg - 20 Comprimidos - Eurofarma,Analgésicos,11.59,2026-08-14,Friday   ,14,8,3,2026
464.22,3,1093,07:42:35.78984,Amanda Pimenta,Conjunto de Casa Grande,Grota,Jesus,ES,Escitalopram 1g - 10 Comprimidos - Medley (Genérico),Aparelhos Médicos,154.74,2025-10-16,Thursday ,16,10,4,2025
445.82,2,1886,12:02:36.702245,Amanda Pimenta,Conjunto de Casa Grande,Grota,Jesus,ES,Nimesulida Suspensão Oral 50ml - Medley (Genérico),Saúde Bucal,222.91,2024-10-27,Sunday   ,27,10,4,2024
202.23,1,2114,04:40:14.484084,Amanda Pimenta,Conjunto de Casa Grande,Grota,Jesus,ES,Vacina contra Bipolaridade - Dose Única,Nutrição Infantil,202.23,2025-09-13,Saturday ,13,9,3,2025
400.96,2,2479,17:41:50.312908,Jade da Conceição,Favela de Mendonça,Nossa Senhora Aparecida,Jesus,AP,Metformina 25mg - 30 Comprimidos - EMS (Genérico),Cuidados com o Cabelo,200.48,2024-10-22,Tuesday  ,22,10,4,2024
176.04,4,537,15:20:01.57901,Jade da Conceição,Favela de Mendonça,Nossa Senhora Aparecida,Jesus,AP,Sertralina Gotas 20ml - Aché,Dermocosméticos,44.01,2025-06-30,Monday   ,30,6,2,2025
163.23,1,397,20:08:08.74159,Jade da Conceição,Favela de Mendonça,Nossa Senhora Aparecida,Jesus,AP,Paracetamol 25mg - 30 Comprimidos - Medley (Genérico),Aparelhos Médicos,163.23,2026-02-25,Wednesday,25,2,1,2026
244.16,2,2936,07:45:57.526545,Jade da Conceição,Favela de Mendonça,Nossa Senhora Aparecida,Jesus,AP,Vacina contra Dermatite - Reforço,Primeiros Socorros,122.08,2026-06-18,Thursday ,18,6,2,2026
182.26,1,148,11:05:47.688894,Bento Campos,Largo Freitas,Vila Calafate,Rodrigues,TO,Vacina contra Trombose - Reforço,Fitoterápicos,182.26,2024-12-16,Monday   ,16,12,4,2024
131.87,1,1270,04:53:13.747238,Bento Campos,Largo Freitas,Vila Calafate,Rodrigues,TO,Curativos (Band-Aid) Needs 400ml,Anti-inflamatórios,131.87,2024-10-01,Tuesday  ,1,10,4,2024
661.41,3,1440,13:17:42.393709,Bento Campos,Largo Freitas,Vila Calafate,Rodrigues,TO,Sérum Vitamina C Huggies 50 Metros,Nutrição Infantil,220.47,2025-02-20,Thursday ,20,2,1,2025
264.5,5,2904,15:44:32.830656,Alícia Machado,Viaduto Castro,Jardim Do Vale,da Mota de Oliveira,RS,Fralda Descartável Vichy 150ml,Homeopatia,52.9,2026-01-02,Friday   ,2,1,1,2026
569.6,5,2473,13:07:56.832489,Yago Souza,Vereda Rafaela Teixeira,Olhos D'água,Moraes do Galho,PA,Hidroclorotiazida 500mg - 20 Comprimidos - Medley (Genérico),Saúde Bucal,113.92,2026-04-18,Saturday ,18,4,2,2026
296.1,5,510,17:48:46.122218,Yago Souza,Vereda Rafaela Teixeira,Olhos D'água,Moraes do Galho,PA,Vacina contra Dengue - Reforço,Analgésicos,59.22,2026-01-20,Tuesday  ,20,1,1,2026
71.72,1,2075,03:33:30.262177,Yago Souza,Vereda Rafaela Teixeira,Olhos D'água,Moraes do Galho,PA,Álcool em Gel 70% Aptamil FPS 50,Antibióticos,71.72,2025-06-29,Sunday   ,29,6,2,2025
1002.65,5,786,05:55:05.609115,Aylla Jesus,Rua Cassiano,Vila Jardim Leblon,Martins do Amparo,ES,Vacina contra Conjuntivite - Dose Única,Antidepressivos,200.53,2025-02-27,Thursday ,27,2,1,2025
279.56,4,1390,23:47:22.331897,Aylla Jesus,Rua Cassiano,Vila Jardim Leblon,Martins do Amparo,ES,Desodorante Aerosol G-Tech 400ml,Antidepressivos,69.89,2025-07-03,Thursday ,3,7,3,2025
302.26,2,2051,12:31:43.777917,Aylla Jesus,Rua Cassiano,Vila Jardim Leblon,Martins do Amparo,ES,Água Micelar Sempre Livre 50g,Vacinas,151.13,2024-11-01,Friday   ,1,11,4,2024
220.85,1,1190,06:24:25.678141,Ravi Caldeira,Lago de Montenegro,Alípio De Melo,Rios do Oeste,AP,Água Micelar La Roche-Posay Tamanho M (40 un),Vitaminas e Suplementos,220.85,2026-04-29,Wednesday,29,4,2,2026
391.91999999999996,3,2786,18:21:02.231185,Maria Laura Cunha,Conjunto de Moraes,São Pedro,Lopes de Mendes,AM,Cefalexina Gotas 20ml - EMS (Genérico),Vitaminas e Suplementos,130.64,2025-01-31,Friday   ,31,1,1,2025
201.03,1,1010,08:38:52.254389,Maria Laura Cunha,Conjunto de Moraes,São Pedro,Lopes de Mendes,AM,Escitalopram Suspensão Oral 50ml - EMS (Genérico),Vitaminas e Suplementos,201.03,2025-09-04,Thursday ,4,9,3,2025
180.84,4,1240,03:45:16.88609,Maria Laura Cunha,Conjunto de Moraes,São Pedro,Lopes de Mendes,AM,Vacina contra Osteoporose - Reforço,Antibióticos,45.21,2026-04-26,Sunday   ,26,4,2,2026
654.4,4,1160,06:46:51.712915,Luna da Mota,Conjunto de Ramos,Vila São Geraldo,Cavalcante da Serra,RJ,Enalapril Suspensão Oral 50ml - Aché,Vitaminas e Suplementos,163.6,2025-11-05,Wednesday,5,11,4,2025
668.88,3,856,23:45:40.819918,Luna da Mota,Conjunto de Ramos,Vila São Geraldo,Cavalcante da Serra,RJ,Losartana Potássica Suspensão Oral 50ml - Eurofarma,Dermocosméticos,222.96,2026-02-16,Monday   ,16,2,1,2026
112.04,4,220,04:33:50.457106,Luna da Mota,Conjunto de Ramos,Vila São Geraldo,Cavalcante da Serra,RJ,Vacina contra Hepatite C - Dose Única,Cuidados com o Cabelo,28.01,2026-02-07,Saturday ,7,2,1,2026
35.23,1,118,20:59:20.931383,Matheus Jesus,Parque Isabela da Conceição,Aparecida,Silveira,BA,Condicionador Hidratação G-Tech Tamanho G (32 un),Analgésicos,35.23,2025-03-23,Sunday   ,23,3,1,2025
979.32,4,621,05:11:49.610484,Bento Teixeira,Via Emanuel Ferreira,Vila Paris,Nunes do Sul,MA,Amoxicilina Xarope 120ml - Bayer,Antibióticos,244.83,2025-11-09,Sunday   ,9,11,4,2025
386.44,2,748,19:36:40.489719,Bento Teixeira,Via Emanuel Ferreira,Vila Paris,Nunes do Sul,MA,Atenolol 25mg - 30 Comprimidos - Aché,Higiene Pessoal,193.22,2025-10-12,Sunday   ,12,10,4,2025
106.32,3,2869,22:32:05.554633,Bento Teixeira,Via Emanuel Ferreira,Vila Paris,Nunes do Sul,MA,Nimesulida Xarope 120ml - Eurofarma,Dermocosméticos,35.44,2025-09-08,Monday   ,8,9,3,2025
112.1,2,420,13:29:06.085075,Bento Teixeira,Via Emanuel Ferreira,Vila Paris,Nunes do Sul,MA,Amoxicilina 1g - 10 Comprimidos - EMS (Genérico),Antidepressivos,56.05,2025-10-06,Monday   ,6,10,4,2025
73.72,4,1869,03:25:07.960438,Bento Teixeira,Via Emanuel Ferreira,Vila Paris,Nunes do Sul,MA,Cefalexina 50mg - 30 Comprimidos - EMS (Genérico),Antitérmicos,18.43,2024-10-06,Sunday   ,6,10,4,2024
117.44,1,1864,16:00:55.794581,Bento Teixeira,Via Emanuel Ferreira,Vila Paris,Nunes do Sul,MA,Sabonete em Barra Colgate Tamanho G (32 un),Fraldas e Infantis,117.44,2026-02-21,Saturday ,21,2,1,2026
414.14,2,469,08:07:30.03157,Ravi Lucca da Cruz,Chácara Cunha,Vila Sumaré,da Rosa,MS,Hidroclorotiazida Xarope 120ml - Neo Química (Genérico),Antitérmicos,207.07,2025-09-05,Friday   ,5,9,3,2025
852.8499999999999,5,2546,23:34:09.868923,Ravi Lucca da Cruz,Chácara Cunha,Vila Sumaré,da Rosa,MS,Amoxicilina Suspensão Oral 50ml - Eurofarma,Vacinas,170.57,2026-02-28,Saturday ,28,2,1,2026
56.54,2,1693,14:16:43.973286,Ravi Lucca da Cruz,Chácara Cunha,Vila Sumaré,da Rosa,MS,Soro Fisiológico Bepantol Tamanho M (40 un),Analgésicos,28.27,2026-09-06,Sunday   ,6,9,3,2026
188.4,4,1465,12:26:06.302202,Srta. Maria Clara Aragão,Estrada de Carvalho,Coqueiros,Viana,TO,Amoxicilina 1g - 10 Comprimidos - Aché,Produtos Ortopédicos,47.1,2025-12-02,Tuesday  ,2,12,4,2025
888.45,5,2891,02:29:32.926009,Srta. Maria Clara Aragão,Estrada de Carvalho,Coqueiros,Viana,TO,Diclofenaco Xarope 120ml - Medley (Genérico),Primeiros Socorros,177.69,2025-11-07,Friday   ,7,11,4,2025
953.8,5,1734,04:36:23.250701,Srta. Maria Clara Aragão,Estrada de Carvalho,Coqueiros,Viana,TO,Vacina contra Melanoma - Reforço,Antialérgicos,190.76,2025-07-21,Monday   ,21,7,3,2025
246.82,1,2323,13:17:26.315117,Srta. Maria Clara Aragão,Estrada de Carvalho,Coqueiros,Viana,TO,Vacina contra Esquizofrenia - Reforço,Cuidados com o Cabelo,246.82,2025-07-22,Tuesday  ,22,7,3,2025
78.28,1,2508,00:26:03.81871,Sra. Eduarda Leão,Lago de Martins,São Vicente,Rios,AP,Sinvastatina Xarope 120ml - EMS (Genérico),Antitérmicos,78.28,2026-04-20,Monday   ,20,4,2,2026
57.16,4,48,13:32:48.62161,Sra. Eduarda Leão,Lago de Martins,São Vicente,Rios,AP,Enalapril Pomada 30g - Eurofarma,Anti-inflamatórios,14.29,2026-01-07,Wednesday,7,1,1,2026
888.08,4,1340,05:11:33.407606,Sra. Eduarda Leão,Lago de Martins,São Vicente,Rios,AP,Losartana Potássica 500mg - 20 Comprimidos - EMS (Genérico),Genéricos,222.02,2025-11-28,Friday   ,28,11,4,2025
229.09,1,1184,23:20:09.941147,Arthur Miguel Araújo,Vereda Santos,Vila Nova Gameleira 2ª Seção,Jesus,RR,Clonazepam 1g - 10 Comprimidos - Bayer,Antitérmicos,229.09,2025-04-09,Wednesday,9,4,2,2025
109.22999999999999,3,2061,19:40:48.073016,Arthur Miguel Araújo,Vereda Santos,Vila Nova Gameleira 2ª Seção,Jesus,RR,Pomada para Assaduras CeraVe 90g,Cuidados com o Cabelo,36.41,2025-11-23,Sunday   ,23,11,4,2025
507.36,3,2872,06:38:31.06779,Arthur Miguel Araújo,Vereda Santos,Vila Nova Gameleira 2ª Seção,Jesus,RR,Vacina contra Diabetes Tipo 1 - Reforço,Analgésicos,169.12,2026-04-27,Monday   ,27,4,2,2026
226.05,5,680,00:00:46.921511,Arthur Miguel Araújo,Vereda Santos,Vila Nova Gameleira 2ª Seção,Jesus,RR,Vacina contra Osteoporose - Reforço,Antibióticos,45.21,2026-08-06,Thursday ,6,8,3,2026
246.96,2,1994,09:43:54.358606,Ana Vitória da Conceição,Vale Sabrina da Costa,Vila Pilar,Machado,PB,Sérum Vitamina C Mió 400ml,Antitérmicos,123.48,2024-09-13,Friday   ,13,9,3,2024
68.76,3,2326,23:46:40.388073,Juan Gonçalves,Via Raul Correia,Marieta 2ª Seção,Porto,GO,Diclofenaco Gotas 20ml - Eurofarma,Produtos Ortopédicos,22.92,2026-02-01,Sunday   ,1,2,1,2026
465.25,5,1276,14:16:34.705008,Juan Gonçalves,Via Raul Correia,Marieta 2ª Seção,Porto,GO,Escitalopram Gotas 20ml - EMS (Genérico),Antialérgicos,93.05,2025-09-04,Thursday ,4,9,3,2025
1035.35,5,848,23:58:19.823536,Ana Vitória Pinto,Rua Sampaio,São Vicente,Machado,PE,Hidroclorotiazida Xarope 120ml - Neo Química (Genérico),Antitérmicos,207.07,2024-11-30,Saturday ,30,11,4,2024
109.22999999999999,3,2542,15:16:06.849742,Ana Vitória Pinto,Rua Sampaio,São Vicente,Machado,PE,Pomada para Assaduras CeraVe 90g,Cuidados com o Cabelo,36.41,2026-09-05,Saturday ,5,9,3,2026
105,4,508,19:46:04.870882,Ana Vitória Pinto,Rua Sampaio,São Vicente,Machado,PE,Sérum Vitamina C Aptamil Tamanho M (40 un),Antibióticos,26.25,2026-01-10,Saturday ,10,1,1,2026
225.6,1,1395,10:01:39.478881,Dr. Ravi Castro,Jardim de Montenegro,Santa Cruz,Cassiano Verde,SE,Diclofenaco Xarope 120ml - Neo Química (Genérico),Primeiros Socorros,225.6,2025-11-26,Wednesday,26,11,4,2025
162.16,1,749,05:22:04.042248,Leandro Dias,Rua de da Rocha,Alto Das Antenas,Sousa,TO,Tadalafila Suspensão Oral 50ml - Bayer,Homeopatia,162.16,2024-12-16,Monday   ,16,12,4,2024
293.85,5,2405,04:30:57.920363,João Gabriel Rodrigues,Setor Luana Aragão,Manacas,Rios,AP,Loratadina 1g - 10 Comprimidos - Neo Química (Genérico),Primeiros Socorros,58.77,2025-03-23,Sunday   ,23,3,1,2025
162.16,1,63,03:58:08.510043,João Gabriel Rodrigues,Setor Luana Aragão,Manacas,Rios,AP,Tadalafila Suspensão Oral 50ml - Bayer,Homeopatia,162.16,2026-08-31,Monday   ,31,8,3,2026
347.02,2,461,03:35:18.524806,João Gabriel Rodrigues,Setor Luana Aragão,Manacas,Rios,AP,Sertralina Xarope 120ml - EMS (Genérico),Saúde Bucal,173.51,2026-06-06,Saturday ,6,6,2,2026
960.4,4,2137,06:16:37.799164,Dr. João Miguel da Paz,Vale Ramos,Vila São Francisco,da Luz,RS,Tadalafila 50mg - 30 Comprimidos - Neo Química (Genérico),Fitoterápicos,240.1,2025-10-09,Thursday ,9,10,4,2025
614.45,5,956,14:42:27.449641,Dr. João Miguel da Paz,Vale Ramos,Vila São Francisco,da Luz,RS,Paracetamol 50mg - 30 Comprimidos - Medley (Genérico),Nutrição Infantil,122.89,2025-12-13,Saturday ,13,12,4,2025
81.8,4,2072,02:52:19.42621,Dr. João Miguel da Paz,Vale Ramos,Vila São Francisco,da Luz,RS,Vacina contra Enxaqueca - Dose Única,Antitérmicos,20.45,2025-09-15,Monday   ,15,9,3,2025
321,5,441,01:01:52.961706,Dr. João Miguel da Paz,Vale Ramos,Vila São Francisco,da Luz,RS,Condicionador Hidratação Johnson's FPS 50,Aparelhos Médicos,64.2,2025-05-15,Thursday ,15,5,2,2025
46.31,1,382,11:55:24.056264,Benicio Cirino,Aeroporto Porto,Jardim São José,Albuquerque,MG,Metformina Xarope 120ml - Eurofarma,Antidepressivos,46.31,2025-05-02,Friday   ,2,5,2,2025
163.62,3,2984,02:08:45.24567,Benicio Cirino,Aeroporto Porto,Jardim São José,Albuquerque,MG,Protetor Solar Facial Nivea 50 Metros,Aparelhos Médicos,54.54,2024-12-15,Sunday   ,15,12,4,2024
130.52,2,2251,14:34:42.802122,Marcela Cassiano,Jardim de Campos,Conjunto São Francisco De Assis,Aragão de Goiás,GO,Hidroclorotiazida 1g - 10 Comprimidos - Medley (Genérico),Saúde Bucal,65.26,2025-02-24,Monday   ,24,2,1,2025
15.03,1,1799,20:34:33.382361,Marcela Cassiano,Jardim de Campos,Conjunto São Francisco De Assis,Aragão de Goiás,GO,Vacina contra Pneumonia - Reforço,Produtos Ortopédicos,15.03,2026-03-08,Sunday   ,8,3,1,2026
111.51,1,176,00:17:05.995624,Marcela Cassiano,Jardim de Campos,Conjunto São Francisco De Assis,Aragão de Goiás,GO,Vacina contra Insuficiência Renal - Reforço,Fitoterápicos,111.51,2025-02-09,Sunday   ,9,2,1,2025
59.52,4,1332,01:55:23.026174,João Felipe Carvalho,Favela Vargas,Itaipu,Aparecida,RS,Clonazepam Suspensão Oral 50ml - EMS (Genérico),Saúde Bucal,14.88,2026-03-01,Sunday   ,1,3,1,2026
709.83,3,2037,19:06:50.181273,Dr. Vitor Gabriel Costela,Praia de da Mata,Gameleira,Monteiro,AP,Dipirona Sódica Xarope 120ml - Neo Química (Genérico),Antidepressivos,236.61,2026-02-10,Tuesday  ,10,2,1,2026
935.64,4,2403,12:32:00.819412,Dr. Vitor Gabriel Costela,Praia de da Mata,Gameleira,Monteiro,AP,Pantoprazol Pomada 30g - Medley (Genérico),Dermocosméticos,233.91,2024-12-24,Tuesday  ,24,12,4,2024
928.3499999999999,5,1478,15:33:47.254939,Dr. Vitor Gabriel Costela,Praia de da Mata,Gameleira,Monteiro,AP,Termômetro Digital Needs Tamanho M (40 un),Vitaminas e Suplementos,185.67,2025-01-24,Friday   ,24,1,1,2025
450.28,2,2806,21:20:52.153785,Dr. Vitor Gabriel Costela,Praia de da Mata,Gameleira,Monteiro,AP,Creme Hidratante Rexona 50 Metros,Saúde Bucal,225.14,2025-09-01,Monday   ,1,9,3,2025
140.44,4,2756,17:20:28.445097,Emanuella da Luz,Travessa Castro,Esplanada,Alves de da Conceição,AC,Omeprazol 50mg - 30 Comprimidos - EMS (Genérico),Fitoterápicos,35.11,2025-04-28,Monday   ,28,4,2,2025
180.2,2,2855,16:08:01.295858,Emanuella da Luz,Travessa Castro,Esplanada,Alves de da Conceição,AC,Pantoprazol Pomada 30g - Eurofarma,Anti-inflamatórios,90.1,2026-06-12,Friday   ,12,6,2,2026
490.02,2,1849,02:44:19.840626,Emanuella da Luz,Travessa Castro,Esplanada,Alves de da Conceição,AC,Hidroclorotiazida 25mg - 30 Comprimidos - EMS (Genérico),Cuidados com o Cabelo,245.01,2025-11-22,Saturday ,22,11,4,2025
248.72,4,2321,16:27:09.79153,Emanuella da Luz,Travessa Castro,Esplanada,Alves de da Conceição,AC,Pantoprazol 500mg - 20 Comprimidos - Bayer,Fitoterápicos,62.18,2026-02-19,Thursday ,19,2,1,2026
105.23,1,97,19:07:02.151675,Emanuella da Luz,Travessa Castro,Esplanada,Alves de da Conceição,AC,Protetor Solar Facial Panvel 200ml,Primeiros Socorros,105.23,2026-06-10,Wednesday,10,6,2,2026
233.32,4,933,06:23:49.948752,Carlos Eduardo Macedo,Condomínio Castro,Guarani,Costela do Oeste,MA,Loratadina 25mg - 30 Comprimidos - Neo Química (Genérico),Nutrição Infantil,58.33,2025-06-11,Wednesday,11,6,2,2025
1174.8999999999999,5,519,07:20:13.044877,Carlos Eduardo Macedo,Condomínio Castro,Guarani,Costela do Oeste,MA,Enalapril Gotas 20ml - Bayer,Antitérmicos,234.98,2025-01-31,Friday   ,31,1,1,2025
1125.25,5,1593,14:04:11.57512,Carlos Eduardo Macedo,Condomínio Castro,Guarani,Costela do Oeste,MA,Vacina contra Diabetes Tipo 2 - Reforço,Primeiros Socorros,225.05,2025-03-10,Monday   ,10,3,1,2025
165.57,1,541,06:31:45.548852,Ravy Gonçalves,Passarela Brito,Nossa Senhora Da Aparecida,Machado,PE,Clonazepam Pomada 30g - Aché,Fraldas e Infantis,165.57,2026-06-20,Saturday ,20,6,2,2026
683,4,2355,02:39:54.092554,Dr. José Pacheco,Sítio Breno Rocha,Suzana,Machado,PE,Dipirona Sódica Pomada 30g - EMS (Genérico),Antitérmicos,170.75,2026-02-24,Tuesday  ,24,2,1,2026
129.72,4,948,11:23:48.861281,Dr. José Pacheco,Sítio Breno Rocha,Suzana,Machado,PE,Losartana Potássica 25mg - 30 Comprimidos - EMS (Genérico),Nutrição Infantil,32.43,2025-08-17,Sunday   ,17,8,3,2025
817,4,1304,08:29:15.589917,Dr. José Pacheco,Sítio Breno Rocha,Suzana,Machado,PE,Vacina contra Zika - Dose Única,Primeiros Socorros,204.25,2025-10-22,Wednesday,22,10,4,2025
429.18,2,774,05:02:23.427175,Dr. José Pacheco,Sítio Breno Rocha,Suzana,Machado,PE,Protetor Solar Corporal Needs 90g,Produtos Ortopédicos,214.59,2025-10-30,Thursday ,30,10,4,2025
139.78,2,893,01:49:48.032354,Dr. José Pacheco,Sítio Breno Rocha,Suzana,Machado,PE,Desodorante Aerosol G-Tech 400ml,Antidepressivos,69.89,2025-12-03,Wednesday,3,12,4,2025
22.92,1,1546,03:07:28.389365,Vinícius Dias,Estrada Camargo,Vila Piratininga,Silva de Minas,MA,Diclofenaco Gotas 20ml - Eurofarma,Produtos Ortopédicos,22.92,2025-11-10,Monday   ,10,11,4,2025
243.88,2,2577,02:46:08.918228,Vinícius Dias,Estrada Camargo,Vila Piratininga,Silva de Minas,MA,Sinvastatina Pomada 30g - EMS (Genérico),Cuidados com o Cabelo,121.94,2026-01-18,Sunday   ,18,1,1,2026
116.34,2,974,21:58:32.885243,Vinícius Dias,Estrada Camargo,Vila Piratininga,Silva de Minas,MA,Protetor Solar Corporal Bepantol 50 Metros,Vitaminas e Suplementos,58.17,2025-01-24,Friday   ,24,1,1,2025
826,5,1200,13:50:56.644338,Emanuel Aragão,Rodovia Jesus,Goiania,Almeida das Pedras,PI,Atenolol Suspensão Oral 50ml - EMS (Genérico),Antidepressivos,165.2,2025-02-05,Wednesday,5,2,1,2025
614.45,5,1687,12:26:55.986115,Emanuel Aragão,Rodovia Jesus,Goiania,Almeida das Pedras,PI,Paracetamol 50mg - 30 Comprimidos - Medley (Genérico),Nutrição Infantil,122.89,2025-01-07,Tuesday  ,7,1,1,2025
524.8,5,1049,10:32:57.266153,Emanuel Aragão,Rodovia Jesus,Goiania,Almeida das Pedras,PI,Desodorante Aerosol Nivea 200ml,Primeiros Socorros,104.96,2024-10-23,Wednesday,23,10,4,2024
1018.7,5,683,09:43:16.066258,Emanuel Aragão,Rodovia Jesus,Goiania,Almeida das Pedras,PI,Leite em Pó Infantil Rexona 150ml,Analgésicos,203.74,2025-06-15,Sunday   ,15,6,2,2025
258.55,5,2305,01:55:28.950253,Mathias Ferreira,Estação de Jesus,Barão Homem De Melo 3ª Seção,Pastor,MG,Metformina 25mg - 30 Comprimidos - Medley (Genérico),Higiene Pessoal,51.71,2025-09-08,Monday   ,8,9,3,2025
336.54,2,2927,20:10:12.381764,Mathias Ferreira,Estação de Jesus,Barão Homem De Melo 3ª Seção,Pastor,MG,Pomada para Assaduras Mió 500ml,Vacinas,168.27,2026-04-05,Sunday   ,5,4,2,2026
180.31,1,2690,05:02:06.267558,Mathias Ferreira,Estação de Jesus,Barão Homem De Melo 3ª Seção,Pastor,MG,Protetor Solar Facial La Roche-Posay FPS 70,Antitérmicos,180.31,2026-07-11,Saturday ,11,7,3,2026
980.04,4,460,17:58:51.842712,Anthony Gabriel Siqueira,Trecho Cirino,Vila São Gabriel,Nunes do Sul,MA,Hidroclorotiazida 25mg - 30 Comprimidos - EMS (Genérico),Cuidados com o Cabelo,245.01,2025-08-13,Wednesday,13,8,3,2025
244.98,2,2162,22:48:30.404006,Anthony Gabriel Siqueira,Trecho Cirino,Vila São Gabriel,Nunes do Sul,MA,Ibuprofeno Gotas 20ml - Aché,Vacinas,122.49,2026-04-17,Friday   ,17,4,2,2026
76.76,4,2543,17:09:24.247741,Anthony Gabriel Siqueira,Trecho Cirino,Vila São Gabriel,Nunes do Sul,MA,Nimesulida 1g - 10 Comprimidos - Eurofarma,Produtos Ortopédicos,19.19,2025-07-21,Monday   ,21,7,3,2025
194.43,3,2968,00:53:04.992757,Anthony Gabriel Siqueira,Trecho Cirino,Vila São Gabriel,Nunes do Sul,MA,Vacina contra Hipotensão - Reforço,Antidepressivos,64.81,2026-01-30,Friday   ,30,1,1,2026
84.63,1,1206,21:45:24.248851,Anthony Gabriel Siqueira,Trecho Cirino,Vila São Gabriel,Nunes do Sul,MA,Vacina contra Obesidade - Dose Única,Fraldas e Infantis,84.63,2026-01-13,Tuesday  ,13,1,1,2026
135.32,2,2446,15:59:16.555013,Anthony Gabriel Siqueira,Trecho Cirino,Vila São Gabriel,Nunes do Sul,MA,Vacina contra Hipertensão - Dose Única,Vacinas,67.66,2026-09-10,Thursday ,10,9,3,2026
240.96,1,768,06:02:45.852715,Maria Fonseca,Setor Sampaio,Cidade Jardim,Freitas,RO,Metformina Suspensão Oral 50ml - EMS (Genérico),Fraldas e Infantis,240.96,2025-10-19,Sunday   ,19,10,4,2025
9.51,1,2893,19:34:51.863827,Maria Fonseca,Setor Sampaio,Cidade Jardim,Freitas,RO,Dipirona Sódica Gotas 20ml - EMS (Genérico),Aparelhos Médicos,9.51,2024-11-09,Saturday ,9,11,4,2024
717.28,4,1685,17:47:37.332647,Maria Fonseca,Setor Sampaio,Cidade Jardim,Freitas,RO,Ibuprofeno Suspensão Oral 50ml - Medley (Genérico),Homeopatia,179.32,2025-11-26,Wednesday,26,11,4,2025
858.36,4,345,21:06:48.106966,Maria Fonseca,Setor Sampaio,Cidade Jardim,Freitas,RO,Protetor Solar Corporal Needs 90g,Produtos Ortopédicos,214.59,2024-11-09,Saturday ,9,11,4,2024
229.2,4,2558,03:29:29.087239,Maya das Neves,Jardim de Oliveira,Vila Atila De Paiva,Vasconcelos do Campo,MG,Pantoprazol Gotas 20ml - Eurofarma,Primeiros Socorros,57.3,2025-07-15,Tuesday  ,15,7,3,2025
556.05,5,767,15:37:38.360192,Maya das Neves,Jardim de Oliveira,Vila Atila De Paiva,Vasconcelos do Campo,MG,Sérum Vitamina C Huggies 90g,Saúde Bucal,111.21,2025-04-23,Wednesday,23,4,2,2025
176.38,1,1917,10:17:38.78984,Maya das Neves,Jardim de Oliveira,Vila Atila De Paiva,Vasconcelos do Campo,MG,Shampoo Anticaspa Clear 90g,Antitérmicos,176.38,2024-11-01,Friday   ,1,11,4,2024
68.06,2,1918,09:27:30.894526,Dra. Ana Lívia Cavalcante,Favela de Ferreira,Nova Esperança,Cavalcanti de Correia,SP,Pantoprazol Suspensão Oral 50ml - Neo Química (Genérico),Vitaminas e Suplementos,34.03,2025-12-28,Sunday   ,28,12,4,2025
51.71,1,1174,23:34:39.849896,Dra. Ana Lívia Cavalcante,Favela de Ferreira,Nova Esperança,Cavalcanti de Correia,SP,Metformina 25mg - 30 Comprimidos - Medley (Genérico),Higiene Pessoal,51.71,2026-08-24,Monday   ,24,8,3,2026
241.96,4,1447,19:30:39.587925,Dra. Ana Lívia Cavalcante,Favela de Ferreira,Nova Esperança,Cavalcanti de Correia,SP,Lenço Umedecido CeraVe 400ml,Cuidados com o Cabelo,60.49,2025-05-15,Thursday ,15,5,2,2025
174.99,3,1227,05:03:58.063256,Davi Nunes,Rua Gabrielly das Neves,Boa Esperança,Castro,CE,Loratadina 25mg - 30 Comprimidos - Neo Química (Genérico),Nutrição Infantil,58.33,2025-11-21,Friday   ,21,11,4,2025
1035.35,5,277,17:18:53.051362,Davi Nunes,Rua Gabrielly das Neves,Boa Esperança,Castro,CE,Hidroclorotiazida Xarope 120ml - Neo Química (Genérico),Antitérmicos,207.07,2025-04-07,Monday   ,7,4,2,2025
467.12,2,513,12:53:21.32773,Davi Nunes,Rua Gabrielly das Neves,Boa Esperança,Castro,CE,Ibuprofeno Suspensão Oral 50ml - Neo Química (Genérico),Dermocosméticos,233.56,2024-10-17,Thursday ,17,10,4,2024
235.19,1,1877,00:13:22.321504,Davi Nunes,Rua Gabrielly das Neves,Boa Esperança,Castro,CE,Leite em Pó Infantil Huggies 90g,Homeopatia,235.19,2024-12-22,Sunday   ,22,12,4,2024
326.3,5,1811,14:59:36.489645,Dra. Ana Lívia da Mota,Residencial de da Cruz,Vila Nova Paraíso,Siqueira do Norte,RO,Hidroclorotiazida 1g - 10 Comprimidos - Medley (Genérico),Saúde Bucal,65.26,2024-09-13,Friday   ,13,9,3,2024
50.91,1,1134,09:41:20.897872,Dra. Ana Lívia da Mota,Residencial de da Cruz,Vila Nova Paraíso,Siqueira do Norte,RO,Nimesulida Xarope 120ml - Medley (Genérico),Antidepressivos,50.91,2026-07-23,Thursday ,23,7,3,2026
815.6999999999999,5,1538,14:54:54.175922,Dra. Ana Lívia da Mota,Residencial de da Cruz,Vila Nova Paraíso,Siqueira do Norte,RO,Creme Dental Clear 50g,Antidepressivos,163.14,2025-10-29,Wednesday,29,10,4,2025
148.54,1,1618,10:25:26.563944,Ana Melo,Área Juan Macedo,Renascença,Silva de Minas,MA,Atenolol Gotas 20ml - Neo Química (Genérico),Nutrição Infantil,148.54,2025-05-10,Saturday ,10,5,2,2025
12.38,2,1660,11:43:15.720752,Ana Melo,Área Juan Macedo,Renascença,Silva de Minas,MA,Tadalafila 1g - 10 Comprimidos - Aché,Primeiros Socorros,6.19,2026-04-09,Thursday ,9,4,2,2026
123.13,1,2679,17:55:26.543079,Ana Melo,Área Juan Macedo,Renascença,Silva de Minas,MA,Vacina contra Embolia - Dose Única,Antibióticos,123.13,2025-03-10,Monday   ,10,3,1,2025
913.04,4,853,11:45:56.842936,Ana Melo,Área Juan Macedo,Renascença,Silva de Minas,MA,Curativos (Band-Aid) Pampers 400ml,Aparelhos Médicos,228.26,2026-07-20,Monday   ,20,7,3,2026
243.64,4,1349,00:36:18.635086,Larissa da Rosa,Residencial de Farias,Novo Ouro Preto,Alves,BA,Azitromicina 1g - 10 Comprimidos - EMS (Genérico),Dermocosméticos,60.91,2026-02-26,Thursday ,26,2,1,2026
107.03,1,619,04:44:57.94208,Larissa da Rosa,Residencial de Farias,Novo Ouro Preto,Alves,BA,Vacina contra Insuficiência Cardíaca - Dose Única,Antitérmicos,107.03,2024-11-26,Tuesday  ,26,11,4,2024
132.81,3,2839,15:45:20.692943,Mathias Camargo,Recanto José Pedro Rodrigues,Vila Antena Montanhês,Nogueira,PA,Enalapril 1g - 10 Comprimidos - Aché,Homeopatia,44.27,2026-01-08,Thursday ,8,1,1,2026
184.98,2,1767,05:41:12.802936,Mathias Camargo,Recanto José Pedro Rodrigues,Vila Antena Montanhês,Nogueira,PA,Losartana Potássica Gotas 20ml - Medley (Genérico),Antitérmicos,92.49,2025-10-16,Thursday ,16,10,4,2025
557.76,3,2856,12:54:48.099893,Mathias Camargo,Recanto José Pedro Rodrigues,Vila Antena Montanhês,Nogueira,PA,Creme Hidratante Bepantol FPS 50,Dermocosméticos,185.92,2026-03-07,Saturday ,7,3,1,2026
461.08,4,253,21:16:43.235146,Evelyn Gomes,Fazenda Lívia Caldeira,Vila Nova Cachoeirinha 3ª Seção,Martins do Amparo,ES,Escitalopram 50mg - 30 Comprimidos - Eurofarma,Cuidados com o Cabelo,115.27,2025-01-05,Sunday   ,5,1,1,2025
96.31,1,254,02:03:58.071072,Asafe da Rocha,Rua Novais,Carlos Prates,Montenegro da Praia,PA,Azitromicina 25mg - 30 Comprimidos - Neo Química (Genérico),Higiene Pessoal,96.31,2026-07-03,Friday   ,3,7,3,2026
612.4499999999999,5,300,18:14:30.7097,Paulo Rodrigues,Recanto de Gonçalves,Itaipu,Ribeiro,RS,Ibuprofeno Gotas 20ml - Aché,Vacinas,122.49,2025-01-03,Friday   ,3,1,1,2025
6.19,1,2701,17:47:59.514636,Paulo Rodrigues,Recanto de Gonçalves,Itaipu,Ribeiro,RS,Tadalafila 1g - 10 Comprimidos - Aché,Primeiros Socorros,6.19,2024-12-09,Monday   ,9,12,4,2024
610.4,5,2938,02:50:28.920661,Paulo Rodrigues,Recanto de Gonçalves,Itaipu,Ribeiro,RS,Vacina contra Dermatite - Reforço,Primeiros Socorros,122.08,2025-10-26,Sunday   ,26,10,4,2025
169.17000000000002,3,2098,11:59:46.513088,Anna Liz Rodrigues,Estação de Peixoto,Vila Satélite,Rocha,RS,Diclofenaco 50mg - 30 Comprimidos - Eurofarma,Antidepressivos,56.39,2025-10-23,Thursday ,23,10,4,2025
1074.75,5,2422,20:32:05.631656,Anna Liz Rodrigues,Estação de Peixoto,Vila Satélite,Rocha,RS,Hidroclorotiazida 1g - 10 Comprimidos - Aché,Analgésicos,214.95,2025-03-25,Tuesday  ,25,3,1,2025
239.16,2,1285,07:39:04.905325,Isabel Aragão,Lago de Martins,Marmiteiros,Brito,MS,Tadalafila Pomada 30g - EMS (Genérico),Anti-inflamatórios,119.58,2025-11-16,Sunday   ,16,11,4,2025
233.52,1,2058,07:02:50.124619,Isabel Aragão,Lago de Martins,Marmiteiros,Brito,MS,Creme Hidratante Colgate 150ml,Anti-inflamatórios,233.52,2025-05-25,Sunday   ,25,5,2,2025
324.92,2,1840,09:37:06.086595,Isabel Aragão,Lago de Martins,Marmiteiros,Brito,MS,Protetor Solar Corporal Sempre Livre 50 Metros,Aparelhos Médicos,162.46,2026-06-15,Monday   ,15,6,2,2026
19.38,1,1943,06:11:37.941195,Caleb da Cunha,Parque Camila Pires,Ouro Minas,Porto,GO,Amoxicilina Suspensão Oral 50ml - Medley (Genérico),Saúde Bucal,19.38,2026-04-21,Tuesday  ,21,4,2,2026
56.1,1,1376,09:35:57.35075,Caleb da Cunha,Parque Camila Pires,Ouro Minas,Porto,GO,Atenolol 25mg - 30 Comprimidos - Medley (Genérico),Vacinas,56.1,2025-03-14,Friday   ,14,3,1,2025
232.6,2,1137,09:31:55.159221,Caleb da Cunha,Parque Camila Pires,Ouro Minas,Porto,GO,Diclofenaco 25mg - 30 Comprimidos - Aché,Anti-inflamatórios,116.3,2025-11-02,Sunday   ,2,11,4,2025
1173.5,5,7,05:59:13.875535,Caleb da Cunha,Parque Camila Pires,Ouro Minas,Porto,GO,Omeprazol Pomada 30g - Neo Química (Genérico),Primeiros Socorros,234.7,2025-03-28,Friday   ,28,3,1,2025
180.26,2,532,06:41:01.887029,Caleb da Cunha,Parque Camila Pires,Ouro Minas,Porto,GO,Desodorante Roll-on Sempre Livre 150ml,Vitaminas e Suplementos,90.13,2026-05-15,Friday   ,15,5,2,2026
657.5999999999999,3,1393,17:28:48.434812,Antônio Garcia,Rodovia de da Conceição,Nova Suíça,Pires,AM,Cefalexina 500mg - 20 Comprimidos - Bayer,Antialérgicos,219.2,2026-05-04,Monday   ,4,5,2,2026
92.31,3,677,13:51:09.747822,Antônio Garcia,Rodovia de da Conceição,Nova Suíça,Pires,AM,Fluoxetina Gotas 20ml - Medley (Genérico),Aparelhos Médicos,30.77,2026-06-13,Saturday ,13,6,2,2026
235.5,5,369,05:25:55.231407,Sr. João Vitor Sá,Ladeira de Sales,Novo Ouro Preto,Ribeiro,RS,Amoxicilina 1g - 10 Comprimidos - Aché,Produtos Ortopédicos,47.1,2025-06-03,Tuesday  ,3,6,2,2025
206.84,4,1577,15:38:10.309844,Sr. João Vitor Sá,Ladeira de Sales,Novo Ouro Preto,Ribeiro,RS,Metformina 25mg - 30 Comprimidos - Medley (Genérico),Higiene Pessoal,51.71,2025-10-11,Saturday ,11,10,4,2025
590.34,3,334,19:52:32.236466,Sr. João Vitor Sá,Ladeira de Sales,Novo Ouro Preto,Ribeiro,RS,Vacina contra Cirrose - Reforço,Analgésicos,196.78,2025-12-21,Sunday   ,21,12,4,2025
47.32,4,1655,06:14:52.007321,Sr. João Vitor Sá,Ladeira de Sales,Novo Ouro Preto,Ribeiro,RS,Protetor Solar Corporal CeraVe Tamanho G (32 un),Aparelhos Médicos,11.83,2025-10-28,Tuesday  ,28,10,4,2025
130.98,3,203,14:05:41.808061,Brayan Almeida,Residencial Cunha,Mirante,Macedo Alegre,RR,Hidroclorotiazida Gotas 20ml - Medley (Genérico),Aparelhos Médicos,43.66,2024-11-11,Monday   ,11,11,4,2024
427.64,2,1171,11:28:40.336673,Brayan Almeida,Residencial Cunha,Mirante,Macedo Alegre,RR,Nimesulida 500mg - 20 Comprimidos - Aché,Antidepressivos,213.82,2025-06-29,Sunday   ,29,6,2,2025
105.24,2,1826,00:35:58.67548,Brayan Almeida,Residencial Cunha,Mirante,Macedo Alegre,RR,Amoxicilina 500mg - 20 Comprimidos - Eurofarma,Dermocosméticos,52.62,2026-08-07,Friday   ,7,8,3,2026
172.89,1,2445,20:03:56.244973,Brayan Almeida,Residencial Cunha,Mirante,Macedo Alegre,RR,Diclofenaco Suspensão Oral 50ml - Aché,Primeiros Socorros,172.89,2024-09-27,Friday   ,27,9,3,2024
606.6899999999999,3,1302,17:53:23.850186,Brayan Almeida,Residencial Cunha,Mirante,Macedo Alegre,RR,Vacina contra Bipolaridade - Dose Única,Nutrição Infantil,202.23,2025-05-29,Thursday ,29,5,2,2025
58.95,1,1433,10:27:31.360286,Ana Luiza Silveira,Rua de Sampaio,Pilar,Vieira de Minas,PB,Diclofenaco Suspensão Oral 50ml - EMS (Genérico),Higiene Pessoal,58.95,2026-04-26,Sunday   ,26,4,2,2026
70.22,2,1891,12:13:46.493786,Davi Lucca Macedo,Praia Pereira,Alta Tensão 2ª Seção,das Neves,MT,Omeprazol 50mg - 30 Comprimidos - EMS (Genérico),Fitoterápicos,35.11,2025-11-05,Wednesday,5,11,4,2025
77.47,1,946,03:58:19.411493,Davi Lucca Macedo,Praia Pereira,Alta Tensão 2ª Seção,das Neves,MT,Curativos (Band-Aid) Huggies 150ml,Vitaminas e Suplementos,77.47,2025-03-09,Sunday   ,9,3,1,2025
1037,5,2250,18:13:11.377816,Dra. Maria Júlia Mendes,Trevo Sophie Farias,Vila Minaslandia,Vieira de Minas,MT,Nimesulida 25mg - 30 Comprimidos - Neo Química (Genérico),Higiene Pessoal,207.4,2024-11-06,Wednesday,6,11,4,2024
859.05,5,2493,07:48:21.672304,Dra. Maria Júlia Mendes,Trevo Sophie Farias,Vila Minaslandia,Vieira de Minas,MT,Enxaguante Bucal Sempre Livre 400ml,Genéricos,171.81,2025-11-17,Monday   ,17,11,4,2025
338.1,5,1009,19:56:21.465822,Maria Helena Sales,Fazenda Lívia Melo,Morro Dos Macacos,Cavalcante da Serra,RJ,Vacina contra Osteoporose - Dose Única,Nutrição Infantil,67.62,2026-07-28,Tuesday  ,28,7,3,2026
173.27,1,1475,20:12:25.481551,Pedro Miguel da Costa,Trevo Barbosa,Vila Dos Anjos,Alves de da Conceição,AC,Escitalopram 500mg - 20 Comprimidos - Medley (Genérico),Fitoterápicos,173.27,2024-11-03,Sunday   ,3,11,4,2024
1226.1,5,924,01:49:02.439484,Pedro Miguel da Costa,Trevo Barbosa,Vila Dos Anjos,Alves de da Conceição,AC,Sertralina 50mg - 30 Comprimidos - Bayer,Antibióticos,245.22,2026-08-13,Thursday ,13,8,3,2026
456.52,2,860,03:53:22.27933,Pedro Miguel da Costa,Trevo Barbosa,Vila Dos Anjos,Alves de da Conceição,AC,Curativos (Band-Aid) Pampers 400ml,Aparelhos Médicos,228.26,2025-03-02,Sunday   ,2,3,1,2025
575.16,3,1161,08:20:28.742163,Pedro Miguel da Costa,Trevo Barbosa,Vila Dos Anjos,Alves de da Conceição,AC,Creme Hidratante Listerine 500ml,Saúde Bucal,191.72,2025-03-06,Thursday ,6,3,1,2025
1003.5500000000001,5,1852,15:12:59.186838,Dra. Rebeca Melo,Esplanada Ayla Carvalho,Vila Boa Vista,da Conceição,DF,Clonazepam 1g - 10 Comprimidos - Neo Química (Genérico),Analgésicos,200.71,2026-01-22,Thursday ,22,1,1,2026
60.91,1,1983,08:46:46.609591,Dra. Rebeca Melo,Esplanada Ayla Carvalho,Vila Boa Vista,da Conceição,DF,Azitromicina 1g - 10 Comprimidos - EMS (Genérico),Dermocosméticos,60.91,2026-07-09,Thursday ,9,7,3,2026
226.55,5,2489,19:42:39.346487,Dra. Rebeca Melo,Esplanada Ayla Carvalho,Vila Boa Vista,da Conceição,DF,Absorvente com Abas Bepantol 500ml,Analgésicos,45.31,2026-01-27,Tuesday  ,27,1,1,2026
1002.4,5,530,09:09:48.303198,Srta. Sophia Monteiro,Parque Levi Montenegro,Sagrada Família,Cirino,RJ,Metformina 25mg - 30 Comprimidos - EMS (Genérico),Cuidados com o Cabelo,200.48,2025-05-07,Wednesday,7,5,2,2025
360.28,4,2653,16:08:44.212457,João Mendonça,Via Julia Castro,Estrela Do Oriente,Cassiano,SE,Cefalexina Xarope 120ml - Aché,Produtos Ortopédicos,90.07,2025-06-14,Saturday ,14,6,2,2025
203.37,1,1991,00:54:20.219976,João Mendonça,Via Julia Castro,Estrela Do Oriente,Cassiano,SE,Fluoxetina 1g - 10 Comprimidos - Medley (Genérico),Produtos Ortopédicos,203.37,2026-06-12,Friday   ,12,6,2,2026
350.48,4,438,14:16:46.689159,João Mendonça,Via Julia Castro,Estrela Do Oriente,Cassiano,SE,Sildenafila 25mg - 30 Comprimidos - Medley (Genérico),Antialérgicos,87.62,2024-12-14,Saturday ,14,12,4,2024
332.52,2,1365,01:39:27.843823,João Mendonça,Via Julia Castro,Estrela Do Oriente,Cassiano,SE,Sildenafila 1g - 10 Comprimidos - EMS (Genérico),Antitérmicos,166.26,2026-05-24,Sunday   ,24,5,2,2026
323.12,2,1437,19:08:12.782571,João Mendonça,Via Julia Castro,Estrela Do Oriente,Cassiano,SE,Soro Fisiológico Nivea 50 Metros,Homeopatia,161.56,2025-11-02,Sunday   ,2,11,4,2025
446.15000000000003,5,1400,15:58:38.075094,João Mendonça,Via Julia Castro,Estrela Do Oriente,Cassiano,SE,Álcool em Gel 70% Mió 90g,Analgésicos,89.23,2024-11-24,Sunday   ,24,11,4,2024
539.52,4,2951,15:13:48.664242,Manuella Camargo,Campo Borges,Fazendinha,Rocha,RS,Pomada para Assaduras G-Tech FPS 50,Higiene Pessoal,134.88,2025-03-31,Monday   ,31,3,1,2025
946.44,4,2203,09:47:38.239659,Dra. Ayla Borges,Chácara Heloisa da Paz,Vila Satélite,Ferreira de Sampaio,PB,Dipirona Sódica Xarope 120ml - Neo Química (Genérico),Antidepressivos,236.61,2026-06-07,Sunday   ,7,6,2,2026
67.46,2,451,06:31:59.437446,Dra. Ayla Borges,Chácara Heloisa da Paz,Vila Satélite,Ferreira de Sampaio,PB,Paracetamol Xarope 120ml - Neo Química (Genérico),Higiene Pessoal,33.73,2026-05-09,Saturday ,9,5,2,2026
384.7,5,1335,01:02:26.596514,Paulo Rocha,Lago Aparecida,Nossa Senhora De Fátima,Campos,PE,Tadalafila Suspensão Oral 50ml - Medley (Genérico),Antialérgicos,76.94,2025-06-14,Saturday ,14,6,2,2025
926.56,4,1152,05:17:13.445501,Paulo Rocha,Lago Aparecida,Nossa Senhora De Fátima,Campos,PE,Diclofenaco 1g - 10 Comprimidos - Eurofarma,Anti-inflamatórios,231.64,2025-07-26,Saturday ,26,7,3,2025
157.8,4,1464,21:24:32.984844,Paulo Rocha,Lago Aparecida,Nossa Senhora De Fátima,Campos,PE,Metformina 25mg - 30 Comprimidos - Eurofarma,Antibióticos,39.45,2025-09-24,Wednesday,24,9,3,2025
102.09,3,1610,18:22:05.85946,Bianca Gonçalves,Núcleo de da Cruz,Lagoa,Cassiano do Oeste,PB,Pantoprazol Suspensão Oral 50ml - Neo Química (Genérico),Vitaminas e Suplementos,34.03,2026-01-24,Saturday ,24,1,1,2026
230.53,1,1385,10:57:24.268987,Bianca Gonçalves,Núcleo de da Cruz,Lagoa,Cassiano do Oeste,PB,Fluoxetina Suspensão Oral 50ml - Aché,Vacinas,230.53,2025-09-17,Wednesday,17,9,3,2025
742.5600000000001,3,2789,19:28:24.155345,Bianca Gonçalves,Núcleo de da Cruz,Lagoa,Cassiano do Oeste,PB,Metformina Pomada 30g - EMS (Genérico),Produtos Ortopédicos,247.52,2026-02-05,Thursday ,5,2,1,2026
84.03,3,614,02:49:06.955009,Bianca Gonçalves,Núcleo de da Cruz,Lagoa,Cassiano do Oeste,PB,Vacina contra Hepatite C - Dose Única,Cuidados com o Cabelo,28.01,2025-03-20,Thursday ,20,3,1,2025
431.61,3,897,01:02:40.358342,Bianca Gonçalves,Núcleo de da Cruz,Lagoa,Cassiano do Oeste,PB,Creme Hidratante Dove 400ml,Higiene Pessoal,143.87,2025-10-25,Saturday ,25,10,4,2025
80.94,3,1431,01:14:02.060399,Larissa Correia,Chácara da Mata,Alto Caiçaras,Ferreira do Amparo,AC,Sabonete Líquido Huggies FPS 70,Antitérmicos,26.98,2025-07-31,Thursday ,31,7,3,2025
50.5,1,625,01:40:45.068331,Luigi Cassiano,Trevo Lara Teixeira,Santa Rita,Casa Grande,AC,Metformina Pomada 30g - Aché,Fraldas e Infantis,50.5,2025-10-16,Thursday ,16,10,4,2025
690.68,4,1921,22:04:35.459196,Natália Barbosa,Trecho Vargas,Cruzeiro,Brito da Mata,BA,Escitalopram 25mg - 30 Comprimidos - EMS (Genérico),Homeopatia,172.67,2024-11-01,Friday   ,1,11,4,2024
160.43,1,2259,12:53:00.044416,Natália Barbosa,Trecho Vargas,Cruzeiro,Brito da Mata,BA,Omeprazol Suspensão Oral 50ml - Eurofarma,Anti-inflamatórios,160.43,2025-07-13,Sunday   ,13,7,3,2025
121.82,2,954,10:06:49.914661,Natália Barbosa,Trecho Vargas,Cruzeiro,Brito da Mata,BA,Azitromicina 1g - 10 Comprimidos - EMS (Genérico),Dermocosméticos,60.91,2026-07-05,Sunday   ,5,7,3,2026
898.36,4,362,02:26:35.154532,Natália Barbosa,Trecho Vargas,Cruzeiro,Brito da Mata,BA,Vacina contra Desnutrição - Dose Única,Homeopatia,224.59,2025-12-04,Thursday ,4,12,4,2025
385.25,5,1055,09:20:34.323543,Natália Barbosa,Trecho Vargas,Cruzeiro,Brito da Mata,BA,Sérum Vitamina C Pampers 400ml,Antidepressivos,77.05,2026-04-11,Saturday ,11,4,2,2026
69.78,2,351,10:52:21.920109,Joana Sales,Distrito de Cunha,Vila Nova Dos Milionarios,da Paz de Sampaio,PE,Cefalexina 50mg - 30 Comprimidos - Eurofarma,Antibióticos,34.89,2024-12-18,Wednesday,18,12,4,2024
725.97,3,1439,19:15:10.075814,Joana Sales,Distrito de Cunha,Vila Nova Dos Milionarios,da Paz de Sampaio,PE,Escitalopram Suspensão Oral 50ml - Bayer,Nutrição Infantil,241.99,2024-12-10,Tuesday  ,10,12,4,2024
594.16,4,1597,14:24:39.955141,João Miguel Cunha,Morro de Fernandes,Conjunto Novo Dom Bosco,da Cunha,AM,Atenolol Gotas 20ml - Neo Química (Genérico),Nutrição Infantil,148.54,2025-09-07,Sunday   ,7,9,3,2025
710.76,4,262,02:03:03.437737,João Miguel Cunha,Morro de Fernandes,Conjunto Novo Dom Bosco,da Cunha,AM,Diclofenaco Xarope 120ml - Medley (Genérico),Primeiros Socorros,177.69,2026-04-29,Wednesday,29,4,2,2026
152.05,5,1222,07:45:48.517923,João Miguel Cunha,Morro de Fernandes,Conjunto Novo Dom Bosco,da Cunha,AM,Sildenafila 25mg - 30 Comprimidos - EMS (Genérico),Primeiros Socorros,30.41,2024-11-29,Friday   ,29,11,4,2024
372.12,3,1919,12:25:08.584174,João Miguel Cunha,Morro de Fernandes,Conjunto Novo Dom Bosco,da Cunha,AM,Cefalexina 25mg - 30 Comprimidos - Neo Química (Genérico),Antitérmicos,124.04,2025-04-20,Sunday   ,20,4,2,2025
95.24,2,417,15:21:53.523228,João Miguel Cunha,Morro de Fernandes,Conjunto Novo Dom Bosco,da Cunha,AM,Vacina contra Câncer de Mama - Dose Única,Cuidados com o Cabelo,47.62,2026-06-28,Sunday   ,28,6,2,2026
244,2,160,13:24:12.936235,João Miguel Cunha,Morro de Fernandes,Conjunto Novo Dom Bosco,da Cunha,AM,Vacina contra Gripe - Reforço,Antidepressivos,122,2026-05-06,Wednesday,6,5,2,2026
161.56,1,2312,15:31:37.7076,João Miguel Cunha,Morro de Fernandes,Conjunto Novo Dom Bosco,da Cunha,AM,Soro Fisiológico Nivea 50 Metros,Homeopatia,161.56,2026-02-12,Thursday ,12,2,1,2026
642.36,4,1969,08:55:00.120764,Ana Laura Machado,Loteamento Azevedo,Taquaril,da Rocha do Amparo,RN,Metformina Suspensão Oral 50ml - Aché,Genéricos,160.59,2025-02-15,Saturday ,15,2,1,2025
1059,5,1293,15:50:29.124315,Ana Laura Machado,Loteamento Azevedo,Taquaril,da Rocha do Amparo,RN,Paracetamol Suspensão Oral 50ml - Aché,Antialérgicos,211.8,2025-03-28,Friday   ,28,3,1,2025
591.1800000000001,3,2052,03:26:41.85291,Ana Laura Machado,Loteamento Azevedo,Taquaril,da Rocha do Amparo,RN,Metformina 500mg - 20 Comprimidos - Bayer,Antitérmicos,197.06,2026-03-02,Monday   ,2,3,1,2026
489.96,4,2610,03:54:12.402441,Ana Laura Machado,Loteamento Azevedo,Taquaril,da Rocha do Amparo,RN,Ibuprofeno Gotas 20ml - Aché,Vacinas,122.49,2025-03-21,Friday   ,21,3,1,2025
132.03,3,1214,19:45:53.734591,João Felipe Mendes,Feira Rodrigues,Novo Santa Cecilia,Vasconcelos de Minas,PA,Sertralina Gotas 20ml - Aché,Dermocosméticos,44.01,2024-10-08,Tuesday  ,8,10,4,2024
736.47,3,2374,14:10:30.557796,João Felipe Mendes,Feira Rodrigues,Novo Santa Cecilia,Vasconcelos de Minas,PA,Tadalafila 50mg - 30 Comprimidos - EMS (Genérico),Antialérgicos,245.49,2025-09-28,Sunday   ,28,9,3,2025
309.48,2,422,16:52:50.648143,João Felipe Mendes,Feira Rodrigues,Novo Santa Cecilia,Vasconcelos de Minas,PA,Escitalopram 1g - 10 Comprimidos - Medley (Genérico),Aparelhos Médicos,154.74,2025-08-09,Saturday ,9,8,3,2025
834.7,5,2372,01:38:22.575624,João Felipe Mendes,Feira Rodrigues,Novo Santa Cecilia,Vasconcelos de Minas,PA,Fralda Descartável Mió 90g,Vitaminas e Suplementos,166.94,2025-09-16,Tuesday  ,16,9,3,2025
488,4,697,05:13:15.289405,Sr. Cauã Garcia,Aeroporto Alexia Barros,Mineirão,Pereira do Oeste,MS,Vacina contra Gripe - Reforço,Antidepressivos,122,2025-06-23,Monday   ,23,6,2,2025
316.25,5,1202,15:45:08.515704,Sr. Cauã Garcia,Aeroporto Alexia Barros,Mineirão,Pereira do Oeste,MS,Curativos (Band-Aid) La Roche-Posay 400ml,Antibióticos,63.25,2025-07-26,Saturday ,26,7,3,2025
933.68,4,2594,08:35:26.881972,Sr. Cauã Garcia,Aeroporto Alexia Barros,Mineirão,Pereira do Oeste,MS,Fralda Descartável G-Tech 200ml,Fitoterápicos,233.42,2025-02-12,Wednesday,12,2,1,2025
239.98,1,2151,14:01:54.376225,Igor Machado,Estação Leão,Floramar,Casa Grande do Oeste,MT,Curativos (Band-Aid) Aptamil Tamanho G (32 un),Higiene Pessoal,239.98,2025-07-03,Thursday ,3,7,3,2025
270.29999999999995,3,1819,02:27:03.968447,Lucca Moura,Rua de Dias,Nossa Senhora Do Rosário,Jesus,ES,Pantoprazol Pomada 30g - Eurofarma,Anti-inflamatórios,90.1,2024-11-24,Sunday   ,24,11,4,2024
810.12,4,1180,22:02:37.648564,Lucca Moura,Rua de Dias,Nossa Senhora Do Rosário,Jesus,ES,Azitromicina 50mg - 30 Comprimidos - Medley (Genérico),Homeopatia,202.53,2024-10-09,Wednesday,9,10,4,2024
88.92,1,840,03:31:17.765642,Lucca Moura,Rua de Dias,Nossa Senhora Do Rosário,Jesus,ES,Dipirona Sódica Gotas 20ml - Eurofarma,Produtos Ortopédicos,88.92,2026-02-19,Thursday ,19,2,1,2026
18.18,1,2034,19:50:31.942276,Lucca Moura,Rua de Dias,Nossa Senhora Do Rosário,Jesus,ES,Termômetro Digital Vichy 50 Metros,Aparelhos Médicos,18.18,2026-03-15,Sunday   ,15,3,1,2026
473.22,2,129,07:41:34.745906,Leonardo Freitas,Trevo Noah Monteiro,Conjunto Paulo Vi,Viana,TO,Dipirona Sódica Xarope 120ml - Neo Química (Genérico),Antidepressivos,236.61,2025-07-05,Saturday ,5,7,3,2025
22.77,1,1717,23:54:37.847034,Leonardo Freitas,Trevo Noah Monteiro,Conjunto Paulo Vi,Viana,TO,Omeprazol 500mg - 20 Comprimidos - Eurofarma,Produtos Ortopédicos,22.77,2026-03-09,Monday   ,9,3,1,2026
89.85,1,1492,08:56:55.16148,Leonardo Freitas,Trevo Noah Monteiro,Conjunto Paulo Vi,Viana,TO,Sildenafila Pomada 30g - Aché,Higiene Pessoal,89.85,2025-05-17,Saturday ,17,5,2,2025
877.04,4,1715,03:18:21.760859,Leonardo Freitas,Trevo Noah Monteiro,Conjunto Paulo Vi,Viana,TO,Dipirona Sódica Pomada 30g - Medley (Genérico),Saúde Bucal,219.26,2025-07-04,Friday   ,4,7,3,2025
53.550000000000004,3,752,19:09:25.33321,Leonardo Freitas,Trevo Noah Monteiro,Conjunto Paulo Vi,Viana,TO,Pomada para Assaduras Dove FPS 70,Fraldas e Infantis,17.85,2026-05-22,Friday   ,22,5,2,2026
58.16,4,2705,20:33:57.979653,Josué Viana,Travessa de Souza,Alta Tensão 2ª Seção,Fonseca de Cavalcante,AP,Amoxicilina Gotas 20ml - Aché,Aparelhos Médicos,14.54,2026-04-19,Sunday   ,19,4,2,2026
219.26,1,716,10:09:51.549506,Josué Viana,Travessa de Souza,Alta Tensão 2ª Seção,Fonseca de Cavalcante,AP,Dipirona Sódica Pomada 30g - Medley (Genérico),Saúde Bucal,219.26,2025-01-18,Saturday ,18,1,1,2025
71.48,1,2238,02:51:35.190848,Josué Viana,Travessa de Souza,Alta Tensão 2ª Seção,Fonseca de Cavalcante,AP,Lenço Umedecido Sempre Livre Tamanho G (32 un),Anti-inflamatórios,71.48,2024-09-14,Saturday ,14,9,3,2024
123.13,1,83,07:42:42.323502,Henrique Monteiro,Passarela Barros,Baleia,Aparecida,CE,Vacina contra Embolia - Dose Única,Antibióticos,123.13,2025-03-24,Monday   ,24,3,1,2025
484.56,4,2881,02:23:08.245074,Henrique Monteiro,Passarela Barros,Baleia,Aparecida,CE,Vacina contra Dengue - Dose Única,Vacinas,121.14,2026-03-18,Wednesday,18,3,1,2026
238.53,1,1217,05:02:27.205133,Henrique Monteiro,Passarela Barros,Baleia,Aparecida,CE,Condicionador Hidratação Needs Tamanho M (40 un),Genéricos,238.53,2026-02-18,Wednesday,18,2,1,2026
292.22,2,777,09:43:32.156731,Henrique Monteiro,Passarela Barros,Baleia,Aparecida,CE,Lenço Umedecido Colgate 50g,Homeopatia,146.11,2024-10-18,Friday   ,18,10,4,2024
705.5699999999999,3,500,15:24:15.229876,Henrique Monteiro,Passarela Barros,Baleia,Aparecida,CE,Leite em Pó Infantil Huggies 90g,Homeopatia,235.19,2024-11-28,Thursday ,28,11,4,2024
386.84,2,1244,19:08:20.752569,Sr. Thomas Vasconcelos,Viela Pedro Miguel da Paz,Maria Tereza,Cardoso,AL,Enalapril Suspensão Oral 50ml - Eurofarma,Saúde Bucal,193.42,2026-06-26,Friday   ,26,6,2,2026
173.32,1,312,03:51:35.935119,Sr. Thomas Vasconcelos,Viela Pedro Miguel da Paz,Maria Tereza,Cardoso,AL,Vacina contra Diabetes Tipo 1 - Dose Única,Antidepressivos,173.32,2026-09-09,Wednesday,9,9,3,2026
967.92,4,1941,07:33:03.364542,Sr. Thales Câmara,Núcleo Asafe Dias,Santa Rita,Cavalcanti de Correia,SP,Escitalopram Suspensão Oral 50ml - Eurofarma,Vitaminas e Suplementos,241.98,2026-03-11,Wednesday,11,3,1,2026
296.56,2,1379,00:28:26.588752,Sr. Thales Câmara,Núcleo Asafe Dias,Santa Rita,Cavalcanti de Correia,SP,Pantoprazol 50mg - 30 Comprimidos - Bayer,Saúde Bucal,148.28,2025-01-12,Sunday   ,12,1,1,2025
403.40999999999997,3,1909,21:06:03.951351,Sr. Thales Câmara,Núcleo Asafe Dias,Santa Rita,Cavalcanti de Correia,SP,Nimesulida 50mg - 30 Comprimidos - EMS (Genérico),Anti-inflamatórios,134.47,2025-10-21,Tuesday  ,21,10,4,2025
383.64,2,2241,07:17:01.074923,Sr. Thales Câmara,Núcleo Asafe Dias,Santa Rita,Cavalcanti de Correia,SP,Lenço Umedecido La Roche-Posay 50 Metros,Antidepressivos,191.82,2024-09-19,Thursday ,19,9,3,2024
116.3,1,1350,23:07:44.648381,Maria Isis Ramos,Lagoa Abreu,Vila Santa Monica 1ª Seção,Macedo,AC,Diclofenaco 25mg - 30 Comprimidos - Aché,Anti-inflamatórios,116.3,2025-10-18,Saturday ,18,10,4,2025
180.26,2,2994,00:26:54.072092,Nicolas Castro,Ladeira de Ferreira,Santa Rosa,Sousa da Praia,RS,Desodorante Roll-on Sempre Livre 150ml,Vitaminas e Suplementos,90.13,2025-01-20,Monday   ,20,1,1,2025
226.05,5,2745,23:57:57.253518,Rodrigo Abreu,Recanto Ferreira,Pirineus,Cavalcante da Serra,RJ,Vacina contra Osteoporose - Reforço,Antibióticos,45.21,2024-10-24,Thursday ,24,10,4,2024
116.66,2,1442,17:30:14.31618,Ana Julia Pereira,Parque Benício Cassiano,Vila Piratininga,Leão,RJ,Loratadina 25mg - 30 Comprimidos - Neo Química (Genérico),Nutrição Infantil,58.33,2026-08-22,Saturday ,22,8,3,2026
414.64,4,2660,05:43:34.100266,Ana Julia Pereira,Parque Benício Cassiano,Vila Piratininga,Leão,RJ,Losartana Potássica Xarope 120ml - EMS (Genérico),Dermocosméticos,103.66,2025-01-04,Saturday ,4,1,1,2025
82.32000000000001,3,2870,22:59:16.502541,Ana Julia Pereira,Parque Benício Cassiano,Vila Piratininga,Leão,RJ,Curativos (Band-Aid) Sempre Livre 90g,Antitérmicos,27.44,2025-01-28,Tuesday  ,28,1,1,2025
57.3,1,1686,07:12:06.85609,Ana Laura Fonseca,Núcleo da Cunha,Vila Mangueiras,Pinto dos Dourados,MT,Pantoprazol Gotas 20ml - Eurofarma,Primeiros Socorros,57.3,2024-09-18,Wednesday,18,9,3,2024
158.26,2,2990,18:08:32.213944,Ana Laura Fonseca,Núcleo da Cunha,Vila Mangueiras,Pinto dos Dourados,MT,Álcool em Gel 70% Vichy 150ml,Saúde Bucal,79.13,2025-05-22,Thursday ,22,5,2,2025
716.91,3,2947,22:44:37.778965,Ana Beatriz da Luz,Sítio de Nogueira,Granja De Freitas,Cirino,RJ,Nimesulida 25mg - 30 Comprimidos - Aché,Dermocosméticos,238.97,2026-03-15,Sunday   ,15,3,1,2026
545.64,3,2556,08:45:04.414463,Melina Moura,Área de Novais,Aparecida,da Luz de Ramos,SC,Azitromicina Suspensão Oral 50ml - Neo Química (Genérico),Vacinas,181.88,2026-01-10,Saturday ,10,1,1,2026
40.04,4,2359,21:38:19.297307,Melina Moura,Área de Novais,Aparecida,da Luz de Ramos,SC,Tadalafila Gotas 20ml - Medley (Genérico),Aparelhos Médicos,10.01,2025-03-04,Tuesday  ,4,3,1,2025
248.8,2,617,15:02:57.71639,Melina Moura,Área de Novais,Aparecida,da Luz de Ramos,SC,Leite em Pó Infantil Sempre Livre 400ml,Antialérgicos,124.4,2025-12-03,Wednesday,3,12,4,2025
148.53,1,1367,03:59:44.691579,Antony Carvalho,Viela Siqueira,Vila São Geraldo,Pastor,MG,Amoxicilina 500mg - 20 Comprimidos - EMS (Genérico),Saúde Bucal,148.53,2025-05-26,Monday   ,26,5,2,2025
179.55,1,2728,13:19:26.793886,Calebe Ramos,Passarela Agatha Rodrigues,Jonas Veiga,Rezende,GO,Paracetamol 1g - 10 Comprimidos - Aché,Primeiros Socorros,179.55,2026-06-18,Thursday ,18,6,2,2026
106.56,2,1738,08:16:58.685416,Manuela Monteiro,Favela Pereira,Paraíso,Martins,PA,Hidroclorotiazida 50mg - 30 Comprimidos - Neo Química (Genérico),Cuidados com o Cabelo,53.28,2026-02-19,Thursday ,19,2,1,2026
391.5,5,2599,18:59:13.32515,Manuela Monteiro,Favela Pereira,Paraíso,Martins,PA,Fluoxetina 50mg - 30 Comprimidos - Bayer,Saúde Bucal,78.3,2025-08-17,Sunday   ,17,8,3,2025
192.87,3,1714,04:23:07.783059,Manuela Monteiro,Favela Pereira,Paraíso,Martins,PA,Sérum Vitamina C Listerine FPS 70,Antialérgicos,64.29,2025-09-12,Friday   ,12,9,3,2025
112.4,5,1265,08:31:50.901831,Dra. Isabela Monteiro,Residencial Correia,Bandeirantes,Jesus,ES,Fluoxetina 50mg - 30 Comprimidos - Medley (Genérico),Fraldas e Infantis,22.48,2026-07-07,Tuesday  ,7,7,3,2026
35.13,1,2009,06:35:03.451745,Dra. Isabela Monteiro,Residencial Correia,Bandeirantes,Jesus,ES,Dipirona Sódica Xarope 120ml - EMS (Genérico),Aparelhos Médicos,35.13,2026-04-30,Thursday ,30,4,2,2026
1160.6999999999998,5,2036,08:56:10.33037,Dra. Isabela Monteiro,Residencial Correia,Bandeirantes,Jesus,ES,Creme Hidratante G-Tech 400ml,Primeiros Socorros,232.14,2026-07-29,Wednesday,29,7,3,2026
199.66,2,2612,04:00:15.367823,Enzo Silva,Conjunto Gustavo Henrique da Rocha,Jardim Montanhês,Viana,TO,Sildenafila 1g - 10 Comprimidos - Eurofarma,Antidepressivos,99.83,2026-08-11,Tuesday  ,11,8,3,2026
242.44,2,325,22:22:36.923733,Enzo Silva,Conjunto Gustavo Henrique da Rocha,Jardim Montanhês,Viana,TO,Lenço Umedecido Rexona FPS 50,Antibióticos,121.22,2026-01-26,Monday   ,26,1,1,2026
234.29999999999998,3,444,13:56:11.264435,Luiz Felipe Cavalcanti,Quadra de Azevedo,Vila Das Oliveiras,da Costa,PR,Diclofenaco Pomada 30g - Medley (Genérico),Dermocosméticos,78.1,2025-02-17,Monday   ,17,2,1,2025
1128.6499999999999,5,498,06:15:06.265143,Oliver Correia,Viaduto Antonella Rocha,Varzea Da Palma,Porto,GO,Fluoxetina 500mg - 20 Comprimidos - Neo Química (Genérico),Antitérmicos,225.73,2024-12-27,Friday   ,27,12,4,2024
734.32,4,494,15:25:07.40748,Oliver Correia,Viaduto Antonella Rocha,Varzea Da Palma,Porto,GO,Protetor Solar Corporal Rexona 150ml,Antibióticos,183.58,2025-10-29,Wednesday,29,10,4,2025
647.68,4,2257,21:47:43.849254,Oliver Correia,Viaduto Antonella Rocha,Varzea Da Palma,Porto,GO,Creme Hidratante Panvel FPS 50,Genéricos,161.92,2025-01-19,Sunday   ,19,1,1,2025
770.5500000000001,5,273,07:36:25.321916,Theo Cavalcanti,Trevo de Vieira,Garças,Montenegro Alegre,BA,Clonazepam 1g - 10 Comprimidos - EMS (Genérico),Antitérmicos,154.11,2025-12-20,Saturday ,20,12,4,2025
162.16,1,395,05:20:24.712411,Theo Cavalcanti,Trevo de Vieira,Garças,Montenegro Alegre,BA,Tadalafila Suspensão Oral 50ml - Bayer,Homeopatia,162.16,2025-06-23,Monday   ,23,6,2,2025
402.06,2,1896,07:03:17.891901,Theo Cavalcanti,Trevo de Vieira,Garças,Montenegro Alegre,BA,Escitalopram Suspensão Oral 50ml - EMS (Genérico),Vitaminas e Suplementos,201.03,2025-10-28,Tuesday  ,28,10,4,2025
732.96,3,2638,11:23:49.306189,Theo Cavalcanti,Trevo de Vieira,Garças,Montenegro Alegre,BA,Soro Fisiológico Johnson's Tamanho M (40 un),Primeiros Socorros,244.32,2026-04-28,Tuesday  ,28,4,2,2026
120.98,2,878,04:17:43.082892,Theo Cavalcanti,Trevo de Vieira,Garças,Montenegro Alegre,BA,Lenço Umedecido CeraVe 400ml,Cuidados com o Cabelo,60.49,2024-11-18,Monday   ,18,11,4,2024
622.08,4,1898,22:57:58.94533,Ana Vitória Gomes,Campo de Araújo,Saudade,Ferreira,AM,Sinvastatina 1g - 10 Comprimidos - Aché,Produtos Ortopédicos,155.52,2024-10-21,Monday   ,21,10,4,2024
901.56,4,666,13:40:15.469172,Ana Vitória Gomes,Campo de Araújo,Saudade,Ferreira,AM,Soro Fisiológico Dove 150ml,Antidepressivos,225.39,2026-01-16,Friday   ,16,1,1,2026
483.06000000000006,3,2611,16:35:32.007314,José Vieira,Jardim Caio Araújo,Engenho Nogueira,Correia Grande,MA,Escitalopram Gotas 20ml - Eurofarma,Antibióticos,161.02,2025-01-10,Friday   ,10,1,1,2025
716.91,3,1430,15:40:01.658821,José Vieira,Jardim Caio Araújo,Engenho Nogueira,Correia Grande,MA,Nimesulida 25mg - 30 Comprimidos - Aché,Dermocosméticos,238.97,2024-12-29,Sunday   ,29,12,4,2024
953.8,5,2284,12:53:37.830862,José Vieira,Jardim Caio Araújo,Engenho Nogueira,Correia Grande,MA,Vacina contra Melanoma - Reforço,Antialérgicos,190.76,2025-08-25,Monday   ,25,8,3,2025
104.04,1,1858,04:24:44.863417,José Vieira,Jardim Caio Araújo,Engenho Nogueira,Correia Grande,MA,Vacina contra Gripe - Dose Única,Dermocosméticos,104.04,2025-12-25,Thursday ,25,12,4,2025
230.27,1,2939,16:02:08.511072,Nicole Gomes,Favela de Vasconcelos,Mantiqueira,Pires,AM,Vacina contra Alzheimer - Reforço,Nutrição Infantil,230.27,2025-12-27,Saturday ,27,12,4,2025
662.55,3,2409,15:00:59.616437,Nicole Gomes,Favela de Vasconcelos,Mantiqueira,Pires,AM,Água Micelar La Roche-Posay Tamanho M (40 un),Vitaminas e Suplementos,220.85,2026-03-16,Monday   ,16,3,1,2026
152.73,3,285,16:19:46.228425,Luan Barros,Praça de Moreira,Vila Madre Gertrudes 3ª Seção,Alves,BA,Nimesulida Xarope 120ml - Medley (Genérico),Antidepressivos,50.91,2026-04-06,Monday   ,6,4,2,2026
461.08,4,2336,05:34:56.628187,Aurora Leão,Rua de Pastor,Vila Das Oliveiras,Moura,SP,Escitalopram 50mg - 30 Comprimidos - Eurofarma,Cuidados com o Cabelo,115.27,2026-01-04,Sunday   ,4,1,1,2026
246.26,2,561,02:45:33.350795,Aurora Leão,Rua de Pastor,Vila Das Oliveiras,Moura,SP,Vacina contra Embolia - Dose Única,Antibióticos,123.13,2025-09-24,Wednesday,24,9,3,2025
449.18,2,113,18:13:34.36723,Aurora Leão,Rua de Pastor,Vila Das Oliveiras,Moura,SP,Vacina contra Desnutrição - Dose Única,Homeopatia,224.59,2025-11-03,Monday   ,3,11,4,2025
273.04,4,2215,15:39:09.566735,Aurora Leão,Rua de Pastor,Vila Das Oliveiras,Moura,SP,Vacina contra Úlcera - Dose Única,Fraldas e Infantis,68.26,2026-04-05,Sunday   ,5,4,2,2026
173.48,1,2888,09:03:01.763032,Aurora Leão,Rua de Pastor,Vila Das Oliveiras,Moura,SP,Fralda Descartável Clear FPS 50,Antibióticos,173.48,2025-07-28,Monday   ,28,7,3,2025
710.76,4,2371,15:33:34.676566,Cecília Campos,Estação de Dias,União,das Neves,MT,Diclofenaco Xarope 120ml - Medley (Genérico),Primeiros Socorros,177.69,2026-05-29,Friday   ,29,5,2,2026
383.38,2,2535,20:49:08.069081,Nina Peixoto,Fazenda Maria Cecília Mendonça,Colégio Batista,Martins,PA,Creme Dental Panvel 90g,Antitérmicos,191.69,2025-05-29,Thursday ,29,5,2,2025
487.76,4,297,23:14:30.026858,Liz Moraes,Vale Yago Andrade,Vila Mangueiras,Nunes,SP,Sinvastatina Pomada 30g - EMS (Genérico),Cuidados com o Cabelo,121.94,2025-08-28,Thursday ,28,8,3,2025
1011.35,5,2267,22:21:14.622307,Liz Moraes,Vale Yago Andrade,Vila Mangueiras,Nunes,SP,Pantoprazol 1g - 10 Comprimidos - Bayer,Cuidados com o Cabelo,202.27,2026-05-29,Friday   ,29,5,2,2026
12.56,2,2604,05:37:50.078943,Liz Moraes,Vale Yago Andrade,Vila Mangueiras,Nunes,SP,Sinvastatina 1g - 10 Comprimidos - Eurofarma,Antidepressivos,6.28,2025-06-03,Tuesday  ,3,6,2,2025
44.14,2,2025,06:20:33.847779,Liz Moraes,Vale Yago Andrade,Vila Mangueiras,Nunes,SP,Azitromicina 500mg - 20 Comprimidos - Neo Química (Genérico),Antitérmicos,22.07,2025-07-26,Saturday ,26,7,3,2025
934.9,5,960,10:38:06.000344,Nicolas Ribeiro,Trevo Duarte,Conjunto Novo Dom Bosco,Albuquerque de Brito,GO,Enalapril Gotas 20ml - EMS (Genérico),Homeopatia,186.98,2025-02-19,Wednesday,19,2,1,2025
707.75,5,2702,00:13:28.078831,Nicolas Ribeiro,Trevo Duarte,Conjunto Novo Dom Bosco,Albuquerque de Brito,GO,Amoxicilina Pomada 30g - Bayer,Vitaminas e Suplementos,141.55,2025-07-28,Monday   ,28,7,3,2025
245.22,1,1130,01:09:58.276926,Nicolas Ribeiro,Trevo Duarte,Conjunto Novo Dom Bosco,Albuquerque de Brito,GO,Sertralina 50mg - 30 Comprimidos - Bayer,Antibióticos,245.22,2026-03-06,Friday   ,6,3,1,2026
145.63,1,1658,15:46:05.125685,Sophia Santos,Condomínio de da Rosa,Barão Homem De Melo 3ª Seção,Barros de Sousa,RS,Losartana Potássica 50mg - 30 Comprimidos - Medley (Genérico),Antialérgicos,145.63,2024-12-28,Saturday ,28,12,4,2024
1169.55,5,452,00:47:30.563395,Sophia Santos,Condomínio de da Rosa,Barão Homem De Melo 3ª Seção,Barros de Sousa,RS,Pantoprazol Pomada 30g - Medley (Genérico),Dermocosméticos,233.91,2025-05-23,Friday   ,23,5,2,2025
1034.2,5,462,13:19:31.90048,Sophia Santos,Condomínio de da Rosa,Barão Homem De Melo 3ª Seção,Barros de Sousa,RS,Paracetamol 25mg - 30 Comprimidos - Aché,Antibióticos,206.84,2025-01-26,Sunday   ,26,1,1,2025
196.84,4,2220,11:56:38.76013,Sophia Santos,Condomínio de da Rosa,Barão Homem De Melo 3ª Seção,Barros de Sousa,RS,Vacina contra Câncer de Próstata - Reforço,Nutrição Infantil,49.21,2025-11-08,Saturday ,8,11,4,2025
204.2,1,1984,18:48:31.536063,Sophia Santos,Condomínio de da Rosa,Barão Homem De Melo 3ª Seção,Barros de Sousa,RS,Condicionador Hidratação Nivea 90g,Anti-inflamatórios,204.2,2025-11-24,Monday   ,24,11,4,2025
707.75,5,1237,01:06:58.771124,Bryan Cavalcanti,Sítio Carvalho,Marilandia,Macedo de Costa,RJ,Amoxicilina Pomada 30g - Bayer,Vitaminas e Suplementos,141.55,2025-11-07,Friday   ,7,11,4,2025
117.32,4,1412,19:10:10.021445,Bryan Cavalcanti,Sítio Carvalho,Marilandia,Macedo de Costa,RJ,Condicionador Hidratação Huggies 400ml,Antialérgicos,29.33,2025-04-02,Wednesday,2,4,2,2025
66.55,1,2545,20:48:12.943271,Bianca Andrade,Favela Moraes,Universitário,Gonçalves do Sul,RO,Ibuprofeno 1g - 10 Comprimidos - Bayer,Anti-inflamatórios,66.55,2026-05-24,Sunday   ,24,5,2,2026
288.93,3,1438,16:23:58.762686,Bianca Andrade,Favela Moraes,Universitário,Gonçalves do Sul,RO,Azitromicina 25mg - 30 Comprimidos - Neo Química (Genérico),Higiene Pessoal,96.31,2024-12-02,Monday   ,2,12,4,2024
643.71,3,1418,08:42:13.47596,Bianca Andrade,Favela Moraes,Universitário,Gonçalves do Sul,RO,Escitalopram 25mg - 30 Comprimidos - Neo Química (Genérico),Fraldas e Infantis,214.57,2026-03-19,Thursday ,19,3,1,2026
710.4300000000001,3,2230,19:29:35.272204,Bianca Andrade,Favela Moraes,Universitário,Gonçalves do Sul,RO,Atenolol Xarope 120ml - EMS (Genérico),Analgésicos,236.81,2025-09-12,Friday   ,12,9,3,2025
873.85,5,172,07:08:36.870384,Melissa Costa,Vale de Carvalho,Parque São Pedro,Farias da Prata,RN,Losartana Potássica Suspensão Oral 50ml - Aché,Vitaminas e Suplementos,174.77,2025-10-18,Saturday ,18,10,4,2025
68.31,3,1513,06:49:25.786473,Melissa Costa,Vale de Carvalho,Parque São Pedro,Farias da Prata,RN,Omeprazol 500mg - 20 Comprimidos - Eurofarma,Produtos Ortopédicos,22.77,2026-05-02,Saturday ,2,5,2,2026
110.25,3,2694,00:04:51.452274,Sra. Heloísa Gomes,Chácara Liam Moraes,Vila São Francisco,da Mota do Campo,CE,Tadalafila Pomada 30g - Aché,Vitaminas e Suplementos,36.75,2025-03-29,Saturday ,29,3,1,2025
113.08,4,309,11:54:00.460928,Natália Fonseca,Lagoa da Mota,Ribeiro De Abreu,da Paz das Flores,PR,Soro Fisiológico Bepantol Tamanho M (40 un),Analgésicos,28.27,2025-02-12,Wednesday,12,2,1,2025
44.14,2,2022,13:48:04.881907,Enrico Sales,Área Lorena Nogueira,São Gabriel,Sá,RR,Azitromicina 500mg - 20 Comprimidos - Neo Química (Genérico),Antitérmicos,22.07,2025-11-15,Saturday ,15,11,4,2025
367.16,2,1301,21:20:01.069946,Enrico Sales,Área Lorena Nogueira,São Gabriel,Sá,RR,Protetor Solar Corporal Rexona 150ml,Antibióticos,183.58,2024-10-10,Thursday ,10,10,4,2024
676.48,4,509,13:24:10.955788,Enrico Sales,Área Lorena Nogueira,São Gabriel,Sá,RR,Vacina contra Diabetes Tipo 1 - Reforço,Analgésicos,169.12,2026-04-01,Wednesday,1,4,2,2026
100.56,2,524,11:48:22.021734,Anthony Melo,Via Benjamim Cassiano,Vila Havaí,Siqueira do Campo,GO,Metformina Gotas 20ml - Bayer,Saúde Bucal,50.28,2026-09-11,Friday   ,11,9,3,2026
24.83,1,1621,18:16:45.08462,Anthony Melo,Via Benjamim Cassiano,Vila Havaí,Siqueira do Campo,GO,Creme Dental Colgate 150ml,Vacinas,24.83,2025-08-25,Monday   ,25,8,3,2025
33.56,1,760,22:17:50.094109,Anthony Melo,Via Benjamim Cassiano,Vila Havaí,Siqueira do Campo,GO,Desodorante Roll-on Colgate 90g,Higiene Pessoal,33.56,2025-08-26,Tuesday  ,26,8,3,2025
976.96,4,1000,16:44:45.861708,Henry Gabriel Vieira,Largo Thiago Ramos,Vila Antena,Cardoso,RO,Sinvastatina Gotas 20ml - Medley (Genérico),Dermocosméticos,244.24,2026-04-16,Thursday ,16,4,2,2026
444.24,4,1853,10:57:34.495236,Henry Gabriel Vieira,Largo Thiago Ramos,Vila Antena,Cardoso,RO,Azitromicina Gotas 20ml - Eurofarma,Anti-inflamatórios,111.06,2024-12-14,Saturday ,14,12,4,2024
187.76,4,1772,12:37:24.590426,Henry Gabriel Vieira,Largo Thiago Ramos,Vila Antena,Cardoso,RO,Dipirona Sódica 50mg - 30 Comprimidos - EMS (Genérico),Saúde Bucal,46.94,2024-10-08,Tuesday  ,8,10,4,2024
314.52,2,2242,23:42:35.594384,Henry Gabriel Vieira,Largo Thiago Ramos,Vila Antena,Cardoso,RO,Atenolol 50mg - 30 Comprimidos - Medley (Genérico),Anti-inflamatórios,157.26,2026-06-04,Thursday ,4,6,2,2026
513.1,5,2865,19:25:02.038269,Henry Gabriel Vieira,Largo Thiago Ramos,Vila Antena,Cardoso,RO,Vacina contra Alzheimer - Dose Única,Antialérgicos,102.62,2024-10-18,Friday   ,18,10,4,2024
191.25,3,770,07:54:53.739799,Felipe Pinto,Sítio Correia,Vila Nova Paraíso,Martins,PA,Loratadina Xarope 120ml - Bayer,Cuidados com o Cabelo,63.75,2025-01-01,Wednesday,1,1,1,2025
529.14,3,1092,06:30:28.098274,Felipe Pinto,Sítio Correia,Vila Nova Paraíso,Martins,PA,Shampoo Anticaspa Clear 90g,Antitérmicos,176.38,2025-10-31,Friday   ,31,10,4,2025
234.78,1,145,04:56:57.891096,Felipe Pinto,Sítio Correia,Vila Nova Paraíso,Martins,PA,Sabonete em Barra G-Tech 90g,Antibióticos,234.78,2024-12-02,Monday   ,2,12,4,2024
163.62,3,497,02:04:37.292447,Felipe Pinto,Sítio Correia,Vila Nova Paraíso,Martins,PA,Protetor Solar Facial Nivea 50 Metros,Aparelhos Médicos,54.54,2026-08-09,Sunday   ,9,8,3,2026
519.8100000000001,3,882,07:48:17.021234,Mariah Cardoso,Distrito Kevin Guerra,Itapoa,Lopes dos Dourados,PB,Escitalopram 500mg - 20 Comprimidos - Medley (Genérico),Fitoterápicos,173.27,2025-05-31,Saturday ,31,5,2,2025
967.92,4,2969,10:35:23.070285,Mariah Cardoso,Distrito Kevin Guerra,Itapoa,Lopes dos Dourados,PB,Escitalopram Suspensão Oral 50ml - Eurofarma,Vitaminas e Suplementos,241.98,2026-05-04,Monday   ,4,5,2,2026
672.3,3,1633,13:04:32.396548,Mariah Cardoso,Distrito Kevin Guerra,Itapoa,Lopes dos Dourados,PB,Água Micelar Needs FPS 50,Genéricos,224.1,2025-01-24,Friday   ,24,1,1,2025
122.16,2,2738,00:27:34.637331,Mariah Cardoso,Distrito Kevin Guerra,Itapoa,Lopes dos Dourados,PB,Condicionador Hidratação Nivea 50g,Fraldas e Infantis,61.08,2025-10-22,Wednesday,22,10,4,2025
50.8,2,1723,08:58:03.908553,Mariah Cardoso,Distrito Kevin Guerra,Itapoa,Lopes dos Dourados,PB,Curativos (Band-Aid) Vichy FPS 70,Fraldas e Infantis,25.4,2025-09-14,Sunday   ,14,9,3,2025
27.32,1,842,09:00:42.627982,Mariah Cardoso,Distrito Kevin Guerra,Itapoa,Lopes dos Dourados,PB,Sabonete Líquido Vichy 500ml,Antitérmicos,27.32,2025-06-23,Monday   ,23,6,2,2025
54.54,1,811,07:59:00.376281,Mariah Cardoso,Distrito Kevin Guerra,Itapoa,Lopes dos Dourados,PB,Protetor Solar Facial Nivea 50 Metros,Aparelhos Médicos,54.54,2025-06-08,Sunday   ,8,6,2,2025
67.56,2,2385,15:06:27.227411,João Miguel da Mata,Largo Davi Luiz Silva,Boa União 2ª Seção,Marques Alegre,AL,Losartana Potássica Suspensão Oral 50ml - Medley (Genérico),Cuidados com o Cabelo,33.78,2025-01-14,Tuesday  ,14,1,1,2025
57.3,1,1789,14:20:45.703337,João Miguel da Mata,Largo Davi Luiz Silva,Boa União 2ª Seção,Marques Alegre,AL,Pantoprazol Gotas 20ml - Eurofarma,Primeiros Socorros,57.3,2026-08-02,Sunday   ,2,8,3,2026
219.3,1,2592,14:02:22.629067,João Miguel da Mata,Largo Davi Luiz Silva,Boa União 2ª Seção,Marques Alegre,AL,Clonazepam Gotas 20ml - Eurofarma,Antialérgicos,219.3,2025-11-25,Tuesday  ,25,11,4,2025
454.94,2,754,22:11:59.498455,João Miguel da Mata,Largo Davi Luiz Silva,Boa União 2ª Seção,Marques Alegre,AL,Absorvente com Abas Rexona FPS 70,Fitoterápicos,227.47,2026-06-27,Saturday ,27,6,2,2026
52.28,1,1273,06:57:18.189691,Nathan Aparecida,Fazenda Alícia Abreu,Fazendinha,Fogaça,BA,Atenolol 50mg - 30 Comprimidos - Eurofarma,Higiene Pessoal,52.28,2025-04-16,Wednesday,16,4,2,2025
169.88,2,1287,04:12:58.016248,Nathan Aparecida,Fazenda Alícia Abreu,Fazendinha,Fogaça,BA,Enalapril 500mg - 20 Comprimidos - Bayer,Nutrição Infantil,84.94,2024-09-28,Saturday ,28,9,3,2024
929.75,5,2192,12:07:40.798141,Nathan Aparecida,Fazenda Alícia Abreu,Fazendinha,Fogaça,BA,Soro Fisiológico Panvel 200ml,Dermocosméticos,185.95,2026-07-30,Thursday ,30,7,3,2026
488.48,2,1336,22:18:04.006859,Sr. Gael Carvalho,Parque Anthony Gabriel da Cruz,Pousada Santo Antonio,Gonçalves,MT,Sinvastatina Gotas 20ml - Medley (Genérico),Dermocosméticos,244.24,2026-02-15,Sunday   ,15,2,1,2026
133.1,2,1392,23:17:45.436664,Dra. Isabel Cavalcanti,Feira de Vargas,Bela Vitoria,Souza,ES,Ibuprofeno 1g - 10 Comprimidos - Bayer,Anti-inflamatórios,66.55,2025-07-29,Tuesday  ,29,7,3,2025
121.94,1,611,03:32:45.834293,Dra. Isabel Cavalcanti,Feira de Vargas,Bela Vitoria,Souza,ES,Sinvastatina Pomada 30g - EMS (Genérico),Cuidados com o Cabelo,121.94,2025-05-22,Thursday ,22,5,2,2025
268.94,2,1182,01:05:13.206792,Dra. Isabel Cavalcanti,Feira de Vargas,Bela Vitoria,Souza,ES,Nimesulida 50mg - 30 Comprimidos - EMS (Genérico),Anti-inflamatórios,134.47,2025-11-24,Monday   ,24,11,4,2025
49.25,1,2457,02:27:35.404356,Dra. Isabel Cavalcanti,Feira de Vargas,Bela Vitoria,Souza,ES,Hastes Flexíveis (Cotonetes) Pampers 500ml,Nutrição Infantil,49.25,2025-06-10,Tuesday  ,10,6,2,2025
290.85,5,164,09:25:25.87734,Dra. Isabel Cavalcanti,Feira de Vargas,Bela Vitoria,Souza,ES,Protetor Solar Corporal Bepantol 50 Metros,Vitaminas e Suplementos,58.17,2025-10-17,Friday   ,17,10,4,2025
36.76,4,822,14:21:53.349288,Ravi Lucca Cunha,Estação da Cruz,Mangueiras,Rios,ES,Pantoprazol Gotas 20ml - Medley (Genérico),Fitoterápicos,9.19,2026-03-12,Thursday ,12,3,1,2026
465.25,5,2082,10:31:42.616755,Sr. Vitor Hugo Costa,Ladeira de Garcia,Vila Santa Monica 1ª Seção,Carvalho,DF,Escitalopram Gotas 20ml - EMS (Genérico),Antialérgicos,93.05,2026-01-04,Sunday   ,4,1,1,2026
244,2,1417,02:51:31.514829,Sr. Vitor Hugo Costa,Ladeira de Garcia,Vila Santa Monica 1ª Seção,Carvalho,DF,Vacina contra Gripe - Reforço,Antidepressivos,122,2025-05-17,Saturday ,17,5,2,2025
202.23,1,228,07:37:37.532714,Sr. Vitor Hugo Costa,Ladeira de Garcia,Vila Santa Monica 1ª Seção,Carvalho,DF,Vacina contra Bipolaridade - Dose Única,Nutrição Infantil,202.23,2025-04-02,Wednesday,2,4,2,2025
124.64,1,1635,15:26:54.750268,Dr. Brayan Barros,Conjunto Carvalho,Vila Mantiqueira,Monteiro,AP,Escitalopram 25mg - 30 Comprimidos - Aché,Anti-inflamatórios,124.64,2026-03-21,Saturday ,21,3,1,2026
64.2,1,2932,15:25:55.162789,Dr. Brayan Barros,Conjunto Carvalho,Vila Mantiqueira,Monteiro,AP,Condicionador Hidratação Johnson's FPS 50,Aparelhos Médicos,64.2,2025-04-30,Wednesday,30,4,2,2025
514.88,4,813,06:13:02.681583,Dr. Brayan Barros,Conjunto Carvalho,Vila Mantiqueira,Monteiro,AP,Álcool em Gel 70% La Roche-Posay 50g,Antibióticos,128.72,2025-05-22,Thursday ,22,5,2,2025
740.1999999999999,5,1467,23:55:45.859746,Gabrielly da Rosa,Travessa de da Mata,Taquaril,Sampaio das Flores,CE,Vacina contra Lúpus - Dose Única,Antibióticos,148.04,2025-06-08,Sunday   ,8,6,2,2025
74.4,5,557,17:28:19.80703,Juan Mendonça,Loteamento Valentina Andrade,Gutierrez,Nogueira,PA,Clonazepam Suspensão Oral 50ml - EMS (Genérico),Saúde Bucal,14.88,2026-01-14,Wednesday,14,1,1,2026
622.2,3,322,13:43:36.558986,Juan Mendonça,Loteamento Valentina Andrade,Gutierrez,Nogueira,PA,Nimesulida 25mg - 30 Comprimidos - Neo Química (Genérico),Higiene Pessoal,207.4,2026-02-20,Friday   ,20,2,1,2026
449.18,2,1016,05:29:50.828011,Juan Mendonça,Loteamento Valentina Andrade,Gutierrez,Nogueira,PA,Vacina contra Desnutrição - Dose Única,Homeopatia,224.59,2025-03-14,Friday   ,14,3,1,2025
606.6899999999999,3,2228,19:07:08.409431,Juan Mendonça,Loteamento Valentina Andrade,Gutierrez,Nogueira,PA,Vacina contra Bipolaridade - Dose Única,Nutrição Infantil,202.23,2024-09-18,Wednesday,18,9,3,2024
124.99,1,2752,03:50:00.379882,Juan Mendonça,Loteamento Valentina Andrade,Gutierrez,Nogueira,PA,Sérum Vitamina C Panvel FPS 70,Higiene Pessoal,124.99,2026-01-21,Wednesday,21,1,1,2026
199.66,2,1233,23:17:42.552054,João Lucas Souza,Largo Moura,Cônego Pinheiro 2ª Seção,da Cruz da Mata,PB,Sildenafila 1g - 10 Comprimidos - Eurofarma,Antidepressivos,99.83,2024-12-01,Sunday   ,1,12,4,2024
701.73,3,2407,23:42:50.831956,João Lucas Souza,Largo Moura,Cônego Pinheiro 2ª Seção,da Cruz da Mata,PB,Pantoprazol Pomada 30g - Medley (Genérico),Dermocosméticos,233.91,2025-11-10,Monday   ,10,11,4,2025
900.2,4,2642,14:37:37.827355,João Lucas Souza,Largo Moura,Cônego Pinheiro 2ª Seção,da Cruz da Mata,PB,Vacina contra Diabetes Tipo 2 - Reforço,Primeiros Socorros,225.05,2025-12-28,Sunday   ,28,12,4,2025
551.79,3,1173,02:12:30.364966,João Lucas Souza,Largo Moura,Cônego Pinheiro 2ª Seção,da Cruz da Mata,PB,Condicionador Hidratação Bepantol 90g,Produtos Ortopédicos,183.93,2025-09-19,Friday   ,19,9,3,2025
696.42,3,135,15:49:22.961524,João Lucas Souza,Largo Moura,Cônego Pinheiro 2ª Seção,da Cruz da Mata,PB,Creme Hidratante G-Tech 400ml,Primeiros Socorros,232.14,2025-05-08,Thursday ,8,5,2,2025
566.04,4,104,22:10:45.389469,Sra. Maria Vitória Nunes,Aeroporto Theodoro da Rosa,Jonas Veiga,da Mata dos Dourados,PR,Clonazepam Pomada 30g - Medley (Genérico),Homeopatia,141.51,2025-01-17,Friday   ,17,1,1,2025
548.04,4,1032,08:50:59.617013,Lara Vargas,Sítio Casa Grande,Vila Santo Antônio,Araújo,MS,Metformina Xarope 120ml - Bayer,Aparelhos Médicos,137.01,2025-09-14,Sunday   ,14,9,3,2025
571.83,3,2657,12:41:50.318113,Lara Vargas,Sítio Casa Grande,Vila Santo Antônio,Araújo,MS,Fluoxetina 25mg - 30 Comprimidos - Eurofarma,Fitoterápicos,190.61,2025-11-09,Sunday   ,9,11,4,2025
1141.3,5,416,04:24:55.558703,Lara Vargas,Sítio Casa Grande,Vila Santo Antônio,Araújo,MS,Curativos (Band-Aid) Pampers 400ml,Aparelhos Médicos,228.26,2024-12-16,Monday   ,16,12,4,2024
88.02,2,2157,12:47:15.745084,Alexia Cavalcanti,Vila de Duarte,Santa Amelia,Castro de Jesus,GO,Sertralina Gotas 20ml - Aché,Dermocosméticos,44.01,2025-01-01,Wednesday,1,1,1,2025
41.099999999999994,3,533,18:39:05.025161,Alexia Cavalcanti,Vila de Duarte,Santa Amelia,Castro de Jesus,GO,Ibuprofeno 50mg - 30 Comprimidos - Eurofarma,Antitérmicos,13.7,2026-08-09,Sunday   ,9,8,3,2026
122.18,1,2310,21:33:53.302476,Alexia Cavalcanti,Vila de Duarte,Santa Amelia,Castro de Jesus,GO,Escitalopram Gotas 20ml - Neo Química (Genérico),Vitaminas e Suplementos,122.18,2025-06-08,Sunday   ,8,6,2,2025
525.0500000000001,5,1011,13:34:14.659728,Alexia Cavalcanti,Vila de Duarte,Santa Amelia,Castro de Jesus,GO,Lenço Umedecido Huggies Tamanho G (32 un),Dermocosméticos,105.01,2024-09-26,Thursday ,26,9,3,2024
965.15,5,196,01:41:34.599828,Ravi Martins,Fazenda de Costela,Acaiaca,Aragão de Goiás,GO,Nimesulida Gotas 20ml - Bayer,Genéricos,193.03,2026-02-19,Thursday ,19,2,1,2026
926.56,4,1389,11:57:29.865815,Ravi Martins,Fazenda de Costela,Acaiaca,Aragão de Goiás,GO,Diclofenaco 1g - 10 Comprimidos - Eurofarma,Anti-inflamatórios,231.64,2025-06-26,Thursday ,26,6,2,2025
577.1,5,252,09:40:33.845822,Ravi Martins,Fazenda de Costela,Acaiaca,Aragão de Goiás,GO,Creme Dental Sempre Livre FPS 50,Analgésicos,115.42,2026-05-13,Wednesday,13,5,2,2026
55.82,1,1381,17:27:59.886004,Mateus Aparecida,Colônia Pacheco,Pompéia,Ferreira do Amparo,AC,Nimesulida Pomada 30g - Bayer,Antibióticos,55.82,2026-08-28,Friday   ,28,8,3,2026
687.24,4,877,04:34:22.915617,Mateus Aparecida,Colônia Pacheco,Pompéia,Ferreira do Amparo,AC,Enxaguante Bucal Sempre Livre 400ml,Genéricos,171.81,2026-07-23,Thursday ,23,7,3,2026
33.17,1,2102,19:24:19.807213,Mathias Guerra,Fazenda Kevin Sá,Aguas Claras,Sousa,PE,Paracetamol Pomada 30g - Bayer,Anti-inflamatórios,33.17,2024-10-03,Thursday ,3,10,4,2024
694.92,3,115,14:49:06.209392,Mathias Guerra,Fazenda Kevin Sá,Aguas Claras,Sousa,PE,Diclofenaco 1g - 10 Comprimidos - Eurofarma,Anti-inflamatórios,231.64,2025-10-16,Thursday ,16,10,4,2025
209.92,2,2821,01:04:48.07056,Mathias Guerra,Fazenda Kevin Sá,Aguas Claras,Sousa,PE,Desodorante Aerosol Nivea 200ml,Primeiros Socorros,104.96,2024-12-28,Saturday ,28,12,4,2024
59.15,5,2465,11:49:32.114219,Otto Moreira,Ladeira de Vieira,Novo Tupi,Peixoto de Machado,RN,Protetor Solar Corporal CeraVe Tamanho G (32 un),Aparelhos Médicos,11.83,2025-01-23,Thursday ,23,1,1,2025
110.93,1,2123,17:39:41.581435,João Nogueira,Residencial de Leão,Vila Satélite,da Mota do Campo,CE,Dipirona Sódica 25mg - 30 Comprimidos - EMS (Genérico),Genéricos,110.93,2026-07-04,Saturday ,4,7,3,2026
457.48,2,1445,06:44:09.410228,Juan Ramos,Chácara Viana,Universo,Barros Grande,RJ,Escitalopram Pomada 30g - Eurofarma,Anti-inflamatórios,228.74,2025-03-15,Saturday ,15,3,1,2025
92.96,4,1745,02:54:05.457064,Juan Ramos,Chácara Viana,Universo,Barros Grande,RJ,Diclofenaco Suspensão Oral 50ml - Eurofarma,Higiene Pessoal,23.24,2025-12-24,Wednesday,24,12,4,2025
742.68,4,1054,06:30:17.026267,Srta. Marina Sá,Pátio de Cassiano,Marieta 3ª Seção,Silveira,BA,Termômetro Digital Needs Tamanho M (40 un),Vitaminas e Suplementos,185.67,2025-08-18,Monday   ,18,8,3,2025
218.7,1,43,13:17:42.479566,Isabel Martins,Loteamento Lopes,Santa Margarida,Barbosa,AP,Vacina contra Infecção Urinária - Dose Única,Vitaminas e Suplementos,218.7,2024-11-21,Thursday ,21,11,4,2024
821.08,4,486,06:49:01.384153,Isabel Martins,Loteamento Lopes,Santa Margarida,Barbosa,AP,Vacina contra Epilepsia - Reforço,Antitérmicos,205.27,2025-03-28,Friday   ,28,3,1,2025
51.72,2,2414,10:06:32.242912,Luara Sampaio,Trevo Marina Montenegro,Itapoa,da Rosa,MS,Cefalexina 25mg - 30 Comprimidos - Eurofarma,Primeiros Socorros,25.86,2026-01-06,Tuesday  ,6,1,1,2026
102.86,1,1022,11:21:18.008527,Luara Sampaio,Trevo Marina Montenegro,Itapoa,da Rosa,MS,Soro Fisiológico Rexona Tamanho G (32 un),Anti-inflamatórios,102.86,2026-08-27,Thursday ,27,8,3,2026
114.9,1,2028,17:29:56.890044,Luara Sampaio,Trevo Marina Montenegro,Itapoa,da Rosa,MS,Creme Hidratante Listerine 90g,Homeopatia,114.9,2026-08-06,Thursday ,6,8,3,2026
541.5,3,485,12:36:23.776852,José Pedro da Rosa,Rodovia Anthony Gabriel Ramos,Alta Tensão 1ª Seção,Sousa,CE,Enalapril 50mg - 30 Comprimidos - Eurofarma,Analgésicos,180.5,2026-05-15,Friday   ,15,5,2,2026
136,5,2260,12:32:27.589537,José Pedro da Rosa,Rodovia Anthony Gabriel Ramos,Alta Tensão 1ª Seção,Sousa,CE,Condicionador Hidratação Rexona 90g,Vitaminas e Suplementos,27.2,2025-08-28,Thursday ,28,8,3,2025
672.35,5,2908,22:05:55.912593,Gabriela Montenegro,Rua Sophie da Rocha,Lagoa,Alves,BA,Nimesulida 50mg - 30 Comprimidos - EMS (Genérico),Anti-inflamatórios,134.47,2026-05-24,Sunday   ,24,5,2,2026
35.11,1,901,21:39:39.433509,Sra. Olivia Garcia,Quadra de Brito,Vila Santo Antônio Barroquinha,Siqueira do Amparo,BA,Omeprazol 50mg - 30 Comprimidos - EMS (Genérico),Fitoterápicos,35.11,2026-09-05,Saturday ,5,9,3,2026
259.94,2,626,19:47:12.796675,Gael Pastor,Parque da Cruz,Flavio De Oliveira,Oliveira Verde,CE,Losartana Potássica Pomada 30g - Medley (Genérico),Antialérgicos,129.97,2025-04-17,Thursday ,17,4,2,2025
267.06,3,1251,17:58:25.064346,Gael Pastor,Parque da Cruz,Flavio De Oliveira,Oliveira Verde,CE,Lenço Umedecido Aptamil FPS 50,Dermocosméticos,89.02,2025-11-05,Wednesday,5,11,4,2025
643.08,4,1892,15:03:24.533484,Gael Pastor,Parque da Cruz,Flavio De Oliveira,Oliveira Verde,CE,Vacina contra Hepatite A - Dose Única,Analgésicos,160.77,2025-05-01,Thursday ,1,5,2,2025
71.44999999999999,5,652,17:44:08.240471,Vitor Hugo Azevedo,Recanto Agatha Freitas,Custodinha,Rocha das Pedras,AP,Enalapril Pomada 30g - Eurofarma,Anti-inflamatórios,14.29,2026-01-06,Tuesday  ,6,1,1,2026
240.58,1,1254,03:47:50.616792,Vitor Hugo Azevedo,Recanto Agatha Freitas,Custodinha,Rocha das Pedras,AP,Vacina contra Asma - Dose Única,Higiene Pessoal,240.58,2025-04-13,Sunday   ,13,4,2,2025
786.0500000000001,5,1623,19:01:49.926245,Vitor Hugo Azevedo,Recanto Agatha Freitas,Custodinha,Rocha das Pedras,AP,Vacina contra Psoríase - Dose Única,Higiene Pessoal,157.21,2025-01-29,Wednesday,29,1,1,2025
1072.95,5,274,22:57:51.065463,Vitor Hugo Azevedo,Recanto Agatha Freitas,Custodinha,Rocha das Pedras,AP,Protetor Solar Corporal Needs 90g,Produtos Ortopédicos,214.59,2024-10-22,Tuesday  ,22,10,4,2024
1128,5,2245,01:28:16.32674,Anthony Gabriel Camargo,Conjunto de Aparecida,Palmeiras,Silva de Minas,MA,Diclofenaco Xarope 120ml - Neo Química (Genérico),Primeiros Socorros,225.6,2026-01-20,Tuesday  ,20,1,1,2026
19.38,1,823,11:06:53.490068,Valentim Siqueira,Fazenda Freitas,Zilah Sposito,Pastor,MG,Amoxicilina Suspensão Oral 50ml - Medley (Genérico),Saúde Bucal,19.38,2026-06-03,Wednesday,3,6,2,2026
200.92,2,2957,18:19:31.576884,Valentim Siqueira,Fazenda Freitas,Zilah Sposito,Pastor,MG,Pantoprazol 500mg - 20 Comprimidos - Medley (Genérico),Antialérgicos,100.46,2024-10-10,Thursday ,10,10,4,2024
972.45,5,2897,13:58:32.460104,Valentim Siqueira,Fazenda Freitas,Zilah Sposito,Pastor,MG,Hastes Flexíveis (Cotonetes) Listerine 200ml,Homeopatia,194.49,2025-09-29,Monday   ,29,9,3,2025
657.5999999999999,3,1406,01:51:27.709439,Dr. Enzo Gabriel Mendes,Residencial de Pinto,Ipiranga,Peixoto das Flores,RJ,Cefalexina 500mg - 20 Comprimidos - Bayer,Antialérgicos,219.2,2026-01-08,Thursday ,8,1,1,2026
261.28,2,2437,05:13:53.398974,Maitê Oliveira,Ladeira da Mata,Inconfidência,Fogaça,BA,Cefalexina Gotas 20ml - EMS (Genérico),Vitaminas e Suplementos,130.64,2025-11-28,Friday   ,28,11,4,2025
318.75,5,2014,01:16:07.348796,Maitê Oliveira,Ladeira da Mata,Inconfidência,Fogaça,BA,Loratadina Xarope 120ml - Bayer,Cuidados com o Cabelo,63.75,2026-04-27,Monday   ,27,4,2,2026
1061.85,5,2213,05:00:34.87248,Maitê Oliveira,Ladeira da Mata,Inconfidência,Fogaça,BA,Fio Dental Listerine 200ml,Saúde Bucal,212.37,2024-09-15,Sunday   ,15,9,3,2024
852.8499999999999,5,1455,12:58:43.615704,Joana da Rosa,Núcleo Fernandes,Nossa Senhora Da Aparecida,Pimenta,ES,Amoxicilina Suspensão Oral 50ml - Eurofarma,Vacinas,170.57,2025-05-19,Monday   ,19,5,2,2025
489.15,5,166,07:58:32.944755,Dr. Gael Marques,Conjunto Julia Ferreira,Silveira,Alves do Oeste,SP,Pantoprazol 25mg - 30 Comprimidos - Aché,Homeopatia,97.83,2025-06-23,Monday   ,23,6,2,2025
619.52,4,64,01:54:00.030077,Dr. Gael Marques,Conjunto Julia Ferreira,Silveira,Alves do Oeste,SP,Tadalafila 25mg - 30 Comprimidos - Neo Química (Genérico),Saúde Bucal,154.88,2025-12-22,Monday   ,22,12,4,2025
79,2,2464,12:53:44.385051,Dr. Gael Marques,Conjunto Julia Ferreira,Silveira,Alves do Oeste,SP,Vacina contra Esquizofrenia - Dose Única,Antialérgicos,39.5,2025-11-27,Thursday ,27,11,4,2025
360.52,4,650,00:42:31.450643,Dr. Gael Marques,Conjunto Julia Ferreira,Silveira,Alves do Oeste,SP,Desodorante Roll-on Sempre Livre 150ml,Vitaminas e Suplementos,90.13,2026-03-26,Thursday ,26,3,1,2026
315.69,3,414,00:46:12.306253,Dr. Gael Marques,Conjunto Julia Ferreira,Silveira,Alves do Oeste,SP,Protetor Solar Facial Panvel 200ml,Primeiros Socorros,105.23,2026-06-13,Saturday ,13,6,2,2026
127,5,2757,05:56:22.194583,Dr. Gael Marques,Conjunto Julia Ferreira,Silveira,Alves do Oeste,SP,Curativos (Band-Aid) Vichy FPS 70,Fraldas e Infantis,25.4,2025-10-31,Friday   ,31,10,4,2025
421.6,2,1275,11:26:33.746878,Dr. Gael Marques,Conjunto Julia Ferreira,Silveira,Alves do Oeste,SP,Lenço Umedecido G-Tech 500ml,Antidepressivos,210.8,2025-12-27,Saturday ,27,12,4,2025
230.54,2,447,03:38:45.894218,Antônio das Neves,Praia de Almeida,Bandeirantes,Duarte,MA,Escitalopram 50mg - 30 Comprimidos - Eurofarma,Cuidados com o Cabelo,115.27,2026-03-12,Thursday ,12,3,1,2026
129.3,5,45,10:38:55.426489,Pietro da Rosa,Quadra de Câmara,Novo Ouro Preto,Rezende,DF,Cefalexina 25mg - 30 Comprimidos - Eurofarma,Primeiros Socorros,25.86,2025-09-17,Wednesday,17,9,3,2025
409.1,2,2216,09:40:27.088928,Pietro da Rosa,Quadra de Câmara,Novo Ouro Preto,Rezende,DF,Escitalopram Xarope 120ml - Neo Química (Genérico),Vitaminas e Suplementos,204.55,2024-09-27,Friday   ,27,9,3,2024
727.3499999999999,3,437,15:51:31.625934,Pietro da Rosa,Quadra de Câmara,Novo Ouro Preto,Rezende,DF,Ibuprofeno Suspensão Oral 50ml - Eurofarma,Anti-inflamatórios,242.45,2026-03-06,Friday   ,6,3,1,2026
832.05,5,2816,08:51:08.160752,Pietro da Rosa,Quadra de Câmara,Novo Ouro Preto,Rezende,DF,Pomada para Assaduras Rexona 400ml,Nutrição Infantil,166.41,2025-01-28,Tuesday  ,28,1,1,2025
545.64,3,2412,06:04:27.213408,Hellena Siqueira,Favela Maria Sophia Freitas,Xangri-Lá,Casa Grande,AC,Azitromicina Suspensão Oral 50ml - Neo Química (Genérico),Vacinas,181.88,2026-02-10,Tuesday  ,10,2,1,2026
935.64,4,2623,22:45:39.634811,Bryan Alves,Morro de da Cruz,Carlos Prates,Guerra de Minas,DF,Pantoprazol Pomada 30g - Medley (Genérico),Dermocosméticos,233.91,2026-03-26,Thursday ,26,3,1,2026
84.72,4,612,06:04:06.839489,Bryan Alves,Morro de da Cruz,Carlos Prates,Guerra de Minas,DF,Nimesulida 25mg - 30 Comprimidos - Bayer,Antitérmicos,21.18,2026-01-01,Thursday ,1,1,1,2026
426.45000000000005,3,250,03:41:37.210824,Ana Cecília Souza,Chácara Maria Isis Araújo,Vila Paris,Lopes dos Dourados,PB,Amoxicilina Pomada 30g - Eurofarma,Vitaminas e Suplementos,142.15,2025-07-07,Monday   ,7,7,3,2025
550.74,3,406,16:21:12.95786,Ana Cecília Souza,Chácara Maria Isis Araújo,Vila Paris,Lopes dos Dourados,PB,Protetor Solar Corporal Rexona 150ml,Antibióticos,183.58,2025-06-22,Sunday   ,22,6,2,2025
297.8,5,2302,22:34:37.787511,Ana Cecília Souza,Chácara Maria Isis Araújo,Vila Paris,Lopes dos Dourados,PB,Vacina contra Câncer de Próstata - Dose Única,Dermocosméticos,59.56,2026-04-05,Sunday   ,5,4,2,2026
1151.3500000000001,5,1234,17:23:22.457597,Ana Cecília Souza,Chácara Maria Isis Araújo,Vila Paris,Lopes dos Dourados,PB,Vacina contra Alzheimer - Reforço,Nutrição Infantil,230.27,2024-10-08,Tuesday  ,8,10,4,2024
131.25,5,2012,10:39:24.404849,Ana Cecília Souza,Chácara Maria Isis Araújo,Vila Paris,Lopes dos Dourados,PB,Sérum Vitamina C Aptamil Tamanho M (40 un),Antibióticos,26.25,2025-09-21,Sunday   ,21,9,3,2025
259.46,2,1604,23:21:50.185593,Valentim Cunha,Rodovia de Fonseca,Parque São José,Macedo Alegre,RR,Losartana Potássica 500mg - 20 Comprimidos - Eurofarma,Primeiros Socorros,129.73,2025-07-31,Thursday ,31,7,3,2025
1212.25,5,17,11:31:35.189864,Valentim Cunha,Rodovia de Fonseca,Parque São José,Macedo Alegre,RR,Ibuprofeno Suspensão Oral 50ml - Eurofarma,Anti-inflamatórios,242.45,2026-07-20,Monday   ,20,7,3,2026
235.8,1,2613,01:56:48.829057,Yago da Luz,Feira Guerra,Miramar,Siqueira do Norte,RO,Diclofenaco 500mg - 20 Comprimidos - Eurofarma,Antibióticos,235.8,2025-04-17,Thursday ,17,4,2,2025
233.08,1,98,01:02:02.261545,Yago da Luz,Feira Guerra,Miramar,Siqueira do Norte,RO,Omeprazol 50mg - 30 Comprimidos - Neo Química (Genérico),Anti-inflamatórios,233.08,2026-05-06,Wednesday,6,5,2,2026
620.2,5,1587,11:19:03.057089,Yago da Luz,Feira Guerra,Miramar,Siqueira do Norte,RO,Cefalexina 25mg - 30 Comprimidos - Neo Química (Genérico),Antitérmicos,124.04,2026-05-26,Tuesday  ,26,5,2,2026
485.62,2,1147,22:29:41.379688,Sr. Ryan Brito,Morro de da Conceição,Palmeiras,Vargas,AL,Paracetamol 1g - 10 Comprimidos - Bayer,Vacinas,242.81,2025-05-26,Monday   ,26,5,2,2025
897.75,5,2179,16:51:01.251761,Levi Cardoso,Chácara Alana Farias,Cidade Jardim,Campos,PE,Paracetamol 1g - 10 Comprimidos - Aché,Primeiros Socorros,179.55,2025-02-11,Tuesday  ,11,2,1,2025
914.96,4,2982,08:57:47.496581,Levi Cardoso,Chácara Alana Farias,Cidade Jardim,Campos,PE,Escitalopram Pomada 30g - Eurofarma,Anti-inflamatórios,228.74,2025-03-17,Monday   ,17,3,1,2025
242.28,2,453,13:56:39.028924,Levi Cardoso,Chácara Alana Farias,Cidade Jardim,Campos,PE,Vacina contra Dengue - Dose Única,Vacinas,121.14,2026-08-31,Monday   ,31,8,3,2026
26.98,1,340,04:56:05.553431,Levi Cardoso,Chácara Alana Farias,Cidade Jardim,Campos,PE,Sabonete Líquido Huggies FPS 70,Antitérmicos,26.98,2024-12-15,Sunday   ,15,12,4,2024
504.8,4,1268,06:47:42.125167,Luiz Felipe da Cunha,Feira de Moreira,Confisco,Farias da Prata,RN,Pantoprazol 1g - 10 Comprimidos - Medley (Genérico),Analgésicos,126.2,2025-10-01,Wednesday,1,10,4,2025
263.09999999999997,5,2529,11:04:03.44724,Luiz Felipe da Cunha,Feira de Moreira,Confisco,Farias da Prata,RN,Amoxicilina 500mg - 20 Comprimidos - Eurofarma,Dermocosméticos,52.62,2025-08-29,Friday   ,29,8,3,2025
573.3,3,2759,04:03:50.873775,Luiz Felipe da Cunha,Feira de Moreira,Confisco,Farias da Prata,RN,Diclofenaco Xarope 120ml - Eurofarma,Aparelhos Médicos,191.1,2025-09-10,Wednesday,10,9,3,2025
129.3,5,714,08:58:54.335104,Giovanna Duarte,Vila Pietro da Conceição,Graça,da Mata de Pereira,RR,Cefalexina 25mg - 30 Comprimidos - Eurofarma,Primeiros Socorros,25.86,2025-03-10,Monday   ,10,3,1,2025
155.13,3,331,20:33:37.986872,Giovanna Duarte,Vila Pietro da Conceição,Graça,da Mata de Pereira,RR,Metformina 25mg - 30 Comprimidos - Medley (Genérico),Higiene Pessoal,51.71,2026-03-20,Friday   ,20,3,1,2026
157.85999999999999,3,1413,14:24:48.926654,Bruno Moraes,Trevo de Pereira,Flavio De Oliveira,Castro,CE,Amoxicilina 500mg - 20 Comprimidos - Eurofarma,Dermocosméticos,52.62,2026-02-13,Friday   ,13,2,1,2026
706.8000000000001,5,1699,13:22:14.11476,Bruno Moraes,Trevo de Pereira,Flavio De Oliveira,Castro,CE,Clonazepam Xarope 120ml - EMS (Genérico),Vacinas,141.36,2026-01-25,Sunday   ,25,1,1,2026
204.25,1,192,20:40:55.320028,Bruno Moraes,Trevo de Pereira,Flavio De Oliveira,Castro,CE,Vacina contra Zika - Dose Única,Primeiros Socorros,204.25,2025-01-17,Friday   ,17,1,1,2025
106.58,1,419,21:47:11.806093,Bruno Moraes,Trevo de Pereira,Flavio De Oliveira,Castro,CE,Água Micelar Colgate 50g,Fitoterápicos,106.58,2025-05-27,Tuesday  ,27,5,2,2025
162.87,1,571,14:17:49.333221,Gael Albuquerque,Chácara Ana Carolina Ribeiro,Bom Jesus,Câmara de Casa Grande,AM,Metformina 50mg - 30 Comprimidos - Bayer,Antialérgicos,162.87,2024-10-22,Tuesday  ,22,10,4,2024
158.38,1,2045,10:38:42.102283,Gael Albuquerque,Chácara Ana Carolina Ribeiro,Bom Jesus,Câmara de Casa Grande,AM,Vacina contra Hipertensão - Reforço,Antibióticos,158.38,2026-04-30,Thursday ,30,4,2,2026
135.46,1,2147,01:13:29.647524,Gael Albuquerque,Chácara Ana Carolina Ribeiro,Bom Jesus,Câmara de Casa Grande,AM,Vacina contra Refluxo - Dose Única,Cuidados com o Cabelo,135.46,2025-04-13,Sunday   ,13,4,2,2025
1061.85,5,2111,16:05:56.282162,Gael Albuquerque,Chácara Ana Carolina Ribeiro,Bom Jesus,Câmara de Casa Grande,AM,Fio Dental Listerine 200ml,Saúde Bucal,212.37,2025-10-13,Monday   ,13,10,4,2025
113.85,5,120,00:02:33.883118,Mariane Marques,Colônia Maria Alice Cassiano,Vila São Rafael,da Mata dos Dourados,PR,Omeprazol 500mg - 20 Comprimidos - Eurofarma,Produtos Ortopédicos,22.77,2026-08-21,Friday   ,21,8,3,2026
131.87,1,36,14:43:01.082973,Mariane Marques,Colônia Maria Alice Cassiano,Vila São Rafael,da Mata dos Dourados,PR,Curativos (Band-Aid) Needs 400ml,Anti-inflamatórios,131.87,2026-05-14,Thursday ,14,5,2,2026
176.34,2,2652,17:18:18.816715,Mariane Marques,Colônia Maria Alice Cassiano,Vila São Rafael,da Mata dos Dourados,PR,Curativos (Band-Aid) CeraVe 200ml,Nutrição Infantil,88.17,2025-12-11,Thursday ,11,12,4,2025
90.1,1,2408,16:42:05.690027,Luiz Felipe Vieira,Chácara Alana da Mota,Pongelupe,Caldeira,SE,Pantoprazol Pomada 30g - Eurofarma,Anti-inflamatórios,90.1,2025-08-20,Wednesday,20,8,3,2025
175.28,2,1282,08:15:00.915259,Luiz Felipe Vieira,Chácara Alana da Mota,Pongelupe,Caldeira,SE,Loratadina 25mg - 30 Comprimidos - Eurofarma,Nutrição Infantil,87.64,2024-12-20,Friday   ,20,12,4,2024
640.3499999999999,5,1164,12:31:01.105919,Luiz Felipe Vieira,Chácara Alana da Mota,Pongelupe,Caldeira,SE,Shampoo Anticaspa Colgate Tamanho G (32 un),Produtos Ortopédicos,128.07,2025-03-25,Tuesday  ,25,3,1,2025
168.77,1,2885,07:08:10.08074,Gabrielly Dias,Largo Pacheco,Parque São José,Gonçalves,MT,Tadalafila Xarope 120ml - Bayer,Antibióticos,168.77,2025-02-26,Wednesday,26,2,1,2025
228.74,1,2140,01:55:52.923532,Henry da Paz,Rodovia Rodrigues,São Gabriel,Nunes do Sul,MA,Escitalopram Pomada 30g - Eurofarma,Anti-inflamatórios,228.74,2025-09-10,Wednesday,10,9,3,2025
93.88,2,881,20:34:22.27259,Henry da Paz,Rodovia Rodrigues,São Gabriel,Nunes do Sul,MA,Dipirona Sódica 50mg - 30 Comprimidos - EMS (Genérico),Saúde Bucal,46.94,2026-07-31,Friday   ,31,7,3,2026
199.78,1,53,19:55:36.561179,Henry da Paz,Rodovia Rodrigues,São Gabriel,Nunes do Sul,MA,Loratadina Xarope 120ml - EMS (Genérico),Homeopatia,199.78,2025-11-17,Monday   ,17,11,4,2025
325.74,2,1731,05:26:09.778714,Henry da Paz,Rodovia Rodrigues,São Gabriel,Nunes do Sul,MA,Metformina 50mg - 30 Comprimidos - Bayer,Antialérgicos,162.87,2024-12-01,Sunday   ,1,12,4,2024
645.75,3,807,04:05:54.192287,Henry da Paz,Rodovia Rodrigues,São Gabriel,Nunes do Sul,MA,Lenço Umedecido Mió FPS 50,Saúde Bucal,215.25,2026-02-14,Saturday ,14,2,1,2026
264.5,5,1281,08:15:55.65052,Henry da Paz,Rodovia Rodrigues,São Gabriel,Nunes do Sul,MA,Fralda Descartável Vichy 150ml,Homeopatia,52.9,2024-11-19,Tuesday  ,19,11,4,2024
646.3499999999999,3,1988,01:03:16.934752,Mariah Jesus,Área Vicente Melo,Vila Santo Antônio Barroquinha,Machado,PB,Vacina contra Gota - Dose Única,Antidepressivos,215.45,2025-08-14,Thursday ,14,8,3,2025
205.24,2,2298,14:26:43.73535,Mariah Jesus,Área Vicente Melo,Vila Santo Antônio Barroquinha,Machado,PB,Vacina contra Alzheimer - Dose Única,Antialérgicos,102.62,2025-09-25,Thursday ,25,9,3,2025
114.2,2,2842,06:24:41.354537,Luna Cardoso,Largo de Sá,Mangabeiras,Brito,MS,Tadalafila 500mg - 20 Comprimidos - Aché,Aparelhos Médicos,57.1,2025-11-12,Wednesday,12,11,4,2025
448.2,2,772,11:50:16.758247,Luna Cardoso,Largo de Sá,Mangabeiras,Brito,MS,Água Micelar Needs FPS 50,Genéricos,224.1,2025-01-10,Friday   ,10,1,1,2025
315.69,3,986,10:32:05.576567,Dr. José Miguel Alves,Lago Hadassa da Mota,São Jorge 2ª Seção,Borges,BA,Protetor Solar Facial Panvel 200ml,Primeiros Socorros,105.23,2025-01-04,Saturday ,4,1,1,2025
876.04,4,794,01:41:04.187946,Dr. José Miguel Alves,Lago Hadassa da Mota,São Jorge 2ª Seção,Borges,BA,Sérum Vitamina C Rexona 200ml,Vacinas,219.01,2025-12-25,Thursday ,25,12,4,2025
154.94,2,1223,17:55:35.101987,Clara Pimenta,Pátio de Peixoto,Esperança,Almeida Grande,AP,Curativos (Band-Aid) Huggies 150ml,Vitaminas e Suplementos,77.47,2025-09-28,Sunday   ,28,9,3,2025
928.3499999999999,5,2769,00:36:34.059813,Clara Pimenta,Pátio de Peixoto,Esperança,Almeida Grande,AP,Termômetro Digital Needs Tamanho M (40 un),Vitaminas e Suplementos,185.67,2026-09-09,Wednesday,9,9,3,2026
198.44,1,2911,16:35:49.075599,Dra. Clarice Peixoto,Ladeira Duarte,Jardim Do Vale,Brito,MS,Metformina 1g - 10 Comprimidos - Medley (Genérico),Antitérmicos,198.44,2026-05-06,Wednesday,6,5,2,2026
6.28,1,1046,18:32:06.070559,Dra. Clarice Peixoto,Ladeira Duarte,Jardim Do Vale,Brito,MS,Omeprazol Gotas 20ml - Bayer,Antidepressivos,6.28,2025-05-05,Monday   ,5,5,2,2025
476.13,3,1427,17:33:53.736475,Dra. Clarice Peixoto,Ladeira Duarte,Jardim Do Vale,Brito,MS,Absorvente com Abas Clear 150ml,Aparelhos Médicos,158.71,2026-06-09,Tuesday  ,9,6,2,2026
411.72,3,1964,18:00:11.088256,Srta. Larissa Rios,Esplanada de da Paz,São Luiz,Moura,SP,Azitromicina Xarope 120ml - EMS (Genérico),Genéricos,137.24,2026-04-04,Saturday ,4,4,2,2026
154.94,2,181,16:34:44.702405,Srta. Larissa Rios,Esplanada de da Paz,São Luiz,Moura,SP,Curativos (Band-Aid) Huggies 150ml,Vitaminas e Suplementos,77.47,2026-07-04,Saturday ,4,7,3,2026
623.2,5,2978,23:00:51.688983,Caroline Carvalho,Quadra da Luz,Mariano De Abreu,Farias da Prata,RN,Escitalopram 25mg - 30 Comprimidos - Aché,Anti-inflamatórios,124.64,2025-03-26,Wednesday,26,3,1,2025
127.38,1,2979,20:17:17.750232,Caroline Carvalho,Quadra da Luz,Mariano De Abreu,Farias da Prata,RN,Vacina contra Insônia - Reforço,Homeopatia,127.38,2026-03-01,Sunday   ,1,3,1,2026
343.76,2,477,09:57:16.297545,Maria Alice Farias,Distrito de Pacheco,Marmiteiros,Silveira das Flores,PE,Pantoprazol 50mg - 30 Comprimidos - Eurofarma,Nutrição Infantil,171.88,2026-01-22,Thursday ,22,1,1,2026
446.72,4,1199,21:49:50.672235,Maria Alice Farias,Distrito de Pacheco,Marmiteiros,Silveira das Flores,PE,Hidroclorotiazida Xarope 120ml - EMS (Genérico),Antidepressivos,111.68,2025-12-22,Monday   ,22,12,4,2025
92.62,2,71,03:54:34.343137,Mariana Almeida,Trecho de Fernandes,Concórdia,Sampaio das Flores,CE,Metformina Xarope 120ml - Eurofarma,Antidepressivos,46.31,2025-07-26,Saturday ,26,7,3,2025
223.26,3,449,08:49:19.278725,Sr. Kaique Caldeira,Via de Albuquerque,Vila Santa Monica 2ª Seção,Cavalcanti,AL,Dipirona Sódica 1g - 10 Comprimidos - EMS (Genérico),Antibióticos,74.42,2026-03-01,Sunday   ,1,3,1,2026
193.22,1,1007,03:46:01.568093,Sr. Kaique Caldeira,Via de Albuquerque,Vila Santa Monica 2ª Seção,Cavalcanti,AL,Atenolol 25mg - 30 Comprimidos - Aché,Higiene Pessoal,193.22,2026-03-09,Monday   ,9,3,1,2026
535.15,5,914,17:29:57.281686,Sr. Kaique Caldeira,Via de Albuquerque,Vila Santa Monica 2ª Seção,Cavalcanti,AL,Vacina contra Insuficiência Cardíaca - Dose Única,Antitérmicos,107.03,2025-08-20,Wednesday,20,8,3,2025
413.45,5,2918,22:30:04.81734,Ana Beatriz Porto,Vila Câmara,Vera Cruz,Pimenta,ES,Paracetamol Pomada 30g - Medley (Genérico),Antitérmicos,82.69,2024-11-07,Thursday ,7,11,4,2024
19.19,1,1922,11:53:09.100924,Ana Beatriz Porto,Vila Câmara,Vera Cruz,Pimenta,ES,Nimesulida 1g - 10 Comprimidos - Eurofarma,Produtos Ortopédicos,19.19,2026-04-03,Friday   ,3,4,2,2026
386.15999999999997,3,2574,02:44:26.946399,Ana Beatriz Porto,Vila Câmara,Vera Cruz,Pimenta,ES,Álcool em Gel 70% La Roche-Posay 50g,Antibióticos,128.72,2025-03-19,Wednesday,19,3,1,2025
867.4,5,2378,22:01:32.506406,Ana Beatriz Porto,Vila Câmara,Vera Cruz,Pimenta,ES,Fralda Descartável Clear FPS 50,Antibióticos,173.48,2026-07-08,Wednesday,8,7,3,2026
128.58,2,1086,03:42:26.084633,Evelyn Silva,Vila de Pires,Das Industrias I,Barbosa,AP,Sérum Vitamina C Listerine FPS 70,Antialérgicos,64.29,2025-10-14,Tuesday  ,14,10,4,2025
913.04,4,1420,07:02:21.512526,Evelyn Silva,Vila de Pires,Das Industrias I,Barbosa,AP,Curativos (Band-Aid) Pampers 400ml,Aparelhos Médicos,228.26,2026-03-29,Sunday   ,29,3,1,2026
655.84,4,1578,12:24:33.948694,Marina Nunes,Estação Lopes,Vila Nossa Senhora Do Rosário,da Cruz da Mata,PB,Hidroclorotiazida 500mg - 20 Comprimidos - Bayer,Primeiros Socorros,163.96,2025-05-15,Thursday ,15,5,2,2025
341.14,2,408,21:56:09.110057,Marina Nunes,Estação Lopes,Vila Nossa Senhora Do Rosário,da Cruz da Mata,PB,Amoxicilina Suspensão Oral 50ml - Eurofarma,Vacinas,170.57,2026-01-22,Thursday ,22,1,1,2026
475.26,2,2848,10:00:37.233993,Marina Nunes,Estação Lopes,Vila Nossa Senhora Do Rosário,da Cruz da Mata,PB,Vacina contra Arritmia - Reforço,Analgésicos,237.63,2025-07-28,Monday   ,28,7,3,2025
351.1,5,1729,06:01:53.9354,Stella Barbosa,Vale de Pereira,Campo Alegre,Duarte,DF,Pantoprazol 1g - 10 Comprimidos - EMS (Genérico),Antialérgicos,70.22,2025-05-31,Saturday ,31,5,2,2025
493.64,2,2244,07:27:36.13429,Stella Barbosa,Vale de Pereira,Campo Alegre,Duarte,DF,Vacina contra Esquizofrenia - Reforço,Cuidados com o Cabelo,246.82,2025-08-29,Friday   ,29,8,3,2025
230.27,1,2197,01:16:19.056067,Maria Flor Caldeira,Via de Lima,Serra,Sampaio,SC,Vacina contra Alzheimer - Reforço,Nutrição Infantil,230.27,2025-09-24,Wednesday,24,9,3,2025
641.4000000000001,3,1757,18:30:44.151396,Ísis Casa Grande,Lago de Mendes,Camponesa 1ª Seção,Caldeira,SE,Hidroclorotiazida 500mg - 20 Comprimidos - Eurofarma,Anti-inflamatórios,213.8,2025-07-08,Tuesday  ,8,7,3,2025
321,5,2766,03:51:34.075518,Ísis Casa Grande,Lago de Mendes,Camponesa 1ª Seção,Caldeira,SE,Condicionador Hidratação Johnson's FPS 50,Aparelhos Médicos,64.2,2025-12-10,Wednesday,10,12,4,2025
378.6,3,887,19:26:55.21324,Henry Brito,Vale de da Rocha,Planalto,Sá,RR,Pantoprazol 1g - 10 Comprimidos - Medley (Genérico),Analgésicos,126.2,2025-04-19,Saturday ,19,4,2,2025
1114.8,5,1481,05:35:03.291022,Henry Brito,Vale de da Rocha,Planalto,Sá,RR,Losartana Potássica Suspensão Oral 50ml - Eurofarma,Dermocosméticos,222.96,2025-01-29,Wednesday,29,1,1,2025
357.40000000000003,5,1230,16:41:17.439874,Rodrigo Machado,Lago Thomas Nogueira,Fernão Dias,Duarte,PI,Lenço Umedecido Sempre Livre Tamanho G (32 un),Anti-inflamatórios,71.48,2026-03-07,Saturday ,7,3,1,2026
313.72,2,94,14:06:07.506923,Luísa Rios,Sítio Cunha,Pantanal,Melo,MA,Vacina contra Hepatite C - Reforço,Nutrição Infantil,156.86,2025-08-23,Saturday ,23,8,3,2025
652.56,4,1351,17:05:48.785701,Luísa Rios,Sítio Cunha,Pantanal,Melo,MA,Creme Dental Clear 50g,Antidepressivos,163.14,2026-07-05,Sunday   ,5,7,3,2026
11.13,1,916,01:36:21.547511,Thales Cunha,Rua Araújo,Carlos Prates,Mendes das Flores,AL,Enalapril Suspensão Oral 50ml - Neo Química (Genérico),Cuidados com o Cabelo,11.13,2024-12-02,Monday   ,2,12,4,2024
137.47,1,159,17:24:38.528821,Thales Cunha,Rua Araújo,Carlos Prates,Mendes das Flores,AL,Paracetamol Gotas 20ml - Neo Química (Genérico),Anti-inflamatórios,137.47,2025-08-02,Saturday ,2,8,3,2025
206.84,1,2539,12:05:26.289267,Thales Cunha,Rua Araújo,Carlos Prates,Mendes das Flores,AL,Paracetamol 25mg - 30 Comprimidos - Aché,Antibióticos,206.84,2025-12-01,Monday   ,1,12,4,2025
63.25,1,2458,07:32:40.742534,Thales Cunha,Rua Araújo,Carlos Prates,Mendes das Flores,AL,Curativos (Band-Aid) La Roche-Posay 400ml,Antibióticos,63.25,2025-11-28,Friday   ,28,11,4,2025
125.93,1,2651,06:46:06.839297,Thales Cunha,Rua Araújo,Carlos Prates,Mendes das Flores,AL,Soro Fisiológico CeraVe 150ml,Homeopatia,125.93,2026-06-20,Saturday ,20,6,2,2026
9.19,1,2674,06:04:06.660753,Cecilia Lima,Morro Ferreira,Nova Suíça,Barros,SC,Pantoprazol Gotas 20ml - Medley (Genérico),Fitoterápicos,9.19,2025-04-03,Thursday ,3,4,2,2025
31.24,2,590,04:36:50.646767,Cecilia Lima,Morro Ferreira,Nova Suíça,Barros,SC,Diclofenaco 50mg - 30 Comprimidos - Medley (Genérico),Vitaminas e Suplementos,15.62,2026-08-23,Sunday   ,23,8,3,2026
156.6,2,668,13:16:02.434601,Cecilia Lima,Morro Ferreira,Nova Suíça,Barros,SC,Fluoxetina 50mg - 30 Comprimidos - Bayer,Saúde Bucal,78.3,2026-07-20,Monday   ,20,7,3,2026
980.88,4,1129,17:33:08.19607,Cecilia Lima,Morro Ferreira,Nova Suíça,Barros,SC,Sertralina 50mg - 30 Comprimidos - Bayer,Antibióticos,245.22,2026-07-25,Saturday ,25,7,3,2026
702.9300000000001,3,588,19:52:02.528954,Sarah das Neves,Condomínio Emilly Andrade,Belmonte,Nogueira de Rios,PR,Protetor Solar Facial Pampers 90g,Antialérgicos,234.31,2025-04-23,Wednesday,23,4,2,2025
319.74,3,1640,03:53:29.793867,Sarah das Neves,Condomínio Emilly Andrade,Belmonte,Nogueira de Rios,PR,Água Micelar Colgate 50g,Fitoterápicos,106.58,2026-08-22,Saturday ,22,8,3,2026
1095.05,5,1162,23:32:47.025151,Pedro Lucas Teixeira,Lagoa Cavalcanti,Camargos,Nunes,SP,Sérum Vitamina C Rexona 200ml,Vacinas,219.01,2026-06-06,Saturday ,6,6,2,2026
71.62,1,2397,16:43:46.218915,Maria Luísa Sá,Jardim Rodrigo Campos,Boa União 2ª Seção,Sampaio,SC,Desodorante Roll-on Nivea FPS 70,Anti-inflamatórios,71.62,2026-04-02,Thursday ,2,4,2,2026
22.48,1,210,20:17:31.363617,Théo Camargo,Rodovia Ferreira,Serra Verde,Barros de Fernandes,RR,Fluoxetina 50mg - 30 Comprimidos - Medley (Genérico),Fraldas e Infantis,22.48,2025-12-24,Wednesday,24,12,4,2025
467.82,2,1552,10:29:06.678829,Théo Camargo,Rodovia Ferreira,Serra Verde,Barros de Fernandes,RR,Pantoprazol Pomada 30g - Medley (Genérico),Dermocosméticos,233.91,2025-02-07,Friday   ,7,2,1,2025
282.65,5,1386,05:46:03.543063,Théo Camargo,Rodovia Ferreira,Serra Verde,Barros de Fernandes,RR,Enxaguante Bucal CeraVe 50g,Cuidados com o Cabelo,56.53,2025-02-28,Friday   ,28,2,1,2025
532.65,5,2256,02:49:05.699557,Ana Carolina Câmara,Jardim Laís Cunha,Califórnia,Duarte,PI,Enalapril 50mg - 30 Comprimidos - Medley (Genérico),Higiene Pessoal,106.53,2025-05-05,Monday   ,5,5,2,2025
74.2,1,2379,12:50:05.2119,Ana Carolina Câmara,Jardim Laís Cunha,Califórnia,Duarte,PI,Vacina contra Parkinson - Reforço,Fraldas e Infantis,74.2,2025-06-09,Monday   ,9,6,2,2025
122.08,1,2650,19:35:50.285131,Maitê Lima,Campo de Castro,Buraco Quente,Costela do Oeste,MA,Vacina contra Dermatite - Reforço,Primeiros Socorros,122.08,2025-03-13,Thursday ,13,3,1,2025
129.89,1,370,14:31:49.509892,Maitê Lima,Campo de Castro,Buraco Quente,Costela do Oeste,MA,Pomada para Assaduras G-Tech Tamanho M (40 un),Genéricos,129.89,2026-06-11,Thursday ,11,6,2,2026
627.0600000000001,3,648,06:23:12.756012,Maitê Lima,Campo de Castro,Buraco Quente,Costela do Oeste,MA,Creme Hidratante Mió 90g,Nutrição Infantil,209.02,2026-03-09,Monday   ,9,3,1,2026
839.2,4,622,23:05:14.137083,Maitê Lima,Campo de Castro,Buraco Quente,Costela do Oeste,MA,Termômetro Digital Nivea 50 Metros,Antidepressivos,209.8,2025-05-23,Friday   ,23,5,2,2025
34.03,1,1677,13:16:14.704548,Danilo Pinto,Trecho Brayan Rezende,Conjunto Minas Caixa,Macedo de Costa,RJ,Pantoprazol Suspensão Oral 50ml - Neo Química (Genérico),Vitaminas e Suplementos,34.03,2025-08-28,Thursday ,28,8,3,2025
332.79,3,2377,15:35:48.12882,Danilo Pinto,Trecho Brayan Rezende,Conjunto Minas Caixa,Macedo de Costa,RJ,Dipirona Sódica 25mg - 30 Comprimidos - EMS (Genérico),Genéricos,110.93,2025-08-01,Friday   ,1,8,3,2025
169.20000000000002,5,627,18:12:35.838273,Danilo Pinto,Trecho Brayan Rezende,Conjunto Minas Caixa,Macedo de Costa,RJ,Enalapril 500mg - 20 Comprimidos - Eurofarma,Anti-inflamatórios,33.84,2025-02-15,Saturday ,15,2,1,2025
89.25,5,2069,05:29:31.190429,Danilo Pinto,Trecho Brayan Rezende,Conjunto Minas Caixa,Macedo de Costa,RJ,Pomada para Assaduras Dove FPS 70,Fraldas e Infantis,17.85,2024-12-23,Monday   ,23,12,4,2024
170.75,1,2171,21:00:10.732216,Olivia Sá,Jardim Gonçalves,Vila Novo São Lucas,Casa Grande,AC,Dipirona Sódica Pomada 30g - EMS (Genérico),Antitérmicos,170.75,2024-11-30,Saturday ,30,11,4,2024
242.54999999999998,5,700,00:05:53.47313,Eloah Almeida,Viaduto Luiz Fernando Pastor,Santa Rosa,Oliveira Verde,CE,Sérum Vitamina C Panvel 400ml,Fitoterápicos,48.51,2025-06-16,Monday   ,16,6,2,2025
326.65,5,1681,09:34:08.385066,Davi Miguel Cardoso,Praça Sarah da Costa,Gameleira,Costela do Oeste,MA,Atenolol 25mg - 30 Comprimidos - Neo Química (Genérico),Cuidados com o Cabelo,65.33,2025-10-07,Tuesday  ,7,10,4,2025
64.53,3,1672,07:11:36.110115,Davi Miguel Cardoso,Praça Sarah da Costa,Gameleira,Costela do Oeste,MA,Vacina contra Gastrite - Dose Única,Fitoterápicos,21.51,2025-04-04,Friday   ,4,4,2,2025
220.47,1,2490,10:01:28.37328,Davi Miguel Cardoso,Praça Sarah da Costa,Gameleira,Costela do Oeste,MA,Sérum Vitamina C Huggies 50 Metros,Nutrição Infantil,220.47,2026-02-22,Sunday   ,22,2,1,2026
402.06,2,1421,21:02:46.452618,Dra. Ana Cecília Cavalcanti,Chácara de Moraes,Vila Nova Cachoeirinha 2ª Seção,Gonçalves do Sul,RO,Escitalopram Suspensão Oral 50ml - EMS (Genérico),Vitaminas e Suplementos,201.03,2025-03-09,Sunday   ,9,3,1,2025
591.85,5,1749,02:52:00.456947,Breno Moura,Vereda de Cavalcanti,Varzea Da Palma,Pereira do Oeste,MS,Curativos (Band-Aid) Nivea 150ml,Anti-inflamatórios,118.37,2026-03-27,Friday   ,27,3,1,2026
263.01,3,843,22:21:25.19997,Enzo Gabriel Cardoso,Setor de Marques,Vila São Gabriel,da Mata dos Dourados,PR,Vacina contra Colesterol Alto - Dose Única,Higiene Pessoal,87.67,2026-02-11,Wednesday,11,2,1,2026
135.36,4,1611,09:19:29.10703,Ana Clara Ferreira,Feira Sales,São João Batista,da Costa do Galho,CE,Enalapril 500mg - 20 Comprimidos - Eurofarma,Anti-inflamatórios,33.84,2025-04-27,Sunday   ,27,4,2,2025
22.97,1,988,11:50:19.942204,Ana Clara Ferreira,Feira Sales,São João Batista,da Costa do Galho,CE,Termômetro Digital Mió FPS 70,Produtos Ortopédicos,22.97,2026-07-15,Wednesday,15,7,3,2026
74.42,1,820,12:26:37.524988,Matheus Brito,Avenida da Conceição,Rio Branco,Duarte Verde,RO,Dipirona Sódica 1g - 10 Comprimidos - EMS (Genérico),Antibióticos,74.42,2026-02-04,Wednesday,4,2,1,2026
827.36,4,2145,03:31:05.153564,Matheus Brito,Avenida da Conceição,Rio Branco,Duarte Verde,RO,Paracetamol 25mg - 30 Comprimidos - Aché,Antibióticos,206.84,2025-02-28,Friday   ,28,2,1,2025
1125.25,5,2862,07:02:28.663961,Matheus Brito,Avenida da Conceição,Rio Branco,Duarte Verde,RO,Vacina contra Diabetes Tipo 2 - Reforço,Primeiros Socorros,225.05,2025-01-19,Sunday   ,19,1,1,2025
234.31,1,1474,01:07:04.125831,Matheus Brito,Avenida da Conceição,Rio Branco,Duarte Verde,RO,Protetor Solar Facial Pampers 90g,Antialérgicos,234.31,2025-12-16,Tuesday  ,16,12,4,2025
148.28,1,1643,02:25:30.550432,Liz Caldeira,Pátio Lucca Nunes,Mirtes,da Rosa de Nascimento,PR,Pantoprazol 50mg - 30 Comprimidos - Bayer,Saúde Bucal,148.28,2025-07-02,Wednesday,2,7,3,2025
286.92,2,1996,11:17:21.912067,Liz Caldeira,Pátio Lucca Nunes,Mirtes,da Rosa de Nascimento,PR,Sinvastatina 500mg - 20 Comprimidos - Neo Química (Genérico),Fitoterápicos,143.46,2025-08-30,Saturday ,30,8,3,2025
90.42,2,529,17:11:13.892592,Liz Caldeira,Pátio Lucca Nunes,Mirtes,da Rosa de Nascimento,PR,Vacina contra Osteoporose - Reforço,Antibióticos,45.21,2025-06-12,Thursday ,12,6,2,2025
632.8499999999999,5,2527,22:12:52.475004,Calebe Moreira,Morro de da Cruz,Vila Jardim Montanhes,Albuquerque de Brito,GO,Enalapril 500mg - 20 Comprimidos - Medley (Genérico),Analgésicos,126.57,2026-09-07,Monday   ,7,9,3,2026
341.14,2,1876,08:12:19.2986,Calebe Moreira,Morro de da Cruz,Vila Jardim Montanhes,Albuquerque de Brito,GO,Amoxicilina Suspensão Oral 50ml - Eurofarma,Vacinas,170.57,2024-12-29,Sunday   ,29,12,4,2024
833.44,4,154,20:35:05.303591,Calebe Moreira,Morro de da Cruz,Vila Jardim Montanhes,Albuquerque de Brito,GO,Vacina contra Câncer de Pulmão - Dose Única,Antialérgicos,208.36,2025-08-08,Friday   ,8,8,3,2025
445.02,2,2758,19:27:45.181726,Calebe Moreira,Morro de da Cruz,Vila Jardim Montanhes,Albuquerque de Brito,GO,Pomada para Assaduras Needs FPS 50,Antialérgicos,222.51,2026-07-01,Wednesday,1,7,3,2026
928.3499999999999,5,2166,09:26:55.830484,Calebe Moreira,Morro de da Cruz,Vila Jardim Montanhes,Albuquerque de Brito,GO,Termômetro Digital Needs Tamanho M (40 un),Vitaminas e Suplementos,185.67,2025-08-08,Friday   ,8,8,3,2025
488.48,2,1790,22:38:35.769289,Dr. Benício Macedo,Ladeira Benjamin Farias,Vista Do Sol,Vasconcelos de Minas,PA,Sinvastatina Gotas 20ml - Medley (Genérico),Dermocosméticos,244.24,2026-03-21,Saturday ,21,3,1,2026
25.12,4,2913,20:46:36.232874,Dr. Benício Macedo,Ladeira Benjamin Farias,Vista Do Sol,Vasconcelos de Minas,PA,Sinvastatina 1g - 10 Comprimidos - Eurofarma,Antidepressivos,6.28,2025-12-31,Wednesday,31,12,4,2025
93.05,1,2818,09:59:08.917915,Dr. Benício Macedo,Ladeira Benjamin Farias,Vista Do Sol,Vasconcelos de Minas,PA,Escitalopram Gotas 20ml - EMS (Genérico),Antialérgicos,93.05,2026-08-05,Wednesday,5,8,3,2026
280.25,5,844,21:08:10.777707,Dr. Benício Macedo,Ladeira Benjamin Farias,Vista Do Sol,Vasconcelos de Minas,PA,Amoxicilina 1g - 10 Comprimidos - EMS (Genérico),Antidepressivos,56.05,2025-01-21,Tuesday  ,21,1,1,2025
50.05,5,1581,17:23:49.129948,João Felipe Moreira,Aeroporto Barbosa,Dom Bosco,Pires,PE,Tadalafila Gotas 20ml - Medley (Genérico),Aparelhos Médicos,10.01,2025-05-25,Sunday   ,25,5,2,2025
1102.35,5,2509,23:27:12.315825,João Felipe Moreira,Aeroporto Barbosa,Dom Bosco,Pires,PE,Sérum Vitamina C Huggies 50 Metros,Nutrição Infantil,220.47,2026-07-29,Wednesday,29,7,3,2026
138.93,3,2686,00:27:30.940634,Gabriela Peixoto,Via de Ribeiro,Lagoa,Caldeira,SE,Metformina Xarope 120ml - Eurofarma,Antidepressivos,46.31,2025-06-27,Friday   ,27,6,2,2025
330.4,2,2836,07:32:06.885767,Gabriela Peixoto,Via de Ribeiro,Lagoa,Caldeira,SE,Atenolol Suspensão Oral 50ml - EMS (Genérico),Antidepressivos,165.2,2025-09-02,Tuesday  ,2,9,3,2025
384.51,3,710,23:36:31.57214,Gabriela Peixoto,Via de Ribeiro,Lagoa,Caldeira,SE,Losartana Potássica Gotas 20ml - Aché,Antidepressivos,128.17,2025-03-31,Monday   ,31,3,1,2025
193.42,1,384,00:50:37.89186,Ravy Sampaio,Praia Ana Clara Guerra,Minas Brasil,da Conceição,DF,Enalapril Suspensão Oral 50ml - Eurofarma,Saúde Bucal,193.42,2025-12-30,Tuesday  ,30,12,4,2025
706.8000000000001,5,686,23:55:22.337545,Ravy Sampaio,Praia Ana Clara Guerra,Minas Brasil,da Conceição,DF,Clonazepam Xarope 120ml - EMS (Genérico),Vacinas,141.36,2026-07-02,Thursday ,2,7,3,2026
410.48,4,2496,09:48:54.12854,Ravy Sampaio,Praia Ana Clara Guerra,Minas Brasil,da Conceição,DF,Vacina contra Alzheimer - Dose Única,Antialérgicos,102.62,2026-06-27,Saturday ,27,6,2,2026
690.8100000000001,3,108,21:56:48.390122,Ravy Sampaio,Praia Ana Clara Guerra,Minas Brasil,da Conceição,DF,Vacina contra Alzheimer - Reforço,Nutrição Infantil,230.27,2024-10-08,Tuesday  ,8,10,4,2024
618.5999999999999,3,1904,13:22:44.846886,Sofia da Paz,Vila de Lima,Vila Canto Do Sabiá,Martins,PA,Cefalexina 50mg - 30 Comprimidos - Aché,Aparelhos Médicos,206.2,2026-04-14,Tuesday  ,14,4,2,2026
616.75,5,310,05:15:42.274984,Heloísa Cassiano,Parque de Jesus,Vila Nossa Senhora Do Rosário,Nogueira,PA,Pantoprazol Pomada 30g - Neo Química (Genérico),Anti-inflamatórios,123.35,2025-05-23,Friday   ,23,5,2,2025
945.15,5,2365,23:49:07.580812,Heloísa Cassiano,Parque de Jesus,Vila Nossa Senhora Do Rosário,Nogueira,PA,Tadalafila Xarope 120ml - Aché,Antialérgicos,189.03,2026-05-31,Sunday   ,31,5,2,2026
291.26,2,1414,08:05:14.587881,Heloísa Cassiano,Parque de Jesus,Vila Nossa Senhora Do Rosário,Nogueira,PA,Losartana Potássica 50mg - 30 Comprimidos - Medley (Genérico),Antialérgicos,145.63,2025-08-10,Sunday   ,10,8,3,2025
49.41,1,799,15:36:02.75471,Heloísa Cassiano,Parque de Jesus,Vila Nossa Senhora Do Rosário,Nogueira,PA,Vacina contra Anemia - Reforço,Aparelhos Médicos,49.41,2024-10-20,Sunday   ,20,10,4,2024
243.23,1,2107,11:02:51.414109,João Guilherme Costela,Estação Rael Borges,Alto Caiçaras,da Rocha do Amparo,RN,Sertralina Gotas 20ml - Eurofarma,Cuidados com o Cabelo,243.23,2026-07-13,Monday   ,13,7,3,2026
423.15,5,809,23:27:19.614374,João Guilherme Costela,Estação Rael Borges,Alto Caiçaras,da Rocha do Amparo,RN,Vacina contra Obesidade - Dose Única,Fraldas e Infantis,84.63,2025-01-23,Thursday ,23,1,1,2025
527.48,4,1882,07:32:51.698542,João Guilherme Costela,Estação Rael Borges,Alto Caiçaras,da Rocha do Amparo,RN,Curativos (Band-Aid) Needs 400ml,Anti-inflamatórios,131.87,2026-02-14,Saturday ,14,2,1,2026
732.72,3,604,15:37:27.437855,Luiz Felipe Casa Grande,Fazenda Ferreira,Bom Jesus,Pastor,MG,Sinvastatina Gotas 20ml - Medley (Genérico),Dermocosméticos,244.24,2025-04-27,Sunday   ,27,4,2,2025
1069.1,5,1423,21:09:40.864365,Luiz Felipe Casa Grande,Fazenda Ferreira,Bom Jesus,Pastor,MG,Nimesulida 500mg - 20 Comprimidos - Aché,Antidepressivos,213.82,2025-01-19,Sunday   ,19,1,1,2025
1194.85,5,2366,05:34:12.81467,Luiz Felipe Casa Grande,Fazenda Ferreira,Bom Jesus,Pastor,MG,Nimesulida 25mg - 30 Comprimidos - Aché,Dermocosméticos,238.97,2024-11-03,Sunday   ,3,11,4,2024
1003.5500000000001,5,27,20:08:11.266838,Luiz Felipe Casa Grande,Fazenda Ferreira,Bom Jesus,Pastor,MG,Clonazepam 1g - 10 Comprimidos - Neo Química (Genérico),Analgésicos,200.71,2024-11-22,Friday   ,22,11,4,2024
213.06,2,734,05:59:58.796986,Dra. Manuela Vargas,Distrito de Borges,Vila São Gabriel,Silveira,BA,Enalapril 50mg - 30 Comprimidos - Medley (Genérico),Higiene Pessoal,106.53,2025-08-25,Monday   ,25,8,3,2025
124.36,2,628,23:26:55.355785,Dra. Manuela Vargas,Distrito de Borges,Vila São Gabriel,Silveira,BA,Pantoprazol 500mg - 20 Comprimidos - Bayer,Fitoterápicos,62.18,2026-03-15,Sunday   ,15,3,1,2026
633.52,4,2680,16:13:41.720123,Dra. Manuela Vargas,Distrito de Borges,Vila São Gabriel,Silveira,BA,Vacina contra Hipertensão - Reforço,Antibióticos,158.38,2026-03-11,Wednesday,11,3,1,2026
291.66,2,1682,09:49:41.041637,Dra. Manuela Vargas,Distrito de Borges,Vila São Gabriel,Silveira,BA,Enxaguante Bucal Nivea 90g,Antibióticos,145.83,2025-09-10,Wednesday,10,9,3,2025
253.89,3,572,12:47:37.694266,Sr. Thomas Pires,Residencial de Azevedo,Vila Santo Antônio Barroquinha,Siqueira do Norte,RO,Diclofenaco 25mg - 30 Comprimidos - Neo Química (Genérico),Anti-inflamatórios,84.63,2025-04-20,Sunday   ,20,4,2,2025
602.13,3,2080,12:40:33.482071,Cauê da Luz,Trevo Rios,Tupi A,Pacheco,RR,Clonazepam 1g - 10 Comprimidos - Neo Química (Genérico),Analgésicos,200.71,2026-05-01,Friday   ,1,5,2,2026
213.16,2,1608,21:16:48.139992,Cauê da Luz,Trevo Rios,Tupi A,Pacheco,RR,Água Micelar Colgate 50g,Fitoterápicos,106.58,2025-02-28,Friday   ,28,2,1,2025
102.09,3,2804,05:58:58.804227,Nicolas Pereira,Estrada de da Cunha,Candelaria,Aragão da Serra,MT,Pantoprazol Suspensão Oral 50ml - Neo Química (Genérico),Vitaminas e Suplementos,34.03,2026-06-17,Wednesday,17,6,2,2026
178.68,3,2149,08:35:17.734784,Marcela Correia,Ladeira de Ribeiro,Esperança,da Costa,PR,Vacina contra Câncer de Próstata - Dose Única,Dermocosméticos,59.56,2025-03-10,Monday   ,10,3,1,2025
47.55,5,1088,08:22:02.587071,Dra. Bárbara da Luz,Viela de Pastor,Ermelinda,Peixoto das Flores,RJ,Dipirona Sódica Gotas 20ml - EMS (Genérico),Aparelhos Médicos,9.51,2026-03-12,Thursday ,12,3,1,2026
464.28,2,778,03:58:39.548684,Dra. Bárbara da Luz,Viela de Pastor,Ermelinda,Peixoto das Flores,RJ,Creme Hidratante G-Tech 400ml,Primeiros Socorros,232.14,2025-08-31,Sunday   ,31,8,3,2025
632.8499999999999,5,1711,05:56:12.463683,Nicolas da Mota,Parque Almeida,Nova Suíça,da Mata dos Dourados,PR,Enalapril 500mg - 20 Comprimidos - Medley (Genérico),Analgésicos,126.57,2025-06-05,Thursday ,5,6,2,2025
448.2,2,1490,21:52:43.518005,Nicolas da Mota,Parque Almeida,Nova Suíça,da Mata dos Dourados,PR,Água Micelar Needs FPS 50,Genéricos,224.1,2024-10-05,Saturday ,5,10,4,2024
134.92,4,2570,12:43:37.427138,Dra. Lara Caldeira,Feira Freitas,Vila Barragem Santa Lúcia,Sousa,TO,Paracetamol Xarope 120ml - Neo Química (Genérico),Higiene Pessoal,33.73,2024-11-07,Thursday ,7,11,4,2024
134.9,5,1901,06:45:55.710066,Dra. Lara Caldeira,Feira Freitas,Vila Barragem Santa Lúcia,Sousa,TO,Sabonete Líquido Huggies FPS 70,Antitérmicos,26.98,2026-04-06,Monday   ,6,4,2,2026
114.2,2,2838,05:21:01.048725,Lucas Gabriel Almeida,Travessa Freitas,Vila Nova Cachoeirinha 1ª Seção,da Cruz da Mata,PB,Tadalafila 500mg - 20 Comprimidos - Aché,Aparelhos Médicos,57.1,2025-01-05,Sunday   ,5,1,1,2025
133.03,1,2338,13:31:33.156474,Lucas Gabriel Almeida,Travessa Freitas,Vila Nova Cachoeirinha 1ª Seção,da Cruz da Mata,PB,Sertralina 1g - 10 Comprimidos - Aché,Primeiros Socorros,133.03,2025-01-31,Friday   ,31,1,1,2025
126.57,1,1756,06:55:52.558916,Lucas Gabriel Almeida,Travessa Freitas,Vila Nova Cachoeirinha 1ª Seção,da Cruz da Mata,PB,Enalapril 500mg - 20 Comprimidos - Medley (Genérico),Analgésicos,126.57,2026-06-14,Sunday   ,14,6,2,2026
343.62,2,694,09:07:25.066052,Lucas Gabriel Almeida,Travessa Freitas,Vila Nova Cachoeirinha 1ª Seção,da Cruz da Mata,PB,Enxaguante Bucal Sempre Livre 400ml,Genéricos,171.81,2025-03-21,Friday   ,21,3,1,2025
207.4,1,2795,13:22:04.456521,Maria Clara Andrade,Área Lucca Pinto,Serra,Viana,TO,Nimesulida 25mg - 30 Comprimidos - Neo Química (Genérico),Higiene Pessoal,207.4,2025-07-11,Friday   ,11,7,3,2025
358.64,2,912,01:47:26.807761,Maria Clara Andrade,Área Lucca Pinto,Serra,Viana,TO,Ibuprofeno Suspensão Oral 50ml - Medley (Genérico),Homeopatia,179.32,2025-11-28,Friday   ,28,11,4,2025
77.58,3,1446,04:24:10.787126,Stephany Moura,Parque Anthony Gabriel Silveira,Das Industrias I,Barros de Fernandes,RR,Cefalexina 25mg - 30 Comprimidos - Eurofarma,Primeiros Socorros,25.86,2026-05-01,Friday   ,1,5,2,2026
1202.9,5,2853,04:02:58.107807,Ravi Lucca Novais,Travessa Cassiano,Vila Maria,Machado da Serra,MS,Vacina contra Asma - Dose Única,Higiene Pessoal,240.58,2025-02-11,Tuesday  ,11,2,1,2025
44.52,4,2833,00:00:57.375021,Srta. Nina Fonseca,Esplanada de Teixeira,Maria Tereza,Macedo do Sul,DF,Enalapril Suspensão Oral 50ml - Neo Química (Genérico),Cuidados com o Cabelo,11.13,2025-12-31,Wednesday,31,12,4,2025
1188.15,5,2460,00:52:50.99814,Srta. Nina Fonseca,Esplanada de Teixeira,Maria Tereza,Macedo do Sul,DF,Condicionador Hidratação Panvel Tamanho G (32 un),Nutrição Infantil,237.63,2024-10-12,Saturday ,12,10,4,2024
6.19,1,320,00:48:40.389774,Davi Silva,Vereda Nascimento,Barro Preto,Barbosa dos Dourados,RN,Tadalafila 1g - 10 Comprimidos - Aché,Primeiros Socorros,6.19,2025-03-06,Thursday ,6,3,1,2025
173.48,1,1133,06:33:14.965808,Davi Silva,Vereda Nascimento,Barro Preto,Barbosa dos Dourados,RN,Fralda Descartável Clear FPS 50,Antibióticos,173.48,2025-08-03,Sunday   ,3,8,3,2025
876.04,4,383,01:01:43.775301,Davi Silva,Vereda Nascimento,Barro Preto,Barbosa dos Dourados,RN,Sérum Vitamina C Rexona 200ml,Vacinas,219.01,2025-05-25,Sunday   ,25,5,2,2025
376.12,4,638,02:58:35.141943,Letícia Monteiro,Parque Otto Araújo,São Paulo,Almeida Grande,AP,Vacina contra COVID-19 - Reforço,Primeiros Socorros,94.03,2026-04-15,Wednesday,15,4,2,2026
463.68,2,1791,08:29:39.957478,Letícia Monteiro,Parque Otto Araújo,São Paulo,Almeida Grande,AP,Vacina contra Linfoma - Reforço,Nutrição Infantil,231.84,2026-05-29,Friday   ,29,5,2,2026
932.84,4,1410,00:36:51.663619,Luana Gonçalves,Lago de Duarte,Vila Nova Gameleira 1ª Seção,Jesus,ES,Vacina contra Epilepsia - Dose Única,Fitoterápicos,233.21,2025-11-27,Thursday ,27,11,4,2025
308.2,4,798,06:22:13.212486,Luana Gonçalves,Lago de Duarte,Vila Nova Gameleira 1ª Seção,Jesus,ES,Sérum Vitamina C Pampers 400ml,Antidepressivos,77.05,2025-03-18,Tuesday  ,18,3,1,2025
317,4,886,16:24:48.754809,Thiago Nascimento,Sítio Alexia Cirino,Pompéia,Rezende,GO,Diclofenaco Pomada 30g - EMS (Genérico),Produtos Ortopédicos,79.25,2024-12-25,Wednesday,25,12,4,2024
245.79,1,1099,01:28:01.006366,Thiago Nascimento,Sítio Alexia Cirino,Pompéia,Rezende,GO,Diclofenaco 500mg - 20 Comprimidos - Neo Química (Genérico),Antidepressivos,245.79,2026-02-15,Sunday   ,15,2,1,2026
215.25,3,2438,05:44:09.362907,Thiago Nascimento,Sítio Alexia Cirino,Pompéia,Rezende,GO,Hidroclorotiazida 50mg - 30 Comprimidos - Eurofarma,Saúde Bucal,71.75,2024-11-11,Monday   ,11,11,4,2024
547.92,3,1247,03:44:57.78662,Vitor Borges,Estação Bryan Ramos,Santa Rita,Moura,SP,Hastes Flexíveis (Cotonetes) Mió 150ml,Vitaminas e Suplementos,182.64,2024-10-23,Wednesday,23,10,4,2024
360.28,4,670,00:20:48.869269,Yago Ferreira,Vila Sá,Das Industrias I,Barros de Fernandes,RR,Cefalexina Xarope 120ml - Aché,Produtos Ortopédicos,90.07,2025-04-18,Friday   ,18,4,2,2025
199.05,5,2006,06:45:02.43707,Yago Ferreira,Vila Sá,Das Industrias I,Barros de Fernandes,RR,Tadalafila 25mg - 30 Comprimidos - Aché,Antitérmicos,39.81,2026-05-29,Friday   ,29,5,2,2026
623.2,5,1060,11:23:24.338198,Zoe Correia,Loteamento de Machado,Vila Da Amizade,da Mota do Campo,CE,Escitalopram 25mg - 30 Comprimidos - Aché,Anti-inflamatórios,124.64,2024-09-27,Friday   ,27,9,3,2024
544.05,5,2782,01:04:44.569952,Zoe Correia,Loteamento de Machado,Vila Da Amizade,da Mota do Campo,CE,Metformina Xarope 120ml - EMS (Genérico),Dermocosméticos,108.81,2026-03-05,Thursday ,5,3,1,2026
145.83,1,2003,01:36:15.246869,Sofia Castro,Alameda Mendes,Universitário,Ramos,AC,Enxaguante Bucal Nivea 90g,Antibióticos,145.83,2025-05-07,Wednesday,7,5,2,2025
49.43,1,2210,10:42:56.937685,Pedro Nunes,Praça de Barbosa,Vale Do Jatoba,Câmara do Galho,RO,Cefalexina Pomada 30g - Aché,Anti-inflamatórios,49.43,2026-05-18,Monday   ,18,5,2,2026
784.3000000000001,5,1356,06:08:01.204639,Pedro Nunes,Praça de Barbosa,Vale Do Jatoba,Câmara do Galho,RO,Vacina contra Hepatite C - Reforço,Nutrição Infantil,156.86,2025-08-12,Tuesday  ,12,8,3,2025
643.77,3,1865,14:32:38.583696,Pedro Nunes,Praça de Barbosa,Vale Do Jatoba,Câmara do Galho,RO,Protetor Solar Corporal Needs 90g,Produtos Ortopédicos,214.59,2026-05-21,Thursday ,21,5,2,2026
370.04999999999995,3,22,15:06:24.55257,Liam Guerra,Esplanada Aparecida,Tupi B,Leão,RJ,Pantoprazol Pomada 30g - Neo Química (Genérico),Anti-inflamatórios,123.35,2025-07-26,Saturday ,26,7,3,2025
412.4,2,2311,08:17:52.660014,Eduarda Viana,Colônia de Azevedo,Monte São José,Gomes,AM,Cefalexina 50mg - 30 Comprimidos - Aché,Aparelhos Médicos,206.2,2025-12-10,Wednesday,10,12,4,2025
396.88,2,1992,04:06:03.749104,Milena Sales,Loteamento Ana Beatriz Marques,São Gabriel,Montenegro Alegre,BA,Metformina 1g - 10 Comprimidos - Medley (Genérico),Antitérmicos,198.44,2025-01-05,Sunday   ,5,1,1,2025
353.06,2,2063,11:17:00.613906,Milena Sales,Loteamento Ana Beatriz Marques,São Gabriel,Montenegro Alegre,BA,Loratadina Xarope 120ml - Aché,Fraldas e Infantis,176.53,2024-10-30,Wednesday,30,10,4,2024
157.72,2,1040,06:26:28.450806,Milena Sales,Loteamento Ana Beatriz Marques,São Gabriel,Montenegro Alegre,BA,Vacina contra Resfriado - Dose Única,Cuidados com o Cabelo,78.86,2025-07-23,Wednesday,23,7,3,2025
13.22,2,1158,13:07:10.575293,Ana Beatriz Araújo,Estrada Araújo,Gutierrez,Aparecida,RS,Enalapril Xarope 120ml - Medley (Genérico),Primeiros Socorros,6.61,2026-06-02,Tuesday  ,2,6,2,2026
124.4,1,239,06:27:19.802792,Ana Beatriz Araújo,Estrada Araújo,Gutierrez,Aparecida,RS,Leite em Pó Infantil Sempre Livre 400ml,Antialérgicos,124.4,2025-06-10,Tuesday  ,10,6,2,2025
123.13,1,1181,18:58:16.881388,Levi Caldeira,Conjunto Barros,Marmiteiros,Duarte Verde,RO,Vacina contra Embolia - Dose Única,Antibióticos,123.13,2024-10-24,Thursday ,24,10,4,2024
323.84,2,2634,06:32:08.358165,Levi Caldeira,Conjunto Barros,Marmiteiros,Duarte Verde,RO,Creme Hidratante Panvel FPS 50,Genéricos,161.92,2025-02-06,Thursday ,6,2,1,2025
151.13,1,2867,02:56:03.378426,Levi Caldeira,Conjunto Barros,Marmiteiros,Duarte Verde,RO,Água Micelar Sempre Livre 50g,Vacinas,151.13,2025-10-19,Sunday   ,19,10,4,2025
134.24,4,1317,17:36:33.339992,Levi Caldeira,Conjunto Barros,Marmiteiros,Duarte Verde,RO,Desodorante Roll-on Colgate 90g,Higiene Pessoal,33.56,2026-04-03,Friday   ,3,4,2,2026
493.64,2,2042,06:43:55.555406,Mariane Castro,Feira de da Mata,Vila Da Ária,Barros,SC,Vacina contra Esquizofrenia - Reforço,Cuidados com o Cabelo,246.82,2025-01-01,Wednesday,1,1,1,2025
176.46,1,691,04:18:27.443225,Mariane Castro,Feira de da Mata,Vila Da Ária,Barros,SC,Sabonete Líquido CeraVe 500ml,Fitoterápicos,176.46,2026-04-14,Tuesday  ,14,4,2,2026
939.92,4,2563,05:58:51.456498,Ana Cecília Gonçalves,Aeroporto Marcela Correia,Céu Azul,Costela do Oeste,MA,Enalapril Gotas 20ml - Bayer,Antitérmicos,234.98,2025-03-09,Sunday   ,9,3,1,2025
691.59,3,1606,21:16:43.665854,Ana Cecília Gonçalves,Aeroporto Marcela Correia,Céu Azul,Costela do Oeste,MA,Fluoxetina Suspensão Oral 50ml - Aché,Vacinas,230.53,2026-02-03,Tuesday  ,3,2,1,2026
230.8,4,1999,09:48:06.037627,Ana Cecília Gonçalves,Aeroporto Marcela Correia,Céu Azul,Costela do Oeste,MA,Pantoprazol Xarope 120ml - Aché,Nutrição Infantil,57.7,2026-05-27,Wednesday,27,5,2,2026
620.2,5,2191,09:43:39.35763,Ana Cecília Gonçalves,Aeroporto Marcela Correia,Céu Azul,Costela do Oeste,MA,Cefalexina 25mg - 30 Comprimidos - Neo Química (Genérico),Antitérmicos,124.04,2025-01-21,Tuesday  ,21,1,1,2025
1125.6999999999998,5,471,09:39:11.604599,Ana Cecília Gonçalves,Aeroporto Marcela Correia,Céu Azul,Costela do Oeste,MA,Creme Hidratante Rexona 50 Metros,Saúde Bucal,225.14,2025-04-28,Monday   ,28,4,2,2025
326.3,5,125,07:35:54.652781,Ana Sophia Araújo,Quadra de Freitas,Virgínia,da Costa,PE,Hidroclorotiazida 1g - 10 Comprimidos - Medley (Genérico),Saúde Bucal,65.26,2026-01-09,Friday   ,9,1,1,2026
574.28,4,2190,01:40:40.423095,Benjamin Nascimento,Estrada da Paz,Capitão Eduardo,Fernandes do Norte,RO,Diclofenaco 50mg - 30 Comprimidos - Aché,Produtos Ortopédicos,143.57,2026-08-29,Saturday ,29,8,3,2026
499.15,5,742,09:26:12.528817,Benjamin Nascimento,Estrada da Paz,Capitão Eduardo,Fernandes do Norte,RO,Sildenafila 1g - 10 Comprimidos - Eurofarma,Antidepressivos,99.83,2025-02-15,Saturday ,15,2,1,2025
223.72,2,900,17:00:18.934091,Benjamin Nascimento,Estrada da Paz,Capitão Eduardo,Fernandes do Norte,RO,Sabonete em Barra Dove FPS 70,Antibióticos,111.86,2026-01-28,Wednesday,28,1,1,2026
556.05,5,2255,06:36:00.319657,Benjamin Nascimento,Estrada da Paz,Capitão Eduardo,Fernandes do Norte,RO,Sérum Vitamina C Huggies 90g,Saúde Bucal,111.21,2025-03-09,Sunday   ,9,3,1,2025
210.02,2,1489,13:40:00.680155,Benjamin Nascimento,Estrada da Paz,Capitão Eduardo,Fernandes do Norte,RO,Lenço Umedecido Huggies Tamanho G (32 un),Dermocosméticos,105.01,2025-08-06,Wednesday,6,8,3,2025
104.04,1,1131,06:00:34.310036,Erick Gomes,Chácara Barros,Xodo-Marize,Almeida das Pedras,PI,Vacina contra Gripe - Dose Única,Dermocosméticos,104.04,2026-06-21,Sunday   ,21,6,2,2026
273.04,4,641,14:05:41.432004,Erick Gomes,Chácara Barros,Xodo-Marize,Almeida das Pedras,PI,Vacina contra Úlcera - Dose Única,Fraldas e Infantis,68.26,2025-04-01,Tuesday  ,1,4,2,2025
1119.1,5,2518,00:15:46.470146,Erick Gomes,Chácara Barros,Xodo-Marize,Almeida das Pedras,PI,Vacina contra Chikungunya - Dose Única,Vacinas,223.82,2026-05-22,Friday   ,22,5,2,2026
235.19,1,1327,03:48:14.101352,Erick Gomes,Chácara Barros,Xodo-Marize,Almeida das Pedras,PI,Leite em Pó Infantil Huggies 90g,Homeopatia,235.19,2026-08-14,Friday   ,14,8,3,2026
481.77,3,2598,00:06:30.778341,Levi Câmara,Favela de Mendes,Funcionários,Nascimento de Azevedo,GO,Metformina Suspensão Oral 50ml - Aché,Genéricos,160.59,2025-10-27,Monday   ,27,10,4,2025
175.65,5,1163,12:41:50.797051,Levi Câmara,Favela de Mendes,Funcionários,Nascimento de Azevedo,GO,Dipirona Sódica Xarope 120ml - EMS (Genérico),Aparelhos Médicos,35.13,2025-11-10,Monday   ,10,11,4,2025
1049.4,5,2699,23:04:57.090827,Levi Câmara,Favela de Mendes,Funcionários,Nascimento de Azevedo,GO,Losartana Potássica Pomada 30g - Neo Química (Genérico),Dermocosméticos,209.88,2024-10-29,Tuesday  ,29,10,4,2024
1143.3,5,2797,12:27:19.115295,Levi Câmara,Favela de Mendes,Funcionários,Nascimento de Azevedo,GO,Pomada para Assaduras Listerine 400ml,Fitoterápicos,228.66,2025-08-26,Tuesday  ,26,8,3,2025
400.96,2,978,08:47:31.712631,Guilherme Moreira,Condomínio de Monteiro,São Vicente,Barros,SC,Metformina 25mg - 30 Comprimidos - EMS (Genérico),Cuidados com o Cabelo,200.48,2026-04-27,Monday   ,27,4,2,2026
488.32,4,448,01:29:06.202019,Guilherme Moreira,Condomínio de Monteiro,São Vicente,Barros,SC,Vacina contra Dermatite - Reforço,Primeiros Socorros,122.08,2026-09-01,Tuesday  ,1,9,3,2026
565.44,4,1328,18:21:13.968261,Dra. Emanuelly Monteiro,Trevo Alves,Santa Margarida,Casa Grande do Oeste,MT,Clonazepam Xarope 120ml - EMS (Genérico),Vacinas,141.36,2025-02-16,Sunday   ,16,2,1,2025
15.03,1,687,14:22:47.613385,Dra. Emanuelly Monteiro,Trevo Alves,Santa Margarida,Casa Grande do Oeste,MT,Vacina contra Pneumonia - Reforço,Produtos Ortopédicos,15.03,2025-07-02,Wednesday,2,7,3,2025
643.6,5,1637,12:46:07.293743,Dra. Emanuelly Monteiro,Trevo Alves,Santa Margarida,Casa Grande do Oeste,MT,Álcool em Gel 70% La Roche-Posay 50g,Antibióticos,128.72,2026-05-23,Saturday ,23,5,2,2026
43.81,1,2331,01:04:55.3614,Dra. Emanuelly Monteiro,Trevo Alves,Santa Margarida,Casa Grande do Oeste,MT,Lenço Umedecido Colgate FPS 50,Analgésicos,43.81,2025-02-14,Friday   ,14,2,1,2025
461.06,2,2876,23:19:21.389502,Apollo da Paz,Vereda de Fernandes,Madri,Silveira,BA,Fluoxetina Suspensão Oral 50ml - Aché,Vacinas,230.53,2025-11-22,Saturday ,22,11,4,2025
371.84,2,1817,08:02:38.927866,Apollo da Paz,Vereda de Fernandes,Madri,Silveira,BA,Creme Hidratante Bepantol FPS 50,Dermocosméticos,185.92,2026-05-29,Friday   ,29,5,2,2026
727.52,4,1712,06:15:44.414197,Clara Borges,Pátio de Albuquerque,Pilar,Câmara de Casa Grande,AM,Azitromicina Suspensão Oral 50ml - Neo Química (Genérico),Vacinas,181.88,2025-11-15,Saturday ,15,11,4,2025
314.52,2,2345,04:28:25.009289,Clara Borges,Pátio de Albuquerque,Pilar,Câmara de Casa Grande,AM,Atenolol 50mg - 30 Comprimidos - Medley (Genérico),Anti-inflamatórios,157.26,2025-11-23,Sunday   ,23,11,4,2025
131.25,5,26,23:33:32.550064,Clara Borges,Pátio de Albuquerque,Pilar,Câmara de Casa Grande,AM,Sérum Vitamina C Aptamil Tamanho M (40 un),Antibióticos,26.25,2025-01-15,Wednesday,15,1,1,2025
383.94,3,1463,00:28:47.848733,Clara Borges,Pátio de Albuquerque,Pilar,Câmara de Casa Grande,AM,Protetor Solar Corporal Huggies 50 Metros,Homeopatia,127.98,2024-11-16,Saturday ,16,11,4,2024
555.65,5,1121,14:20:21.758985,Samuel Barros,Passarela Rhavi da Rocha,Oeste,Macedo Alegre,RR,Fluoxetina Xarope 120ml - Bayer,Antialérgicos,111.13,2026-02-24,Tuesday  ,24,2,1,2026
444.38,2,248,13:35:17.504071,Eloah Leão,Área Benjamin Rios,Caiçara - Adelaide,Nogueira de Rios,PR,Amoxicilina Suspensão Oral 50ml - Neo Química (Genérico),Anti-inflamatórios,222.19,2025-08-25,Monday   ,25,8,3,2025
391.08000000000004,3,1938,03:57:26.289417,Eloah Leão,Área Benjamin Rios,Caiçara - Adelaide,Nogueira de Rios,PR,Loratadina Suspensão Oral 50ml - Neo Química (Genérico),Analgésicos,130.36,2024-10-19,Saturday ,19,10,4,2024
87.99,3,722,12:57:15.96877,Eloah Leão,Área Benjamin Rios,Caiçara - Adelaide,Nogueira de Rios,PR,Condicionador Hidratação Huggies 400ml,Antialérgicos,29.33,2025-11-16,Sunday   ,16,11,4,2025
94.27,1,2325,21:58:56.7517,Eloah Leão,Área Benjamin Rios,Caiçara - Adelaide,Nogueira de Rios,PR,Enxaguante Bucal Panvel 90g,Aparelhos Médicos,94.27,2026-06-15,Monday   ,15,6,2,2026
418.1,5,636,11:22:28.97298,Danilo Camargo,Trevo Freitas,Palmeiras,Barros,TO,Nimesulida Suspensão Oral 50ml - Neo Química (Genérico),Produtos Ortopédicos,83.62,2025-09-19,Friday   ,19,9,3,2025
245.78,2,1512,09:25:06.910337,João Gabriel Moreira,Conjunto Gustavo Henrique das Neves,Santa Lúcia,Marques Alegre,AL,Paracetamol 50mg - 30 Comprimidos - Medley (Genérico),Nutrição Infantil,122.89,2026-01-07,Wednesday,7,1,1,2026
434.72,2,177,09:24:33.388657,Murilo Silva,Condomínio Luara Camargo,Grotinha,Sousa,CE,Metformina 1g - 10 Comprimidos - Neo Química (Genérico),Aparelhos Médicos,217.36,2025-04-01,Tuesday  ,1,4,2,2025
645.5,5,1109,06:30:08.892307,Isabel Lopes,Loteamento da Rocha,Santo Agostinho,Ferreira do Amparo,AC,Metformina 1g - 10 Comprimidos - Aché,Fraldas e Infantis,129.1,2025-10-29,Wednesday,29,10,4,2025
162.85,5,1792,12:12:10.660548,Mirella das Neves,Loteamento Sales,Vila Jardim Montanhes,Nunes,AC,Paracetamol 500mg - 20 Comprimidos - Eurofarma,Fitoterápicos,32.57,2025-03-18,Tuesday  ,18,3,1,2025
786.6,4,649,23:21:03.690962,Mirella das Neves,Loteamento Sales,Vila Jardim Montanhes,Nunes,AC,Curativos (Band-Aid) G-Tech 90g,Aparelhos Médicos,196.65,2026-03-18,Wednesday,18,3,1,2026
94.2,2,2388,16:21:12.997331,Francisco Cavalcanti,Praia Amanda Viana,Alto Das Antenas,Macedo do Sul,DF,Amoxicilina 1g - 10 Comprimidos - Aché,Produtos Ortopédicos,47.1,2025-11-21,Friday   ,21,11,4,2025
340.09999999999997,5,501,20:45:19.164533,Francisco Cavalcanti,Praia Amanda Viana,Alto Das Antenas,Macedo do Sul,DF,Loratadina 500mg - 20 Comprimidos - EMS (Genérico),Cuidados com o Cabelo,68.02,2025-10-29,Wednesday,29,10,4,2025
729.04,4,2544,21:37:57.910592,Francisco Cavalcanti,Praia Amanda Viana,Alto Das Antenas,Macedo do Sul,DF,Vacina contra Trombose - Reforço,Fitoterápicos,182.26,2024-11-17,Sunday   ,17,11,4,2024
861,4,671,20:51:25.200161,Francisco Cavalcanti,Praia Amanda Viana,Alto Das Antenas,Macedo do Sul,DF,Lenço Umedecido Mió FPS 50,Saúde Bucal,215.25,2025-08-17,Sunday   ,17,8,3,2025
374.96999999999997,3,2725,10:22:56.899144,Francisco Cavalcanti,Praia Amanda Viana,Alto Das Antenas,Macedo do Sul,DF,Sérum Vitamina C Panvel FPS 70,Higiene Pessoal,124.99,2025-07-20,Sunday   ,20,7,3,2025
194.6,2,984,08:28:24.733728,Heitor Dias,Lago de da Rosa,Centro,da Rosa de Nascimento,PR,Fluoxetina Suspensão Oral 50ml - Medley (Genérico),Antidepressivos,97.3,2026-01-24,Saturday ,24,1,1,2026
91.74,3,1709,12:35:05.965168,Heitor Dias,Lago de da Rosa,Centro,da Rosa de Nascimento,PR,Fralda Descartável Colgate 50 Metros,Antidepressivos,30.58,2025-05-28,Wednesday,28,5,2,2025
839.52,4,2514,02:05:39.564362,Srta. Sarah da Cruz,Alameda de Nunes,Conjunto Novo Dom Bosco,Barbosa,DF,Losartana Potássica Pomada 30g - Neo Química (Genérico),Dermocosméticos,209.88,2025-03-12,Wednesday,12,3,1,2025
867.4,5,1443,01:41:07.322907,Srta. Sarah da Cruz,Alameda de Nunes,Conjunto Novo Dom Bosco,Barbosa,DF,Fralda Descartável Clear FPS 50,Antibióticos,173.48,2024-09-21,Saturday ,21,9,3,2024
383.44,2,1508,18:37:53.270721,Srta. Sarah da Cruz,Alameda de Nunes,Conjunto Novo Dom Bosco,Barbosa,DF,Creme Hidratante Listerine 500ml,Saúde Bucal,191.72,2024-09-25,Wednesday,25,9,3,2024
747.36,3,2547,23:01:32.374818,Pietra Fonseca,Praça de Azevedo,Luxemburgo,Cavalcante,RR,Tadalafila 25mg - 30 Comprimidos - Eurofarma,Antialérgicos,249.12,2026-06-09,Tuesday  ,9,6,2,2026
270.92,2,2333,17:25:58.597578,Agatha Mendonça,Praia de Guerra,Vila Jardim Leblon,da Luz de Ramos,SC,Vacina contra Refluxo - Dose Única,Cuidados com o Cabelo,135.46,2025-03-30,Sunday   ,30,3,1,2025
1041.8000000000002,5,2614,06:44:43.583287,Maria Isis Cunha,Favela Antony Pastor,Santa Terezinha,da Luz de Ramos,SC,Vacina contra Câncer de Pulmão - Dose Única,Antialérgicos,208.36,2025-12-20,Saturday ,20,12,4,2025
174.96,2,1500,18:52:46.540924,Maria Isis Cunha,Favela Antony Pastor,Santa Terezinha,da Luz de Ramos,SC,Fralda Descartável Aptamil 200ml,Anti-inflamatórios,87.48,2026-05-27,Wednesday,27,5,2,2026
602.13,3,2921,12:38:04.912132,Luiza Barros,Condomínio Isabel Pacheco,Marmiteiros,Barros de Fernandes,RR,Clonazepam 1g - 10 Comprimidos - Neo Química (Genérico),Analgésicos,200.71,2025-03-08,Saturday ,8,3,1,2025
247.15,5,1668,07:42:27.924293,Luiza Barros,Condomínio Isabel Pacheco,Marmiteiros,Barros de Fernandes,RR,Cefalexina Pomada 30g - Aché,Anti-inflamatórios,49.43,2026-01-24,Saturday ,24,1,1,2026
191.96,1,144,13:43:13.641947,Cecilia Sousa,Aeroporto Vicente Fernandes,Cônego Pinheiro 1ª Seção,Machado,PB,Hidroclorotiazida 25mg - 30 Comprimidos - Medley (Genérico),Antitérmicos,191.96,2026-09-04,Friday   ,4,9,3,2026
1159.2,5,598,14:44:03.493165,Cecilia Sousa,Aeroporto Vicente Fernandes,Cônego Pinheiro 1ª Seção,Machado,PB,Vacina contra Linfoma - Reforço,Nutrição Infantil,231.84,2025-01-18,Saturday ,18,1,1,2025
135.93,3,1916,04:45:57.351974,Cecilia Sousa,Aeroporto Vicente Fernandes,Cônego Pinheiro 1ª Seção,Machado,PB,Absorvente com Abas Bepantol 500ml,Analgésicos,45.31,2025-09-01,Monday   ,1,9,3,2025
608.28,4,2707,13:16:21.220024,Cecilia Sousa,Aeroporto Vicente Fernandes,Cônego Pinheiro 1ª Seção,Machado,PB,Shampoo Anticaspa Mió 400ml,Homeopatia,152.07,2026-07-22,Wednesday,22,7,3,2026
569.8,5,2534,18:39:00.673901,Mateus da Conceição,Praça Lunna Freitas,Itaipu,Nunes do Sul,MA,Sildenafila 50mg - 30 Comprimidos - Aché,Antidepressivos,113.96,2026-07-17,Friday   ,17,7,3,2026
35.11,1,564,07:01:55.172468,Mateus da Conceição,Praça Lunna Freitas,Itaipu,Nunes do Sul,MA,Omeprazol 50mg - 30 Comprimidos - EMS (Genérico),Fitoterápicos,35.11,2026-02-10,Tuesday  ,10,2,1,2026
640.8499999999999,5,639,11:09:52.89948,Mateus da Conceição,Praça Lunna Freitas,Itaipu,Nunes do Sul,MA,Losartana Potássica Gotas 20ml - Aché,Antidepressivos,128.17,2024-12-17,Tuesday  ,17,12,4,2024
147.75,3,906,19:30:21.578928,Mateus da Conceição,Praça Lunna Freitas,Itaipu,Nunes do Sul,MA,Hastes Flexíveis (Cotonetes) Pampers 500ml,Nutrição Infantil,49.25,2025-01-13,Monday   ,13,1,1,2025
1170.15,5,607,01:48:12.820378,Sabrina Fonseca,Largo Ana Carolina Albuquerque,Conjunto Santa Maria,Cavalcante,RR,Sinvastatina Xarope 120ml - Eurofarma,Saúde Bucal,234.03,2026-06-05,Friday   ,5,6,2,2026
70.22,2,845,10:05:07.070987,Sabrina Fonseca,Largo Ana Carolina Albuquerque,Conjunto Santa Maria,Cavalcante,RR,Omeprazol 50mg - 30 Comprimidos - EMS (Genérico),Fitoterápicos,35.11,2026-07-26,Sunday   ,26,7,3,2026
237.63,1,2237,06:04:18.408154,Sabrina Fonseca,Largo Ana Carolina Albuquerque,Conjunto Santa Maria,Cavalcante,RR,Vacina contra Arritmia - Reforço,Analgésicos,237.63,2026-07-29,Wednesday,29,7,3,2026
231.55,5,2977,03:59:47.44898,Hellena Cunha,Núcleo Ian Rezende,Capitão Eduardo,Novaes de Minas,PE,Metformina Xarope 120ml - Eurofarma,Antidepressivos,46.31,2025-05-19,Monday   ,19,5,2,2025
969.44,4,2077,11:15:28.16777,Hellena Cunha,Núcleo Ian Rezende,Capitão Eduardo,Novaes de Minas,PE,Atenolol 50mg - 30 Comprimidos - EMS (Genérico),Dermocosméticos,242.36,2025-03-03,Monday   ,3,3,1,2025
520.2,5,2248,00:04:06.014184,Hellena Cunha,Núcleo Ian Rezende,Capitão Eduardo,Novaes de Minas,PE,Vacina contra Gripe - Dose Única,Dermocosméticos,104.04,2025-03-08,Saturday ,8,3,1,2025
655.23,3,1479,01:16:51.538182,Hellena Cunha,Núcleo Ian Rezende,Capitão Eduardo,Novaes de Minas,PE,Creme Hidratante La Roche-Posay FPS 50,Vacinas,218.41,2025-07-23,Wednesday,23,7,3,2025
259.46,2,663,16:26:08.654278,Dra. Bruna Cirino,Viaduto de Cassiano,Baleia,Cassiano,SE,Losartana Potássica 500mg - 20 Comprimidos - Eurofarma,Primeiros Socorros,129.73,2026-07-13,Monday   ,13,7,3,2026
699.08,4,1170,11:11:14.220476,Dra. Bruna Cirino,Viaduto de Cassiano,Baleia,Cassiano,SE,Losartana Potássica Suspensão Oral 50ml - Aché,Vitaminas e Suplementos,174.77,2025-09-27,Saturday ,27,9,3,2025
358.64,2,2626,08:20:21.753722,Dra. Bruna Cirino,Viaduto de Cassiano,Baleia,Cassiano,SE,Ibuprofeno Suspensão Oral 50ml - Medley (Genérico),Homeopatia,179.32,2025-10-10,Friday   ,10,10,4,2025
324.92,2,2266,04:09:10.685725,Anthony da Paz,Praia de Sales,Betânia,Mendes das Flores,AL,Protetor Solar Corporal Sempre Livre 50 Metros,Aparelhos Médicos,162.46,2025-07-25,Friday   ,25,7,3,2025
762.44,4,966,20:43:43.319782,Raquel Sousa,Residencial Ramos,Santa Rita,Montenegro,SC,Fluoxetina 25mg - 30 Comprimidos - Eurofarma,Fitoterápicos,190.61,2024-09-23,Monday   ,23,9,3,2024
1158.5,5,290,21:16:50.282507,Raquel Sousa,Residencial Ramos,Santa Rita,Montenegro,SC,Losartana Potássica 50mg - 30 Comprimidos - EMS (Genérico),Vitaminas e Suplementos,231.7,2024-10-20,Sunday   ,20,10,4,2024
176.04,4,1220,00:55:46.726623,Raquel Sousa,Residencial Ramos,Santa Rita,Montenegro,SC,Sertralina Gotas 20ml - Aché,Dermocosméticos,44.01,2026-07-04,Saturday ,4,7,3,2026
266.06,2,1444,16:52:38.095565,Raquel Sousa,Residencial Ramos,Santa Rita,Montenegro,SC,Sertralina 1g - 10 Comprimidos - Aché,Primeiros Socorros,133.03,2026-08-30,Sunday   ,30,8,3,2026
672.35,5,472,15:53:27.534747,Raquel Sousa,Residencial Ramos,Santa Rita,Montenegro,SC,Nimesulida 50mg - 30 Comprimidos - EMS (Genérico),Anti-inflamatórios,134.47,2025-11-04,Tuesday  ,4,11,4,2025
675.1500000000001,3,2663,17:41:33.856221,Raquel Sousa,Residencial Ramos,Santa Rita,Montenegro,SC,Vacina contra Diabetes Tipo 2 - Reforço,Primeiros Socorros,225.05,2025-07-17,Thursday ,17,7,3,2025
159.24,4,864,20:18:53.222012,Mariah Nunes,Condomínio Rezende,Grotinha,Araújo da Prata,RR,Tadalafila 25mg - 30 Comprimidos - Aché,Antitérmicos,39.81,2025-02-19,Wednesday,19,2,1,2025
1021.25,5,314,01:33:26.316729,Mariah Nunes,Condomínio Rezende,Grotinha,Araújo da Prata,RR,Vacina contra Zika - Dose Única,Primeiros Socorros,204.25,2026-07-11,Saturday ,11,7,3,2026
81.96000000000001,3,65,17:45:05.032333,Mariah Nunes,Condomínio Rezende,Grotinha,Araújo da Prata,RR,Sabonete Líquido Vichy 500ml,Antitérmicos,27.32,2025-12-16,Tuesday  ,16,12,4,2025
917.9000000000001,5,2092,13:31:46.86862,Dra. Aurora Cunha,Feira Manuela Azevedo,Bandeirantes,Martins de Gonçalves,RS,Protetor Solar Corporal Rexona 150ml,Antibióticos,183.58,2025-07-29,Tuesday  ,29,7,3,2025
23.66,2,2781,02:04:22.256755,Dra. Aurora Cunha,Feira Manuela Azevedo,Bandeirantes,Martins de Gonçalves,RS,Protetor Solar Corporal CeraVe Tamanho G (32 un),Aparelhos Médicos,11.83,2026-06-14,Sunday   ,14,6,2,2026
411.66,2,328,23:24:05.346905,Srta. Júlia Cassiano,Pátio Cunha,Penha,da Mota de Oliveira,RS,Curativos (Band-Aid) Mió 200ml,Produtos Ortopédicos,205.83,2025-07-27,Sunday   ,27,7,3,2025
23.18,2,2896,08:04:39.381675,Samuel Câmara,Recanto Luiz Gustavo Freitas,Vila Batik,Casa Grande,AC,Sildenafila 500mg - 20 Comprimidos - Eurofarma,Analgésicos,11.59,2024-11-26,Tuesday  ,26,11,4,2024
605.7,5,2572,12:40:15.236887,Samuel Câmara,Recanto Luiz Gustavo Freitas,Vila Batik,Casa Grande,AC,Vacina contra Dengue - Dose Única,Vacinas,121.14,2026-01-07,Wednesday,7,1,1,2026
202.98,3,1701,12:58:40.766794,Samuel Câmara,Recanto Luiz Gustavo Freitas,Vila Batik,Casa Grande,AC,Vacina contra Hipertensão - Dose Única,Vacinas,67.66,2025-02-08,Saturday ,8,2,1,2025
297.8,5,1533,23:55:05.325303,Samuel Câmara,Recanto Luiz Gustavo Freitas,Vila Batik,Casa Grande,AC,Vacina contra Câncer de Próstata - Dose Única,Dermocosméticos,59.56,2026-06-19,Friday   ,19,6,2,2026
102.34,1,1888,13:34:08.712713,Zoe Pimenta,Via da Conceição,Santo Agostinho,Cirino,RJ,Sinvastatina Suspensão Oral 50ml - EMS (Genérico),Cuidados com o Cabelo,102.34,2025-10-02,Thursday ,2,10,4,2025
97.71000000000001,3,517,15:51:26.597981,Dr. Thomas Almeida,Fazenda Luiz Fernando Azevedo,Petropolis,Carvalho,MT,Paracetamol 500mg - 20 Comprimidos - Eurofarma,Fitoterápicos,32.57,2024-10-21,Monday   ,21,10,4,2024
379.90000000000003,5,2065,07:16:31.894771,Eloá Rocha,Campo Ribeiro,Vila Minaslandia,Nogueira de Rios,PR,Omeprazol 25mg - 30 Comprimidos - Bayer,Analgésicos,75.98,2026-03-29,Sunday   ,29,3,1,2026
124.64,1,1776,14:25:01.764867,Calebe Rocha,Viela Oliver Gomes,João Alfredo,Castro,CE,Escitalopram 25mg - 30 Comprimidos - Aché,Anti-inflamatórios,124.64,2025-08-31,Sunday   ,31,8,3,2025
943.2,4,1667,22:24:06.819041,Calebe Rocha,Viela Oliver Gomes,João Alfredo,Castro,CE,Diclofenaco 500mg - 20 Comprimidos - Eurofarma,Antibióticos,235.8,2025-03-23,Sunday   ,23,3,1,2025
403.59000000000003,3,2715,14:13:15.000903,Calebe Rocha,Viela Oliver Gomes,João Alfredo,Castro,CE,Ibuprofeno Gotas 20ml - Medley (Genérico),Antitérmicos,134.53,2025-03-03,Monday   ,3,3,1,2025
256.70000000000005,5,2583,10:29:03.997763,Calebe Rocha,Viela Oliver Gomes,João Alfredo,Castro,CE,Losartana Potássica 500mg - 20 Comprimidos - Bayer,Saúde Bucal,51.34,2026-08-03,Monday   ,3,8,3,2026
91.42,1,1235,05:27:40.857892,Calebe Rocha,Viela Oliver Gomes,João Alfredo,Castro,CE,Losartana Potássica Pomada 30g - Bayer,Nutrição Infantil,91.42,2026-03-27,Friday   ,27,3,1,2026
601.59,3,2581,03:03:40.796952,Calebe Rocha,Viela Oliver Gomes,João Alfredo,Castro,CE,Vacina contra Conjuntivite - Dose Única,Antidepressivos,200.53,2024-12-15,Sunday   ,15,12,4,2024
179.55,1,2425,08:26:00.275095,Luísa Gomes,Campo de Cirino,Jardim Leblon,Barbosa,DF,Paracetamol 1g - 10 Comprimidos - Aché,Primeiros Socorros,179.55,2025-12-29,Monday   ,29,12,4,2025
476.61,3,1024,09:41:36.627465,Luísa Gomes,Campo de Cirino,Jardim Leblon,Barbosa,DF,Vacina contra Refluxo - Reforço,Dermocosméticos,158.87,2026-06-17,Wednesday,17,6,2,2026
403.06,2,1645,12:46:05.134947,Luísa Gomes,Campo de Cirino,Jardim Leblon,Barbosa,DF,Sabonete em Barra Clear 50g,Analgésicos,201.53,2024-09-24,Tuesday  ,24,9,3,2024
774.4,5,456,14:08:11.788076,Rodrigo da Rocha,Viela Aylla Vieira,Cdi Jatoba,Moura,BA,Tadalafila 25mg - 30 Comprimidos - Neo Química (Genérico),Saúde Bucal,154.88,2026-03-03,Tuesday  ,3,3,1,2026
437.49,3,2993,13:22:12.701998,Rodrigo da Rocha,Viela Aylla Vieira,Cdi Jatoba,Moura,BA,Enxaguante Bucal Nivea 90g,Antibióticos,145.83,2026-08-03,Monday   ,3,8,3,2026
700.5600000000001,3,271,00:25:49.995749,Rodrigo da Rocha,Viela Aylla Vieira,Cdi Jatoba,Moura,BA,Creme Hidratante Colgate 150ml,Anti-inflamatórios,233.52,2025-04-12,Saturday ,12,4,2,2025
449.18999999999994,3,2417,01:12:32.107809,Rodrigo da Rocha,Viela Aylla Vieira,Cdi Jatoba,Moura,BA,Condicionador Hidratação Vichy FPS 50,Saúde Bucal,149.73,2026-03-06,Friday   ,6,3,1,2026
84.76,1,858,09:27:15.240853,Rafael Silveira,Núcleo Luiz Miguel Fogaça,União,Rezende,DF,Atenolol 50mg - 30 Comprimidos - Neo Química (Genérico),Vitaminas e Suplementos,84.76,2026-06-22,Monday   ,22,6,2,2026
231.64,1,1473,21:39:08.890302,Caio Barbosa,Lago de Pacheco,Vila Madre Gertrudes 4ª Seção,Barbosa,CE,Diclofenaco 1g - 10 Comprimidos - Eurofarma,Anti-inflamatórios,231.64,2024-12-28,Saturday ,28,12,4,2024
365.28,2,1153,05:01:00.534646,Caio Barbosa,Lago de Pacheco,Vila Madre Gertrudes 4ª Seção,Barbosa,CE,Hastes Flexíveis (Cotonetes) Mió 150ml,Vitaminas e Suplementos,182.64,2024-11-28,Thursday ,28,11,4,2024
122.16,2,1846,09:19:18.199049,Luiza Andrade,Largo Cavalcante,Fernão Dias,Moraes,DF,Condicionador Hidratação Nivea 50g,Fraldas e Infantis,61.08,2026-03-13,Friday   ,13,3,1,2026
163.6,1,985,16:58:38.496509,Ana Carolina Abreu,Praça de Macedo,Barão Homem De Melo 1ª Seção,Aparecida,CE,Enalapril Suspensão Oral 50ml - Aché,Vitaminas e Suplementos,163.6,2025-07-17,Thursday ,17,7,3,2025
95.95,5,2956,16:27:27.848533,Ana Carolina Abreu,Praça de Macedo,Barão Homem De Melo 1ª Seção,Aparecida,CE,Nimesulida 1g - 10 Comprimidos - Eurofarma,Produtos Ortopédicos,19.19,2024-09-19,Thursday ,19,9,3,2024
229.85,1,676,11:15:16.345129,Dra. Pietra Moraes,Pátio Carvalho,Braúnas,Brito Alegre,MS,Álcool em Gel 70% CeraVe 150ml,Genéricos,229.85,2024-11-17,Sunday   ,17,11,4,2024
94.27,1,52,12:39:06.684507,Dra. Pietra Moraes,Pátio Carvalho,Braúnas,Brito Alegre,MS,Enxaguante Bucal Panvel 90g,Aparelhos Médicos,94.27,2026-06-17,Wednesday,17,6,2,2026
207.88,2,1377,09:23:51.93361,Sr. Léo Freitas,Feira Porto,Santa Lúcia,Azevedo de Leão,MS,Clonazepam 500mg - 20 Comprimidos - Medley (Genérico),Dermocosméticos,103.94,2025-05-02,Friday   ,2,5,2,2025
189.75,3,566,12:12:31.132747,Sr. Léo Freitas,Feira Porto,Santa Lúcia,Azevedo de Leão,MS,Curativos (Band-Aid) La Roche-Posay 400ml,Antibióticos,63.25,2025-05-07,Wednesday,7,5,2,2025
415.5,3,2513,00:43:39.62871,Nicole Pastor,Praia Cavalcante,Piraja,Andrade Alegre,DF,Loratadina Suspensão Oral 50ml - Bayer,Homeopatia,138.5,2026-07-13,Monday   ,13,7,3,2026
219.20000000000002,5,1401,08:09:35.154774,Nicole Pastor,Praia Cavalcante,Piraja,Andrade Alegre,DF,Azitromicina 1g - 10 Comprimidos - Eurofarma,Antitérmicos,43.84,2025-11-09,Sunday   ,9,11,4,2025
136.6,5,876,00:11:52.708799,Nicole Pastor,Praia Cavalcante,Piraja,Andrade Alegre,DF,Sabonete Líquido Vichy 500ml,Antitérmicos,27.32,2026-03-30,Monday   ,30,3,1,2026
148.29,3,152,11:32:18.182336,Léo da Rosa,Rodovia Leandro da Mata,Primeiro De Maio,Cirino,RJ,Cefalexina Pomada 30g - Aché,Anti-inflamatórios,49.43,2026-03-16,Monday   ,16,3,1,2026
541.84,4,1471,01:46:31.745439,Léo da Rosa,Rodovia Leandro da Mata,Primeiro De Maio,Cirino,RJ,Vacina contra Refluxo - Dose Única,Cuidados com o Cabelo,135.46,2025-11-20,Thursday ,20,11,4,2025
143.24,2,2656,21:33:55.23581,Léo da Rosa,Rodovia Leandro da Mata,Primeiro De Maio,Cirino,RJ,Desodorante Roll-on Nivea FPS 70,Anti-inflamatórios,71.62,2024-12-26,Thursday ,26,12,4,2024
73.5,2,306,22:35:30.969683,Henry Vieira,Praça Matteo Ramos,Leonina,Pacheco de Novaes,PR,Tadalafila Pomada 30g - Aché,Vitaminas e Suplementos,36.75,2025-12-08,Monday   ,8,12,4,2025
401.84,4,2588,11:46:24.443,Luiz Felipe Pires,Aeroporto Aragão,Paulo Vi,Sampaio,SC,Pantoprazol 500mg - 20 Comprimidos - Medley (Genérico),Antialérgicos,100.46,2025-07-11,Friday   ,11,7,3,2025
116.19999999999999,5,1114,03:41:21.261961,Maria Laura Dias,Recanto Guerra,Conjunto Lagoa,Siqueira do Norte,RO,Diclofenaco Suspensão Oral 50ml - Eurofarma,Higiene Pessoal,23.24,2026-07-27,Monday   ,27,7,3,2026
245.79,1,1925,03:17:08.572345,Maria Laura Dias,Recanto Guerra,Conjunto Lagoa,Siqueira do Norte,RO,Diclofenaco 500mg - 20 Comprimidos - Neo Química (Genérico),Antidepressivos,245.79,2026-03-09,Monday   ,9,3,1,2026
106.58,1,2741,02:30:20.805365,Maria Laura Dias,Recanto Guerra,Conjunto Lagoa,Siqueira do Norte,RO,Água Micelar Colgate 50g,Fitoterápicos,106.58,2026-02-27,Friday   ,27,2,1,2026
111.06,1,2308,21:45:15.78805,Sra. Cecília Gonçalves,Esplanada Leão,Belmonte,Almeida das Pedras,PI,Azitromicina Gotas 20ml - Eurofarma,Anti-inflamatórios,111.06,2026-04-24,Friday   ,24,4,2,2026
42.36,2,2659,18:55:58.048081,Sra. Cecília Gonçalves,Esplanada Leão,Belmonte,Almeida das Pedras,PI,Nimesulida 25mg - 30 Comprimidos - Bayer,Antitérmicos,21.18,2024-10-30,Wednesday,30,10,4,2024
202.53,1,346,02:01:03.204957,Sra. Cecília Gonçalves,Esplanada Leão,Belmonte,Almeida das Pedras,PI,Azitromicina 50mg - 30 Comprimidos - Medley (Genérico),Homeopatia,202.53,2026-05-28,Thursday ,28,5,2,2026
328.54,2,2850,10:55:10.83323,Sra. Cecília Gonçalves,Esplanada Leão,Belmonte,Almeida das Pedras,PI,Azitromicina Gotas 20ml - Aché,Primeiros Socorros,164.27,2024-11-24,Sunday   ,24,11,4,2024
52.21,1,1670,18:05:22.971318,Maitê Andrade,Parque Erick Duarte,Pantanal,Fonseca de Cavalcante,AP,Tadalafila Suspensão Oral 50ml - EMS (Genérico),Vacinas,52.21,2026-04-21,Tuesday  ,21,4,2,2026
575.88,3,2433,07:04:27.249936,Maitê Andrade,Parque Erick Duarte,Pantanal,Fonseca de Cavalcante,AP,Hidroclorotiazida 25mg - 30 Comprimidos - Medley (Genérico),Antitérmicos,191.96,2025-09-26,Friday   ,26,9,3,2025
51.5,5,2415,15:50:58.10131,Maitê Andrade,Parque Erick Duarte,Pantanal,Fonseca de Cavalcante,AP,Água Micelar Nivea 500ml,Homeopatia,10.3,2025-08-26,Tuesday  ,26,8,3,2025
225.56,4,42,06:07:14.123056,Cauê Fonseca,Parque Sales,Carlos Prates,Sales,PE,Diclofenaco 50mg - 30 Comprimidos - Eurofarma,Antidepressivos,56.39,2025-01-21,Tuesday  ,21,1,1,2025
391.32,4,1625,02:09:28.077632,Cauê Fonseca,Parque Sales,Carlos Prates,Sales,PE,Pantoprazol 25mg - 30 Comprimidos - Aché,Homeopatia,97.83,2024-11-25,Monday   ,25,11,4,2024
667.53,3,339,11:37:51.548897,Cauê Fonseca,Parque Sales,Carlos Prates,Sales,PE,Pomada para Assaduras Needs FPS 50,Antialérgicos,222.51,2025-03-20,Thursday ,20,3,1,2025
104.92,1,333,00:36:22.288033,Cauê Fonseca,Parque Sales,Carlos Prates,Sales,PE,Protetor Solar Corporal CeraVe Tamanho M (40 un),Fitoterápicos,104.92,2026-03-05,Thursday ,5,3,1,2026
1137.35,5,1372,16:17:33.158135,Cauê Fonseca,Parque Sales,Carlos Prates,Sales,PE,Absorvente com Abas Rexona FPS 70,Fitoterápicos,227.47,2026-05-03,Sunday   ,3,5,2,2026
401.42,2,2399,23:43:43.1618,Srta. Elisa Almeida,Parque Nina Costa,Silveira,Castro,CE,Clonazepam 1g - 10 Comprimidos - Neo Química (Genérico),Analgésicos,200.71,2026-05-09,Saturday ,9,5,2,2026
202.27,1,2923,20:40:39.380892,Srta. Elisa Almeida,Parque Nina Costa,Silveira,Castro,CE,Pantoprazol 1g - 10 Comprimidos - Bayer,Cuidados com o Cabelo,202.27,2025-02-15,Saturday ,15,2,1,2025
360.12,4,2498,06:46:47.100698,Srta. Elisa Almeida,Parque Nina Costa,Silveira,Castro,CE,Sérum Vitamina C Needs FPS 50,Vitaminas e Suplementos,90.03,2024-12-29,Sunday   ,29,12,4,2024
843.2,4,1156,00:52:08.466364,Srta. Elisa Almeida,Parque Nina Costa,Silveira,Castro,CE,Lenço Umedecido G-Tech 500ml,Antidepressivos,210.8,2025-12-31,Wednesday,31,12,4,2025
902.92,4,2039,16:05:11.984731,Breno Mendonça,Esplanada Albuquerque,Tres Marias,Brito,MS,Fluoxetina 500mg - 20 Comprimidos - Neo Química (Genérico),Antitérmicos,225.73,2025-12-02,Tuesday  ,2,12,4,2025
488.72,4,867,13:33:41.866546,Breno Mendonça,Esplanada Albuquerque,Tres Marias,Brito,MS,Escitalopram Gotas 20ml - Neo Química (Genérico),Vitaminas e Suplementos,122.18,2026-01-04,Sunday   ,4,1,1,2026
574.48,4,2424,08:04:44.694213,Breno Mendonça,Esplanada Albuquerque,Tres Marias,Brito,MS,Protetor Solar Corporal La Roche-Posay 90g,Aparelhos Médicos,143.62,2025-03-04,Tuesday  ,4,3,1,2025
428.66999999999996,3,186,21:54:45.697448,Benjamim Azevedo,Residencial Yuri Gomes,Santa Margarida,da Rocha do Amparo,RN,Escitalopram 25mg - 30 Comprimidos - Bayer,Aparelhos Médicos,142.89,2026-04-27,Monday   ,27,4,2,2026
15.03,1,977,15:51:01.366884,Benjamim Azevedo,Residencial Yuri Gomes,Santa Margarida,da Rocha do Amparo,RN,Vacina contra Pneumonia - Reforço,Produtos Ortopédicos,15.03,2026-01-14,Wednesday,14,1,1,2026
23.66,2,1104,19:43:42.565063,Benjamim Azevedo,Residencial Yuri Gomes,Santa Margarida,da Rocha do Amparo,RN,Protetor Solar Corporal CeraVe Tamanho G (32 un),Aparelhos Médicos,11.83,2025-09-12,Friday   ,12,9,3,2025
50.28,1,866,05:18:30.018752,Dr. Cauã Câmara,Quadra de da Luz,Prado,Cassiano do Oeste,PB,Metformina Gotas 20ml - Bayer,Saúde Bucal,50.28,2025-11-29,Saturday ,29,11,4,2025
594.42,3,2681,01:16:32.875031,João Cirino,Condomínio de Rezende,Esplanada,Lopes de Goiás,SE,Sertralina 1g - 10 Comprimidos - Neo Química (Genérico),Aparelhos Médicos,198.14,2025-01-17,Friday   ,17,1,1,2025
98.82,2,1509,07:38:00.640394,João Cirino,Condomínio de Rezende,Esplanada,Lopes de Goiás,SE,Vacina contra Anemia - Reforço,Aparelhos Médicos,49.41,2025-11-12,Wednesday,12,11,4,2025
206.2,1,303,00:02:14.361826,Leandro Pires,Praia de Fernandes,Cachoeirinha,Brito,MT,Cefalexina 50mg - 30 Comprimidos - Aché,Aparelhos Médicos,206.2,2026-07-28,Tuesday  ,28,7,3,2026
954.12,4,496,06:09:47.276317,Leandro Pires,Praia de Fernandes,Cachoeirinha,Brito,MT,Condicionador Hidratação Needs Tamanho M (40 un),Genéricos,238.53,2026-03-06,Friday   ,6,3,1,2026
616.44,4,911,03:15:09.270325,Carlos Eduardo Melo,Praia de Aparecida,Planalto,Macedo Alegre,RR,Clonazepam 1g - 10 Comprimidos - EMS (Genérico),Antitérmicos,154.11,2025-07-04,Friday   ,4,7,3,2025
729.6899999999999,3,1507,23:34:14.556195,Carlos Eduardo Melo,Praia de Aparecida,Planalto,Macedo Alegre,RR,Sertralina Gotas 20ml - Eurofarma,Cuidados com o Cabelo,243.23,2026-05-28,Thursday ,28,5,2,2026
967.92,4,1541,06:58:32.345285,Carlos Eduardo Melo,Praia de Aparecida,Planalto,Macedo Alegre,RR,Escitalopram Suspensão Oral 50ml - Eurofarma,Vitaminas e Suplementos,241.98,2026-08-18,Tuesday  ,18,8,3,2026
370.44,3,84,03:30:59.815171,Carlos Eduardo Melo,Praia de Aparecida,Planalto,Macedo Alegre,RR,Sérum Vitamina C Mió 400ml,Antitérmicos,123.48,2026-08-02,Sunday   ,2,8,3,2026
237.39,3,563,09:31:02.203781,Carlos Eduardo Melo,Praia de Aparecida,Planalto,Macedo Alegre,RR,Álcool em Gel 70% Vichy 150ml,Saúde Bucal,79.13,2025-12-12,Friday   ,12,12,4,2025
79.25,1,47,09:56:46.636283,Léo Barbosa,Alameda da Cunha,Conjunto Minas Caixa,Pereira,SP,Diclofenaco Pomada 30g - EMS (Genérico),Produtos Ortopédicos,79.25,2025-11-21,Friday   ,21,11,4,2025
487.86,2,1598,21:56:55.866328,Léo Barbosa,Alameda da Cunha,Conjunto Minas Caixa,Pereira,SP,Curativos (Band-Aid) CeraVe FPS 50,Nutrição Infantil,243.93,2025-11-15,Saturday ,15,11,4,2025
62.91,3,1560,17:19:51.920122,Ravi da Costa,Setor Benício Gonçalves,Vila Santa Monica 2ª Seção,Barbosa,DF,Fralda Descartável Nivea FPS 70,Homeopatia,20.97,2025-11-01,Saturday ,1,11,4,2025
91.74,3,111,06:26:04.917326,Ravi da Costa,Setor Benício Gonçalves,Vila Santa Monica 2ª Seção,Barbosa,DF,Fralda Descartável Colgate 50 Metros,Antidepressivos,30.58,2026-01-31,Saturday ,31,1,1,2026
199.66,2,364,09:21:47.989404,José Viana,Lago Sales,Vila Rica,Ramos,AC,Sildenafila 1g - 10 Comprimidos - Eurofarma,Antidepressivos,99.83,2025-12-18,Thursday ,18,12,4,2025
729.6899999999999,3,2794,11:48:58.255447,José Viana,Lago Sales,Vila Rica,Ramos,AC,Sertralina Gotas 20ml - Eurofarma,Cuidados com o Cabelo,243.23,2025-02-04,Tuesday  ,4,2,1,2025
207.32,2,817,12:43:44.228282,José Viana,Lago Sales,Vila Rica,Ramos,AC,Losartana Potássica Xarope 120ml - EMS (Genérico),Dermocosméticos,103.66,2024-12-05,Thursday ,5,12,4,2024
51.5,5,156,00:11:57.944758,Sr. Matheus Ribeiro,Área de Mendes,Monte São José,Barros Grande,RJ,Água Micelar Nivea 500ml,Homeopatia,10.3,2025-09-16,Tuesday  ,16,9,3,2025
216.01,1,99,03:22:51.659666,Sr. Matheus Ribeiro,Área de Mendes,Monte São José,Barros Grande,RJ,Curativos (Band-Aid) Clear FPS 50,Vacinas,216.01,2026-05-31,Sunday   ,31,5,2,2026
154.02,3,2698,21:39:43.519224,Giovanna Barbosa,Feira Nunes,Bandeirantes,Nogueira,PA,Losartana Potássica 500mg - 20 Comprimidos - Bayer,Saúde Bucal,51.34,2026-03-02,Monday   ,2,3,1,2026
90.62,2,2667,05:41:48.345662,Giovanna Barbosa,Feira Nunes,Bandeirantes,Nogueira,PA,Absorvente com Abas Bepantol 500ml,Analgésicos,45.31,2025-04-08,Tuesday  ,8,4,2,2025
216.1,2,2035,02:58:36.64744,Giovanna Barbosa,Feira Nunes,Bandeirantes,Nogueira,PA,Condicionador Hidratação G-Tech FPS 50,Produtos Ortopédicos,108.05,2025-12-22,Monday   ,22,12,4,2025
101.19,3,79,01:56:00.832002,Noah Castro,Distrito de Gonçalves,Esperança,Ramos,AC,Paracetamol Xarope 120ml - Neo Química (Genérico),Higiene Pessoal,33.73,2025-01-29,Wednesday,29,1,1,2025
77.47,1,1326,20:58:23.21895,Noah Castro,Distrito de Gonçalves,Esperança,Ramos,AC,Curativos (Band-Aid) Huggies 150ml,Vitaminas e Suplementos,77.47,2024-12-09,Monday   ,9,12,4,2024
222.60000000000002,3,190,05:09:56.096214,Eloá Rodrigues,Vereda Carolina Porto,Vila Calafate,Alves de da Conceição,AC,Vacina contra Parkinson - Reforço,Fraldas e Infantis,74.2,2026-04-24,Friday   ,24,4,2,2026
71.4,4,726,06:10:30.835754,Eloá Rodrigues,Vereda Carolina Porto,Vila Calafate,Alves de da Conceição,AC,Pomada para Assaduras Dove FPS 70,Fraldas e Infantis,17.85,2024-10-24,Thursday ,24,10,4,2024
87.5,2,2201,17:02:40.631511,Raquel Cavalcanti,Morro Moraes,Alto Caiçaras,da Rocha da Prata,RN,Escitalopram 1g - 10 Comprimidos - Aché,Primeiros Socorros,43.75,2025-03-28,Friday   ,28,3,1,2025
92.31,3,1188,20:35:25.048362,Raquel Cavalcanti,Morro Moraes,Alto Caiçaras,da Rocha da Prata,RN,Fluoxetina Gotas 20ml - Medley (Genérico),Aparelhos Médicos,30.77,2025-04-23,Wednesday,23,4,2,2025
424.08000000000004,3,2569,17:24:39.693408,Raquel Cavalcanti,Morro Moraes,Alto Caiçaras,da Rocha da Prata,RN,Clonazepam Xarope 120ml - EMS (Genérico),Vacinas,141.36,2025-10-24,Friday   ,24,10,4,2025
160.77,1,1186,22:41:19.088475,Raquel Cavalcanti,Morro Moraes,Alto Caiçaras,da Rocha da Prata,RN,Vacina contra Hepatite A - Dose Única,Analgésicos,160.77,2025-05-26,Monday   ,26,5,2,2025
297.8,5,1966,19:54:52.026244,Raquel Cavalcanti,Morro Moraes,Alto Caiçaras,da Rocha da Prata,RN,Vacina contra Câncer de Próstata - Dose Única,Dermocosméticos,59.56,2025-09-17,Wednesday,17,9,3,2025
1001.35,5,1981,03:59:47.949417,Raquel Cavalcanti,Morro Moraes,Alto Caiçaras,da Rocha da Prata,RN,Hastes Flexíveis (Cotonetes) Nivea 50 Metros,Fitoterápicos,200.27,2026-04-06,Monday   ,6,4,2,2026
248.6,1,2682,21:08:04.105528,Srta. Eloá Nascimento,Residencial Cassiano,Heliopolis,Vieira de Minas,PB,Sertralina Xarope 120ml - Medley (Genérico),Anti-inflamatórios,248.6,2026-07-14,Tuesday  ,14,7,3,2026
940.44,4,1322,01:19:07.590053,Srta. Eloá Nascimento,Residencial Cassiano,Heliopolis,Vieira de Minas,PB,Cefalexina 500mg - 20 Comprimidos - Medley (Genérico),Antitérmicos,235.11,2025-07-19,Saturday ,19,7,3,2025
295.58,2,2146,08:09:52.996116,Srta. Eloá Nascimento,Residencial Cassiano,Heliopolis,Vieira de Minas,PB,Água Micelar CeraVe 90g,Primeiros Socorros,147.79,2026-06-18,Thursday ,18,6,2,2026
209.84,2,150,14:22:42.793943,Srta. Eloá Nascimento,Residencial Cassiano,Heliopolis,Vieira de Minas,PB,Protetor Solar Corporal CeraVe Tamanho M (40 un),Fitoterápicos,104.92,2025-01-11,Saturday ,11,1,1,2025
62.48,4,2194,01:10:13.276358,Fernando da Rocha,Ladeira de Costa,Conjunto Serra Verde,Brito,MT,Diclofenaco 50mg - 30 Comprimidos - Medley (Genérico),Vitaminas e Suplementos,15.62,2025-01-26,Sunday   ,26,1,1,2025
168.56,1,2317,06:54:46.681119,Fernando da Rocha,Ladeira de Costa,Conjunto Serra Verde,Brito,MT,Losartana Potássica Pomada 30g - EMS (Genérico),Nutrição Infantil,168.56,2025-01-04,Saturday ,4,1,1,2025
676.8,3,2070,08:56:35.451312,Fernando da Rocha,Ladeira de Costa,Conjunto Serra Verde,Brito,MT,Diclofenaco Xarope 120ml - Neo Química (Genérico),Primeiros Socorros,225.6,2026-07-01,Wednesday,1,7,3,2026
58.17,1,1296,03:01:55.578223,Fernando da Rocha,Ladeira de Costa,Conjunto Serra Verde,Brito,MT,Protetor Solar Corporal Bepantol 50 Metros,Vitaminas e Suplementos,58.17,2026-06-26,Friday   ,26,6,2,2026
350.56,4,2549,09:45:17.24019,Guilherme Novais,Trevo Cauê Pires,Campo Alegre,Peixoto das Flores,RJ,Loratadina 25mg - 30 Comprimidos - Eurofarma,Nutrição Infantil,87.64,2025-11-26,Wednesday,26,11,4,2025
66.74,2,2177,09:58:13.774277,Guilherme Novais,Trevo Cauê Pires,Campo Alegre,Peixoto das Flores,RJ,Protetor Solar Corporal Needs Tamanho M (40 un),Antibióticos,33.37,2026-08-25,Tuesday  ,25,8,3,2026
95.62,1,40,12:46:40.210698,Guilherme Novais,Trevo Cauê Pires,Campo Alegre,Peixoto das Flores,RJ,Sabonete em Barra Huggies 200ml,Antitérmicos,95.62,2025-05-14,Wednesday,14,5,2,2025
227.94,3,2462,13:21:27.67158,João Miguel Pereira,Feira de Ramos,Oeste,Cirino,RJ,Omeprazol 25mg - 30 Comprimidos - Bayer,Analgésicos,75.98,2025-11-18,Tuesday  ,18,11,4,2025
509.52,4,1002,23:48:23.509859,João Miguel Pereira,Feira de Ramos,Oeste,Cirino,RJ,Vacina contra Insônia - Reforço,Homeopatia,127.38,2026-05-31,Sunday   ,31,5,2,2026
301.84999999999997,5,347,02:33:48.159002,João Miguel Pereira,Feira de Ramos,Oeste,Cirino,RJ,Hidroclorotiazida Xarope 120ml - Bayer,Cuidados com o Cabelo,60.37,2026-02-21,Saturday ,21,2,1,2026
296.08,2,1910,13:44:58.450009,João Miguel Pereira,Feira de Ramos,Oeste,Cirino,RJ,Vacina contra Lúpus - Dose Única,Antibióticos,148.04,2025-09-05,Friday   ,5,9,3,2025
35.23,1,2658,10:55:19.24,João Miguel Pereira,Feira de Ramos,Oeste,Cirino,RJ,Condicionador Hidratação G-Tech Tamanho G (32 un),Analgésicos,35.23,2025-09-20,Saturday ,20,9,3,2025
218.29999999999998,5,430,22:11:09.316169,Igor da Mota,Viaduto de Pimenta,Nova Floresta,Farias da Prata,RN,Hidroclorotiazida Gotas 20ml - Medley (Genérico),Aparelhos Médicos,43.66,2025-04-07,Monday   ,7,4,2,2025
853.75,5,1146,01:44:07.373903,Igor da Mota,Viaduto de Pimenta,Nova Floresta,Farias da Prata,RN,Dipirona Sódica Pomada 30g - EMS (Genérico),Antitérmicos,170.75,2026-07-03,Friday   ,3,7,3,2026
652.56,4,57,12:41:58.013341,Igor da Mota,Viaduto de Pimenta,Nova Floresta,Farias da Prata,RN,Creme Dental Clear 50g,Antidepressivos,163.14,2025-09-15,Monday   ,15,9,3,2025
896.4,4,2096,04:37:39.469891,Igor da Mota,Viaduto de Pimenta,Nova Floresta,Farias da Prata,RN,Água Micelar Needs FPS 50,Genéricos,224.1,2025-09-04,Thursday ,4,9,3,2025
104.12,1,2404,22:00:45.624522,Igor da Mota,Viaduto de Pimenta,Nova Floresta,Farias da Prata,RN,Pomada para Assaduras Panvel 200ml,Primeiros Socorros,104.12,2024-12-16,Monday   ,16,12,4,2024
1049,5,2646,12:55:46.949684,Igor da Mota,Viaduto de Pimenta,Nova Floresta,Farias da Prata,RN,Termômetro Digital Nivea 50 Metros,Antidepressivos,209.8,2025-09-26,Friday   ,26,9,3,2025
47.62,1,2906,18:16:17.667261,Nicolas Fonseca,Esplanada Josué Correia,Mirtes,Nunes do Sul,MA,Vacina contra Câncer de Mama - Dose Única,Cuidados com o Cabelo,47.62,2026-04-11,Saturday ,11,4,2,2026
83.88,4,2130,23:40:33.707249,Nicolas Fonseca,Esplanada Josué Correia,Mirtes,Nunes do Sul,MA,Fralda Descartável Nivea FPS 70,Homeopatia,20.97,2025-03-30,Sunday   ,30,3,1,2025
497.2,2,39,01:08:47.431978,Gustavo Henrique Campos,Avenida Cecilia Garcia,Alto Caiçaras,Lopes dos Dourados,PB,Sertralina Xarope 120ml - Medley (Genérico),Anti-inflamatórios,248.6,2025-02-18,Tuesday  ,18,2,1,2025
699.63,3,2262,19:09:56.846521,Gustavo Henrique Campos,Avenida Cecilia Garcia,Alto Caiçaras,Lopes dos Dourados,PB,Vacina contra Epilepsia - Dose Única,Fitoterápicos,233.21,2025-02-14,Friday   ,14,2,1,2025
346.26,3,233,04:09:35.901327,Gustavo Henrique Campos,Avenida Cecilia Garcia,Alto Caiçaras,Lopes dos Dourados,PB,Creme Dental Sempre Livre FPS 50,Analgésicos,115.42,2025-12-27,Saturday ,27,12,4,2025
127,5,11,17:19:37.771853,Gustavo Henrique Campos,Avenida Cecilia Garcia,Alto Caiçaras,Lopes dos Dourados,PB,Curativos (Band-Aid) Vichy FPS 70,Fraldas e Infantis,25.4,2025-04-21,Monday   ,21,4,2,2025
38.04,4,5,21:44:25.051371,Diogo Casa Grande,Condomínio Aurora Cardoso,Vila Copasa,Brito Alegre,MS,Dipirona Sódica Gotas 20ml - EMS (Genérico),Aparelhos Médicos,9.51,2026-08-25,Tuesday  ,25,8,3,2026
28.46,1,1801,05:25:09.263402,Diogo Casa Grande,Condomínio Aurora Cardoso,Vila Copasa,Brito Alegre,MS,Amoxicilina Gotas 20ml - Medley (Genérico),Antidepressivos,28.46,2026-08-09,Sunday   ,9,8,3,2026
18.84,3,2150,11:32:50.942926,Diogo Casa Grande,Condomínio Aurora Cardoso,Vila Copasa,Brito Alegre,MS,Sinvastatina 1g - 10 Comprimidos - Eurofarma,Antidepressivos,6.28,2025-12-22,Monday   ,22,12,4,2025
88.17,1,2937,03:55:08.732132,Diogo Casa Grande,Condomínio Aurora Cardoso,Vila Copasa,Brito Alegre,MS,Curativos (Band-Aid) CeraVe 200ml,Nutrição Infantil,88.17,2026-05-01,Friday   ,1,5,2,2026
58.77,1,1595,14:59:00.600788,Oliver da Rocha,Distrito Maria Cecília Viana,Santa Monica,Cavalcante da Serra,RJ,Loratadina 1g - 10 Comprimidos - Neo Química (Genérico),Primeiros Socorros,58.77,2026-04-18,Saturday ,18,4,2,2026
703.2,4,2970,00:45:48.559832,Oliver da Rocha,Distrito Maria Cecília Viana,Santa Monica,Cavalcante da Serra,RJ,Sertralina Suspensão Oral 50ml - Bayer,Antibióticos,175.8,2025-06-12,Thursday ,12,6,2,2025
422.3,2,1889,11:43:50.020925,Oliver da Rocha,Distrito Maria Cecília Viana,Santa Monica,Cavalcante da Serra,RJ,Clonazepam 25mg - 30 Comprimidos - Aché,Antialérgicos,211.15,2026-05-24,Sunday   ,24,5,2,2026
35.49,3,291,07:57:58.680774,Oliver da Rocha,Distrito Maria Cecília Viana,Santa Monica,Cavalcante da Serra,RJ,Protetor Solar Corporal CeraVe Tamanho G (32 un),Aparelhos Médicos,11.83,2024-09-22,Sunday   ,22,9,3,2024
56.85,1,442,11:06:16.892511,Danilo Montenegro,Distrito da Costa,São Jorge 1ª Seção,da Mata de Pereira,RR,Fluoxetina Xarope 120ml - Medley (Genérico),Dermocosméticos,56.85,2025-07-28,Monday   ,28,7,3,2025
97.71000000000001,3,400,09:00:44.276098,Danilo Montenegro,Distrito da Costa,São Jorge 1ª Seção,da Mata de Pereira,RR,Paracetamol 500mg - 20 Comprimidos - Eurofarma,Fitoterápicos,32.57,2026-07-26,Sunday   ,26,7,3,2026
821.35,5,2285,07:34:47.791647,Maria Liz Cunha,Distrito Cavalcante,Santo André,Gomes,AM,Azitromicina Gotas 20ml - Aché,Primeiros Socorros,164.27,2025-06-08,Sunday   ,8,6,2,2025
285.92,4,2441,15:35:34.817136,Maria Liz Cunha,Distrito Cavalcante,Santo André,Gomes,AM,Lenço Umedecido Sempre Livre Tamanho G (32 un),Anti-inflamatórios,71.48,2025-04-24,Thursday ,24,4,2,2025
114.2,2,1176,16:43:26.398604,Apollo Sousa,Rodovia de Dias,São José,Campos,PE,Tadalafila 500mg - 20 Comprimidos - Aché,Aparelhos Médicos,57.1,2025-11-16,Sunday   ,16,11,4,2025
301.16,2,465,13:59:44.279678,Apollo Sousa,Rodovia de Dias,São José,Campos,PE,Ibuprofeno Xarope 120ml - Bayer,Higiene Pessoal,150.58,2025-01-31,Friday   ,31,1,1,2025
44.14,2,1026,01:40:19.834334,Apollo Sousa,Rodovia de Dias,São José,Campos,PE,Azitromicina 500mg - 20 Comprimidos - Neo Química (Genérico),Antitérmicos,22.07,2025-02-16,Sunday   ,16,2,1,2025
129.62,2,1225,07:54:16.551907,Maria Luísa Castro,Rua Pimenta,Jardim Atlântico,Cavalcante da Serra,RJ,Vacina contra Hipotensão - Reforço,Antidepressivos,64.81,2026-01-08,Thursday ,8,1,1,2026
182.37,1,885,10:37:51.666176,Maria Luísa Castro,Rua Pimenta,Jardim Atlântico,Cavalcante da Serra,RJ,Protetor Solar Corporal Bepantol FPS 70,Homeopatia,182.37,2025-11-27,Thursday ,27,11,4,2025
655.23,3,1397,14:11:02.796487,Maria Luísa Castro,Rua Pimenta,Jardim Atlântico,Cavalcante da Serra,RJ,Creme Hidratante La Roche-Posay FPS 50,Vacinas,218.41,2025-10-04,Saturday ,4,10,4,2025
985.3,5,2047,12:28:00.188003,Erick Fonseca,Travessa João Miguel Peixoto,Vila São Paulo,Cirino,RJ,Metformina 500mg - 20 Comprimidos - Bayer,Antitérmicos,197.06,2026-05-07,Thursday ,7,5,2,2026
15.62,1,1195,20:46:01.929151,Erick Fonseca,Travessa João Miguel Peixoto,Vila São Paulo,Cirino,RJ,Diclofenaco 50mg - 30 Comprimidos - Medley (Genérico),Vitaminas e Suplementos,15.62,2025-03-24,Monday   ,24,3,1,2025
371.9,2,162,02:56:58.180892,Erick Fonseca,Travessa João Miguel Peixoto,Vila São Paulo,Cirino,RJ,Soro Fisiológico Panvel 200ml,Dermocosméticos,185.95,2025-12-15,Monday   ,15,12,4,2025
297.08,2,1520,16:03:43.084662,Ana Jesus,Vale de Cunha,Leonina,Azevedo de Minas,RJ,Atenolol Gotas 20ml - Neo Química (Genérico),Nutrição Infantil,148.54,2024-10-10,Thursday ,10,10,4,2024
36.75,1,1979,22:17:45.021138,Ana Jesus,Vale de Cunha,Leonina,Azevedo de Minas,RJ,Tadalafila Pomada 30g - Aché,Vitaminas e Suplementos,36.75,2026-09-07,Monday   ,7,9,3,2026
325.74,2,1935,08:06:27.38583,Ana Jesus,Vale de Cunha,Leonina,Azevedo de Minas,RJ,Metformina 50mg - 30 Comprimidos - Bayer,Antialérgicos,162.87,2025-08-11,Monday   ,11,8,3,2025
983.9,5,2170,13:19:34.702326,Ana Jesus,Vale de Cunha,Leonina,Azevedo de Minas,RJ,Vacina contra Cirrose - Reforço,Analgésicos,196.78,2026-06-04,Thursday ,4,6,2,2026
169.17000000000002,3,2649,20:12:17.334397,João Miguel Ferreira,Trecho Maya da Cruz,Ipe,Freitas Alegre,PB,Diclofenaco 50mg - 30 Comprimidos - Eurofarma,Antidepressivos,56.39,2025-07-05,Saturday ,5,7,3,2025
224.2,4,1321,02:14:40.82168,João Miguel Ferreira,Trecho Maya da Cruz,Ipe,Freitas Alegre,PB,Amoxicilina 1g - 10 Comprimidos - EMS (Genérico),Antidepressivos,56.05,2026-01-13,Tuesday  ,13,1,1,2026
933.68,4,2484,18:01:28.624334,João Miguel Ferreira,Trecho Maya da Cruz,Ipe,Freitas Alegre,PB,Fralda Descartável G-Tech 200ml,Fitoterápicos,233.42,2025-07-22,Tuesday  ,22,7,3,2025
583.38,3,317,02:17:12.976744,Ester Vasconcelos,Favela de da Rocha,Corumbiara,Castro de Jesus,GO,Clonazepam Suspensão Oral 50ml - Medley (Genérico),Vitaminas e Suplementos,194.46,2025-02-08,Saturday ,8,2,1,2025
233.91,1,2641,04:14:14.03585,Ester Vasconcelos,Favela de da Rocha,Corumbiara,Castro de Jesus,GO,Pantoprazol Pomada 30g - Medley (Genérico),Dermocosméticos,233.91,2026-02-11,Wednesday,11,2,1,2026
506.28,4,1568,08:31:45.554743,Ester Vasconcelos,Favela de da Rocha,Corumbiara,Castro de Jesus,GO,Enalapril 500mg - 20 Comprimidos - Medley (Genérico),Analgésicos,126.57,2026-07-01,Wednesday,1,7,3,2026
153.85,5,80,16:38:19.076182,Júlia das Neves,Estação Ana Carolina Vasconcelos,Senhor Dos Passos,Ferreira de Sampaio,PB,Fluoxetina Gotas 20ml - Medley (Genérico),Aparelhos Médicos,30.77,2024-09-25,Wednesday,25,9,3,2024
236.57999999999998,3,1089,05:30:17.913307,Júlia das Neves,Estação Ana Carolina Vasconcelos,Senhor Dos Passos,Ferreira de Sampaio,PB,Vacina contra Resfriado - Dose Única,Cuidados com o Cabelo,78.86,2026-01-13,Tuesday  ,13,1,1,2026
612.75,3,504,19:18:46.116524,Júlia das Neves,Estação Ana Carolina Vasconcelos,Senhor Dos Passos,Ferreira de Sampaio,PB,Vacina contra Zika - Dose Única,Primeiros Socorros,204.25,2026-01-12,Monday   ,12,1,1,2026
169.28,4,1399,18:25:51.57611,Maitê Souza,Aeroporto de Sá,Barão Homem De Melo 2ª Seção,Montenegro,SC,Metformina Suspensão Oral 50ml - Eurofarma,Cuidados com o Cabelo,42.32,2025-04-29,Tuesday  ,29,4,2,2025
921.08,4,2283,19:22:46.318654,Maitê Souza,Aeroporto de Sá,Barão Homem De Melo 2ª Seção,Montenegro,SC,Vacina contra Alzheimer - Reforço,Nutrição Infantil,230.27,2026-05-28,Thursday ,28,5,2,2026
217.36,1,1554,06:02:17.800644,Maitê Souza,Aeroporto de Sá,Barão Homem De Melo 2ª Seção,Montenegro,SC,Vacina contra Gastrite - Reforço,Antibióticos,217.36,2026-02-08,Sunday   ,8,2,1,2026
165.57,1,1761,23:35:23.046685,Rafaela Fernandes,Lago Campos,Copacabana,Alves,BA,Clonazepam Pomada 30g - Aché,Fraldas e Infantis,165.57,2026-04-16,Thursday ,16,4,2,2026
338.52,4,2401,01:38:58.54512,Rafaela Fernandes,Lago Campos,Copacabana,Alves,BA,Diclofenaco 25mg - 30 Comprimidos - Neo Química (Genérico),Anti-inflamatórios,84.63,2026-03-06,Friday   ,6,3,1,2026
504.81000000000006,3,2094,01:11:38.617025,Rafaela Fernandes,Lago Campos,Copacabana,Alves,BA,Pomada para Assaduras Mió 500ml,Vacinas,168.27,2026-05-23,Saturday ,23,5,2,2026
420.04,4,1742,01:00:34.159981,Rafaela Fernandes,Lago Campos,Copacabana,Alves,BA,Lenço Umedecido Huggies Tamanho G (32 un),Dermocosméticos,105.01,2026-07-06,Monday   ,6,7,3,2026
465.68,4,226,01:56:31.930368,Ana Julia da Mata,Trecho Maria Ribeiro,Minaslandia,Carvalho,DF,Fralda Descartável Aptamil 50 Metros,Dermocosméticos,116.42,2025-08-22,Friday   ,22,8,3,2025
357.94,2,2792,13:34:25.233255,Rafaela Moura,Estação Thiago Sampaio,Santo Agostinho,Ferreira de Ferreira,AC,Losartana Potássica 500mg - 20 Comprimidos - Neo Química (Genérico),Aparelhos Médicos,178.97,2026-02-01,Sunday   ,1,2,1,2026
71.75,1,197,21:23:13.457972,Rafaela Moura,Estação Thiago Sampaio,Santo Agostinho,Ferreira de Ferreira,AC,Hidroclorotiazida 50mg - 30 Comprimidos - Eurofarma,Saúde Bucal,71.75,2025-02-15,Saturday ,15,2,1,2025
188.35,1,2273,17:34:35.89743,Isabela Cassiano,Praça de Pinto,Silveira,da Paz das Flores,PR,Omeprazol 500mg - 20 Comprimidos - EMS (Genérico),Vitaminas e Suplementos,188.35,2025-12-07,Sunday   ,7,12,4,2025
916.36,4,1828,03:37:56.479018,Isabela Cassiano,Praça de Pinto,Silveira,da Paz das Flores,PR,Clonazepam 1g - 10 Comprimidos - Bayer,Antitérmicos,229.09,2025-01-09,Thursday ,9,1,1,2025
337.54,2,1250,14:43:51.674818,Isabela Cassiano,Praça de Pinto,Silveira,da Paz das Flores,PR,Tadalafila Xarope 120ml - Bayer,Antibióticos,168.77,2026-02-23,Monday   ,23,2,1,2026
484.86,3,1612,10:47:47.63319,Theodoro Rodrigues,Rodovia Erick Caldeira,Vila São Gabriel,Sampaio da Serra,MT,Atenolol Xarope 120ml - Aché,Fraldas e Infantis,161.62,2025-07-22,Tuesday  ,22,7,3,2025
363.42,3,1796,19:18:39.810055,Juan Azevedo,Feira Fernandes,Vitoria Da Conquista,Machado,PB,Vacina contra Dengue - Dose Única,Vacinas,121.14,2025-10-28,Tuesday  ,28,10,4,2025
198.14,1,2632,11:04:44.708384,Sr. Daniel Monteiro,Lagoa Anthony da Luz,Grota,Nunes,SP,Sertralina 1g - 10 Comprimidos - Neo Química (Genérico),Aparelhos Médicos,198.14,2025-02-25,Tuesday  ,25,2,1,2025
749.36,4,198,05:33:31.675462,Maria Abreu,Vila Luiz Miguel Aparecida,Horto,da Luz de Ramos,SC,Atenolol 1g - 10 Comprimidos - Neo Química (Genérico),Analgésicos,187.34,2024-10-23,Wednesday,23,10,4,2024
12.56,2,2845,00:19:01.365189,Maria Abreu,Vila Luiz Miguel Aparecida,Horto,da Luz de Ramos,SC,Sinvastatina 1g - 10 Comprimidos - Eurofarma,Antidepressivos,6.28,2025-09-06,Saturday ,6,9,3,2025
1012.65,5,2587,05:01:56.921657,Maria Abreu,Vila Luiz Miguel Aparecida,Horto,da Luz de Ramos,SC,Azitromicina 50mg - 30 Comprimidos - Medley (Genérico),Homeopatia,202.53,2026-08-09,Sunday   ,9,8,3,2026
721.24,4,766,22:27:09.135068,Maria Abreu,Vila Luiz Miguel Aparecida,Horto,da Luz de Ramos,SC,Protetor Solar Facial La Roche-Posay FPS 70,Antitérmicos,180.31,2025-05-13,Tuesday  ,13,5,2,2025
484.86,3,1601,21:23:20.520392,Pedro Mendonça,Aeroporto José Miguel Ramos,Santa Maria,da Conceição,DF,Atenolol Xarope 120ml - Aché,Fraldas e Infantis,161.62,2024-12-13,Friday   ,13,12,4,2024
225.73,1,609,19:48:19.249455,Pedro Mendonça,Aeroporto José Miguel Ramos,Santa Maria,da Conceição,DF,Fluoxetina 500mg - 20 Comprimidos - Neo Química (Genérico),Antitérmicos,225.73,2026-05-07,Thursday ,7,5,2,2026
545.64,3,2960,22:15:56.740745,Pedro Mendonça,Aeroporto José Miguel Ramos,Santa Maria,da Conceição,DF,Azitromicina Suspensão Oral 50ml - Neo Química (Genérico),Vacinas,181.88,2026-08-27,Thursday ,27,8,3,2026
31.35,1,19,12:11:56.028729,Pedro Mendonça,Aeroporto José Miguel Ramos,Santa Maria,da Conceição,DF,Azitromicina Xarope 120ml - Medley (Genérico),Antibióticos,31.35,2026-02-15,Sunday   ,15,2,1,2026
237.72,1,544,20:41:42.672361,Pedro Mendonça,Aeroporto José Miguel Ramos,Santa Maria,da Conceição,DF,Dipirona Sódica 50mg - 30 Comprimidos - Medley (Genérico),Antibióticos,237.72,2026-02-27,Friday   ,27,2,1,2026
909.4,5,871,09:44:21.382008,Luísa Cirino,Parque de Santos,Mangabeiras,Duarte Verde,RO,Azitromicina Suspensão Oral 50ml - Neo Química (Genérico),Vacinas,181.88,2025-03-16,Sunday   ,16,3,1,2025
467.82,2,2410,08:56:27.133069,Luísa Cirino,Parque de Santos,Mangabeiras,Duarte Verde,RO,Pantoprazol Pomada 30g - Medley (Genérico),Dermocosméticos,233.91,2026-02-15,Sunday   ,15,2,1,2026
104.56,2,635,18:02:32.051211,Ana Rodrigues,Passarela João Felipe Silva,Prado,Mendes das Flores,AL,Atenolol 50mg - 30 Comprimidos - Eurofarma,Higiene Pessoal,52.28,2026-04-27,Monday   ,27,4,2,2026
113.92,1,2264,13:48:31.470811,Ana Rodrigues,Passarela João Felipe Silva,Prado,Mendes das Flores,AL,Hidroclorotiazida 500mg - 20 Comprimidos - Medley (Genérico),Saúde Bucal,113.92,2024-12-26,Thursday ,26,12,4,2024
810.45,5,2983,17:05:38.46501,Ana Rodrigues,Passarela João Felipe Silva,Prado,Mendes das Flores,AL,Vacina contra Hepatite B - Dose Única,Vacinas,162.09,2025-04-02,Wednesday,2,4,2,2025
363.65999999999997,3,965,17:20:11.482533,Ana Rodrigues,Passarela João Felipe Silva,Prado,Mendes das Flores,AL,Lenço Umedecido Rexona FPS 50,Antibióticos,121.22,2025-08-07,Thursday ,7,8,3,2025
152.88,2,1976,07:22:51.280137,Dr. Murilo Casa Grande,Vale Igor Dias,São Gonçalo,Barbosa dos Dourados,RN,Nimesulida 500mg - 20 Comprimidos - EMS (Genérico),Saúde Bucal,76.44,2024-11-19,Tuesday  ,19,11,4,2024
209.12,4,1641,05:19:43.521023,Dr. Murilo Casa Grande,Vale Igor Dias,São Gonçalo,Barbosa dos Dourados,RN,Atenolol 50mg - 30 Comprimidos - Eurofarma,Higiene Pessoal,52.28,2025-03-29,Saturday ,29,3,1,2025
81.03,3,158,13:17:50.893266,Dr. Murilo Casa Grande,Vale Igor Dias,São Gonçalo,Barbosa dos Dourados,RN,Ibuprofeno 25mg - 30 Comprimidos - Bayer,Dermocosméticos,27.01,2025-01-31,Friday   ,31,1,1,2025
632.4000000000001,3,1280,02:04:51.35011,Dr. Murilo Casa Grande,Vale Igor Dias,São Gonçalo,Barbosa dos Dourados,RN,Lenço Umedecido G-Tech 500ml,Antidepressivos,210.8,2024-12-24,Tuesday  ,24,12,4,2024
27.44,1,569,02:46:02.053418,Dr. Murilo Casa Grande,Vale Igor Dias,São Gonçalo,Barbosa dos Dourados,RN,Curativos (Band-Aid) Sempre Livre 90g,Antitérmicos,27.44,2026-02-02,Monday   ,2,2,1,2026
287.56,2,81,11:52:47.478719,Isadora Martins,Praia Marques,Grajaú,da Mota do Campo,CE,Tadalafila Pomada 30g - Neo Química (Genérico),Produtos Ortopédicos,143.78,2025-05-01,Thursday ,1,5,2,2025
521.44,4,2548,10:54:46.699908,Isadora Martins,Praia Marques,Grajaú,da Mota do Campo,CE,Loratadina Suspensão Oral 50ml - Neo Química (Genérico),Analgésicos,130.36,2025-12-23,Tuesday  ,23,12,4,2025
147.63,3,1850,21:47:15.670702,Isadora Martins,Praia Marques,Grajaú,da Mota do Campo,CE,Vacina contra Câncer de Próstata - Reforço,Nutrição Infantil,49.21,2025-12-18,Thursday ,18,12,4,2025
806.12,4,738,13:14:59.969795,Isadora Martins,Praia Marques,Grajaú,da Mota do Campo,CE,Sabonete em Barra Clear 50g,Analgésicos,201.53,2025-08-17,Sunday   ,17,8,3,2025
438.02,2,630,01:28:05.686913,Isadora Martins,Praia Marques,Grajaú,da Mota do Campo,CE,Sérum Vitamina C Rexona 200ml,Vacinas,219.01,2025-11-04,Tuesday  ,4,11,4,2025
938.8,4,2301,11:19:05.724638,Olívia Mendonça,Quadra de Silveira,Jardim América,Sousa,TO,Omeprazol Pomada 30g - Neo Química (Genérico),Primeiros Socorros,234.7,2025-04-02,Wednesday,2,4,2,2025
938.8,4,927,03:49:40.439583,Olívia Mendonça,Quadra de Silveira,Jardim América,Sousa,TO,Omeprazol Pomada 30g - Neo Química (Genérico),Primeiros Socorros,234.7,2025-08-10,Sunday   ,10,8,3,2025
372.12,3,765,22:20:44.87294,Sophia Pacheco,Núcleo de Silveira,Salgado Filho,Cassiano do Oeste,PB,Cefalexina 25mg - 30 Comprimidos - Neo Química (Genérico),Antitérmicos,124.04,2026-05-23,Saturday ,23,5,2,2026
430.5,2,2167,09:28:23.368336,Sophia Pacheco,Núcleo de Silveira,Salgado Filho,Cassiano do Oeste,PB,Lenço Umedecido Mió FPS 50,Saúde Bucal,215.25,2026-05-14,Thursday ,14,5,2,2026
1086.8000000000002,5,955,14:33:11.854843,Sophia Pacheco,Núcleo de Silveira,Salgado Filho,Cassiano do Oeste,PB,Vacina contra Gastrite - Reforço,Antibióticos,217.36,2024-12-16,Monday   ,16,12,4,2024
10.48,1,1961,22:46:19.469981,Sophia Pacheco,Núcleo de Silveira,Salgado Filho,Cassiano do Oeste,PB,Condicionador Hidratação Vichy 90g,Vacinas,10.48,2026-01-06,Tuesday  ,6,1,1,2026
543.72,3,967,03:25:38.771342,Maria Eduarda Dias,Avenida Stella Dias,Vila Jardim São José,Sousa,TO,Cefalexina Suspensão Oral 50ml - Medley (Genérico),Vacinas,181.24,2026-07-15,Wednesday,15,7,3,2026
169.88,2,1064,05:54:37.540393,Maria Eduarda Dias,Avenida Stella Dias,Vila Jardim São José,Sousa,TO,Enalapril 500mg - 20 Comprimidos - Bayer,Nutrição Infantil,84.94,2024-11-24,Sunday   ,24,11,4,2024
45.94,2,865,09:41:24.536794,Maria Eduarda Dias,Avenida Stella Dias,Vila Jardim São José,Sousa,TO,Termômetro Digital Mió FPS 70,Produtos Ortopédicos,22.97,2024-11-18,Monday   ,18,11,4,2024
216.1,2,2664,13:46:38.934822,Maria Eduarda Dias,Avenida Stella Dias,Vila Jardim São José,Sousa,TO,Condicionador Hidratação G-Tech FPS 50,Produtos Ortopédicos,108.05,2025-11-26,Wednesday,26,11,4,2025
866.9499999999999,5,440,11:08:36.579982,Guilherme Pinto,Viela Nascimento,Senhor Dos Passos,Siqueira do Norte,RO,Atenolol Xarope 120ml - Medley (Genérico),Fitoterápicos,173.39,2024-10-11,Friday   ,11,10,4,2024
488.32,4,1564,21:22:52.853221,Dra. Maria Clara da Rocha,Esplanada de Mendes,Xodo-Marize,Carvalho,MT,Vacina contra Dermatite - Reforço,Primeiros Socorros,122.08,2026-04-21,Tuesday  ,21,4,2,2026
425.6,2,126,14:07:10.302308,Dra. Maria Clara da Rocha,Esplanada de Mendes,Xodo-Marize,Carvalho,MT,Desodorante Aerosol Panvel FPS 50,Vitaminas e Suplementos,212.8,2024-10-12,Saturday ,12,10,4,2024
158.71,1,2710,13:20:38.899244,Natália da Cruz,Recanto de Freitas,Inconfidência,Araújo,MS,Absorvente com Abas Clear 150ml,Aparelhos Médicos,158.71,2025-09-01,Monday   ,1,9,3,2025
60.12,4,1642,10:50:00.476845,Srta. Bianca Cunha,Núcleo Cunha,São Salvador,da Rosa,MS,Vacina contra Pneumonia - Reforço,Produtos Ortopédicos,15.03,2024-11-04,Monday   ,4,11,4,2024
488.64,2,2819,03:24:58.227648,Srta. Bianca Cunha,Núcleo Cunha,São Salvador,da Rosa,MS,Soro Fisiológico Johnson's Tamanho M (40 un),Primeiros Socorros,244.32,2024-12-30,Monday   ,30,12,4,2024
360.28,4,1416,00:48:35.189426,Ana Vitória Guerra,Campo Emanuella Campos,Vila Piratininga Venda Nova,Alves do Oeste,SP,Cefalexina Xarope 120ml - Aché,Produtos Ortopédicos,90.07,2026-09-03,Thursday ,3,9,3,2026
618.96,4,1537,04:10:16.431016,Esther Machado,Vila Lucca Jesus,Cidade Jardim Taquaril,Nunes,SE,Escitalopram 1g - 10 Comprimidos - Medley (Genérico),Aparelhos Médicos,154.74,2026-04-27,Monday   ,27,4,2,2026
296.8,4,15,15:26:54.027849,Esther Machado,Vila Lucca Jesus,Cidade Jardim Taquaril,Nunes,SE,Vacina contra Parkinson - Reforço,Fraldas e Infantis,74.2,2026-06-02,Tuesday  ,2,6,2,2026
489.41999999999996,3,1636,19:15:27.77288,Esther Machado,Vila Lucca Jesus,Cidade Jardim Taquaril,Nunes,SE,Creme Dental Clear 50g,Antidepressivos,163.14,2025-08-18,Monday   ,18,8,3,2025
109.76,4,1255,02:27:58.520522,Esther Machado,Vila Lucca Jesus,Cidade Jardim Taquaril,Nunes,SE,Curativos (Band-Aid) Sempre Livre 90g,Antitérmicos,27.44,2024-11-13,Wednesday,13,11,4,2024
234.98,1,2763,18:05:57.158949,Benjamim Rios,Distrito Sabrina Caldeira,Barreiro,Machado da Serra,MS,Enalapril Gotas 20ml - Bayer,Antitérmicos,234.98,2025-10-04,Saturday ,4,10,4,2025
646.3499999999999,3,1149,21:56:53.429804,Benjamim Rios,Distrito Sabrina Caldeira,Barreiro,Machado da Serra,MS,Vacina contra Gota - Dose Única,Antidepressivos,215.45,2026-01-13,Tuesday  ,13,1,1,2026
269.06,2,567,06:02:42.698154,Luiz Miguel Caldeira,Setor da Paz,Vila Do Pombal,Rocha,RS,Ibuprofeno Gotas 20ml - Medley (Genérico),Antitérmicos,134.53,2026-06-15,Monday   ,15,6,2,2026
729.2,5,805,14:59:39.034638,Luiz Miguel Caldeira,Setor da Paz,Vila Do Pombal,Rocha,RS,Paracetamol 500mg - 20 Comprimidos - Neo Química (Genérico),Homeopatia,145.84,2024-12-02,Monday   ,2,12,4,2024
233.42,1,1700,16:03:23.313528,Luiz Miguel Caldeira,Setor da Paz,Vila Do Pombal,Rocha,RS,Fralda Descartável G-Tech 200ml,Fitoterápicos,233.42,2026-01-24,Saturday ,24,1,1,2026
233.36,4,2560,01:59:35.202096,Sara Leão,Travessa de Siqueira,São João Batista,Câmara do Galho,RO,Tadalafila 25mg - 30 Comprimidos - EMS (Genérico),Dermocosméticos,58.34,2026-05-07,Thursday ,7,5,2,2026
225.6,1,1050,18:39:19.480503,Sara Leão,Travessa de Siqueira,São João Batista,Câmara do Galho,RO,Diclofenaco Xarope 120ml - Neo Química (Genérico),Primeiros Socorros,225.6,2025-01-22,Wednesday,22,1,1,2025
518.92,4,388,02:46:25.097637,Breno Camargo,Campo Sarah das Neves,Boa União 2ª Seção,das Neves,MT,Losartana Potássica 500mg - 20 Comprimidos - Eurofarma,Primeiros Socorros,129.73,2025-11-07,Friday   ,7,11,4,2025
385.24,4,1894,11:49:37.116827,Breno Camargo,Campo Sarah das Neves,Boa União 2ª Seção,das Neves,MT,Azitromicina 25mg - 30 Comprimidos - Neo Química (Genérico),Higiene Pessoal,96.31,2025-12-28,Sunday   ,28,12,4,2025
93.88,2,2609,22:06:11.11387,Breno Camargo,Campo Sarah das Neves,Boa União 2ª Seção,das Neves,MT,Dipirona Sódica 50mg - 30 Comprimidos - EMS (Genérico),Saúde Bucal,46.94,2025-01-26,Sunday   ,26,1,1,2025
106.53,1,2383,23:37:17.437753,Dr. Marcelo Freitas,Ladeira de Cunha,Acaba Mundo,da Cunha,AM,Enalapril 50mg - 30 Comprimidos - Medley (Genérico),Higiene Pessoal,106.53,2025-11-26,Wednesday,26,11,4,2025
487.38,3,122,18:14:35.595611,Dr. Marcelo Freitas,Ladeira de Cunha,Acaba Mundo,da Cunha,AM,Protetor Solar Corporal Sempre Livre 50 Metros,Aparelhos Médicos,162.46,2026-05-31,Sunday   ,31,5,2,2026
115.83,3,2483,17:06:03.826054,Sr. Noah Moraes,Fazenda Rezende,Boa União 2ª Seção,Rezende,DF,Metformina Pomada 30g - Bayer,Genéricos,38.61,2026-04-30,Thursday ,30,4,2,2026
955.5,5,1070,00:08:49.153647,Sr. Noah Moraes,Fazenda Rezende,Boa União 2ª Seção,Rezende,DF,Diclofenaco Xarope 120ml - Eurofarma,Aparelhos Médicos,191.1,2026-08-04,Tuesday  ,4,8,3,2026
426.12,4,402,11:53:13.491999,Aurora Melo,Conjunto Raul Sampaio,Conjunto Serra Verde,Martins do Amparo,ES,Enalapril 50mg - 30 Comprimidos - Medley (Genérico),Higiene Pessoal,106.53,2026-07-20,Monday   ,20,7,3,2026
262.86,3,278,06:09:04.257056,Aurora Melo,Conjunto Raul Sampaio,Conjunto Serra Verde,Martins do Amparo,ES,Sildenafila 25mg - 30 Comprimidos - Medley (Genérico),Antialérgicos,87.62,2024-10-04,Friday   ,4,10,4,2024
461.84999999999997,3,247,19:28:58.585087,Aurora Melo,Conjunto Raul Sampaio,Conjunto Serra Verde,Martins do Amparo,ES,Sildenafila 1g - 10 Comprimidos - Bayer,Antialérgicos,153.95,2026-06-23,Tuesday  ,23,6,2,2026
445.02,2,637,00:07:03.803668,Aurora Melo,Conjunto Raul Sampaio,Conjunto Serra Verde,Martins do Amparo,ES,Pomada para Assaduras Needs FPS 50,Antialérgicos,222.51,2026-05-16,Saturday ,16,5,2,2026
178.46,2,2693,16:27:29.605147,Aurora Melo,Conjunto Raul Sampaio,Conjunto Serra Verde,Martins do Amparo,ES,Álcool em Gel 70% Mió 90g,Analgésicos,89.23,2024-12-13,Friday   ,13,12,4,2024
130.52,2,69,19:54:20.497777,Leandro Fogaça,Via Enzo Gabriel Cavalcante,Santa Lúcia,Nunes,AC,Hidroclorotiazida 1g - 10 Comprimidos - Medley (Genérico),Saúde Bucal,65.26,2025-01-16,Thursday ,16,1,1,2025
43.62,3,2770,12:22:42.948969,Leandro Fogaça,Via Enzo Gabriel Cavalcante,Santa Lúcia,Nunes,AC,Amoxicilina Gotas 20ml - Aché,Aparelhos Médicos,14.54,2025-05-21,Wednesday,21,5,2,2025
193.05,5,644,19:09:22.116192,Leandro Fogaça,Via Enzo Gabriel Cavalcante,Santa Lúcia,Nunes,AC,Metformina Pomada 30g - Bayer,Genéricos,38.61,2026-05-23,Saturday ,23,5,2,2026
241.98,1,1730,00:50:54.43917,Leandro Fogaça,Via Enzo Gabriel Cavalcante,Santa Lúcia,Nunes,AC,Escitalopram Suspensão Oral 50ml - Eurofarma,Vitaminas e Suplementos,241.98,2024-10-30,Wednesday,30,10,4,2024
745.8,3,958,00:54:39.103831,Sr. Otto Barbosa,Lago de Ramos,Sagrada Família,Lopes de Goiás,SE,Sertralina Xarope 120ml - Medley (Genérico),Anti-inflamatórios,248.6,2025-08-07,Thursday ,7,8,3,2025
483.06000000000006,3,596,14:52:33.844296,Maria Luísa da Cunha,Ladeira Câmara,Esplanada,Gonçalves das Pedras,PR,Escitalopram Gotas 20ml - Eurofarma,Antibióticos,161.02,2026-05-15,Friday   ,15,5,2,2026
30.900000000000002,3,1565,10:09:19.355142,Maria Luísa da Cunha,Ladeira Câmara,Esplanada,Gonçalves das Pedras,PR,Água Micelar Nivea 500ml,Homeopatia,10.3,2026-08-02,Sunday   ,2,8,3,2026
191.82,1,1175,11:02:57.450413,Maria Luísa da Cunha,Ladeira Câmara,Esplanada,Gonçalves das Pedras,PR,Lenço Umedecido La Roche-Posay 50 Metros,Antidepressivos,191.82,2025-04-08,Tuesday  ,8,4,2,2025
162.46,1,100,18:52:26.086762,Maria Luísa da Cunha,Ladeira Câmara,Esplanada,Gonçalves das Pedras,PR,Protetor Solar Corporal Sempre Livre 50 Metros,Aparelhos Médicos,162.46,2026-05-25,Monday   ,25,5,2,2026
252.5,5,189,21:26:00.18177,Maria Júlia Andrade,Estação Raul Albuquerque,Conjunto Novo Dom Bosco,Pastor,MG,Metformina Pomada 30g - Aché,Fraldas e Infantis,50.5,2026-08-17,Monday   ,17,8,3,2026
762.44,4,315,12:16:22.557113,Lorenzo Ferreira,Campo Renan da Paz,Alípio De Melo,da Costa,PE,Fluoxetina 25mg - 30 Comprimidos - Eurofarma,Fitoterápicos,190.61,2025-07-04,Friday   ,4,7,3,2025
165.38,2,1323,09:51:43.209402,Lorenzo Ferreira,Campo Renan da Paz,Alípio De Melo,da Costa,PE,Paracetamol Pomada 30g - Medley (Genérico),Antitérmicos,82.69,2025-07-10,Thursday ,10,7,3,2025
203.12,2,433,10:57:10.027908,Lorenzo Ferreira,Campo Renan da Paz,Alípio De Melo,da Costa,PE,Nimesulida 25mg - 30 Comprimidos - Medley (Genérico),Antitérmicos,101.56,2025-01-06,Monday   ,6,1,1,2025
386.44,2,1683,22:34:03.390872,Lorenzo Ferreira,Campo Renan da Paz,Alípio De Melo,da Costa,PE,Atenolol 25mg - 30 Comprimidos - Aché,Higiene Pessoal,193.22,2026-02-26,Thursday ,26,2,1,2026
107.03,1,549,10:08:23.681536,Lorenzo Ferreira,Campo Renan da Paz,Alípio De Melo,da Costa,PE,Vacina contra Insuficiência Cardíaca - Dose Única,Antitérmicos,107.03,2026-08-06,Thursday ,6,8,3,2026
939.12,4,51,15:30:57.637744,Lorenzo Ferreira,Campo Renan da Paz,Alípio De Melo,da Costa,PE,Sabonete em Barra G-Tech 90g,Antibióticos,234.78,2026-09-09,Wednesday,9,9,3,2026
515.64,3,2815,03:51:06.70189,Luísa Pires,Viaduto Luiz Gustavo Siqueira,Conjunto Serra Verde,Ribeiro,RS,Pantoprazol 50mg - 30 Comprimidos - Eurofarma,Nutrição Infantil,171.88,2026-04-24,Friday   ,24,4,2,2026
345.81,3,1953,10:53:09.460294,Luísa Pires,Viaduto Luiz Gustavo Siqueira,Conjunto Serra Verde,Ribeiro,RS,Escitalopram 50mg - 30 Comprimidos - Eurofarma,Cuidados com o Cabelo,115.27,2025-01-16,Thursday ,16,1,1,2025
209.56,4,1364,14:46:31.06354,Luísa Pires,Viaduto Luiz Gustavo Siqueira,Conjunto Serra Verde,Ribeiro,RS,Condicionador Hidratação Dove 90g,Antitérmicos,52.39,2025-05-06,Tuesday  ,6,5,2,2025
30.03,3,707,03:46:48.249669,Thomas Duarte,Viaduto das Neves,Lagoinha Leblon,Cavalcante da Serra,RJ,Tadalafila Gotas 20ml - Medley (Genérico),Aparelhos Médicos,10.01,2024-10-18,Friday   ,18,10,4,2024
987.28,4,2392,19:36:31.241083,Thomas Duarte,Viaduto das Neves,Lagoinha Leblon,Cavalcante da Serra,RJ,Vacina contra Esquizofrenia - Reforço,Cuidados com o Cabelo,246.82,2026-07-22,Wednesday,22,7,3,2026
968.44,4,1551,17:35:26.160983,Thomas Duarte,Viaduto das Neves,Lagoinha Leblon,Cavalcante da Serra,RJ,Álcool em Gel 70% Clear 50g,Saúde Bucal,242.11,2025-07-09,Wednesday,9,7,3,2025
831.3,5,2444,12:22:24.211226,Gael Henrique da Mata,Praça Ramos,Planalto,Montenegro Alegre,BA,Sildenafila 1g - 10 Comprimidos - EMS (Genérico),Antitérmicos,166.26,2025-08-16,Saturday ,16,8,3,2025
1122.95,5,2568,14:24:06.41987,Gael Henrique da Mata,Praça Ramos,Planalto,Montenegro Alegre,BA,Vacina contra Desnutrição - Dose Única,Homeopatia,224.59,2026-06-02,Tuesday  ,2,6,2,2026
1122.95,5,434,08:41:09.900334,Gael Henrique da Mata,Praça Ramos,Planalto,Montenegro Alegre,BA,Vacina contra Desnutrição - Dose Única,Homeopatia,224.59,2026-03-23,Monday   ,23,3,1,2026
749.36,4,1258,14:20:31.837415,Juan Caldeira,Quadra de Costela,Gutierrez,Duarte,MA,Atenolol 1g - 10 Comprimidos - Neo Química (Genérico),Analgésicos,187.34,2025-01-18,Saturday ,18,1,1,2025
208.08,2,987,15:00:00.298333,Hellena Silveira,Chácara Marcelo Viana,Glória,Castro,CE,Vacina contra Gripe - Dose Única,Dermocosméticos,104.04,2024-11-06,Wednesday,6,11,4,2024
65.14,2,560,14:53:03.510148,Joana Aragão,Quadra de Cavalcante,Mantiqueira,da Rosa,AP,Paracetamol 500mg - 20 Comprimidos - Eurofarma,Fitoterápicos,32.57,2026-08-03,Monday   ,3,8,3,2026
1072.85,5,1528,23:12:28.454228,Joana Aragão,Quadra de Cavalcante,Mantiqueira,da Rosa,AP,Escitalopram 25mg - 30 Comprimidos - Neo Química (Genérico),Fraldas e Infantis,214.57,2025-01-13,Monday   ,13,1,1,2025
400.96,2,426,05:27:48.724298,Enzo Pereira,Rodovia Rocha,São Gonçalo,Albuquerque,MG,Metformina 25mg - 30 Comprimidos - EMS (Genérico),Cuidados com o Cabelo,200.48,2025-07-18,Friday   ,18,7,3,2025
338.70000000000005,3,1424,03:32:20.417224,Enzo Pereira,Rodovia Rocha,São Gonçalo,Albuquerque,MG,Ibuprofeno 1g - 10 Comprimidos - Neo Química (Genérico),Fraldas e Infantis,112.9,2026-08-13,Thursday ,13,8,3,2026
106.32,3,2381,12:22:22.758866,Enzo Pereira,Rodovia Rocha,São Gonçalo,Albuquerque,MG,Nimesulida Xarope 120ml - Eurofarma,Dermocosméticos,35.44,2025-08-05,Tuesday  ,5,8,3,2025
30.900000000000002,3,1205,03:12:03.871857,Enzo Pereira,Rodovia Rocha,São Gonçalo,Albuquerque,MG,Água Micelar Nivea 500ml,Homeopatia,10.3,2024-10-02,Wednesday,2,10,4,2024
909.88,4,377,18:13:17.649158,Enzo Pereira,Rodovia Rocha,São Gonçalo,Albuquerque,MG,Absorvente com Abas Rexona FPS 70,Fitoterápicos,227.47,2024-09-16,Monday   ,16,9,3,2024
430.38,3,2600,11:22:23.765951,Dr. Lucas Machado,Feira Rhavi Montenegro,Prado,Cirino,RJ,Sinvastatina 500mg - 20 Comprimidos - Neo Química (Genérico),Fitoterápicos,143.46,2025-01-16,Thursday ,16,1,1,2025
371,5,2530,15:06:50.449647,Dr. Lucas Machado,Feira Rhavi Montenegro,Prado,Cirino,RJ,Vacina contra Parkinson - Reforço,Fraldas e Infantis,74.2,2024-11-20,Wednesday,20,11,4,2024
1104.25,5,2307,01:22:17.351181,Dr. Lucas Machado,Feira Rhavi Montenegro,Prado,Cirino,RJ,Água Micelar La Roche-Posay Tamanho M (40 un),Vitaminas e Suplementos,220.85,2025-05-29,Thursday ,29,5,2,2025
705.5699999999999,3,499,17:54:05.836615,Dr. Lucas Machado,Feira Rhavi Montenegro,Prado,Cirino,RJ,Leite em Pó Infantil Huggies 90g,Homeopatia,235.19,2026-03-09,Monday   ,9,3,1,2026
174.64,4,1784,21:46:45.143017,Srta. Manuella Souza,Viela Maria Luiza Garcia,Mangabeiras,Fogaça Alegre,PR,Hidroclorotiazida Gotas 20ml - Medley (Genérico),Aparelhos Médicos,43.66,2026-06-04,Thursday ,4,6,2,2026
941.75,5,1561,23:53:46.898839,Srta. Manuella Souza,Viela Maria Luiza Garcia,Mangabeiras,Fogaça Alegre,PR,Omeprazol 500mg - 20 Comprimidos - EMS (Genérico),Vitaminas e Suplementos,188.35,2026-05-14,Thursday ,14,5,2,2026
275.7,5,18,15:40:24.865405,Raul Sampaio,Núcleo Carvalho,Vila Madre Gertrudes 1ª Seção,da Costa,PR,Vacina contra Tuberculose - Reforço,Fitoterápicos,55.14,2026-04-21,Tuesday  ,21,4,2,2026
89.85,1,1030,11:02:34.264127,Raul Sampaio,Núcleo Carvalho,Vila Madre Gertrudes 1ª Seção,da Costa,PR,Sildenafila Pomada 30g - Aché,Higiene Pessoal,89.85,2025-10-24,Friday   ,24,10,4,2025
478.1,5,2391,02:28:37.996833,Raul Sampaio,Núcleo Carvalho,Vila Madre Gertrudes 1ª Seção,da Costa,PR,Sabonete em Barra Huggies 200ml,Antitérmicos,95.62,2025-04-16,Wednesday,16,4,2,2025
75.88,2,576,19:11:09.091274,Maria Alice Albuquerque,Chácara da Costa,Jardim Atlântico,da Rocha,PI,Sertralina Xarope 120ml - Eurofarma,Fraldas e Infantis,37.94,2026-09-06,Sunday   ,6,9,3,2026
173.27,1,132,06:01:44.93938,Maria Alice Albuquerque,Chácara da Costa,Jardim Atlântico,da Rocha,PI,Escitalopram 500mg - 20 Comprimidos - Medley (Genérico),Fitoterápicos,173.27,2025-05-15,Thursday ,15,5,2,2025
418.1,5,2619,02:41:38.595982,Maria Alice Albuquerque,Chácara da Costa,Jardim Atlântico,da Rocha,PI,Nimesulida Suspensão Oral 50ml - Neo Química (Genérico),Produtos Ortopédicos,83.62,2026-03-28,Saturday ,28,3,1,2026
145.8,5,873,15:39:05.471661,Lavínia Moreira,Trevo de Martins,Conjunto Floramar,Rocha das Pedras,AP,Sertralina 50mg - 30 Comprimidos - Neo Química (Genérico),Higiene Pessoal,29.16,2025-12-26,Friday   ,26,12,4,2025
286.92,2,953,02:16:04.987232,Lavínia Moreira,Trevo de Martins,Conjunto Floramar,Rocha das Pedras,AP,Sinvastatina 500mg - 20 Comprimidos - Neo Química (Genérico),Fitoterápicos,143.46,2025-10-19,Sunday   ,19,10,4,2025
484.56,4,1944,18:51:21.84756,Lavínia Moreira,Trevo de Martins,Conjunto Floramar,Rocha das Pedras,AP,Vacina contra Dengue - Dose Única,Vacinas,121.14,2025-01-03,Friday   ,3,1,1,2025
80.24,2,2747,00:55:57.16791,Lavínia Moreira,Trevo de Martins,Conjunto Floramar,Rocha das Pedras,AP,Soro Fisiológico Panvel Tamanho M (40 un),Fitoterápicos,40.12,2026-04-22,Wednesday,22,4,2,2026
414.14,2,2093,05:13:13.865138,Bárbara Gomes,Viela Caldeira,Baleia,Brito da Mata,BA,Hidroclorotiazida Xarope 120ml - Neo Química (Genérico),Antitérmicos,207.07,2025-10-04,Saturday ,4,10,4,2025
182.73,3,2931,20:34:52.164553,Bárbara Gomes,Viela Caldeira,Baleia,Brito da Mata,BA,Azitromicina 1g - 10 Comprimidos - EMS (Genérico),Dermocosméticos,60.91,2025-11-24,Monday   ,24,11,4,2025
406.46,2,2232,12:17:07.832327,Bárbara Gomes,Viela Caldeira,Baleia,Brito da Mata,BA,Enxaguante Bucal Clear FPS 70,Saúde Bucal,203.23,2026-09-12,Saturday ,12,9,3,2026
1216.1499999999999,5,2736,23:56:12.137782,Milena Azevedo,Feira Ana Lívia Nogueira,Nova Cintra,Silveira,BA,Sertralina Gotas 20ml - Eurofarma,Cuidados com o Cabelo,243.23,2025-09-25,Thursday ,25,9,3,2025
24.76,4,1077,13:01:41.446917,Milena Azevedo,Feira Ana Lívia Nogueira,Nova Cintra,Silveira,BA,Tadalafila 1g - 10 Comprimidos - Aché,Primeiros Socorros,6.19,2024-10-23,Wednesday,23,10,4,2024
104.96,1,195,15:55:26.173511,Milena Azevedo,Feira Ana Lívia Nogueira,Nova Cintra,Silveira,BA,Desodorante Aerosol Nivea 200ml,Primeiros Socorros,104.96,2024-09-19,Thursday ,19,9,3,2024
57.7,1,934,17:59:09.515083,Marcela da Cruz,Campo Santos,Belmonte,Siqueira do Amparo,BA,Pantoprazol Xarope 120ml - Aché,Nutrição Infantil,57.7,2026-03-02,Monday   ,2,3,1,2026
959.92,4,2076,08:27:20.704645,Marcela da Cruz,Campo Santos,Belmonte,Siqueira do Amparo,BA,Curativos (Band-Aid) Aptamil Tamanho G (32 un),Higiene Pessoal,239.98,2025-04-11,Friday   ,11,4,2,2025
54.4,2,2043,16:53:47.174205,Marcela da Cruz,Campo Santos,Belmonte,Siqueira do Amparo,BA,Condicionador Hidratação Rexona 90g,Vitaminas e Suplementos,27.2,2025-12-27,Saturday ,27,12,4,2025
869.44,4,2553,21:10:33.333855,Dra. Ana Lívia Novais,Distrito Lima,Taquaril,Moura,PA,Vacina contra Gastrite - Reforço,Antibióticos,217.36,2026-05-12,Tuesday  ,12,5,2,2026
674.08,4,538,22:57:48.342572,João Lima,Loteamento de Santos,Milionario,Sousa,PE,Creme Hidratante Johnson's Tamanho G (32 un),Antibióticos,168.52,2026-03-01,Sunday   ,1,3,1,2026
497.6,4,2125,15:03:49.121913,João Lima,Loteamento de Santos,Milionario,Sousa,PE,Leite em Pó Infantil Sempre Livre 400ml,Antialérgicos,124.4,2025-04-14,Monday   ,14,4,2,2025
565.05,3,2777,22:31:46.268816,Joaquim Caldeira,Feira de Siqueira,Apolonia,Lopes de Mendes,AM,Omeprazol 500mg - 20 Comprimidos - EMS (Genérico),Vitaminas e Suplementos,188.35,2025-12-24,Wednesday,24,12,4,2025
81.03,3,204,05:20:15.703587,Joaquim Caldeira,Feira de Siqueira,Apolonia,Lopes de Mendes,AM,Ibuprofeno 25mg - 30 Comprimidos - Bayer,Dermocosméticos,27.01,2025-07-03,Thursday ,3,7,3,2025
189.75,3,2857,00:17:32.940565,Joaquim Caldeira,Feira de Siqueira,Apolonia,Lopes de Mendes,AM,Curativos (Band-Aid) La Roche-Posay 400ml,Antibióticos,63.25,2025-07-29,Tuesday  ,29,7,3,2025
229.85,1,1453,15:43:41.995899,Joaquim Caldeira,Feira de Siqueira,Apolonia,Lopes de Mendes,AM,Álcool em Gel 70% CeraVe 150ml,Genéricos,229.85,2025-04-24,Thursday ,24,4,2,2025
374.96999999999997,3,863,01:46:42.820877,Amanda Cassiano,Sítio da Cruz,Nova Cintra,Lopes de Goiás,SE,Sérum Vitamina C Panvel FPS 70,Higiene Pessoal,124.99,2024-12-25,Wednesday,25,12,4,2024
111.86,1,2675,04:02:47.013493,Rael Montenegro,Trecho de Teixeira,Xodo-Marize,Moura,SP,Sabonete em Barra Dove FPS 70,Antibióticos,111.86,2025-11-05,Wednesday,5,11,4,2025
529.38,3,2637,15:28:39.0367,Rael Montenegro,Trecho de Teixeira,Xodo-Marize,Moura,SP,Sabonete Líquido CeraVe 500ml,Fitoterápicos,176.46,2025-09-02,Tuesday  ,2,9,3,2025
624.9499999999999,5,2974,02:35:30.44924,Rael Montenegro,Trecho de Teixeira,Xodo-Marize,Moura,SP,Sérum Vitamina C Panvel FPS 70,Higiene Pessoal,124.99,2025-04-10,Thursday ,10,4,2,2025
132.03,3,2110,21:31:08.494325,Dom Oliveira,Praça Amanda Pastor,Monsenhor Messias,da Luz de Ramos,SC,Sertralina Gotas 20ml - Aché,Dermocosméticos,44.01,2025-01-23,Thursday ,23,1,1,2025
468.06,2,393,13:21:02.59816,Dom Oliveira,Praça Amanda Pastor,Monsenhor Messias,da Luz de Ramos,SC,Sinvastatina Xarope 120ml - Eurofarma,Saúde Bucal,234.03,2024-10-16,Wednesday,16,10,4,2024
712.89,3,1596,04:50:58.853395,Dom Oliveira,Praça Amanda Pastor,Monsenhor Messias,da Luz de Ramos,SC,Vacina contra Arritmia - Reforço,Analgésicos,237.63,2024-12-26,Thursday ,26,12,4,2024
919.4,4,2589,02:32:52.884403,Dom Oliveira,Praça Amanda Pastor,Monsenhor Messias,da Luz de Ramos,SC,Álcool em Gel 70% CeraVe 150ml,Genéricos,229.85,2025-12-11,Thursday ,11,12,4,2025
873.64,4,112,22:21:07.396336,Dom Oliveira,Praça Amanda Pastor,Monsenhor Messias,da Luz de Ramos,SC,Creme Hidratante La Roche-Posay FPS 50,Vacinas,218.41,2025-09-16,Tuesday  ,16,9,3,2025
677.1899999999999,3,585,21:16:20.149131,Manuela Aragão,Rodovia Gabriela Garcia,Zilah Sposito,da Mata de Pereira,RR,Fluoxetina 500mg - 20 Comprimidos - Neo Química (Genérico),Antitérmicos,225.73,2026-02-23,Monday   ,23,2,1,2026
94.05000000000001,3,179,17:42:24.216392,Manuela Aragão,Rodovia Gabriela Garcia,Zilah Sposito,da Mata de Pereira,RR,Azitromicina Xarope 120ml - Medley (Genérico),Antibióticos,31.35,2025-12-23,Tuesday  ,23,12,4,2025
50.8,2,1192,20:36:05.873069,Manuela Aragão,Rodovia Gabriela Garcia,Zilah Sposito,da Mata de Pereira,RR,Curativos (Band-Aid) Vichy FPS 70,Fraldas e Infantis,25.4,2026-06-10,Wednesday,10,6,2,2026
140.82,3,991,02:20:23.305259,Apollo Pastor,Setor de da Mata,Cenaculo,Barros,SC,Dipirona Sódica 50mg - 30 Comprimidos - EMS (Genérico),Saúde Bucal,46.94,2026-06-01,Monday   ,1,6,2,2026
318.72,4,1967,17:39:34.48443,Apollo Pastor,Setor de da Mata,Cenaculo,Barros,SC,Sabonete Líquido Panvel 90g,Nutrição Infantil,79.68,2026-04-25,Saturday ,25,4,2,2026
412.40999999999997,3,1266,14:44:47.274843,Maria Julia da Costa,Área Pires,São Marcos,Rocha,RS,Paracetamol Gotas 20ml - Neo Química (Genérico),Anti-inflamatórios,137.47,2026-03-23,Monday   ,23,3,1,2026
90.87,1,2010,04:10:17.054971,Maria Julia da Costa,Área Pires,São Marcos,Rocha,RS,Álcool em Gel 70% Pampers 50 Metros,Fraldas e Infantis,90.87,2026-05-19,Tuesday  ,19,5,2,2026
159.84,2,1666,13:48:59.888099,Maria Julia da Costa,Área Pires,São Marcos,Rocha,RS,Desodorante Aerosol Rexona FPS 70,Genéricos,79.92,2025-03-27,Thursday ,27,3,1,2025
170.55,3,2683,18:27:41.836906,Noah Pereira,Estação de Marques,Vila Petropolis,da Costa,PE,Fluoxetina Xarope 120ml - Medley (Genérico),Dermocosméticos,56.85,2024-11-10,Sunday   ,10,11,4,2024
694.92,3,1261,20:57:56.292911,Noah Pereira,Estação de Marques,Vila Petropolis,da Costa,PE,Diclofenaco 1g - 10 Comprimidos - Eurofarma,Anti-inflamatórios,231.64,2026-03-09,Monday   ,9,3,1,2026
445.02,2,1139,14:19:07.273828,Noah Pereira,Estação de Marques,Vila Petropolis,da Costa,PE,Pomada para Assaduras Needs FPS 50,Antialérgicos,222.51,2025-06-10,Tuesday  ,10,6,2,2025
66.55,1,2235,21:02:30.113504,José Miguel Vieira,Lagoa Julia Sampaio,Vitoria,Albuquerque do Norte,TO,Ibuprofeno 1g - 10 Comprimidos - Bayer,Anti-inflamatórios,66.55,2025-12-17,Wednesday,17,12,4,2025
1184.75,5,1061,07:46:38.997582,José Miguel Vieira,Lagoa Julia Sampaio,Vitoria,Albuquerque do Norte,TO,Metformina Pomada 30g - Medley (Genérico),Saúde Bucal,236.95,2026-02-14,Saturday ,14,2,1,2026
393.3,2,1429,03:00:05.397301,José Miguel Vieira,Lagoa Julia Sampaio,Vitoria,Albuquerque do Norte,TO,Curativos (Band-Aid) G-Tech 90g,Aparelhos Médicos,196.65,2025-01-14,Tuesday  ,14,1,1,2025
735.72,4,1963,00:27:23.706417,José Miguel Vieira,Lagoa Julia Sampaio,Vitoria,Albuquerque do Norte,TO,Condicionador Hidratação Bepantol 90g,Produtos Ortopédicos,183.93,2025-04-11,Friday   ,11,4,2,2025
519.8100000000001,3,1609,08:12:47.107641,Maria Eduarda Andrade,Setor de Mendonça,Aparecida 7ª Seção,Moraes,DF,Escitalopram 500mg - 20 Comprimidos - Medley (Genérico),Fitoterápicos,173.27,2025-07-06,Sunday   ,6,7,3,2025
169.52,2,928,02:56:45.465255,Sr. Ian Guerra,Estrada de Pacheco,Marajó,Farias da Prata,RN,Atenolol 50mg - 30 Comprimidos - Neo Química (Genérico),Vitaminas e Suplementos,84.76,2025-07-25,Friday   ,25,7,3,2025
171.88,1,1624,21:58:10.392678,Sr. Ian Guerra,Estrada de Pacheco,Marajó,Farias da Prata,RN,Pantoprazol 50mg - 30 Comprimidos - Eurofarma,Nutrição Infantil,171.88,2024-12-05,Thursday ,5,12,4,2024
313.2,4,731,18:10:04.038312,Sr. Ian Guerra,Estrada de Pacheco,Marajó,Farias da Prata,RN,Fluoxetina 50mg - 30 Comprimidos - Bayer,Saúde Bucal,78.3,2026-01-06,Tuesday  ,6,1,1,2026
629.04,4,292,09:04:25.396752,Sr. Ian Guerra,Estrada de Pacheco,Marajó,Farias da Prata,RN,Atenolol 50mg - 30 Comprimidos - Medley (Genérico),Anti-inflamatórios,157.26,2025-12-02,Tuesday  ,2,12,4,2025
447.64,2,2477,21:26:31.207874,Sr. Ian Guerra,Estrada de Pacheco,Marajó,Farias da Prata,RN,Vacina contra Chikungunya - Dose Única,Vacinas,223.82,2026-04-19,Sunday   ,19,4,2,2026
79.25,1,341,16:25:46.916696,Arthur Miguel Cunha,Conjunto de Vargas,Nova Vista,Freitas Alegre,PB,Diclofenaco Pomada 30g - EMS (Genérico),Produtos Ortopédicos,79.25,2026-03-20,Friday   ,20,3,1,2026
742.65,5,2286,21:43:38.279806,Arthur Miguel Cunha,Conjunto de Vargas,Nova Vista,Freitas Alegre,PB,Amoxicilina 500mg - 20 Comprimidos - EMS (Genérico),Saúde Bucal,148.53,2026-01-24,Saturday ,24,1,1,2026
496.16,4,854,19:34:59.843725,Arthur Miguel Cunha,Conjunto de Vargas,Nova Vista,Freitas Alegre,PB,Cefalexina 25mg - 30 Comprimidos - Neo Química (Genérico),Antitérmicos,124.04,2025-12-08,Monday   ,8,12,4,2025
803.85,5,1316,23:40:34.569985,Arthur Miguel Cunha,Conjunto de Vargas,Nova Vista,Freitas Alegre,PB,Vacina contra Hepatite A - Dose Única,Analgésicos,160.77,2024-10-02,Wednesday,2,10,4,2024
901.56,4,2808,18:48:39.853228,Arthur Miguel Cunha,Conjunto de Vargas,Nova Vista,Freitas Alegre,PB,Soro Fisiológico Dove 150ml,Antidepressivos,225.39,2026-01-17,Saturday ,17,1,1,2026
13.7,1,2373,22:02:39.04175,Ana Clara Machado,Campo Heloisa Moura,São Paulo,Moura,SP,Ibuprofeno 50mg - 30 Comprimidos - Eurofarma,Antitérmicos,13.7,2025-10-30,Thursday ,30,10,4,2025
229.09,1,85,09:43:41.476512,Ana Clara Machado,Campo Heloisa Moura,São Paulo,Moura,SP,Clonazepam 1g - 10 Comprimidos - Bayer,Antitérmicos,229.09,2025-12-31,Wednesday,31,12,4,2025
406.86,2,1123,09:18:57.746812,Ana Clara Machado,Campo Heloisa Moura,São Paulo,Moura,SP,Loratadina 1g - 10 Comprimidos - Aché,Dermocosméticos,203.43,2026-06-27,Saturday ,27,6,2,2026
416.16,4,819,17:42:02.613944,Ana Clara Machado,Campo Heloisa Moura,São Paulo,Moura,SP,Vacina contra Gripe - Dose Única,Dermocosméticos,104.04,2025-09-20,Saturday ,20,9,3,2025
823.32,4,2837,14:44:23.771132,Ana Clara Machado,Campo Heloisa Moura,São Paulo,Moura,SP,Curativos (Band-Aid) Mió 200ml,Produtos Ortopédicos,205.83,2025-05-28,Wednesday,28,5,2,2025
474.06000000000006,3,2040,15:07:29.107182,Thales Santos,Conjunto Câmara,Santa Rosa,da Mata dos Dourados,PR,Omeprazol 25mg - 30 Comprimidos - Medley (Genérico),Nutrição Infantil,158.02,2025-05-17,Saturday ,17,5,2,2025
134.99,1,810,15:57:48.379418,Thales Santos,Conjunto Câmara,Santa Rosa,da Mata dos Dourados,PR,Loratadina 25mg - 30 Comprimidos - Aché,Analgésicos,134.99,2025-12-27,Saturday ,27,12,4,2025
861.8,4,2400,02:00:47.035324,Júlia Lopes,Passarela Casa Grande,Céu Azul,Vieira de Minas,MT,Vacina contra Gota - Dose Única,Antidepressivos,215.45,2025-05-13,Tuesday  ,13,5,2,2025
176.38,1,656,20:42:32.899875,Júlia Lopes,Passarela Casa Grande,Céu Azul,Vieira de Minas,MT,Shampoo Anticaspa Clear 90g,Antitérmicos,176.38,2024-10-13,Sunday   ,13,10,4,2024
939.12,4,2975,20:56:55.039299,Júlia Lopes,Passarela Casa Grande,Céu Azul,Vieira de Minas,MT,Sabonete em Barra G-Tech 90g,Antibióticos,234.78,2026-08-20,Thursday ,20,8,3,2026
45.54,2,170,02:35:40.54753,Camila da Mata,Loteamento Lavínia Ferreira,Leonina,Freitas,RO,Omeprazol 500mg - 20 Comprimidos - Eurofarma,Produtos Ortopédicos,22.77,2025-05-09,Friday   ,9,5,2,2025
496.16,4,1373,08:06:04.189341,Camila da Mata,Loteamento Lavínia Ferreira,Leonina,Freitas,RO,Cefalexina 25mg - 30 Comprimidos - Neo Química (Genérico),Antitérmicos,124.04,2026-03-29,Sunday   ,29,3,1,2026
100.46,1,2455,00:26:29.553541,Camila da Mata,Loteamento Lavínia Ferreira,Leonina,Freitas,RO,Pantoprazol 500mg - 20 Comprimidos - Medley (Genérico),Antialérgicos,100.46,2026-05-15,Friday   ,15,5,2,2026
440.94,2,1631,01:09:56.723906,Camila da Mata,Loteamento Lavínia Ferreira,Leonina,Freitas,RO,Sérum Vitamina C Huggies 50 Metros,Nutrição Infantil,220.47,2024-12-27,Friday   ,27,12,4,2024
82.32000000000001,3,1096,12:56:45.895214,Camila da Mata,Loteamento Lavínia Ferreira,Leonina,Freitas,RO,Curativos (Band-Aid) Sempre Livre 90g,Antitérmicos,27.44,2025-10-09,Thursday ,9,10,4,2025
188.35,1,1968,05:12:43.502635,Sr. Fernando Mendonça,Núcleo Pastor,Eymard,Vasconcelos de Minas,PA,Omeprazol 500mg - 20 Comprimidos - EMS (Genérico),Vitaminas e Suplementos,188.35,2024-12-13,Friday   ,13,12,4,2024
902.4,4,615,09:08:43.782305,Sr. Fernando Mendonça,Núcleo Pastor,Eymard,Vasconcelos de Minas,PA,Diclofenaco Xarope 120ml - Neo Química (Genérico),Primeiros Socorros,225.6,2025-04-10,Thursday ,10,4,2,2025
573.84,4,2817,03:58:42.668136,Sr. Fernando Mendonça,Núcleo Pastor,Eymard,Vasconcelos de Minas,PA,Sinvastatina 500mg - 20 Comprimidos - Neo Química (Genérico),Fitoterápicos,143.46,2024-10-16,Wednesday,16,10,4,2024
145.83,1,171,14:46:11.558147,Sr. Fernando Mendonça,Núcleo Pastor,Eymard,Vasconcelos de Minas,PA,Enxaguante Bucal Nivea 90g,Antibióticos,145.83,2025-12-04,Thursday ,4,12,4,2025
147.75,3,512,12:13:41.052335,Sr. Fernando Mendonça,Núcleo Pastor,Eymard,Vasconcelos de Minas,PA,Hastes Flexíveis (Cotonetes) Pampers 500ml,Nutrição Infantil,49.25,2026-02-17,Tuesday  ,17,2,1,2026
167.8,5,580,22:00:57.628899,Sr. Fernando Mendonça,Núcleo Pastor,Eymard,Vasconcelos de Minas,PA,Desodorante Roll-on Colgate 90g,Higiene Pessoal,33.56,2026-06-04,Thursday ,4,6,2,2026
91.68,4,792,06:29:38.857723,Sr. Davi Novaes,Feira de Alves,Barão Homem De Melo 1ª Seção,Montenegro,SC,Diclofenaco Gotas 20ml - Eurofarma,Produtos Ortopédicos,22.92,2025-04-04,Friday   ,4,4,2,2025
499.15,5,1614,08:30:41.010732,Sr. Davi Novaes,Feira de Alves,Barão Homem De Melo 1ª Seção,Montenegro,SC,Sildenafila 1g - 10 Comprimidos - Eurofarma,Antidepressivos,99.83,2025-08-29,Friday   ,29,8,3,2025
14.54,1,2618,07:22:24.534599,Sr. Davi Novaes,Feira de Alves,Barão Homem De Melo 1ª Seção,Montenegro,SC,Amoxicilina Gotas 20ml - Aché,Aparelhos Médicos,14.54,2026-01-09,Friday   ,9,1,1,2026
79.62,2,1647,09:25:37.373806,Sr. Davi Novaes,Feira de Alves,Barão Homem De Melo 1ª Seção,Montenegro,SC,Tadalafila 25mg - 30 Comprimidos - Aché,Antitérmicos,39.81,2026-01-10,Saturday ,10,1,1,2026
475.26,2,2887,05:58:46.727396,Sr. Davi Novaes,Feira de Alves,Barão Homem De Melo 1ª Seção,Montenegro,SC,Condicionador Hidratação Panvel Tamanho G (32 un),Nutrição Infantil,237.63,2026-01-22,Thursday ,22,1,1,2026
245.37,3,545,17:36:27.865029,Enzo Martins,Feira Manuela Sampaio,Vila Da Paz,Brito,MT,Vacina contra Hipertireoidismo - Reforço,Antidepressivos,81.79,2025-12-15,Monday   ,15,12,4,2025
929.75,5,2750,02:36:06.892383,Enzo Martins,Feira Manuela Sampaio,Vila Da Paz,Brito,MT,Soro Fisiológico Panvel 200ml,Dermocosméticos,185.95,2025-09-26,Friday   ,26,9,3,2025
1072.85,5,1998,15:48:06.526782,Cauã Gomes,Vale de Casa Grande,Liberdade,Rodrigues,TO,Escitalopram 25mg - 30 Comprimidos - Neo Química (Genérico),Fraldas e Infantis,214.57,2025-06-11,Wednesday,11,6,2,2025
1069.1,5,2005,11:41:16.212421,Melissa Barbosa,Via Azevedo,Coração De Jesus,Alves de da Conceição,AC,Nimesulida 500mg - 20 Comprimidos - Aché,Antidepressivos,213.82,2026-06-14,Sunday   ,14,6,2,2026
26.25,1,543,20:17:32.573534,Melissa Barbosa,Via Azevedo,Coração De Jesus,Alves de da Conceição,AC,Sérum Vitamina C Aptamil Tamanho M (40 un),Antibióticos,26.25,2025-07-22,Tuesday  ,22,7,3,2025
314.68,2,1628,11:12:04.00381,Melissa Barbosa,Via Azevedo,Coração De Jesus,Alves de da Conceição,AC,Hastes Flexíveis (Cotonetes) Johnson's 200ml,Higiene Pessoal,157.34,2026-01-11,Sunday   ,11,1,1,2026
288.08,4,214,06:59:53.439911,Maitê Nunes,Vereda Garcia,Vila Puc,Pereira do Oeste,MS,Cefalexina Gotas 20ml - Eurofarma,Saúde Bucal,72.02,2026-05-16,Saturday ,16,5,2,2026
234.88,2,54,22:49:22.703024,Maitê Nunes,Vereda Garcia,Vila Puc,Pereira do Oeste,MS,Sabonete em Barra Colgate Tamanho G (32 un),Fraldas e Infantis,117.44,2024-12-10,Tuesday  ,10,12,4,2024
695.52,3,9,14:59:19.472211,Levi Almeida,Largo Castro,Flamengo,Cardoso,AL,Vacina contra Linfoma - Reforço,Nutrição Infantil,231.84,2025-04-26,Saturday ,26,4,2,2025
446.15000000000003,5,2967,09:32:49.445782,Levi Almeida,Largo Castro,Flamengo,Cardoso,AL,Álcool em Gel 70% Mió 90g,Analgésicos,89.23,2026-08-30,Sunday   ,30,8,3,2026
43.84,1,117,08:24:09.329068,Davi Gonçalves,Trevo de Moura,Calafate,Araújo,MS,Azitromicina 1g - 10 Comprimidos - Eurofarma,Antitérmicos,43.84,2025-12-26,Friday   ,26,12,4,2025
141.55,1,2844,01:39:32.771364,Davi Gonçalves,Trevo de Moura,Calafate,Araújo,MS,Amoxicilina Pomada 30g - Bayer,Vitaminas e Suplementos,141.55,2026-02-19,Thursday ,19,2,1,2026
154.11,1,1706,19:48:58.383578,Maria Luiza das Neves,Ladeira de Rocha,Diamante,Duarte,MA,Clonazepam 1g - 10 Comprimidos - EMS (Genérico),Antitérmicos,154.11,2024-12-01,Sunday   ,1,12,4,2024
72.85,5,2071,10:25:13.61382,Maria Luiza das Neves,Ladeira de Rocha,Diamante,Duarte,MA,Cefalexina 500mg - 20 Comprimidos - Neo Química (Genérico),Produtos Ortopédicos,14.57,2026-09-03,Thursday ,3,9,3,2026
10.01,1,1125,13:59:44.552706,Maria Luiza das Neves,Ladeira de Rocha,Diamante,Duarte,MA,Tadalafila Gotas 20ml - Medley (Genérico),Aparelhos Médicos,10.01,2024-09-13,Friday   ,13,9,3,2024
400.24,2,2456,12:02:10.37616,Maria Luiza das Neves,Ladeira de Rocha,Diamante,Duarte,MA,Vacina contra Artrite - Dose Única,Produtos Ortopédicos,200.12,2025-12-01,Monday   ,1,12,4,2025
244.32,1,2991,06:05:51.001057,Maria Luiza das Neves,Ladeira de Rocha,Diamante,Duarte,MA,Soro Fisiológico Johnson's Tamanho M (40 un),Primeiros Socorros,244.32,2026-03-16,Monday   ,16,3,1,2026
802.95,5,1616,16:24:07.461193,Théo Monteiro,Rodovia de Gonçalves,Mirtes,da Mata dos Dourados,PR,Metformina Suspensão Oral 50ml - Aché,Genéricos,160.59,2025-02-13,Thursday ,13,2,1,2025
213.16,2,2905,17:05:07.032971,Théo Monteiro,Rodovia de Gonçalves,Mirtes,da Mata dos Dourados,PR,Água Micelar Colgate 50g,Fitoterápicos,106.58,2025-11-18,Tuesday  ,18,11,4,2025
637.11,3,2785,19:14:18.128588,Théo Monteiro,Rodovia de Gonçalves,Mirtes,da Mata dos Dourados,PR,Fio Dental Listerine 200ml,Saúde Bucal,212.37,2025-01-29,Wednesday,29,1,1,2025
210.35,5,2288,16:33:37.533714,Srta. Olívia Souza,Viaduto de Pacheco,Alto Barroca,Cirino,RJ,Pantoprazol Xarope 120ml - Eurofarma,Cuidados com o Cabelo,42.07,2025-01-19,Sunday   ,19,1,1,2025
58.32,2,1845,00:11:16.156897,Srta. Olívia Souza,Viaduto de Pacheco,Alto Barroca,Cirino,RJ,Sertralina 50mg - 30 Comprimidos - Neo Química (Genérico),Higiene Pessoal,29.16,2025-05-23,Friday   ,23,5,2,2025
873.85,5,2258,05:07:22.541912,Olivia Azevedo,Praça de Freitas,Conjunto Califórnia I,das Neves,MT,Losartana Potássica Suspensão Oral 50ml - Aché,Vitaminas e Suplementos,174.77,2026-06-15,Monday   ,15,6,2,2026
401.84,4,2193,08:37:37.486573,Olivia Azevedo,Praça de Freitas,Conjunto Califórnia I,das Neves,MT,Pantoprazol 500mg - 20 Comprimidos - Medley (Genérico),Antialérgicos,100.46,2026-03-01,Sunday   ,1,3,1,2026
813.9,5,2469,19:21:23.426903,Emilly Araújo,Distrito de Marques,Alta Tensão 1ª Seção,Barbosa,CE,Atenolol 500mg - 20 Comprimidos - Medley (Genérico),Aparelhos Médicos,162.78,2024-12-14,Saturday ,14,12,4,2024
969.44,4,1314,03:22:41.308327,Emilly Araújo,Distrito de Marques,Alta Tensão 1ª Seção,Barbosa,CE,Atenolol 50mg - 30 Comprimidos - EMS (Genérico),Dermocosméticos,242.36,2025-05-05,Monday   ,5,5,2,2025
1228.95,5,2320,15:49:57.221512,Emilly Araújo,Distrito de Marques,Alta Tensão 1ª Seção,Barbosa,CE,Diclofenaco 500mg - 20 Comprimidos - Neo Química (Genérico),Antidepressivos,245.79,2026-03-09,Monday   ,9,3,1,2026
641.4000000000001,3,1306,11:08:03.317284,Emilly Araújo,Distrito de Marques,Alta Tensão 1ª Seção,Barbosa,CE,Hidroclorotiazida 500mg - 20 Comprimidos - Eurofarma,Anti-inflamatórios,213.8,2024-11-26,Tuesday  ,26,11,4,2024
883.4,4,1165,12:05:04.043693,Emilly Araújo,Distrito de Marques,Alta Tensão 1ª Seção,Barbosa,CE,Água Micelar La Roche-Posay Tamanho M (40 un),Vitaminas e Suplementos,220.85,2026-04-24,Friday   ,24,4,2,2026
261.04,4,2127,16:34:19.621941,João Lucas Melo,Passarela Sabrina Guerra,Virgínia,da Rocha Alegre,RJ,Hidroclorotiazida 1g - 10 Comprimidos - Medley (Genérico),Saúde Bucal,65.26,2026-04-20,Monday   ,20,4,2,2026
438.4,2,964,02:17:40.239713,João Lucas Melo,Passarela Sabrina Guerra,Virgínia,da Rocha Alegre,RJ,Cefalexina 500mg - 20 Comprimidos - Bayer,Antialérgicos,219.2,2024-10-08,Tuesday  ,8,10,4,2024
125.4,4,729,17:44:59.225224,João Lucas Melo,Passarela Sabrina Guerra,Virgínia,da Rocha Alegre,RJ,Azitromicina Xarope 120ml - Medley (Genérico),Antibióticos,31.35,2026-07-14,Tuesday  ,14,7,3,2026
206.84,1,2342,03:36:42.402237,João Lucas Melo,Passarela Sabrina Guerra,Virgínia,da Rocha Alegre,RJ,Paracetamol 25mg - 30 Comprimidos - Aché,Antibióticos,206.84,2025-01-19,Sunday   ,19,1,1,2025
135.36,4,2928,17:03:24.277925,Dra. Cecilia Borges,Esplanada Rodrigues,Universo,Machado,PB,Enalapril 500mg - 20 Comprimidos - Eurofarma,Anti-inflamatórios,33.84,2025-08-23,Saturday ,23,8,3,2025
510,5,2987,06:28:19.518615,Dra. Cecilia Borges,Esplanada Rodrigues,Universo,Machado,PB,Absorvente com Abas Bepantol 50g,Fraldas e Infantis,102,2025-10-25,Saturday ,25,10,4,2025
309.88,4,2606,21:07:14.495618,Dra. Cecilia Borges,Esplanada Rodrigues,Universo,Machado,PB,Curativos (Band-Aid) Huggies 150ml,Vitaminas e Suplementos,77.47,2025-07-30,Wednesday,30,7,3,2025
674.95,5,2349,07:33:09.051925,Ana Sophia Vasconcelos,Avenida de Cassiano,Santa Rita,da Rocha,PI,Loratadina 25mg - 30 Comprimidos - Aché,Analgésicos,134.99,2025-05-10,Saturday ,10,5,2,2025
238.1,5,1962,06:02:21.999431,Ana Sophia Vasconcelos,Avenida de Cassiano,Santa Rita,da Rocha,PI,Vacina contra Câncer de Mama - Dose Única,Cuidados com o Cabelo,47.62,2026-03-04,Wednesday,4,3,1,2026
406.38,3,2740,11:20:34.579785,Ana Sophia Vasconcelos,Avenida de Cassiano,Santa Rita,da Rocha,PI,Vacina contra Refluxo - Dose Única,Cuidados com o Cabelo,135.46,2025-06-25,Wednesday,25,6,2,2025
143.99,1,825,13:30:39.365806,Ana Sophia Vasconcelos,Avenida de Cassiano,Santa Rita,da Rocha,PI,Condicionador Hidratação Johnson's FPS 70,Fitoterápicos,143.99,2024-12-28,Saturday ,28,12,4,2024
349.45,5,68,08:06:46.600222,Ana Sophia Vasconcelos,Avenida de Cassiano,Santa Rita,da Rocha,PI,Desodorante Aerosol G-Tech 400ml,Antidepressivos,69.89,2025-04-01,Tuesday  ,1,4,2,2025
67.56,2,1309,03:31:07.340496,Sofia Garcia,Passarela Camargo,Madri,Costela do Oeste,MA,Losartana Potássica Suspensão Oral 50ml - Medley (Genérico),Cuidados com o Cabelo,33.78,2025-05-09,Friday   ,9,5,2,2025
151.96,2,90,14:24:37.693617,Sofia Garcia,Passarela Camargo,Madri,Costela do Oeste,MA,Omeprazol 25mg - 30 Comprimidos - Bayer,Analgésicos,75.98,2024-10-04,Friday   ,4,10,4,2024
350.56,4,1950,03:19:06.240523,Sofia Garcia,Passarela Camargo,Madri,Costela do Oeste,MA,Loratadina 25mg - 30 Comprimidos - Eurofarma,Nutrição Infantil,87.64,2026-07-13,Monday   ,13,7,3,2026
524.8,5,2343,22:06:10.563848,Sofia Garcia,Passarela Camargo,Madri,Costela do Oeste,MA,Desodorante Aerosol Nivea 200ml,Primeiros Socorros,104.96,2026-06-03,Wednesday,3,6,2,2026
122.69,1,1908,05:24:55.854073,Srta. Lavínia Gomes,Vereda de Leão,Granja De Freitas,Rocha das Pedras,AP,Amoxicilina 25mg - 30 Comprimidos - Bayer,Vitaminas e Suplementos,122.69,2025-03-09,Sunday   ,9,3,1,2025
306,3,969,18:26:54.128773,Nathan Guerra,Praça Sousa,Mantiqueira,Rios,AP,Absorvente com Abas Bepantol 50g,Fraldas e Infantis,102,2026-03-11,Wednesday,11,3,1,2026
657.9000000000001,3,2234,13:07:00.999695,Letícia Costa,Sítio Bruno Moreira,Graça,Barros,TO,Clonazepam Gotas 20ml - Eurofarma,Antialérgicos,219.3,2024-12-04,Wednesday,4,12,4,2024
906.2,5,2435,11:46:17.261187,Letícia Costa,Sítio Bruno Moreira,Graça,Barros,TO,Cefalexina Suspensão Oral 50ml - Medley (Genérico),Vacinas,181.24,2026-01-20,Tuesday  ,20,1,1,2026
154.88,1,445,10:46:34.037536,Letícia Costa,Sítio Bruno Moreira,Graça,Barros,TO,Tadalafila 25mg - 30 Comprimidos - Neo Química (Genérico),Saúde Bucal,154.88,2024-11-10,Sunday   ,10,11,4,2024
223.02,2,2793,20:39:59.978539,Letícia Costa,Sítio Bruno Moreira,Graça,Barros,TO,Vacina contra Insuficiência Renal - Reforço,Fitoterápicos,111.51,2026-07-22,Wednesday,22,7,3,2026
285.5,5,1813,14:14:40.04775,Sra. Milena Pires,Jardim Zoe Barbosa,Etelvina Carneiro,Barbosa,CE,Tadalafila 500mg - 20 Comprimidos - Aché,Aparelhos Médicos,57.1,2025-09-03,Wednesday,3,9,3,2025
233.63,1,2621,01:35:03.363717,Sra. Milena Pires,Jardim Zoe Barbosa,Etelvina Carneiro,Barbosa,CE,Azitromicina 500mg - 20 Comprimidos - Bayer,Vacinas,233.63,2026-03-17,Tuesday  ,17,3,1,2026
622.2,3,610,00:11:57.714862,Dra. Raquel Fernandes,Quadra Nina Cirino,Cdi Jatoba,Aragão do Galho,SC,Nimesulida 25mg - 30 Comprimidos - Neo Química (Genérico),Higiene Pessoal,207.4,2024-11-18,Monday   ,18,11,4,2024
236.88,4,1201,08:22:35.942376,Dra. Raquel Fernandes,Quadra Nina Cirino,Cdi Jatoba,Aragão do Galho,SC,Vacina contra Dengue - Reforço,Analgésicos,59.22,2024-10-06,Sunday   ,6,10,4,2024
287,4,1843,18:25:49.960235,Dra. Raquel Fernandes,Quadra Nina Cirino,Cdi Jatoba,Aragão do Galho,SC,Vacina contra Cirrose - Dose Única,Aparelhos Médicos,71.75,2026-03-05,Thursday ,5,3,1,2026
438.62,2,1194,19:13:38.376219,Dra. Raquel Fernandes,Quadra Nina Cirino,Cdi Jatoba,Aragão do Galho,SC,Fio Dental Listerine Tamanho M (40 un),Cuidados com o Cabelo,219.31,2026-07-02,Thursday ,2,7,3,2026
35.11,1,2099,18:59:15.619972,Dra. Lívia Cirino,Parque Pinto,Garças,Gonçalves das Pedras,PR,Omeprazol 50mg - 30 Comprimidos - EMS (Genérico),Fitoterápicos,35.11,2024-10-07,Monday   ,7,10,4,2024
1188.6,5,602,07:44:09.139929,Dra. Lívia Cirino,Parque Pinto,Garças,Gonçalves das Pedras,PR,Dipirona Sódica 50mg - 30 Comprimidos - Medley (Genérico),Antibióticos,237.72,2025-09-19,Friday   ,19,9,3,2025
591.78,3,1491,00:57:46.931829,Dra. Lívia Cirino,Parque Pinto,Garças,Gonçalves das Pedras,PR,Hidroclorotiazida Suspensão Oral 50ml - Bayer,Antidepressivos,197.26,2024-09-21,Saturday ,21,9,3,2024
877.24,4,826,18:05:19.754201,Dra. Lívia Cirino,Parque Pinto,Garças,Gonçalves das Pedras,PR,Fio Dental Listerine Tamanho M (40 un),Cuidados com o Cabelo,219.31,2026-06-16,Tuesday  ,16,6,2,2026
324.15,3,1004,15:58:02.356566,Dra. Lívia Cirino,Parque Pinto,Garças,Gonçalves das Pedras,PR,Condicionador Hidratação G-Tech FPS 50,Produtos Ortopédicos,108.05,2025-06-14,Saturday ,14,6,2,2025
888.08,4,2032,10:33:18.674233,Vitor Ramos,Vale Maria Sophia Novais,Pompéia,Cardoso,RO,Losartana Potássica 500mg - 20 Comprimidos - EMS (Genérico),Genéricos,222.02,2025-04-12,Saturday ,12,4,2,2025
201.53,1,750,10:18:21.082574,Vitor Ramos,Vale Maria Sophia Novais,Pompéia,Cardoso,RO,Sabonete em Barra Clear 50g,Analgésicos,201.53,2024-09-20,Friday   ,20,9,3,2024
163.96,1,2209,07:24:08.601084,Augusto Novaes,Núcleo Vieira,Nova America,Gomes,AM,Hidroclorotiazida 500mg - 20 Comprimidos - Bayer,Primeiros Socorros,163.96,2025-03-07,Friday   ,7,3,1,2025
106.53,1,2803,15:11:12.018691,Augusto Novaes,Núcleo Vieira,Nova America,Gomes,AM,Enalapril 50mg - 30 Comprimidos - Medley (Genérico),Higiene Pessoal,106.53,2025-02-12,Wednesday,12,2,1,2025
312.4,4,1115,20:14:42.808318,Augusto Novaes,Núcleo Vieira,Nova America,Gomes,AM,Diclofenaco Pomada 30g - Medley (Genérico),Dermocosméticos,78.1,2024-09-20,Friday   ,20,9,3,2024
205.95,1,2943,22:21:43.658617,Clara Albuquerque,Via de da Cruz,Mariquinhas,Cardoso,AL,Cefalexina 1g - 10 Comprimidos - Eurofarma,Antialérgicos,205.95,2025-11-28,Friday   ,28,11,4,2025
524.3100000000001,3,1168,15:40:48.388219,Clara Albuquerque,Via de da Cruz,Mariquinhas,Cardoso,AL,Losartana Potássica Suspensão Oral 50ml - Aché,Vitaminas e Suplementos,174.77,2025-09-16,Tuesday  ,16,9,3,2025
818.2,4,1272,00:18:09.050859,Clara Albuquerque,Via de da Cruz,Mariquinhas,Cardoso,AL,Escitalopram Xarope 120ml - Neo Química (Genérico),Vitaminas e Suplementos,204.55,2026-01-28,Wednesday,28,1,1,2026
728.4300000000001,3,237,20:03:39.166586,Thomas Câmara,Chácara de Moraes,Vila São Dimas,da Paz das Flores,PR,Paracetamol 1g - 10 Comprimidos - Bayer,Vacinas,242.81,2026-01-19,Monday   ,19,1,1,2026
116.64,4,2677,21:34:04.678244,Thomas Câmara,Chácara de Moraes,Vila São Dimas,da Paz das Flores,PR,Sertralina 50mg - 30 Comprimidos - Neo Química (Genérico),Higiene Pessoal,29.16,2026-08-01,Saturday ,1,8,3,2026
128.72,1,1461,09:50:02.300011,Thomas Câmara,Chácara de Moraes,Vila São Dimas,da Paz das Flores,PR,Álcool em Gel 70% La Roche-Posay 50g,Antibióticos,128.72,2025-12-02,Tuesday  ,2,12,4,2025
471.6,2,2772,07:32:24.307619,Caroline Fonseca,Colônia Borges,Goiania,Duarte,AL,Diclofenaco 500mg - 20 Comprimidos - Eurofarma,Antibióticos,235.8,2024-11-05,Tuesday  ,5,11,4,2024
424.7,5,2265,19:13:21.379242,Caroline Fonseca,Colônia Borges,Goiania,Duarte,AL,Enalapril 500mg - 20 Comprimidos - Bayer,Nutrição Infantil,84.94,2025-05-08,Thursday ,8,5,2,2025
518.3,5,2168,15:35:58.675037,Diego Fernandes,Feira Viana,Vila Paraíso,Moraes,DF,Losartana Potássica Xarope 120ml - EMS (Genérico),Dermocosméticos,103.66,2025-02-14,Friday   ,14,2,1,2025
492.81000000000006,3,301,11:31:29.612499,Diego Fernandes,Feira Viana,Vila Paraíso,Moraes,DF,Azitromicina Gotas 20ml - Aché,Primeiros Socorros,164.27,2026-01-10,Saturday ,10,1,1,2026
1022.75,5,872,15:05:20.174963,Diego Fernandes,Feira Viana,Vila Paraíso,Moraes,DF,Escitalopram Xarope 120ml - Neo Química (Genérico),Vitaminas e Suplementos,204.55,2026-05-26,Tuesday  ,26,5,2,2026
229.85,1,1503,18:35:15.554133,Diego Fernandes,Feira Viana,Vila Paraíso,Moraes,DF,Álcool em Gel 70% CeraVe 150ml,Genéricos,229.85,2025-05-09,Friday   ,9,5,2,2025
255.96,2,1539,03:39:32.639211,Diego Fernandes,Feira Viana,Vila Paraíso,Moraes,DF,Protetor Solar Corporal Huggies 50 Metros,Homeopatia,127.98,2025-08-05,Tuesday  ,5,8,3,2025
627.8,5,606,10:57:58.810602,Júlia Viana,Passarela Sabrina Câmara,São Sebastião,Barros,TO,Metformina 25mg - 30 Comprimidos - Aché,Fraldas e Infantis,125.56,2025-08-03,Sunday   ,3,8,3,2025
583.36,4,559,12:02:52.672492,Júlia Viana,Passarela Sabrina Câmara,São Sebastião,Barros,TO,Paracetamol 500mg - 20 Comprimidos - Neo Química (Genérico),Homeopatia,145.84,2026-02-12,Thursday ,12,2,1,2026
629.36,4,653,03:30:26.890879,Júlia Viana,Passarela Sabrina Câmara,São Sebastião,Barros,TO,Hastes Flexíveis (Cotonetes) Johnson's 200ml,Higiene Pessoal,157.34,2026-01-05,Monday   ,5,1,1,2026
255.96,2,1522,05:28:52.441245,Ryan Moreira,Colônia de da Luz,Santo Antônio,Barros de Sousa,RS,Protetor Solar Corporal Huggies 50 Metros,Homeopatia,127.98,2025-12-03,Wednesday,3,12,4,2025
51.72,2,2013,15:20:07.187631,Gael Ramos,Setor de Peixoto,Cidade Jardim,Melo,MA,Cefalexina 25mg - 30 Comprimidos - Eurofarma,Primeiros Socorros,25.86,2026-04-11,Saturday ,11,4,2,2026
267.06,3,2362,12:36:12.495251,Gael Ramos,Setor de Peixoto,Cidade Jardim,Melo,MA,Lenço Umedecido Aptamil FPS 50,Dermocosméticos,89.02,2026-08-06,Thursday ,6,8,3,2026
61.08,1,1707,15:21:27.472282,Gael Ramos,Setor de Peixoto,Cidade Jardim,Melo,MA,Condicionador Hidratação Nivea 50g,Fraldas e Infantis,61.08,2024-12-14,Saturday ,14,12,4,2024
1173.9,5,343,16:47:18.800182,Gael Ramos,Setor de Peixoto,Cidade Jardim,Melo,MA,Sabonete em Barra G-Tech 90g,Antibióticos,234.78,2026-04-04,Saturday ,4,4,2,2026
186.98,1,1358,13:55:15.140457,Luiz Miguel Ribeiro,Lago Cardoso,Conjunto Taquaril,Moraes,DF,Enalapril Gotas 20ml - EMS (Genérico),Homeopatia,186.98,2026-08-12,Wednesday,12,8,3,2026
866.35,5,1754,23:52:50.54985,Luiz Miguel Ribeiro,Lago Cardoso,Conjunto Taquaril,Moraes,DF,Escitalopram 500mg - 20 Comprimidos - Medley (Genérico),Fitoterápicos,173.27,2025-09-05,Friday   ,5,9,3,2025
932.32,4,2421,00:15:14.254552,Luiz Miguel Ribeiro,Lago Cardoso,Conjunto Taquaril,Moraes,DF,Omeprazol 50mg - 30 Comprimidos - Neo Química (Genérico),Anti-inflamatórios,233.08,2025-03-04,Tuesday  ,4,3,1,2025
111.21,1,200,15:41:14.774823,Luiz Miguel Ribeiro,Lago Cardoso,Conjunto Taquaril,Moraes,DF,Sérum Vitamina C Huggies 90g,Saúde Bucal,111.21,2025-06-08,Sunday   ,8,6,2,2025
134.53,1,2106,04:47:33.20347,Maitê da Paz,Jardim Santos,São Francisco Das Chagas,Cavalcante da Serra,RJ,Ibuprofeno Gotas 20ml - Medley (Genérico),Antitérmicos,134.53,2024-11-21,Thursday ,21,11,4,2024
1145.45,5,2868,23:04:10.292957,Maitê da Paz,Jardim Santos,São Francisco Das Chagas,Cavalcante da Serra,RJ,Clonazepam 1g - 10 Comprimidos - Bayer,Antitérmicos,229.09,2024-10-15,Tuesday  ,15,10,4,2024
818,5,1881,17:26:37.571587,Maitê da Paz,Jardim Santos,São Francisco Das Chagas,Cavalcante da Serra,RJ,Enalapril Suspensão Oral 50ml - Aché,Vitaminas e Suplementos,163.6,2025-10-08,Wednesday,8,10,4,2025
857,5,1510,20:22:46.814173,Maitê da Paz,Jardim Santos,São Francisco Das Chagas,Cavalcante da Serra,RJ,Shampoo Anticaspa Rexona 90g,Nutrição Infantil,171.4,2026-03-06,Friday   ,6,3,1,2026
215.25,3,1226,00:09:06.33929,Cecília Cardoso,Passarela Lima,Colégio Batista,Nunes,SE,Hidroclorotiazida 50mg - 30 Comprimidos - Eurofarma,Saúde Bucal,71.75,2024-11-13,Wednesday,13,11,4,2024
1122.95,5,1053,02:46:03.234517,Cecília Cardoso,Passarela Lima,Colégio Batista,Nunes,SE,Vacina contra Desnutrição - Dose Única,Homeopatia,224.59,2025-01-21,Tuesday  ,21,1,1,2025
105.81,3,1913,15:57:32.750119,Raquel Novais,Viela Alana Carvalho,Alto Caiçaras,Martins,PA,Metformina Suspensão Oral 50ml - Medley (Genérico),Antidepressivos,35.27,2026-06-23,Tuesday  ,23,6,2,2026
444.52,4,93,15:43:08.446941,Raquel Novais,Viela Alana Carvalho,Alto Caiçaras,Martins,PA,Fluoxetina Xarope 120ml - Bayer,Antialérgicos,111.13,2025-10-18,Saturday ,18,10,4,2025
492.52,4,2582,00:33:07.419246,Raquel Novais,Viela Alana Carvalho,Alto Caiçaras,Martins,PA,Vacina contra Embolia - Dose Única,Antibióticos,123.13,2024-10-12,Saturday ,12,10,4,2024
1110.95,5,1559,07:37:27.648091,Bryan Azevedo,Vereda de Rios,Mangabeiras,Melo,MA,Amoxicilina Suspensão Oral 50ml - Neo Química (Genérico),Anti-inflamatórios,222.19,2025-10-31,Friday   ,31,10,4,2025
437.4,2,155,09:16:34.871746,Bryan Azevedo,Vereda de Rios,Mangabeiras,Melo,MA,Vacina contra Infecção Urinária - Dose Única,Vitaminas e Suplementos,218.7,2025-04-06,Sunday   ,6,4,2,2025
394.52,2,945,02:03:35.738148,Rhavi Alves,Praça Costa,Pompéia,Barros,TO,Hidroclorotiazida Suspensão Oral 50ml - Bayer,Antidepressivos,197.26,2026-05-19,Tuesday  ,19,5,2,2026
861.8,4,2624,19:50:53.406815,Rhavi Alves,Praça Costa,Pompéia,Barros,TO,Vacina contra Gota - Dose Única,Antidepressivos,215.45,2026-02-12,Thursday ,12,2,1,2026
90.13,1,2291,08:27:05.496059,Rhavi Alves,Praça Costa,Pompéia,Barros,TO,Desodorante Roll-on Sempre Livre 150ml,Vitaminas e Suplementos,90.13,2025-12-27,Saturday ,27,12,4,2025
166.85,5,951,18:38:36.13585,Rhavi Alves,Praça Costa,Pompéia,Barros,TO,Protetor Solar Corporal Needs Tamanho M (40 un),Antibióticos,33.37,2025-04-22,Tuesday  ,22,4,2,2025
254.76,2,2874,12:43:53.716162,Dr. Benício Guerra,Estação de Cavalcanti,Universo,da Rocha,PI,Vacina contra Insônia - Reforço,Homeopatia,127.38,2025-04-11,Friday   ,11,4,2,2025
1125.25,5,1486,07:45:51.462694,Dr. Benício Guerra,Estação de Cavalcanti,Universo,da Rocha,PI,Vacina contra Diabetes Tipo 2 - Reforço,Primeiros Socorros,225.05,2025-11-11,Tuesday  ,11,11,4,2025
230.27,1,1172,13:15:23.23583,Heloisa Mendes,Vale Machado,Esperança,Sampaio,SC,Vacina contra Alzheimer - Reforço,Nutrição Infantil,230.27,2025-12-17,Wednesday,17,12,4,2025
68.06,2,2183,05:00:34.614065,Igor da Cruz,Colônia Martins,Monsenhor Messias,Cavalcante da Serra,RJ,Pantoprazol Suspensão Oral 50ml - Neo Química (Genérico),Vitaminas e Suplementos,34.03,2026-09-06,Sunday   ,6,9,3,2026
307.02,3,55,00:13:59.635572,Igor da Cruz,Colônia Martins,Monsenhor Messias,Cavalcante da Serra,RJ,Sinvastatina Suspensão Oral 50ml - EMS (Genérico),Cuidados com o Cabelo,102.34,2025-09-17,Wednesday,17,9,3,2025
986.3,5,852,09:45:48.556002,Igor da Cruz,Colônia Martins,Monsenhor Messias,Cavalcante da Serra,RJ,Paracetamol Suspensão Oral 50ml - Bayer,Vitaminas e Suplementos,197.26,2025-04-30,Wednesday,30,4,2,2025
110.25,3,1958,00:16:19.381096,Ayla Castro,Campo de da Rosa,Vila São Geraldo,Casa Grande do Oeste,MT,Tadalafila Pomada 30g - Aché,Vitaminas e Suplementos,36.75,2025-09-13,Saturday ,13,9,3,2025
74.2,1,296,23:33:10.6463,Ayla Castro,Campo de da Rosa,Vila São Geraldo,Casa Grande do Oeste,MT,Vacina contra Parkinson - Reforço,Fraldas e Infantis,74.2,2024-11-21,Thursday ,21,11,4,2024
111.51,1,1584,11:57:02.780724,Ayla Castro,Campo de da Rosa,Vila São Geraldo,Casa Grande do Oeste,MT,Vacina contra Insuficiência Renal - Reforço,Fitoterápicos,111.51,2026-07-14,Tuesday  ,14,7,3,2026
240.96,1,443,23:16:59.439367,Luiz Gustavo Duarte,Via de Pinto,Jardim São José,Jesus,ES,Metformina Suspensão Oral 50ml - EMS (Genérico),Fraldas e Infantis,240.96,2025-01-02,Thursday ,2,1,1,2025
227.22,1,2751,08:43:42.772054,Luiz Gustavo Duarte,Via de Pinto,Jardim São José,Jesus,ES,Fluoxetina 500mg - 20 Comprimidos - Medley (Genérico),Dermocosméticos,227.22,2025-06-07,Saturday ,7,6,2,2025
959.0999999999999,5,58,19:25:16.657512,Luiz Gustavo Duarte,Via de Pinto,Jardim São José,Jesus,ES,Lenço Umedecido La Roche-Posay 50 Metros,Antidepressivos,191.82,2026-08-21,Friday   ,21,8,3,2026
222.02,1,838,20:39:49.851299,Vitor Gabriel Campos,Parque de Vasconcelos,Flamengo,Rocha,PR,Losartana Potássica 500mg - 20 Comprimidos - EMS (Genérico),Genéricos,222.02,2025-08-14,Thursday ,14,8,3,2025
431.97,3,1178,19:44:18.996347,Vitor Gabriel Campos,Parque de Vasconcelos,Flamengo,Rocha,PR,Condicionador Hidratação Johnson's FPS 70,Fitoterápicos,143.99,2026-07-27,Monday   ,27,7,3,2026
203.74,1,2787,01:01:07.713327,Vitor Gabriel Campos,Parque de Vasconcelos,Flamengo,Rocha,PR,Leite em Pó Infantil Rexona 150ml,Analgésicos,203.74,2026-08-16,Sunday   ,16,8,3,2026
143.78,1,2219,10:08:43.804125,Otávio Freitas,Passarela Larissa Lopes,Vila Nova Gameleira 3ª Seção,Cavalcante,RR,Tadalafila Pomada 30g - Neo Química (Genérico),Produtos Ortopédicos,143.78,2025-09-03,Wednesday,3,9,3,2025
583.6,5,1221,19:05:14.002985,Otávio Freitas,Passarela Larissa Lopes,Vila Nova Gameleira 3ª Seção,Cavalcante,RR,Clonazepam 25mg - 30 Comprimidos - Bayer,Higiene Pessoal,116.72,2026-02-25,Wednesday,25,2,1,2026
333.39,3,952,19:21:04.942352,Otávio Freitas,Passarela Larissa Lopes,Vila Nova Gameleira 3ª Seção,Cavalcante,RR,Fluoxetina Xarope 120ml - Bayer,Antialérgicos,111.13,2025-01-30,Thursday ,30,1,1,2025
115.42,1,134,07:28:28.2083,Otávio Freitas,Passarela Larissa Lopes,Vila Nova Gameleira 3ª Seção,Cavalcante,RR,Creme Dental Sempre Livre FPS 50,Analgésicos,115.42,2025-10-25,Saturday ,25,10,4,2025
888.76,4,2629,01:35:24.511338,Ester Alves,Alameda Ana Laura da Cunha,Vila Minaslandia,Albuquerque das Flores,RN,Amoxicilina Suspensão Oral 50ml - Neo Química (Genérico),Anti-inflamatórios,222.19,2026-02-03,Tuesday  ,3,2,1,2026
615.65,5,1592,08:45:23.573666,Ester Alves,Alameda Ana Laura da Cunha,Vila Minaslandia,Albuquerque das Flores,RN,Vacina contra Embolia - Dose Única,Antibióticos,123.13,2026-04-10,Friday   ,10,4,2,2026
194.43,3,892,06:20:29.308319,Ester Alves,Alameda Ana Laura da Cunha,Vila Minaslandia,Albuquerque das Flores,RN,Vacina contra Hipotensão - Reforço,Antidepressivos,64.81,2026-08-27,Thursday ,27,8,3,2026
60.12,4,1219,10:51:27.921148,Ester Alves,Alameda Ana Laura da Cunha,Vila Minaslandia,Albuquerque das Flores,RN,Vacina contra Pneumonia - Reforço,Produtos Ortopédicos,15.03,2026-05-27,Wednesday,27,5,2,2026
49.66,2,1653,01:52:37.608431,Ester Alves,Alameda Ana Laura da Cunha,Vila Minaslandia,Albuquerque das Flores,RN,Creme Dental Colgate 150ml,Vacinas,24.83,2026-06-10,Wednesday,10,6,2,2026
577.1,5,2088,16:13:49.834954,Ester Alves,Alameda Ana Laura da Cunha,Vila Minaslandia,Albuquerque das Flores,RN,Creme Dental Sempre Livre FPS 50,Analgésicos,115.42,2025-05-24,Saturday ,24,5,2,2025
285.92,4,2734,19:20:02.884424,Ester Alves,Alameda Ana Laura da Cunha,Vila Minaslandia,Albuquerque das Flores,RN,Lenço Umedecido Sempre Livre Tamanho G (32 un),Anti-inflamatórios,71.48,2026-04-13,Monday   ,13,4,2,2026
437.52,2,1480,09:40:48.383475,Ester Alves,Alameda Ana Laura da Cunha,Vila Minaslandia,Albuquerque das Flores,RN,Soro Fisiológico Mió 90g,Analgésicos,218.76,2025-01-07,Tuesday  ,7,1,1,2025
95.62,1,1594,00:02:12.244093,Ester Alves,Alameda Ana Laura da Cunha,Vila Minaslandia,Albuquerque das Flores,RN,Sabonete em Barra Huggies 200ml,Antitérmicos,95.62,2025-06-14,Saturday ,14,6,2,2025
