idreceita,data_transacao,nomecliente,nomeproduto,quantidade,preco_unitario,valor_total_receita
1,2026-08-03,Isaque Albuquerque,Vacina contra Bipolaridade - Dose Única,2,126.58,253.16
2,2025-06-14,Enrico Freitas,Sertralina 1g - 10 Comprimidos - Bayer,2,129.69,259.38
3,2025-02-12,Dra. Alana Moreira,Vacina contra Lúpus - Dose Única,5,110.41,552.05
4,2025-09-28,Thiago Rezende,Tadalafila Gotas 20ml - EMS (Genérico),2,101.55,203.1
5,2025-06-19,Brenda da Paz,Escitalopram Xarope 120ml - EMS (Genérico),1,233.02,233.02
6,2025-03-01,Sr. Otávio Nunes,Sabonete em Barra Pampers 90g,2,26.47,52.94
7,2025-06-19,Luiz Felipe Farias,Vacina contra Otite - Dose Única,2,135.03,270.06
8,2024-12-25,Dr. João Lucas Cavalcante,Hidroclorotiazida Xarope 120ml - Medley (Genérico),4,92.76,371.04
9,2025-08-30,Yasmin Pinto,Absorvente com Abas Johnson's 150ml,1,248.79,248.79
10,2026-04-22,Ana Vitória Abreu,Creme Hidratante CeraVe 500ml,3,53.65,160.95
11,2026-05-10,Sr. Henry Gomes,Atenolol 1g - 10 Comprimidos - Aché,1,130.19,130.19
12,2026-03-26,Yan Correia,Soro Fisiológico CeraVe FPS 50,5,133.42,667.0999999999999
13,2026-05-14,Dr. Lucca Duarte,Atenolol 1g - 10 Comprimidos - Medley (Genérico),5,233.33,1166.65
14,2025-05-16,Vinicius da Cruz,Desodorante Roll-on Aptamil 50g,2,26.85,53.7
15,2026-06-13,Heitor Oliveira,Sabonete em Barra Nivea Tamanho M (40 un),3,15.11,45.33
16,2026-09-08,Sr. Juan Cunha,Azitromicina 1g - 10 Comprimidos - EMS (Genérico),4,180.47,721.88
17,2025-08-27,Miguel Nogueira,Loratadina Gotas 20ml - Medley (Genérico),1,131.84,131.84
18,2025-11-14,Allana Araújo,Amoxicilina 50mg - 30 Comprimidos - EMS (Genérico),5,182.49,912.45
19,2025-08-14,Dr. Mathias Guerra,Cefalexina 500mg - 20 Comprimidos - Medley (Genérico),5,223.15,1115.75
20,2025-11-29,Léo Gonçalves,Absorvente com Abas Nivea 200ml,5,222.15,1110.75
21,2025-01-17,Sophia Dias,Ibuprofeno 50mg - 30 Comprimidos - Medley (Genérico),5,243.47,1217.35
22,2025-08-21,Leonardo Correia,Absorvente com Abas Johnson's 150ml,4,248.79,995.16
23,2024-12-30,Srta. Elisa Vargas,Enxaguante Bucal Pampers 500ml,5,241.95,1209.75
24,2026-04-25,Guilherme Costela,Shampoo Anticaspa Mió 90g,5,89.93,449.65000000000003
25,2026-08-30,Maria Isis Silveira,Sildenafila 50mg - 30 Comprimidos - Medley (Genérico),4,47.12,188.48
26,2026-07-23,Ian Cardoso,Ibuprofeno Xarope 120ml - Eurofarma,2,19.32,38.64
27,2026-02-18,Theodoro Santos,Ibuprofeno 50mg - 30 Comprimidos - Bayer,5,237.33,1186.65
28,2025-02-24,André Costela,Vacina contra Artrite - Dose Única,1,33.69,33.69
29,2025-08-10,Catarina Cirino,Soro Fisiológico Sempre Livre 400ml,5,36.39,181.95
30,2025-06-26,Alice Pimenta,Vacina contra Úlcera - Reforço,2,90.83,181.66
31,2026-02-02,Dr. Ryan Garcia,Água Micelar Colgate 200ml,5,84.6,423
32,2025-10-31,Cauã Dias,Vacina contra Depressão - Dose Única,4,209.98,839.92
33,2026-06-01,Vicente Silveira,Paracetamol 500mg - 20 Comprimidos - Bayer,2,241.3,482.6
34,2025-02-28,Maria Luísa Garcia,Termômetro Digital CeraVe 50 Metros,4,229.8,919.2
35,2026-08-08,Ana Carolina Martins,Paracetamol Suspensão Oral 50ml - Medley (Genérico),2,119.61,239.22
36,2026-01-21,Júlia Oliveira,Soro Fisiológico Clear 50 Metros,2,44.34,88.68
37,2024-12-30,Maria Cecília Rocha,Pantoprazol Gotas 20ml - Medley (Genérico),3,94.99,284.96999999999997
38,2026-07-03,Matteo Correia,Escitalopram 25mg - 30 Comprimidos - Medley (Genérico),4,53.19,212.76
39,2025-10-22,Heloísa Nascimento,Atenolol Suspensão Oral 50ml - Neo Química (Genérico),2,134,268
40,2025-11-18,Dr. Benjamim Gonçalves,Protetor Solar Facial Rexona 50g,4,45.2,180.8
41,2026-03-14,Anthony Gabriel Montenegro,Lenço Umedecido Clear FPS 70,1,45.13,45.13
42,2026-01-24,Dr. Otto Lopes,Sabonete em Barra Clear Tamanho M (40 un),4,21.43,85.72
43,2025-09-22,Davi Lucas Gomes,Pomada para Assaduras Dove FPS 70,1,18.09,18.09
44,2026-07-15,Srta. Júlia Santos,Loratadina 25mg - 30 Comprimidos - Bayer,4,205.47,821.88
45,2024-09-12,Aurora Nogueira,Nimesulida 50mg - 30 Comprimidos - EMS (Genérico),4,41.54,166.16
46,2025-05-30,Srta. Amanda Costela,Água Micelar Vichy 500ml,4,173.25,693
47,2024-11-16,Lorena Cunha,Água Micelar Colgate 200ml,4,84.6,338.4
48,2025-06-16,Dr. João Gabriel Nunes,Cefalexina 50mg - 30 Comprimidos - Neo Química (Genérico),4,73.66,294.64
49,2026-09-06,Maria Fernanda Cavalcanti,Hidroclorotiazida 1g - 10 Comprimidos - Eurofarma,4,169.26,677.04
50,2025-09-30,Sra. Maria Julia Abreu,Protetor Solar Facial Rexona 50g,1,45.2,45.2
51,2025-11-15,Diego Siqueira,Shampoo Anticaspa Huggies FPS 70,4,153.56,614.24
52,2025-01-12,Apollo Costa,Paracetamol Xarope 120ml - EMS (Genérico),4,180.56,722.24
53,2025-05-18,Heloísa Viana,Diclofenaco Suspensão Oral 50ml - Medley (Genérico),3,154.15,462.45000000000005
54,2024-10-04,Maria Fernanda Cavalcanti,Vacina contra Insuficiência Renal - Reforço,5,15.5,77.5
55,2026-07-24,Caio Pacheco,Amoxicilina 25mg - 30 Comprimidos - Eurofarma,3,239.18,717.54
56,2026-05-10,Rael Silva,Fralda Descartável Needs 500ml,4,34.86,139.44
57,2025-03-04,Sr. Benjamim Novais,Sildenafila Pomada 30g - Neo Química (Genérico),4,206.81,827.24
58,2025-07-18,Sra. Agatha Pacheco,Fluoxetina 1g - 10 Comprimidos - EMS (Genérico),5,242.33,1211.65
59,2025-04-18,Eduardo da Cunha,Fluoxetina 500mg - 20 Comprimidos - Aché,1,95.21,95.21
60,2025-08-09,Miguel Câmara,Escitalopram Suspensão Oral 50ml - Eurofarma,3,237.82,713.46
61,2025-03-14,Vitor Hugo Nunes,Atenolol Suspensão Oral 50ml - Neo Química (Genérico),2,134,268
62,2025-08-30,Valentina Novaes,Escitalopram 500mg - 20 Comprimidos - Eurofarma,2,161.79,323.58
63,2025-01-03,Esther Pimenta,Fluoxetina Xarope 120ml - Medley (Genérico),3,84.84,254.52
64,2026-02-01,Liz Fonseca,Vacina contra Catarata - Dose Única,3,163.31,489.93
65,2025-12-07,Melissa Araújo,Amoxicilina 25mg - 30 Comprimidos - Bayer,2,94.88,189.76
66,2026-08-17,Aylla Brito,Escitalopram Suspensão Oral 50ml - Eurofarma,2,237.82,475.64
67,2025-12-08,Lorenzo das Neves,Escitalopram Pomada 30g - Aché,5,248.67,1243.35
68,2024-10-06,Ravi Lucca Fogaça,Desodorante Aerosol Listerine 90g,3,26.15,78.44999999999999
69,2026-01-30,Aurora da Rocha,Termômetro Digital G-Tech Tamanho M (40 un),1,43.85,43.85
70,2026-08-15,Matteo Araújo,Dipirona Sódica 50mg - 30 Comprimidos - Medley (Genérico),1,121.9,121.9
71,2025-10-22,João Felipe Novaes,Termômetro Digital Vichy 50g,5,149.06,745.3
72,2024-12-07,Isabella Ribeiro,Losartana Potássica 25mg - 30 Comprimidos - EMS (Genérico),2,24.21,48.42
73,2025-06-14,Dr. Noah Porto,Creme Dental Mió 150ml,5,117.69,588.45
74,2024-12-29,Milena da Rocha,Metformina Gotas 20ml - Bayer,1,32.9,32.9
75,2025-01-19,Enzo Farias,Vacina contra Alzheimer - Dose Única,4,193.18,772.72
76,2024-09-17,Rhavi Viana,Paracetamol 1g - 10 Comprimidos - Bayer,5,61.6,308
77,2026-03-25,Julia Cavalcanti,Paracetamol Xarope 120ml - EMS (Genérico),2,180.56,361.12
78,2025-09-22,Kamilly da Conceição,Sertralina Suspensão Oral 50ml - Neo Química (Genérico),1,231.68,231.68
79,2026-04-25,Davi Lucas Dias,Enalapril 25mg - 30 Comprimidos - Eurofarma,5,50.58,252.89999999999998
80,2026-03-03,Heloísa da Cunha,Fluoxetina 500mg - 20 Comprimidos - Bayer,1,134.5,134.5
81,2024-10-29,Aurora das Neves,Losartana Potássica 1g - 10 Comprimidos - Bayer,5,16.75,83.75
82,2025-09-30,Vicente Silveira,Hidroclorotiazida 500mg - 20 Comprimidos - Neo Química (Genérico),4,124.14,496.56
83,2026-01-10,Sra. Manuela Cirino,Clonazepam Suspensão Oral 50ml - EMS (Genérico),3,11.4,34.2
84,2025-01-30,Dra. Nicole Fogaça,Sérum Vitamina C Nivea 500ml,5,213.5,1067.5
85,2026-03-14,Ester Pacheco,Cefalexina 500mg - 20 Comprimidos - Neo Química (Genérico),3,193.39,580.17
86,2025-09-05,Marina Lima,Loratadina Suspensão Oral 50ml - Bayer,4,123.87,495.48
87,2026-05-19,Lavínia Andrade,Leite em Pó Infantil Colgate 150ml,3,162.17,486.51
88,2025-08-24,Henry da Rocha,Vacina contra Chikungunya - Dose Única,2,102.18,204.36
89,2026-06-13,Dra. Alana Moreira,Atenolol 1g - 10 Comprimidos - Aché,5,130.19,650.95
90,2024-09-15,Marina Lima,Cefalexina 500mg - 20 Comprimidos - EMS (Genérico),5,189.46,947.3000000000001
91,2025-08-31,Caio Montenegro,Omeprazol 500mg - 20 Comprimidos - Aché,5,109.03,545.15
92,2026-01-24,Augusto Silva,Metformina 50mg - 30 Comprimidos - Eurofarma,1,119.82,119.82
93,2025-12-04,Larissa Santos,Dipirona Sódica 500mg - 20 Comprimidos - Aché,3,48.2,144.60000000000002
94,2025-10-01,Bento Lima,Dipirona Sódica 500mg - 20 Comprimidos - Medley (Genérico),5,6.77,33.849999999999994
95,2025-08-27,Dr. Diogo Silveira,Fralda Descartável G-Tech 50g,4,70.38,281.52
96,2026-09-11,Anthony Gabriel Melo,Azitromicina Suspensão Oral 50ml - Eurofarma,4,49.82,199.28
97,2026-08-26,Isabel Vasconcelos,Enalapril Xarope 120ml - Eurofarma,1,73.4,73.4
98,2026-05-31,Natália Souza,Diclofenaco Gotas 20ml - Neo Química (Genérico),5,76.28,381.4
99,2025-12-24,Dr. Benjamim Gonçalves,Creme Dental Needs 200ml,1,138.13,138.13
100,2025-05-23,Luiza Aparecida,Omeprazol Suspensão Oral 50ml - Aché,5,245.04,1225.2
101,2025-03-30,Maria Julia Dias,Termômetro Digital Needs 50g,3,29.24,87.72
102,2024-12-31,Juliana Oliveira,Amoxicilina 50mg - 30 Comprimidos - Bayer,4,75.94,303.76
103,2026-07-11,Olívia Novais,Fralda Descartável Listerine 50g,2,31.34,62.68
104,2025-04-27,Sr. Benjamim Nascimento,Sertralina Suspensão Oral 50ml - Neo Química (Genérico),3,231.68,695.04
105,2025-01-10,Antony Dias,Vacina contra Leucemia - Dose Única,1,236.64,236.64
106,2026-05-30,Mathias da Rosa,Omeprazol 500mg - 20 Comprimidos - Aché,4,109.03,436.12
107,2024-11-23,Marcos Vinicius Guerra,Paracetamol 500mg - 20 Comprimidos - Medley (Genérico),5,208.77,1043.8500000000001
108,2026-04-15,João Gabriel Santos,Fio Dental Needs FPS 50,3,21.71,65.13
109,2026-04-22,Milena Cardoso,Sinvastatina Pomada 30g - Medley (Genérico),5,210.63,1053.15
110,2026-01-06,Heloísa Nascimento,Fralda Descartável Sempre Livre 50 Metros,1,64.21,64.21
111,2024-10-15,Otávio da Rocha,Losartana Potássica 500mg - 20 Comprimidos - Bayer,1,224.17,224.17
112,2025-12-13,Francisco Sales,Enalapril Suspensão Oral 50ml - Aché,3,49.84,149.52
113,2024-12-09,Lorenzo Cassiano,Protetor Solar Facial CeraVe FPS 70,1,159.16,159.16
114,2025-11-19,Juan da Paz,Água Micelar CeraVe Tamanho G (32 un),3,223.43,670.29
115,2025-05-24,Dr. Ryan Garcia,Hastes Flexíveis (Cotonetes) Johnson's 90g,3,208.29,624.87
116,2024-10-18,Rebeca Brito,Lenço Umedecido Huggies Tamanho M (40 un),1,25.49,25.49
117,2026-06-16,Anthony Gabriel Pacheco,Paracetamol Gotas 20ml - Aché,3,218.14,654.42
118,2025-01-27,André Cardoso,Azitromicina Xarope 120ml - Aché,1,151.45,151.45
119,2025-04-22,Théo Fogaça,Sabonete em Barra Pampers 90g,3,26.47,79.41
120,2025-09-22,Lucas Gabriel Melo,Azitromicina Xarope 120ml - Aché,4,151.45,605.8
121,2025-11-30,Lorena Duarte,Água Micelar Colgate 200ml,5,84.6,423
122,2025-02-01,João Guilherme Marques,Sertralina Gotas 20ml - Aché,2,182.27,364.54
123,2025-09-14,Ana Júlia Vieira,Omeprazol Gotas 20ml - Aché,4,222.34,889.36
124,2026-02-11,Leandro Correia,Metformina 500mg - 20 Comprimidos - Neo Química (Genérico),3,158.01,474.03
125,2026-08-23,Francisco Cavalcanti,Vacina contra Catarata - Dose Única,3,163.31,489.93
126,2025-09-22,Maria Fernanda da Cunha,Pantoprazol 25mg - 30 Comprimidos - Neo Química (Genérico),2,206.05,412.1
127,2026-04-18,Maya Pereira,Absorvente com Abas Johnson's FPS 50,5,80.34,401.70000000000005
128,2026-07-03,Sr. Valentim Pastor,Sildenafila 25mg - 30 Comprimidos - Eurofarma,4,186.17,744.68
129,2025-05-30,Sra. Ana Vitória Jesus,Vacina contra Hipotireoidismo - Dose Única,5,183.82,919.0999999999999
130,2026-05-16,Levi Araújo,Loratadina 1g - 10 Comprimidos - Bayer,3,28.47,85.41
131,2026-02-09,Maria Helena da Rocha,Sertralina Pomada 30g - Medley (Genérico),5,227.65,1138.25
132,2026-01-11,Valentim Aparecida,Vacina contra Tuberculose - Dose Única,4,112.67,450.68
133,2026-01-24,Dante Gomes,Clonazepam 1g - 10 Comprimidos - Neo Química (Genérico),2,196.01,392.02
134,2025-01-14,Luiz Miguel Macedo,Sertralina 1g - 10 Comprimidos - Bayer,2,129.69,259.38
135,2026-04-04,Dr. Luiz Otávio Rodrigues,Sildenafila 50mg - 30 Comprimidos - Medley (Genérico),1,47.12,47.12
136,2025-04-17,Emanuel Leão,Loratadina Xarope 120ml - Bayer,1,83.04,83.04
137,2025-03-16,Isabelly Almeida,Diclofenaco Gotas 20ml - Eurofarma,3,234.94,704.8199999999999
138,2025-09-02,Lívia da Cunha,Sabonete em Barra Nivea Tamanho M (40 un),2,15.11,30.22
139,2026-04-16,Enzo Gabriel Correia,Fluoxetina 500mg - 20 Comprimidos - Neo Química (Genérico),2,194.05,388.1
140,2026-07-29,Marcelo Nascimento,Água Micelar Panvel 150ml,5,96.85,484.25
141,2025-09-16,João Pedro Sá,Pantoprazol Xarope 120ml - Bayer,5,116.09,580.45
142,2026-02-14,Allana Ramos,Vacina contra Ansiedade - Reforço,2,106.07,212.14
143,2026-08-28,Sara Alves,Lenço Umedecido Huggies Tamanho M (40 un),4,25.49,101.96
144,2024-12-31,Hadassa Costela,Sinvastatina 1g - 10 Comprimidos - Medley (Genérico),1,194.92,194.92
145,2024-09-15,Bella Souza,Cefalexina Pomada 30g - Neo Química (Genérico),1,193.4,193.4
146,2026-01-06,Asafe Aparecida,Sildenafila Xarope 120ml - Eurofarma,5,238.47,1192.35
147,2025-03-14,Sr. Dom Azevedo,Losartana Potássica 25mg - 30 Comprimidos - EMS (Genérico),4,24.21,96.84
148,2026-09-08,Yasmin Siqueira,Vacina contra Gota - Dose Única,3,44.64,133.92000000000002
149,2025-03-04,Melina Peixoto,Ibuprofeno 50mg - 30 Comprimidos - Aché,2,167.89,335.78
150,2024-12-20,Lorena Duarte,Azitromicina 1g - 10 Comprimidos - Bayer,1,77.37,77.37
151,2026-08-29,Laís Costa,Sinvastatina Suspensão Oral 50ml - Bayer,3,177.59,532.77
152,2026-07-16,Sr. Theo Fernandes,Termômetro Digital Listerine 50g,4,55.92,223.68
153,2026-06-23,Fernanda Vieira,Escitalopram Suspensão Oral 50ml - Medley (Genérico),4,197.77,791.08
154,2025-09-13,Gustavo Henrique Caldeira,Sabonete em Barra Mió FPS 70,4,86.33,345.32
155,2025-03-12,Aurora Duarte,Soro Fisiológico Sempre Livre 400ml,3,36.39,109.17
156,2024-10-10,Luiza Moreira,Fio Dental Huggies 50 Metros,3,163.42,490.26
157,2024-12-23,Dra. Maria Liz Rocha,Hidroclorotiazida Suspensão Oral 50ml - Bayer,2,42.24,84.48
158,2025-08-05,Julia Marques,Metformina Xarope 120ml - EMS (Genérico),5,66.87,334.35
159,2025-04-16,Fernando Andrade,Vacina contra Ansiedade - Reforço,1,106.07,106.07
160,2025-06-19,Rhavi Rodrigues,Sabonete Líquido La Roche-Posay FPS 70,4,167.59,670.36
161,2025-04-16,Maitê Rocha,Vacina contra Hepatite A - Dose Única,3,114.71,344.13
162,2026-03-25,Sophie Dias,Vacina contra Depressão - Dose Única,5,209.98,1049.8999999999999
163,2025-03-21,Rael Machado,Termômetro Digital Vichy 50g,2,149.06,298.12
164,2025-09-20,Vitória Fernandes,Sinvastatina Xarope 120ml - EMS (Genérico),5,72.93,364.65000000000003
165,2026-08-31,Heitor Vargas,Vacina contra Alzheimer - Dose Única,2,193.18,386.36
166,2024-10-07,Igor Cassiano,Paracetamol Suspensão Oral 50ml - EMS (Genérico),1,58.21,58.21
167,2026-03-03,Davi Lucas Gomes,Sérum Vitamina C Rexona Tamanho G (32 un),2,129.67,259.34
168,2026-03-29,Renan Barbosa,Sildenafila 50mg - 30 Comprimidos - Medley (Genérico),2,47.12,94.24
169,2025-09-05,Igor Melo,Ibuprofeno Pomada 30g - EMS (Genérico),5,58.85,294.25
170,2026-03-07,Lucca Guerra,Creme Hidratante Dove 200ml,5,76.86,384.3
171,2025-09-02,Dr. André Correia,Omeprazol Suspensão Oral 50ml - Bayer,1,50.33,50.33
172,2026-05-15,Alexandre Caldeira,Pomada para Assaduras Colgate FPS 70,5,249.6,1248
173,2024-09-27,Renan Barbosa,Vacina contra COVID-19 - Dose Única,2,245.28,490.56
174,2025-09-19,Bella Duarte,Atenolol Pomada 30g - Neo Química (Genérico),4,40.49,161.96
175,2025-03-01,Isis Nascimento,Clonazepam 500mg - 20 Comprimidos - Medley (Genérico),4,163.65,654.6
176,2024-11-22,Lívia Nunes,Dipirona Sódica 1g - 10 Comprimidos - Bayer,4,120.1,480.4
177,2025-07-19,Maria Júlia Cassiano,Creme Dental Dove 50 Metros,4,69.44,277.76
178,2026-07-21,Sophia Dias,Metformina Pomada 30g - Bayer,4,231.84,927.36
179,2024-11-09,Gael Azevedo,Paracetamol Xarope 120ml - EMS (Genérico),5,180.56,902.8
180,2024-12-13,João Lucas Jesus,Dipirona Sódica Suspensão Oral 50ml - Neo Química (Genérico),4,90.27,361.08
181,2026-02-11,Rafaela Alves,Amoxicilina Pomada 30g - Bayer,1,46.71,46.71
182,2024-11-30,Dra. Ana Júlia Viana,Diclofenaco Xarope 120ml - Aché,1,241.31,241.31
183,2024-09-23,Bella Duarte,Metformina 500mg - 20 Comprimidos - Neo Química (Genérico),1,158.01,158.01
184,2026-04-29,Srta. Laís Cassiano,Vacina contra Sinusite - Dose Única,1,179.2,179.2
185,2025-09-23,Maria Cecília Leão,Vacina contra Artrite - Dose Única,3,33.69,101.07
186,2025-01-22,Dra. Vitória Almeida,Cefalexina 500mg - 20 Comprimidos - Eurofarma,3,135.47,406.40999999999997
187,2025-03-27,Melissa Araújo,Diclofenaco 25mg - 30 Comprimidos - Aché,4,43.34,173.36
188,2024-12-19,Luiz Henrique Sousa,Vacina contra Artrose - Reforço,5,86.63,433.15
189,2025-10-30,Laís Costa,Loratadina Xarope 120ml - Bayer,4,83.04,332.16
190,2025-04-07,Vitor Gabriel da Conceição,Pantoprazol Suspensão Oral 50ml - Aché,4,226.6,906.4
191,2025-12-22,Natália Sousa,Sérum Vitamina C Johnson's FPS 70,1,90.29,90.29
192,2025-01-02,Levi Carvalho,Escitalopram 500mg - 20 Comprimidos - Bayer,4,155.14,620.56
193,2025-09-17,Stephany Fogaça,Sildenafila Gotas 20ml - EMS (Genérico),4,160.27,641.08
194,2024-11-12,Ana Carolina Lima,Shampoo Anticaspa Aptamil 500ml,2,60.02,120.04
195,2025-01-30,Dra. Ana Laura Peixoto,Paracetamol Suspensão Oral 50ml - Aché,2,29.78,59.56
196,2024-10-20,Anthony Gabriel Pacheco,Loratadina 1g - 10 Comprimidos - Aché,5,229.71,1148.55
197,2026-03-11,Alexandre Caldeira,Sinvastatina 50mg - 30 Comprimidos - Eurofarma,3,85,255
198,2025-02-23,Dra. Ana Liz Câmara,Vacina contra Hepatite B - Reforço,3,40.61,121.83
199,2026-07-07,Bruno Rezende,Nimesulida 50mg - 30 Comprimidos - EMS (Genérico),5,41.54,207.7
200,2024-12-27,Aurora das Neves,Diclofenaco 500mg - 20 Comprimidos - Aché,2,231.18,462.36
201,2025-04-08,Heitor Vargas,Paracetamol Gotas 20ml - Aché,4,218.14,872.56
202,2025-01-16,Théo Fogaça,Termômetro Digital CeraVe 150ml,4,175.91,703.64
203,2026-04-18,João Lucas Rodrigues,Azitromicina Xarope 120ml - Neo Química (Genérico),1,177.09,177.09
204,2024-10-09,Enzo Castro,Tadalafila 50mg - 30 Comprimidos - Eurofarma,4,183.3,733.2
205,2026-08-31,Dr. João Gabriel Nunes,Soro Fisiológico CeraVe FPS 50,1,133.42,133.42
206,2025-06-03,Srta. Allana Silva,Azitromicina Suspensão Oral 50ml - Aché,3,181.87,545.61
207,2026-04-03,Breno da Cruz,Termômetro Digital G-Tech Tamanho M (40 un),5,43.85,219.25
208,2025-05-27,Pietro Araújo,Sérum Vitamina C Nivea 500ml,3,213.5,640.5
209,2025-12-13,João Guilherme Marques,Sildenafila Gotas 20ml - Bayer,4,22.89,91.56
210,2025-01-20,Maria Rocha,Cefalexina 1g - 10 Comprimidos - Medley (Genérico),4,127.46,509.84
211,2026-08-18,Ísis Moraes,Atenolol Pomada 30g - Medley (Genérico),1,214.71,214.71
212,2026-01-02,Luiza Aparecida,Nimesulida Pomada 30g - Aché,5,223.47,1117.35
213,2024-12-16,André Cardoso,Sertralina 50mg - 30 Comprimidos - Bayer,5,233.47,1167.35
214,2026-08-29,Dr. Miguel Pinto,Hidroclorotiazida Gotas 20ml - Eurofarma,2,146.95,293.9
215,2024-12-25,Noah Pimenta,Sérum Vitamina C Johnson's FPS 70,2,90.29,180.58
216,2026-06-15,Samuel Casa Grande,Desodorante Roll-on G-Tech Tamanho M (40 un),1,73.6,73.6
217,2026-03-21,Henry Araújo,Curativos (Band-Aid) Pampers Tamanho G (32 un),2,97.25,194.5
218,2026-01-07,Luiz Miguel Duarte,Água Micelar Colgate 200ml,2,84.6,169.2
219,2025-09-01,Olivia Leão,Condicionador Hidratação La Roche-Posay 150ml,1,207.97,207.97
220,2025-12-29,Nicole Mendonça,Dipirona Sódica Xarope 120ml - Eurofarma,2,73.46,146.92
221,2026-06-01,Elisa Jesus,Fralda Descartável Listerine 50g,1,31.34,31.34
222,2025-08-22,Caleb Cardoso,Absorvente com Abas G-Tech 90g,1,182.53,182.53
223,2026-04-24,Bruno Rezende,Enalapril 500mg - 20 Comprimidos - Bayer,2,170.79,341.58
224,2025-05-15,Felipe Mendes,Clonazepam Gotas 20ml - Medley (Genérico),2,15.1,30.2
225,2024-10-01,Ryan Siqueira,Hidroclorotiazida 1g - 10 Comprimidos - Bayer,2,120.3,240.6
226,2026-02-23,Ana Carolina Costela,Clonazepam 500mg - 20 Comprimidos - Medley (Genérico),1,163.65,163.65
227,2025-08-23,Dr. Diogo Silveira,Condicionador Hidratação Panvel 400ml,4,84.33,337.32
228,2024-12-26,Antonella Moreira,Sabonete em Barra Nivea 500ml,3,45,135
229,2025-06-17,Esther Pimenta,Azitromicina 500mg - 20 Comprimidos - Neo Química (Genérico),3,166.15,498.45000000000005
230,2025-07-16,Ana Cecília Caldeira,Fluoxetina 500mg - 20 Comprimidos - Eurofarma,1,226.49,226.49
231,2025-10-10,Bruna Porto,Tadalafila 500mg - 20 Comprimidos - Neo Química (Genérico),3,55.18,165.54
232,2026-05-03,Emilly Barbosa,Escitalopram Suspensão Oral 50ml - Eurofarma,5,237.82,1189.1
233,2025-07-13,Heitor Vargas,Vacina contra Depressão - Reforço,4,245.53,982.12
234,2025-11-09,Sra. Agatha Pacheco,Condicionador Hidratação La Roche-Posay 500ml,4,180.08,720.32
235,2026-09-10,Maria Júlia Costa,Pomada para Assaduras Nivea 90g,5,74.02,370.09999999999997
236,2025-06-13,Augusto Castro,Leite em Pó Infantil CeraVe 400ml,4,47.05,188.2
237,2024-12-18,Ravi Lucca Correia,Vacina contra Insuficiência Cardíaca - Dose Única,4,99.92,399.68
238,2026-05-17,Kaique Oliveira,Azitromicina 500mg - 20 Comprimidos - Bayer,4,193.53,774.12
239,2025-01-29,Larissa Lopes,Vacina contra Epilepsia - Dose Única,4,187.04,748.16
240,2026-05-13,José Miguel Azevedo,Fralda Descartável Johnson's 400ml,5,7.86,39.300000000000004
241,2025-10-10,Olívia Novais,Fluoxetina Suspensão Oral 50ml - Bayer,4,193.89,775.56
242,2025-07-18,Ana Júlia Vieira,Hastes Flexíveis (Cotonetes) Mió 150ml,4,222.68,890.72
243,2025-10-27,Enrico Freitas,Enalapril Suspensão Oral 50ml - Medley (Genérico),2,218.1,436.2
244,2025-04-08,Murilo Peixoto,Vacina contra Depressão - Dose Única,4,209.98,839.92
245,2026-04-11,Olívia Novaes,Protetor Solar Facial Vichy Tamanho G (32 un),2,241.99,483.98
246,2025-12-22,Renan Viana,Azitromicina 500mg - 20 Comprimidos - Medley (Genérico),5,31.26,156.3
247,2026-06-03,Anthony Mendonça,Vacina contra Vitiligo - Reforço,2,163.53,327.06
248,2025-12-12,Luísa Souza,Soro Fisiológico Sempre Livre Tamanho M (40 un),4,155.36,621.44
249,2025-08-13,Josué Nunes,Diclofenaco 1g - 10 Comprimidos - Neo Química (Genérico),1,172.05,172.05
250,2025-09-25,Danilo Sampaio,Vacina contra Alzheimer - Dose Única,2,193.18,386.36
251,2026-05-24,Brayan da Mata,Dipirona Sódica 50mg - 30 Comprimidos - Neo Química (Genérico),4,135.01,540.04
252,2025-01-18,Miguel Câmara,Vacina contra Rinite - Dose Única,1,68.91,68.91
253,2025-08-03,Ana Vitória Rios,Ibuprofeno 50mg - 30 Comprimidos - Aché,1,167.89,167.89
254,2026-04-19,Elisa Fonseca,Amoxicilina 500mg - 20 Comprimidos - Bayer,4,116.65,466.6
255,2026-06-26,Theodoro Melo,Azitromicina 50mg - 30 Comprimidos - Medley (Genérico),3,109.65,328.95000000000005
256,2026-08-21,João Gabriel Santos,Vacina contra Osteoporose - Reforço,2,66.03,132.06
257,2025-01-15,Srta. Liz Casa Grande,Sertralina Xarope 120ml - Neo Química (Genérico),4,81.67,326.68
258,2026-03-12,Bento Gomes,Ibuprofeno Suspensão Oral 50ml - EMS (Genérico),4,36.54,146.16
259,2024-09-22,Rhavi Marques,Loratadina 50mg - 30 Comprimidos - Neo Química (Genérico),2,134.86,269.72
260,2025-10-21,Aurora Nogueira,Loratadina 500mg - 20 Comprimidos - EMS (Genérico),1,146.65,146.65
261,2025-04-24,Apollo Teixeira,Fluoxetina Xarope 120ml - Medley (Genérico),4,84.84,339.36
262,2026-02-05,Sofia da Paz,Paracetamol 500mg - 20 Comprimidos - Medley (Genérico),1,208.77,208.77
263,2026-06-17,Srta. Mariah Caldeira,Sildenafila Pomada 30g - Aché,4,49.97,199.88
264,2025-04-17,Daniel Ribeiro,Azitromicina Xarope 120ml - Neo Química (Genérico),1,177.09,177.09
265,2026-01-07,Mariah Novais,Atenolol 25mg - 30 Comprimidos - Medley (Genérico),2,191.35,382.7
266,2025-02-02,Vitor Machado,Azitromicina 50mg - 30 Comprimidos - Aché,3,119.13,357.39
267,2026-04-22,Aurora Duarte,Termômetro Digital CeraVe 150ml,2,175.91,351.82
268,2026-02-15,Felipe Rodrigues,Água Micelar Clear Tamanho M (40 un),2,32.3,64.6
269,2024-12-05,Maria Luísa Garcia,Escitalopram 1g - 10 Comprimidos - Eurofarma,3,239.22,717.66
270,2026-09-04,Dra. Ana Liz Oliveira,Vacina contra Lúpus - Dose Única,3,110.41,331.23
271,2025-09-16,Alexandre Costa,Cefalexina 500mg - 20 Comprimidos - Aché,5,133.22,666.1
272,2025-12-16,Marina Lima,Metformina Gotas 20ml - Bayer,1,32.9,32.9
273,2026-03-12,Benicio Nascimento,Lenço Umedecido Mió Tamanho M (40 un),5,43.72,218.6
274,2025-07-29,Otávio Siqueira,Atenolol Pomada 30g - Neo Química (Genérico),5,40.49,202.45000000000002
275,2025-09-24,Dr. João Lucas Cavalcante,Hidroclorotiazida Suspensão Oral 50ml - Bayer,5,42.24,211.20000000000002
276,2026-07-25,Rael Caldeira,Clonazepam Gotas 20ml - Neo Química (Genérico),4,247.15,988.6
277,2026-03-06,Rodrigo Correia,Diclofenaco 50mg - 30 Comprimidos - Bayer,3,16.39,49.17
278,2026-04-13,Heloísa Sampaio,Sertralina Suspensão Oral 50ml - Neo Química (Genérico),5,231.68,1158.4
279,2025-07-06,Mariah Novais,Sérum Vitamina C Johnson's FPS 70,1,90.29,90.29
280,2024-09-13,Gustavo Henrique Caldeira,Hidroclorotiazida Gotas 20ml - Eurofarma,1,146.95,146.95
281,2024-11-08,Luísa Fernandes,Pomada para Assaduras Dove 150ml,2,64.33,128.66
282,2026-06-30,Sr. Miguel da Luz,Sabonete Líquido Nivea Tamanho M (40 un),2,51.11,102.22
283,2026-07-26,Samuel Casa Grande,Paracetamol 50mg - 30 Comprimidos - Aché,2,116.39,232.78
284,2026-05-07,Luiz Otávio Caldeira,Hastes Flexíveis (Cotonetes) Johnson's 90g,2,208.29,416.58
285,2025-01-08,Lucas Gabriel Jesus,Shampoo Anticaspa Aptamil 500ml,2,60.02,120.04
286,2026-08-28,Sabrina Pires,Desodorante Aerosol Listerine 90g,4,26.15,104.6
287,2025-02-06,José Miguel Caldeira,Absorvente com Abas La Roche-Posay Tamanho G (32 un),5,127.55,637.75
288,2024-09-14,Julia Ferreira,Leite em Pó Infantil Colgate 150ml,2,162.17,324.34
289,2025-05-15,José Miguel Azevedo,Vacina contra Artrose - Dose Única,1,96.09,96.09
290,2025-03-03,Cecília Casa Grande,Losartana Potássica 500mg - 20 Comprimidos - Bayer,2,224.17,448.34
291,2026-03-05,Ravi Lucca Correia,Vacina contra Artrose - Reforço,3,86.63,259.89
292,2026-05-14,Henrique Sousa,Enalapril 50mg - 30 Comprimidos - Bayer,1,98.23,98.23
293,2025-08-08,Caroline Costela,Enalapril 500mg - 20 Comprimidos - EMS (Genérico),5,191.7,958.5
294,2025-04-21,Fernando Silveira,Ibuprofeno Xarope 120ml - Aché,3,48.62,145.85999999999999
295,2026-01-27,Luiz Fernando das Neves,Pantoprazol Gotas 20ml - Medley (Genérico),4,94.99,379.96
296,2025-12-20,Melissa Camargo,Atenolol 25mg - 30 Comprimidos - Medley (Genérico),2,191.35,382.7
297,2026-06-10,Francisco Sales,Shampoo Anticaspa Panvel Tamanho G (32 un),1,197.23,197.23
298,2026-04-14,Diogo Lima,Sertralina Pomada 30g - Neo Química (Genérico),5,23.83,119.14999999999999
299,2024-09-12,Dr. Caleb Moraes,Sinvastatina 1g - 10 Comprimidos - Medley (Genérico),4,194.92,779.68
300,2026-08-14,Ravi Rezende,Losartana Potássica 50mg - 30 Comprimidos - Medley (Genérico),5,117.53,587.65
301,2025-12-17,Davi Luiz Caldeira,Ibuprofeno Xarope 120ml - Medley (Genérico),2,145.26,290.52
302,2024-10-28,Dr. Lucca Lima,Cefalexina Pomada 30g - Neo Química (Genérico),2,193.4,386.8
303,2026-05-20,Maria Liz Novais,Sabonete em Barra Nivea 500ml,4,45,180
304,2025-02-25,Gabrielly Dias,Paracetamol Gotas 20ml - Aché,5,218.14,1090.6999999999998
305,2025-03-26,Sabrina Ferreira,Sertralina 1g - 10 Comprimidos - Bayer,2,129.69,259.38
306,2025-05-10,Alexandre Costa,Soro Fisiológico Mió 50g,3,47.89,143.67000000000002
307,2024-09-12,Bruna Caldeira,Termômetro Digital La Roche-Posay 500ml,2,40.39,80.78
308,2026-02-18,Ana Sophia Montenegro,Desodorante Roll-on Johnson's FPS 50,3,237.25,711.75
309,2024-09-20,Melina Novais,Fralda Descartável Johnson's FPS 50,1,173.54,173.54
310,2026-05-05,Ana Castro,Shampoo Anticaspa Rexona 90g,2,122.18,244.36
311,2025-01-05,Lunna Mendonça,Protetor Solar Corporal Vichy 50 Metros,2,113.51,227.02
312,2025-04-25,Dr. Kevin Cavalcante,Curativos (Band-Aid) Bepantol Tamanho M (40 un),4,123.84,495.36
313,2025-11-30,Maria Cecília Araújo,Metformina 50mg - 30 Comprimidos - Eurofarma,3,119.82,359.46
314,2025-10-21,Lorena Duarte,Paracetamol Pomada 30g - Bayer,1,159.93,159.93
315,2024-11-24,Anthony Gabriel Gomes,Termômetro Digital CeraVe 50 Metros,2,229.8,459.6
316,2025-08-29,Sr. Juan Cunha,Cefalexina 500mg - 20 Comprimidos - EMS (Genérico),3,189.46,568.38
317,2026-03-19,Melissa Melo,Absorvente com Abas Nivea 200ml,5,222.15,1110.75
318,2025-06-27,Sr. Murilo Cirino,Metformina Gotas 20ml - EMS (Genérico),3,237.14,711.42
319,2026-04-20,Nicole Caldeira,Creme Dental Nivea Tamanho G (32 un),4,198.99,795.96
320,2024-10-08,Ana Beatriz Monteiro,Fluoxetina 500mg - 20 Comprimidos - Eurofarma,1,226.49,226.49
321,2025-02-02,Ana Beatriz Peixoto,Dipirona Sódica 500mg - 20 Comprimidos - Aché,2,48.2,96.4
322,2025-06-29,Sophie Gonçalves,Vacina contra Psoríase - Reforço,4,64.67,258.68
323,2026-09-08,Ana Sophia Montenegro,Amoxicilina 25mg - 30 Comprimidos - Medley (Genérico),3,19.5,58.5
324,2026-03-04,Enrico Costela,Amoxicilina 50mg - 30 Comprimidos - EMS (Genérico),1,182.49,182.49
325,2024-12-14,Benício Andrade,Ibuprofeno 50mg - 30 Comprimidos - Medley (Genérico),5,243.47,1217.35
326,2024-09-12,Sr. Leandro Silva,Soro Fisiológico Needs 90g,5,235.86,1179.3000000000002
327,2026-01-19,Maria Isis Novais,Cefalexina 500mg - 20 Comprimidos - Aché,1,133.22,133.22
328,2026-09-04,Dra. Sabrina Costela,Pantoprazol 25mg - 30 Comprimidos - Neo Química (Genérico),2,206.05,412.1
329,2024-10-25,Maria Fernanda Azevedo,Pomada para Assaduras Nivea 90g,4,74.02,296.08
330,2025-03-02,Lorena Novaes,Diclofenaco 1g - 10 Comprimidos - Neo Química (Genérico),2,172.05,344.1
331,2026-03-18,Dra. Nicole Fogaça,Lenço Umedecido Bepantol 500ml,5,97.48,487.40000000000003
332,2024-12-09,Daniel Nunes,Metformina 1g - 10 Comprimidos - Neo Química (Genérico),3,172.87,518.61
333,2025-05-08,Anthony Gabriel Montenegro,Amoxicilina 25mg - 30 Comprimidos - EMS (Genérico),1,90.33,90.33
334,2025-09-21,Sra. Luísa Aragão,Clonazepam 1g - 10 Comprimidos - Neo Química (Genérico),1,196.01,196.01
335,2024-11-06,Ana Lívia da Costa,Cefalexina Pomada 30g - Bayer,2,19.34,38.68
336,2026-08-05,Lucas Gabriel Albuquerque,Vacina contra Vitiligo - Reforço,5,163.53,817.65
337,2026-02-24,Luiz Otávio Costa,Hastes Flexíveis (Cotonetes) Colgate 50g,4,24.09,96.36
338,2025-12-22,Brayan Sousa,Azitromicina Xarope 120ml - Medley (Genérico),2,213.29,426.58
339,2025-12-04,Bernardo Dias,Termômetro Digital G-Tech Tamanho M (40 un),3,43.85,131.55
340,2025-09-20,Natália Souza,Hidroclorotiazida 25mg - 30 Comprimidos - Aché,5,187.28,936.4
341,2025-09-14,Ester Rocha,Fluoxetina 500mg - 20 Comprimidos - Neo Química (Genérico),5,194.05,970.25
342,2025-10-07,João Sampaio,Nimesulida Suspensão Oral 50ml - Medley (Genérico),2,242.17,484.34
343,2026-06-10,Lívia Siqueira,Vacina contra Osteoporose - Reforço,1,66.03,66.03
344,2026-08-06,Ana Carolina Costela,Paracetamol Gotas 20ml - EMS (Genérico),4,54.13,216.52
345,2025-04-16,Theodoro Melo,Vacina contra Artrose - Reforço,3,86.63,259.89
346,2024-12-18,Henrique Camargo,Água Micelar Dove 150ml,5,8.54,42.699999999999996
347,2026-08-14,Benicio Cavalcante,Sabonete em Barra Nivea Tamanho M (40 un),4,15.11,60.44
348,2025-02-20,Lívia Nunes,Azitromicina 500mg - 20 Comprimidos - Neo Química (Genérico),5,166.15,830.75
349,2025-02-14,Theo Montenegro,Água Micelar Clear Tamanho M (40 un),2,32.3,64.6
350,2025-07-29,Henrique Cunha,Absorvente com Abas Nivea 200ml,3,222.15,666.45
351,2025-10-06,Leonardo Abreu,Escitalopram Suspensão Oral 50ml - Medley (Genérico),3,197.77,593.3100000000001
352,2025-12-01,Anthony Sampaio,Álcool em Gel 70% Pampers 400ml,3,98.17,294.51
353,2026-06-03,Kaique Guerra,Sinvastatina 1g - 10 Comprimidos - Medley (Genérico),5,194.92,974.5999999999999
354,2024-11-13,Murilo Peixoto,Hidroclorotiazida Pomada 30g - EMS (Genérico),2,184.22,368.44
355,2024-10-19,Agatha Cavalcante,Metformina 1g - 10 Comprimidos - Aché,4,151.68,606.72
356,2024-10-31,Liam Castro,Vacina contra Resfriado - Dose Única,5,55.99,279.95
357,2025-06-17,Maysa Castro,Creme Dental Nivea Tamanho G (32 un),2,198.99,397.98
358,2025-04-29,Dra. Joana Nogueira,Azitromicina Pomada 30g - Medley (Genérico),2,211.87,423.74
359,2025-12-15,Brayan Sousa,Creme Dental Nivea Tamanho G (32 un),2,198.99,397.98
360,2025-07-10,Enrico Costela,Escitalopram 25mg - 30 Comprimidos - Aché,4,98.76,395.04
361,2025-01-14,Murilo Montenegro,Nimesulida 25mg - 30 Comprimidos - Aché,5,27.51,137.55
362,2025-10-30,José Fogaça,Vacina contra Diabetes Tipo 2 - Dose Única,2,206.46,412.92
363,2025-09-08,Dr. Ryan Ribeiro,Cefalexina 500mg - 20 Comprimidos - EMS (Genérico),1,189.46,189.46
364,2025-09-01,Brenda Montenegro,Sinvastatina Gotas 20ml - Bayer,5,244.08,1220.4
365,2024-11-13,Benicio Rios,Sabonete Líquido Sempre Livre FPS 50,5,210.51,1052.55
366,2025-10-05,Dra. Ana Sophia da Cruz,Escitalopram Suspensão Oral 50ml - Aché,4,222.82,891.28
367,2026-06-07,Sarah Campos,Pantoprazol 50mg - 30 Comprimidos - Medley (Genérico),2,21.56,43.12
368,2025-05-24,Gustavo Moreira,Hastes Flexíveis (Cotonetes) Rexona 150ml,3,25.58,76.74
369,2024-09-29,Maria Fernanda Cavalcanti,Shampoo Anticaspa Panvel Tamanho G (32 un),1,197.23,197.23
370,2025-08-27,Ana Clara Farias,Protetor Solar Facial Pampers 400ml,3,120.58,361.74
371,2025-01-24,Maria Laura Peixoto,Azitromicina 1g - 10 Comprimidos - Bayer,4,77.37,309.48
372,2024-11-09,Giovanna Câmara,Sinvastatina Pomada 30g - EMS (Genérico),2,84.69,169.38
373,2024-09-28,Lavínia Leão,Protetor Solar Facial Panvel 90g,4,56.2,224.8
374,2025-08-11,Vitor Gabriel da Conceição,Dipirona Sódica 50mg - 30 Comprimidos - Medley (Genérico),5,121.9,609.5
375,2026-07-02,Maria Fernanda Cavalcanti,Pantoprazol Gotas 20ml - Bayer,2,249.64,499.28
376,2026-07-25,João Novais,Escitalopram 25mg - 30 Comprimidos - Medley (Genérico),4,53.19,212.76
377,2026-07-25,Lavínia Andrade,Shampoo Anticaspa Panvel Tamanho G (32 un),3,197.23,591.6899999999999
378,2026-01-12,Joaquim Porto,Ibuprofeno Xarope 120ml - Aché,3,48.62,145.85999999999999
379,2024-09-30,Melissa Alves,Escitalopram Xarope 120ml - Aché,4,163.61,654.44
380,2025-09-15,Yasmin Montenegro,Loratadina 500mg - 20 Comprimidos - Bayer,1,98.62,98.62
381,2025-12-01,João Gabriel Garcia,Atenolol Gotas 20ml - Eurofarma,2,246.04,492.08
382,2025-05-29,Maria Liz Caldeira,Água Micelar La Roche-Posay 50 Metros,3,239.98,719.9399999999999
383,2025-02-01,Sra. Vitória Aparecida,Vacina contra Embolia - Reforço,1,7.76,7.76
384,2025-07-11,Sra. Maria Alice Farias,Azitromicina Pomada 30g - Medley (Genérico),4,211.87,847.48
385,2025-07-20,Zoe Guerra,Fralda Descartável Needs 150ml,4,204.51,818.04
386,2025-05-05,Esther Pimenta,Leite em Pó Infantil Colgate 150ml,1,162.17,162.17
387,2025-08-13,Kamilly Rios,Amoxicilina 25mg - 30 Comprimidos - Medley (Genérico),5,19.5,97.5
388,2026-01-29,Valentim Nascimento,Sildenafila Gotas 20ml - EMS (Genérico),4,160.27,641.08
389,2026-09-01,Sra. Luísa Aragão,Sérum Vitamina C Johnson's FPS 70,3,90.29,270.87
390,2025-09-18,Luigi da Costa,Nimesulida 1g - 10 Comprimidos - Medley (Genérico),5,80.33,401.65
391,2024-09-12,Bruno Farias,Fralda Descartável G-Tech 50g,4,70.38,281.52
392,2026-06-11,Giovanna Câmara,Sinvastatina 1g - 10 Comprimidos - Medley (Genérico),2,194.92,389.84
393,2024-09-29,Isabella Barbosa,Tadalafila Gotas 20ml - EMS (Genérico),4,101.55,406.2
394,2024-10-04,Rodrigo Camargo,Creme Hidratante Nivea 50 Metros,2,37.62,75.24
395,2025-04-30,Júlia Aparecida,Paracetamol Suspensão Oral 50ml - EMS (Genérico),5,58.21,291.05
396,2025-04-02,Rael da Cunha,Absorvente com Abas Johnson's 150ml,1,248.79,248.79
397,2025-10-29,Rafael Araújo,Vacina contra Catarata - Reforço,3,125.28,375.84000000000003
398,2024-11-23,Lavínia da Rosa,Ibuprofeno 1g - 10 Comprimidos - Eurofarma,2,36.78,73.56
399,2026-08-19,Vitor Gabriel da Conceição,Omeprazol Pomada 30g - EMS (Genérico),3,75.1,225.29999999999998
400,2025-08-01,Lavínia Mendonça,Ibuprofeno Xarope 120ml - Eurofarma,4,19.32,77.28
401,2026-04-12,Théo Campos,Curativos (Band-Aid) Pampers Tamanho G (32 un),1,97.25,97.25
402,2025-08-09,Caio Pires,Hastes Flexíveis (Cotonetes) Rexona 150ml,1,25.58,25.58
403,2025-07-16,Diego Rezende,Lenço Umedecido Mió Tamanho G (32 un),2,244.29,488.58
404,2026-06-23,Dr. Samuel Alves,Metformina 50mg - 30 Comprimidos - Bayer,1,105.47,105.47
405,2024-12-27,Zoe Porto,Lenço Umedecido Sempre Livre 150ml,3,101.27,303.81
406,2025-12-11,Bento Fonseca,Azitromicina 50mg - 30 Comprimidos - Aché,4,119.13,476.52
407,2025-10-28,Pedro Câmara,Amoxicilina Pomada 30g - Aché,2,198.46,396.92
408,2026-08-06,Benicio da Conceição,Condicionador Hidratação Panvel 400ml,2,84.33,168.66
409,2025-01-16,Dante Melo,Sérum Vitamina C Dove 90g,2,6.07,12.14
410,2026-06-28,Brayan Barbosa,Lenço Umedecido Mió Tamanho M (40 un),1,43.72,43.72
411,2025-05-10,Luiz Gustavo Farias,Enxaguante Bucal Nivea Tamanho M (40 un),2,101.56,203.12
412,2025-07-03,Maria Helena Araújo,Diclofenaco 500mg - 20 Comprimidos - Medley (Genérico),3,207.84,623.52
413,2025-07-06,Augusto Castro,Nimesulida 25mg - 30 Comprimidos - Aché,3,27.51,82.53
414,2026-06-01,Heitor Vargas,Azitromicina 1g - 10 Comprimidos - Bayer,4,77.37,309.48
415,2026-06-05,Arthur Fonseca,Termômetro Digital Aptamil 400ml,5,8.78,43.9
416,2025-08-27,Guilherme Costela,Absorvente com Abas Colgate 500ml,3,48.15,144.45
417,2026-05-24,Diogo Câmara,Ibuprofeno Xarope 120ml - Medley (Genérico),1,145.26,145.26
418,2025-05-08,Manuela Souza,Dipirona Sódica Suspensão Oral 50ml - Aché,5,213.76,1068.8
419,2026-04-01,Maria Luiza Carvalho,Loratadina 25mg - 30 Comprimidos - Bayer,1,205.47,205.47
420,2025-06-15,Léo Vieira,Hastes Flexíveis (Cotonetes) G-Tech FPS 50,2,75.16,150.32
421,2025-08-06,Marcela da Mota,Curativos (Band-Aid) Bepantol Tamanho M (40 un),4,123.84,495.36
422,2026-09-12,João Lucas Melo,Ibuprofeno Xarope 120ml - Eurofarma,3,19.32,57.96
423,2025-06-16,Marina Andrade,Pantoprazol 25mg - 30 Comprimidos - Neo Química (Genérico),3,206.05,618.1500000000001
424,2025-02-27,Juliana Farias,Sabonete em Barra Pampers 90g,1,26.47,26.47
425,2026-05-09,Francisco Sales,Losartana Potássica 500mg - 20 Comprimidos - Aché,4,156.05,624.2
426,2025-10-25,Luiz Miguel Vieira,Enalapril Suspensão Oral 50ml - Medley (Genérico),5,218.1,1090.5
427,2026-03-16,Théo Machado,Paracetamol Suspensão Oral 50ml - Bayer,1,59.95,59.95
428,2025-07-08,Hellena Alves,Paracetamol 25mg - 30 Comprimidos - Medley (Genérico),4,221.25,885
429,2026-01-17,Dra. Heloísa Sales,Fluoxetina Suspensão Oral 50ml - Bayer,1,193.89,193.89
430,2026-01-01,Theo Pires,Soro Fisiológico Nivea 50g,3,158.65,475.95000000000005
431,2025-08-29,Lucas Cavalcanti,Shampoo Anticaspa Mió 150ml,2,34,68
432,2025-08-15,Erick Pimenta,Azitromicina Pomada 30g - Medley (Genérico),2,211.87,423.74
433,2026-05-11,Ágatha Rocha,Sinvastatina 1g - 10 Comprimidos - Medley (Genérico),2,194.92,389.84
434,2025-05-29,Diogo Lima,Sabonete em Barra Needs 400ml,2,33.4,66.8
435,2025-05-28,Gabriela Correia,Pomada para Assaduras Dove 150ml,5,64.33,321.65
436,2025-01-30,Anthony Martins,Condicionador Hidratação Panvel 400ml,4,84.33,337.32
437,2025-02-20,Dr. Lucca Mendes,Amoxicilina 500mg - 20 Comprimidos - Eurofarma,3,111.81,335.43
438,2025-09-27,Henrique Camargo,Loratadina 1g - 10 Comprimidos - Aché,2,229.71,459.42
439,2025-06-30,Amanda Casa Grande,Metformina Pomada 30g - EMS (Genérico),5,11.78,58.9
440,2025-04-10,Luiz Otávio Caldeira,Paracetamol Gotas 20ml - Medley (Genérico),2,11.86,23.72
441,2026-03-14,Sara Alves,Escitalopram Gotas 20ml - Aché,2,169.7,339.4
442,2026-06-14,Lavínia da Rosa,Lenço Umedecido Huggies Tamanho M (40 un),3,25.49,76.47
443,2026-03-08,Lucca Caldeira,Azitromicina Xarope 120ml - Eurofarma,3,249.2,747.5999999999999
444,2026-01-24,Luiz Miguel Pimenta,Atenolol Gotas 20ml - Eurofarma,4,246.04,984.16
445,2024-09-21,Gabrielly Ribeiro,Vacina contra Artrose - Dose Única,3,96.09,288.27
446,2025-05-06,Julia Castro,Protetor Solar Corporal Vichy 50 Metros,4,113.51,454.04
447,2025-05-13,Dra. Laís Alves,Escitalopram 500mg - 20 Comprimidos - Eurofarma,3,161.79,485.37
448,2026-03-23,Ravi Lucca Castro,Termômetro Digital Rexona 400ml,4,168.93,675.72
449,2026-03-17,Sra. Rafaela Pimenta,Protetor Solar Facial CeraVe FPS 70,2,159.16,318.32
450,2026-05-06,Matheus Guerra,Omeprazol Pomada 30g - Bayer,2,173.25,346.5
451,2026-02-05,Arthur Miguel Monteiro,Protetor Solar Facial Johnson's 90g,3,68.86,206.57999999999998
452,2024-10-25,Thiago Pastor,Fluoxetina 1g - 10 Comprimidos - EMS (Genérico),5,242.33,1211.65
453,2026-06-01,Ísis Ramos,Pantoprazol 25mg - 30 Comprimidos - Eurofarma,2,69.53,139.06
454,2026-09-11,Sra. Alice Rezende,Nimesulida Suspensão Oral 50ml - Medley (Genérico),2,242.17,484.34
455,2025-03-08,Dr. Nicolas Albuquerque,Shampoo Anticaspa Aptamil 500ml,1,60.02,60.02
456,2025-12-03,Maria Sophia da Paz,Azitromicina 50mg - 30 Comprimidos - Bayer,1,131.42,131.42
457,2026-08-18,Ravy Montenegro,Omeprazol Suspensão Oral 50ml - Bayer,2,50.33,100.66
458,2026-08-26,Enzo Gabriel Vasconcelos,Condicionador Hidratação Johnson's 500ml,3,118.08,354.24
459,2024-12-08,Danilo Aparecida,Sinvastatina Xarope 120ml - EMS (Genérico),4,72.93,291.72
460,2025-09-13,Dante Araújo,Nimesulida 25mg - 30 Comprimidos - Aché,1,27.51,27.51
461,2025-08-26,Vitor Hugo Nunes,Sabonete Líquido Sempre Livre FPS 50,3,210.51,631.53
462,2025-09-19,Maria Júlia Costa,Vacina contra Hepatite A - Dose Única,1,114.71,114.71
463,2026-03-09,Davi Lucca Moreira,Absorvente com Abas La Roche-Posay Tamanho G (32 un),5,127.55,637.75
464,2026-03-10,Dra. Sabrina Costela,Creme Dental Dove 50 Metros,5,69.44,347.2
465,2026-05-24,Sr. Benjamim Novais,Vacina contra Colesterol Alto - Reforço,5,86.89,434.45
466,2025-05-22,Ravy da Mata,Ibuprofeno 1g - 10 Comprimidos - Neo Química (Genérico),4,232.98,931.92
467,2025-08-25,Sofia Camargo,Creme Hidratante Sempre Livre 400ml,5,27.04,135.2
468,2025-08-19,Fernando Silveira,Metformina Pomada 30g - Neo Química (Genérico),2,216.86,433.72
469,2026-01-24,Gael Henrique Alves,Nimesulida 25mg - 30 Comprimidos - Aché,5,27.51,137.55
470,2025-11-10,Vitor Gabriel da Rocha,Sildenafila Pomada 30g - Aché,1,49.97,49.97
471,2025-02-20,Augusto Castro,Loratadina 25mg - 30 Comprimidos - Bayer,2,205.47,410.94
472,2026-05-20,Srta. Cecilia Cavalcante,Lenço Umedecido Bepantol 500ml,4,97.48,389.92
473,2025-08-20,Heloísa Novais,Azitromicina 1g - 10 Comprimidos - EMS (Genérico),5,180.47,902.35
474,2025-01-09,Mathias da Rosa,Sildenafila 1g - 10 Comprimidos - Neo Química (Genérico),5,24.11,120.55
475,2025-03-24,Antônio Dias,Paracetamol Suspensão Oral 50ml - Medley (Genérico),4,119.61,478.44
476,2024-12-26,Maria Julia Dias,Clonazepam Pomada 30g - Medley (Genérico),5,100.21,501.04999999999995
477,2026-02-27,Rafaela Alves,Pantoprazol Gotas 20ml - Medley (Genérico),3,94.99,284.96999999999997
478,2024-10-24,João Lucas Rodrigues,Absorvente com Abas La Roche-Posay Tamanho G (32 un),4,127.55,510.2
479,2024-11-06,João Gabriel Santos,Condicionador Hidratação La Roche-Posay 500ml,3,180.08,540.24
480,2026-08-27,Gabriela Correia,Termômetro Digital La Roche-Posay 500ml,2,40.39,80.78
481,2026-05-18,Benicio Machado,Sinvastatina 50mg - 30 Comprimidos - EMS (Genérico),1,187.92,187.92
482,2026-05-28,Ravi Lucca Câmara,Pantoprazol Gotas 20ml - Bayer,3,249.64,748.92
483,2026-03-30,Bárbara Cassiano,Nimesulida Pomada 30g - Aché,1,223.47,223.47
484,2025-10-10,Renan Barbosa,Soro Fisiológico Nivea 50g,5,158.65,793.25
485,2025-05-07,Ana Lívia Porto,Creme Dental Needs 200ml,4,138.13,552.52
486,2026-06-21,Sr. Henry Gomes,Escitalopram 500mg - 20 Comprimidos - Aché,5,32.7,163.5
487,2026-05-08,Elisa Vargas,Curativos (Band-Aid) Mió FPS 50,2,108.35,216.7
488,2024-10-24,Diogo Ramos,Tadalafila 500mg - 20 Comprimidos - Eurofarma,3,214.48,643.4399999999999
489,2026-01-04,Julia Vasconcelos,Amoxicilina 50mg - 30 Comprimidos - EMS (Genérico),5,182.49,912.45
490,2025-01-24,Olivia Novaes,Diclofenaco Gotas 20ml - Neo Química (Genérico),1,76.28,76.28
491,2025-09-04,Heloísa Novais,Diclofenaco Suspensão Oral 50ml - Bayer,1,16.01,16.01
492,2026-05-11,Isabelly Dias,Amoxicilina 50mg - 30 Comprimidos - Aché,3,109.8,329.4
493,2026-07-20,Matheus Guerra,Azitromicina 50mg - 30 Comprimidos - Bayer,2,131.42,262.84
494,2026-08-15,Leandro Correia,Diclofenaco Suspensão Oral 50ml - Neo Química (Genérico),3,110.69,332.07
495,2026-04-30,Dr. Dom Gonçalves,Hastes Flexíveis (Cotonetes) Johnson's 90g,3,208.29,624.87
496,2025-08-15,Isaac Santos,Amoxicilina Pomada 30g - Bayer,1,46.71,46.71
497,2026-03-21,Sra. Amanda Rodrigues,Sinvastatina 50mg - 30 Comprimidos - Neo Química (Genérico),4,47.18,188.72
498,2026-03-08,Benício Andrade,Creme Dental Clear 50g,4,188.6,754.4
499,2024-09-27,Clarice Pastor,Atenolol 50mg - 30 Comprimidos - Aché,3,175.58,526.74
500,2025-11-09,Dra. Ana Laura Peixoto,Vacina contra Artrite - Reforço,1,249.65,249.65
501,2026-05-08,Yasmin da Mota,Atenolol Suspensão Oral 50ml - Neo Química (Genérico),5,134,670
502,2025-07-16,Júlia Aparecida,Diclofenaco Xarope 120ml - Aché,5,241.31,1206.55
503,2026-02-22,Benício Cunha,Paracetamol 25mg - 30 Comprimidos - EMS (Genérico),4,171.56,686.24
504,2026-08-09,Sara Nogueira,Termômetro Digital CeraVe 150ml,1,175.91,175.91
505,2024-10-26,Ana Sampaio,Clonazepam 25mg - 30 Comprimidos - Bayer,4,127.48,509.92
506,2025-09-26,Nicolas Rios,Sildenafila 25mg - 30 Comprimidos - Medley (Genérico),3,39.52,118.56
507,2026-08-28,Theo Pires,Água Micelar Colgate 500ml,5,84.12,420.6
508,2026-02-12,Maria Liz da Paz,Vacina contra Acne - Reforço,2,171.47,342.94
509,2025-09-24,Dr. Theo da Mota,Hidroclorotiazida Suspensão Oral 50ml - Bayer,1,42.24,42.24
510,2025-05-11,Luiz Otávio Costa,Fio Dental La Roche-Posay FPS 50,3,18.28,54.84
511,2025-12-28,Lucas Cunha,Termômetro Digital CeraVe 150ml,1,175.91,175.91
512,2026-04-11,Caroline Dias,Termômetro Digital CeraVe 50 Metros,3,229.8,689.4000000000001
513,2025-11-07,Brenda da Paz,Vacina contra Acne - Reforço,2,171.47,342.94
514,2026-06-27,Nicole Teixeira,Atenolol 1g - 10 Comprimidos - Aché,4,130.19,520.76
515,2026-05-08,Heloisa Lima,Sinvastatina Xarope 120ml - EMS (Genérico),2,72.93,145.86
516,2025-12-28,Milena Sampaio,Losartana Potássica 25mg - 30 Comprimidos - EMS (Genérico),4,24.21,96.84
517,2026-09-04,João Lucas Porto,Nimesulida Xarope 120ml - Eurofarma,4,66.67,266.68
518,2026-04-30,Matteo Araújo,Escitalopram 500mg - 20 Comprimidos - Medley (Genérico),4,148.81,595.24
519,2026-03-25,Dra. Eduarda Dias,Fralda Descartável Johnson's FPS 50,4,173.54,694.16
520,2025-02-03,Mariah Novais,Desodorante Roll-on Johnson's FPS 50,4,237.25,949
521,2024-09-27,Sra. Ester da Conceição,Tadalafila Suspensão Oral 50ml - EMS (Genérico),5,93.6,468
522,2024-10-07,Sophie Porto,Diclofenaco Xarope 120ml - Eurofarma,2,68.99,137.98
523,2026-08-27,Brenda Montenegro,Ibuprofeno 1g - 10 Comprimidos - Eurofarma,1,36.78,36.78
524,2025-08-19,Luiz Henrique Sousa,Curativos (Band-Aid) Clear 400ml,1,81.01,81.01
525,2024-12-03,Rael Guerra,Fio Dental La Roche-Posay FPS 50,2,18.28,36.56
526,2026-03-31,Caroline Martins,Nimesulida 1g - 10 Comprimidos - EMS (Genérico),3,38.71,116.13
527,2026-07-30,Dr. Benjamim Gonçalves,Termômetro Digital Rexona 400ml,1,168.93,168.93
528,2025-02-22,Pietro Moura,Omeprazol 500mg - 20 Comprimidos - Aché,4,109.03,436.12
529,2025-02-23,Maria Fernanda Casa Grande,Cefalexina 50mg - 30 Comprimidos - Eurofarma,5,8.14,40.7
530,2026-04-10,Ana Sophia Sá,Água Micelar Panvel 150ml,1,96.85,96.85
531,2026-01-01,Luiz Miguel Vieira,Losartana Potássica 500mg - 20 Comprimidos - Aché,2,156.05,312.1
532,2025-02-28,Sr. Levi Camargo,Vacina contra Diabetes Tipo 2 - Dose Única,2,206.46,412.92
533,2024-11-09,Isaque Monteiro,Escitalopram Gotas 20ml - Aché,1,169.7,169.7
534,2025-05-25,Dr. Leandro Leão,Hidroclorotiazida Pomada 30g - EMS (Genérico),4,184.22,736.88
535,2025-03-16,João Lucas Rodrigues,Sertralina 1g - 10 Comprimidos - Bayer,2,129.69,259.38
536,2024-09-18,Valentina Santos,Vacina contra Depressão - Dose Única,1,209.98,209.98
537,2026-03-02,Erick Siqueira,Sertralina 50mg - 30 Comprimidos - Bayer,5,233.47,1167.35
538,2025-11-08,Davi Luiz Caldeira,Cefalexina Gotas 20ml - Medley (Genérico),1,152.59,152.59
539,2026-08-12,João Lucas Porto,Tadalafila Suspensão Oral 50ml - EMS (Genérico),1,93.6,93.6
540,2025-12-28,Ana Julia Viana,Atenolol Pomada 30g - Neo Química (Genérico),3,40.49,121.47
541,2026-04-20,Miguel Nogueira,Soro Fisiológico Dove FPS 70,3,197.06,591.1800000000001
542,2026-07-22,Dra. Ana Laura Peixoto,Dipirona Sódica 1g - 10 Comprimidos - EMS (Genérico),1,17.6,17.6
543,2026-08-19,Augusto Mendonça,Desodorante Roll-on Bepantol 50g,4,13.2,52.8
544,2026-01-20,Heloísa Viana,Diclofenaco Gotas 20ml - Eurofarma,1,234.94,234.94
545,2026-04-25,Paulo Machado,Losartana Potássica Pomada 30g - Bayer,2,228.47,456.94
546,2025-11-17,Juan Pereira,Vacina contra Artrose - Reforço,4,86.63,346.52
547,2025-12-22,Dra. Alana Moreira,Lenço Umedecido Bepantol 500ml,1,97.48,97.48
548,2026-08-03,Aurora Duarte,Água Micelar Panvel 150ml,2,96.85,193.7
549,2026-01-01,Amanda Nunes,Tadalafila Gotas 20ml - Eurofarma,3,162.57,487.71
550,2026-07-03,João Lucas Rodrigues,Losartana Potássica 1g - 10 Comprimidos - Medley (Genérico),5,206.7,1033.5
551,2025-08-23,Léo Vieira,Diclofenaco Gotas 20ml - Neo Química (Genérico),3,76.28,228.84
552,2026-08-03,Henry Camargo,Fralda Descartável Needs 150ml,3,204.51,613.53
553,2024-10-14,Rhavi Rodrigues,Enxaguante Bucal Johnson's FPS 50,5,137.06,685.3
554,2025-10-24,Maya Camargo,Curativos (Band-Aid) Dove Tamanho M (40 un),5,170.8,854
555,2026-05-21,Benício Andrade,Loratadina 500mg - 20 Comprimidos - Aché,1,107.08,107.08
556,2025-05-13,Maria Luiza Ribeiro,Escitalopram 25mg - 30 Comprimidos - Aché,2,98.76,197.52
557,2025-12-11,Sara Alves,Amoxicilina 25mg - 30 Comprimidos - Eurofarma,5,239.18,1195.9
558,2024-12-10,Dra. Ana Júlia Viana,Metformina 500mg - 20 Comprimidos - Neo Química (Genérico),3,158.01,474.03
559,2024-10-06,Vitor Oliveira,Enalapril Xarope 120ml - Eurofarma,2,73.4,146.8
560,2024-10-18,Ana Laura Sá,Diclofenaco Suspensão Oral 50ml - Medley (Genérico),5,154.15,770.75
561,2026-08-15,Benicio Machado,Fluoxetina Xarope 120ml - Medley (Genérico),2,84.84,169.68
562,2026-06-30,Arthur Miguel Fonseca,Vacina contra Câncer de Próstata - Reforço,4,111.6,446.4
563,2026-03-21,Srta. Fernanda Freitas,Protetor Solar Facial Pampers 200ml,1,104.83,104.83
564,2026-07-23,Caleb Cardoso,Metformina Pomada 30g - EMS (Genérico),1,11.78,11.78
565,2026-07-01,Natália Sousa,Hastes Flexíveis (Cotonetes) Johnson's 90g,4,208.29,833.16
566,2024-11-20,Luiz Felipe Oliveira,Sertralina 1g - 10 Comprimidos - Bayer,5,129.69,648.45
567,2025-10-10,Vitor Hugo Novais,Omeprazol 500mg - 20 Comprimidos - Aché,4,109.03,436.12
568,2026-07-28,Gabrielly Nunes,Sabonete em Barra Nivea 500ml,5,45,225
569,2025-01-18,Thales da Costa,Loratadina Suspensão Oral 50ml - Eurofarma,5,220.66,1103.3
570,2024-10-21,Maria Laura Campos,Pomada para Assaduras Huggies Tamanho G (32 un),2,171.8,343.6
571,2026-02-12,Valentina Moraes,Soro Fisiológico Sempre Livre 400ml,1,36.39,36.39
572,2026-02-24,Júlia Aparecida,Vacina contra Hepatite B - Reforço,5,40.61,203.05
573,2024-12-26,Ágatha Borges,Paracetamol 500mg - 20 Comprimidos - Bayer,2,241.3,482.6
574,2025-05-12,Ana Carolina das Neves,Vacina contra Infecção Urinária - Reforço,5,238.19,1190.95
575,2025-08-14,Henry Costela,Desodorante Roll-on Needs 150ml,3,243.41,730.23
576,2026-08-06,Ana Julia Duarte,Nimesulida Gotas 20ml - Aché,3,72.78,218.34
577,2026-08-13,Srta. Emilly das Neves,Vacina contra Pneumonia - Dose Única,5,28.38,141.9
578,2024-12-22,Rafael Araújo,Condicionador Hidratação Needs 200ml,4,105.88,423.52
579,2026-04-28,Gustavo Gomes,Vacina contra Osteoporose - Reforço,3,66.03,198.09
580,2025-03-05,João Gabriel Pacheco,Escitalopram 1g - 10 Comprimidos - EMS (Genérico),4,116.72,466.88
581,2025-02-03,Ravi Lucca Fogaça,Soro Fisiológico Sempre Livre 400ml,5,36.39,181.95
582,2026-05-29,Diogo Ramos,Dipirona Sódica 50mg - 30 Comprimidos - Medley (Genérico),3,121.9,365.70000000000005
583,2025-10-04,Ana Julia Novais,Protetor Solar Facial CeraVe FPS 50,2,233.55,467.1
584,2025-11-08,Isabel da Mota,Condicionador Hidratação Mió 150ml,1,41.88,41.88
585,2026-06-26,Sra. Lívia Guerra,Vacina contra Ansiedade - Reforço,1,106.07,106.07
586,2024-10-25,Sara Castro,Protetor Solar Facial CeraVe FPS 50,3,233.55,700.6500000000001
587,2025-08-12,Murilo Jesus,Nimesulida Suspensão Oral 50ml - Medley (Genérico),1,242.17,242.17
588,2025-05-29,Sra. Maria Fernanda Pacheco,Hidroclorotiazida 25mg - 30 Comprimidos - Aché,3,187.28,561.84
589,2026-02-18,Carlos Eduardo Guerra,Vacina contra Trombose - Dose Única,5,169.05,845.25
590,2024-11-04,Sra. Zoe Araújo,Omeprazol 500mg - 20 Comprimidos - Aché,2,109.03,218.06
591,2026-08-01,Allana Ramos,Sildenafila Pomada 30g - Aché,4,49.97,199.88
592,2026-05-24,Murilo Nascimento,Diclofenaco Pomada 30g - Bayer,2,206.44,412.88
593,2025-05-22,Sr. Enzo Cassiano,Loratadina 1g - 10 Comprimidos - Aché,1,229.71,229.71
594,2025-06-07,Yan Novais,Vacina contra COVID-19 - Dose Única,2,245.28,490.56
595,2026-04-16,Felipe Mendes,Fralda Descartável Listerine 50g,1,31.34,31.34
596,2025-09-14,Dra. Maria Vitória Nascimento,Paracetamol Gotas 20ml - Aché,1,218.14,218.14
597,2025-05-18,Olivia Mendes,Vacina contra Anemia - Dose Única,3,215.99,647.97
598,2025-12-16,Mariah Novais,Diclofenaco Gotas 20ml - Neo Química (Genérico),1,76.28,76.28
599,2026-05-09,Dra. Maria Fernanda Brito,Diclofenaco Gotas 20ml - Neo Química (Genérico),5,76.28,381.4
600,2024-12-03,Diego Rezende,Protetor Solar Facial Rexona 50g,5,45.2,226
601,2025-11-27,Nathan Duarte,Pantoprazol 50mg - 30 Comprimidos - Aché,4,248.85,995.4
602,2025-05-22,Vicente Ferreira,Soro Fisiológico Sempre Livre 400ml,4,36.39,145.56
603,2025-03-01,Maria Luiza Ribeiro,Loratadina 25mg - 30 Comprimidos - Bayer,4,205.47,821.88
604,2025-02-23,Sr. João Guilherme Casa Grande,Atenolol 50mg - 30 Comprimidos - Aché,4,175.58,702.32
605,2025-02-25,Ana Lívia da Mota,Curativos (Band-Aid) Listerine FPS 70,4,133.77,535.08
606,2026-06-24,Joaquim Porto,Fluoxetina 25mg - 30 Comprimidos - EMS (Genérico),5,83.34,416.70000000000005
607,2025-03-20,Srta. Ana Melo,Sinvastatina Pomada 30g - EMS (Genérico),5,84.69,423.45
608,2025-07-13,Maria Liz Novais,Sildenafila 1g - 10 Comprimidos - EMS (Genérico),5,64.93,324.65000000000003
609,2024-11-08,Ana Vitória Fogaça,Sérum Vitamina C Needs FPS 70,4,134.63,538.52
610,2026-05-24,Luiza Pacheco,Dipirona Sódica Xarope 120ml - Neo Química (Genérico),1,190.38,190.38
611,2026-04-13,Dr. Nicolas Caldeira,Loratadina Suspensão Oral 50ml - Neo Química (Genérico),2,110.09,220.18
612,2025-06-22,Ravy Aragão,Sinvastatina Suspensão Oral 50ml - Medley (Genérico),4,178.69,714.76
613,2025-09-18,Pietra Silva,Clonazepam Pomada 30g - Aché,5,200.49,1002.45
614,2025-05-07,Daniel Nunes,Enxaguante Bucal Dove 50 Metros,4,119.89,479.56
615,2025-11-25,João Lucas Castro,Clonazepam Pomada 30g - Medley (Genérico),4,100.21,400.84
616,2025-09-28,Caio Pires,Condicionador Hidratação Huggies 90g,5,138.16,690.8
617,2026-02-01,Rael da Mota,Ibuprofeno Suspensão Oral 50ml - Bayer,5,6.48,32.400000000000006
618,2026-09-06,Dra. Isabelly Campos,Fralda Descartável Sempre Livre 50 Metros,1,64.21,64.21
619,2026-02-04,Maria Liz Novais,Dipirona Sódica Gotas 20ml - Eurofarma,4,237.72,950.88
620,2026-06-16,Bruno Marques,Sinvastatina 1g - 10 Comprimidos - EMS (Genérico),3,120.38,361.14
621,2024-11-07,Vinicius Silva,Termômetro Digital Aptamil 400ml,3,8.78,26.339999999999996
622,2025-05-23,Luiz Gustavo Brito,Sabonete em Barra Huggies FPS 70,4,22.94,91.76
623,2024-10-02,Elisa Vargas,Sinvastatina Pomada 30g - Bayer,1,104.52,104.52
624,2024-12-31,Catarina Cassiano,Pantoprazol Gotas 20ml - EMS (Genérico),4,54.63,218.52
625,2025-01-16,Valentim Aparecida,Vacina contra Zika - Dose Única,4,203.94,815.76
626,2025-11-02,Cauê Cirino,Pomada para Assaduras Nivea 90g,4,74.02,296.08
627,2026-04-03,Samuel das Neves,Cefalexina 500mg - 20 Comprimidos - Eurofarma,2,135.47,270.94
628,2024-12-21,Cecília Casa Grande,Azitromicina Suspensão Oral 50ml - Aché,5,181.87,909.35
629,2025-02-10,Rafaela Lima,Vacina contra Catarata - Dose Única,5,163.31,816.55
630,2025-05-03,Srta. Fernanda Freitas,Protetor Solar Facial Panvel 90g,1,56.2,56.2
631,2024-09-19,Ana Júlia Vieira,Pantoprazol Suspensão Oral 50ml - Aché,4,226.6,906.4
632,2026-02-09,Dra. Maria Liz Jesus,Paracetamol Gotas 20ml - Medley (Genérico),4,11.86,47.44
633,2025-09-08,Sra. Julia Ramos,Diclofenaco Gotas 20ml - Neo Química (Genérico),1,76.28,76.28
634,2026-07-13,Lorena Cunha,Protetor Solar Facial Panvel 90g,4,56.2,224.8
635,2026-06-24,Ana Julia Novais,Sérum Vitamina C Needs FPS 70,1,134.63,134.63
636,2025-07-02,Asafe Novaes,Azitromicina 50mg - 30 Comprimidos - Bayer,3,131.42,394.26
637,2026-01-10,Léo Vieira,Clonazepam 25mg - 30 Comprimidos - EMS (Genérico),3,246.63,739.89
638,2025-05-12,Daniel Nunes,Amoxicilina Pomada 30g - Bayer,4,46.71,186.84
639,2026-03-18,Alice Fogaça,Vacina contra Hipertensão - Reforço,1,115.29,115.29
640,2026-03-27,Agatha Cavalcante,Condicionador Hidratação Johnson's 500ml,2,118.08,236.16
641,2026-05-14,Enzo Gabriel Correia,Condicionador Hidratação La Roche-Posay 500ml,3,180.08,540.24
642,2025-03-11,Ana Julia Fogaça,Loratadina 25mg - 30 Comprimidos - Bayer,1,205.47,205.47
643,2026-04-05,Ana Luiza Nunes,Creme Hidratante Sempre Livre 400ml,1,27.04,27.04
644,2024-10-10,Clarice Barros,Condicionador Hidratação La Roche-Posay 500ml,2,180.08,360.16
645,2026-03-17,Isaac Santos,Sertralina Gotas 20ml - Aché,2,182.27,364.54
646,2025-05-08,Fernando Andrade,Azitromicina Xarope 120ml - Medley (Genérico),4,213.29,853.16
647,2025-12-01,Asafe Garcia,Leite em Pó Infantil Nivea FPS 50,2,30.71,61.42
648,2024-10-26,Davi Lucca Moreira,Vacina contra Catarata - Dose Única,1,163.31,163.31
649,2026-01-02,Maria Julia Vasconcelos,Soro Fisiológico Pampers 400ml,5,168.64,843.1999999999999
650,2026-02-07,Srta. Ana Melo,Cefalexina 500mg - 20 Comprimidos - Eurofarma,1,135.47,135.47
651,2025-06-05,Dr. Nicolas Albuquerque,Vacina contra Insuficiência Renal - Reforço,1,15.5,15.5
652,2025-12-25,Bernardo Dias,Amoxicilina 25mg - 30 Comprimidos - EMS (Genérico),1,90.33,90.33
653,2026-06-26,Alice Casa Grande,Fluoxetina Xarope 120ml - Eurofarma,5,133.77,668.85
654,2026-02-04,Bruno Rezende,Loratadina 1g - 10 Comprimidos - EMS (Genérico),1,73.17,73.17
655,2026-08-28,Augusto Castro,Ibuprofeno Suspensão Oral 50ml - Bayer,1,6.48,6.48
656,2025-05-14,Maria Julia Dias,Vacina contra Úlcera - Reforço,2,90.83,181.66
657,2026-02-19,Lívia Siqueira,Hastes Flexíveis (Cotonetes) G-Tech FPS 50,4,75.16,300.64
658,2026-07-03,Srta. Júlia Santos,Absorvente com Abas Nivea 200ml,2,222.15,444.3
659,2025-11-03,Amanda Nunes,Ibuprofeno 1g - 10 Comprimidos - Eurofarma,2,36.78,73.56
660,2026-02-06,Dr. João Pedro Siqueira,Atenolol 1g - 10 Comprimidos - Medley (Genérico),2,233.33,466.66
661,2025-05-17,Maria Cecília Leão,Losartana Potássica 500mg - 20 Comprimidos - EMS (Genérico),2,204.02,408.04
662,2026-04-24,Gustavo Henrique Vieira,Clonazepam Pomada 30g - Aché,5,200.49,1002.45
663,2025-02-23,Maria Laura Campos,Sildenafila Suspensão Oral 50ml - Eurofarma,5,135.31,676.55
664,2025-07-27,Melissa Camargo,Vacina contra Hepatite B - Reforço,2,40.61,81.22
665,2026-04-12,Srta. Lara Pastor,Desodorante Roll-on G-Tech 500ml,4,66.95,267.8
666,2024-09-20,Enzo Cirino,Sérum Vitamina C Johnson's FPS 70,4,90.29,361.16
667,2026-04-26,Henry Camargo,Tadalafila Pomada 30g - Neo Química (Genérico),2,204.01,408.02
668,2025-04-02,Mariah Novais,Pomada para Assaduras Huggies Tamanho G (32 un),5,171.8,859
669,2026-08-18,Isaac Santos,Hidroclorotiazida 1g - 10 Comprimidos - Bayer,4,120.3,481.2
670,2026-04-12,Sra. Vitória Aparecida,Sérum Vitamina C Johnson's FPS 70,2,90.29,180.58
671,2026-09-11,Dra. Maria Liz Jesus,Azitromicina 25mg - 30 Comprimidos - Medley (Genérico),5,80.19,400.95
672,2025-02-20,Enrico Freitas,Cefalexina 50mg - 30 Comprimidos - Eurofarma,3,8.14,24.42
673,2025-10-08,Rael Nunes,Metformina Gotas 20ml - Bayer,4,32.9,131.6
674,2026-05-20,Maria Fernanda Cavalcanti,Cefalexina Xarope 120ml - Eurofarma,4,99.22,396.88
675,2025-09-10,Diogo Ramos,Cefalexina Xarope 120ml - Eurofarma,3,99.22,297.65999999999997
676,2025-09-26,Ana Clara Caldeira,Vacina contra Câncer de Próstata - Reforço,1,111.6,111.6
677,2024-10-16,Maria Macedo,Sildenafila Suspensão Oral 50ml - Eurofarma,5,135.31,676.55
678,2025-05-22,Ana Beatriz Abreu,Tadalafila 50mg - 30 Comprimidos - Eurofarma,4,183.3,733.2
679,2025-01-08,Dr. Thomas Santos,Fluoxetina 25mg - 30 Comprimidos - EMS (Genérico),4,83.34,333.36
680,2024-11-04,Melina Novais,Enalapril Gotas 20ml - Medley (Genérico),2,144.96,289.92
681,2026-07-27,Dra. Laura Rezende,Vacina contra Gota - Reforço,5,146.93,734.6500000000001
682,2025-07-11,Agatha Almeida,Sildenafila 1g - 10 Comprimidos - Neo Química (Genérico),1,24.11,24.11
683,2026-02-24,Caroline Martins,Paracetamol Suspensão Oral 50ml - Bayer,4,59.95,239.8
684,2024-11-30,Rhavi Rodrigues,Paracetamol Suspensão Oral 50ml - Aché,4,29.78,119.12
685,2024-10-30,Srta. Amanda Costela,Sinvastatina Suspensão Oral 50ml - Bayer,1,177.59,177.59
686,2025-02-24,Ana Clara Caldeira,Protetor Solar Corporal Panvel 50g,2,247.84,495.68
687,2025-01-13,Felipe Rodrigues,Nimesulida 25mg - 30 Comprimidos - Aché,4,27.51,110.04
688,2025-05-13,André Cardoso,Atenolol Gotas 20ml - Eurofarma,1,246.04,246.04
689,2026-01-16,Maria Flor Silveira,Pomada para Assaduras Huggies Tamanho G (32 un),5,171.8,859
690,2025-11-29,Daniel Costela,Loratadina 25mg - 30 Comprimidos - Bayer,4,205.47,821.88
691,2026-07-15,Leandro Almeida,Vacina contra Cirrose - Reforço,3,194.24,582.72
692,2026-07-08,José Santos,Ibuprofeno Pomada 30g - EMS (Genérico),4,58.85,235.4
693,2026-01-28,Maria Sophia Fernandes,Soro Fisiológico Nivea 50g,3,158.65,475.95000000000005
694,2025-12-06,Théo Campos,Vacina contra Dermatite - Reforço,2,70.85,141.7
695,2025-01-16,Maria Fernanda Casa Grande,Diclofenaco 50mg - 30 Comprimidos - EMS (Genérico),4,154.28,617.12
696,2025-12-30,Dra. Maria Liz Rocha,Protetor Solar Facial Vichy Tamanho G (32 un),2,241.99,483.98
697,2025-04-23,Sophie Gonçalves,Ibuprofeno 50mg - 30 Comprimidos - Medley (Genérico),1,243.47,243.47
698,2025-01-27,Fernanda Pastor,Diclofenaco Suspensão Oral 50ml - Neo Química (Genérico),2,110.69,221.38
699,2026-05-11,Heloísa Nascimento,Vacina contra Artrite - Dose Única,5,33.69,168.45
700,2025-09-08,Calebe Costela,Clonazepam 500mg - 20 Comprimidos - Medley (Genérico),3,163.65,490.95000000000005
701,2024-10-02,Lavínia Andrade,Termômetro Digital Rexona 400ml,1,168.93,168.93
702,2026-09-03,Sra. Lívia Guerra,Cefalexina Xarope 120ml - Aché,1,91.87,91.87
703,2025-08-21,João Vitor Azevedo,Vacina contra Gripe - Reforço,1,30.98,30.98
704,2025-06-01,Ísis Ramos,Vacina contra Conjuntivite - Dose Única,1,95.47,95.47
705,2025-02-22,Sra. Lívia Guerra,Vacina contra Artrose - Dose Única,4,96.09,384.36
706,2025-09-03,Dra. Evelyn Câmara,Sertralina Suspensão Oral 50ml - Aché,5,65.67,328.35
707,2025-08-15,Daniel da Mota,Sinvastatina Suspensão Oral 50ml - Medley (Genérico),1,178.69,178.69
708,2024-11-23,Lívia Mendonça,Hastes Flexíveis (Cotonetes) Johnson's 90g,1,208.29,208.29
709,2026-07-28,Bryan Nascimento,Termômetro Digital Listerine 400ml,3,170.61,511.83000000000004
710,2024-10-31,Lucas Gabriel Melo,Atenolol 50mg - 30 Comprimidos - Aché,2,175.58,351.16
711,2024-11-16,Emanuel Borges,Enalapril Suspensão Oral 50ml - Medley (Genérico),4,218.1,872.4
712,2025-12-04,Valentim Souza,Loratadina 25mg - 30 Comprimidos - Bayer,1,205.47,205.47
713,2026-06-03,Ágatha Borges,Pantoprazol 25mg - 30 Comprimidos - Aché,4,105.45,421.8
714,2025-09-28,Camila Cavalcanti,Escitalopram 25mg - 30 Comprimidos - Medley (Genérico),1,53.19,53.19
715,2025-12-28,Dra. Alice Campos,Vacina contra Rinite - Dose Única,1,68.91,68.91
716,2025-04-19,Luiz Miguel Pimenta,Escitalopram Pomada 30g - Bayer,3,46.92,140.76
717,2025-02-20,Dr. Isaac da Rosa,Enalapril 1g - 10 Comprimidos - Neo Química (Genérico),1,73.32,73.32
718,2025-08-27,Ana Carolina Lima,Lenço Umedecido Huggies Tamanho M (40 un),4,25.49,101.96
719,2026-07-11,Bella Machado,Enxaguante Bucal Dove 50 Metros,3,119.89,359.67
720,2026-04-27,Sr. Otávio Nunes,Fralda Descartável Rexona Tamanho G (32 un),1,153.97,153.97
721,2026-04-19,Manuela Rodrigues,Cefalexina Xarope 120ml - Aché,1,91.87,91.87
722,2025-06-22,Caio Costa,Sinvastatina 1g - 10 Comprimidos - Eurofarma,1,175.05,175.05
723,2025-01-21,Nina Jesus,Ibuprofeno 50mg - 30 Comprimidos - Medley (Genérico),2,243.47,486.94
724,2025-09-13,Enrico Azevedo,Paracetamol 500mg - 20 Comprimidos - EMS (Genérico),2,231.25,462.5
725,2025-01-11,Larissa Cirino,Vacina contra Câncer de Próstata - Reforço,3,111.6,334.79999999999995
726,2024-10-13,Maysa Castro,Azitromicina Pomada 30g - Medley (Genérico),3,211.87,635.61
727,2025-10-04,Lívia da Cunha,Vacina contra Hipertensão - Reforço,3,115.29,345.87
728,2025-09-06,Gustavo Henrique Rodrigues,Protetor Solar Facial Pampers 200ml,4,104.83,419.32
729,2026-01-29,Antony Guerra,Protetor Solar Facial CeraVe FPS 50,3,233.55,700.6500000000001
730,2025-11-30,Cauê Guerra,Losartana Potássica 50mg - 30 Comprimidos - Aché,2,220.17,440.34
731,2026-06-10,Luara Moura,Diclofenaco Gotas 20ml - Bayer,4,140.04,560.16
732,2026-07-25,Maria Fernanda Azevedo,Paracetamol Gotas 20ml - Medley (Genérico),3,11.86,35.58
733,2024-10-18,Sra. Luana da Mata,Vacina contra Ansiedade - Reforço,2,106.07,212.14
734,2025-05-17,Rafaela Alves,Losartana Potássica 1g - 10 Comprimidos - Bayer,5,16.75,83.75
735,2025-07-30,Ana Sophia Vargas,Vacina contra Melanoma - Reforço,2,118.54,237.08
736,2025-09-07,Sra. Maria Julia Abreu,Amoxicilina 500mg - 20 Comprimidos - Aché,1,204.16,204.16
737,2026-01-06,Ana Lívia Dias,Diclofenaco Pomada 30g - Medley (Genérico),2,44.26,88.52
738,2024-12-30,Davi Lucas da Costa,Pomada para Assaduras Huggies Tamanho G (32 un),5,171.8,859
739,2026-03-01,Luiza Aparecida,Vacina contra Insuficiência Cardíaca - Dose Única,5,99.92,499.6
740,2026-01-24,Luan Vargas,Metformina 500mg - 20 Comprimidos - Neo Química (Genérico),1,158.01,158.01
741,2026-07-04,Sofia Leão,Escitalopram Suspensão Oral 50ml - Aché,2,222.82,445.64
742,2025-08-15,Sr. Isaac Mendes,Soro Fisiológico Sempre Livre Tamanho M (40 un),2,155.36,310.72
743,2025-07-13,Ryan Borges,Diclofenaco Gotas 20ml - Eurofarma,1,234.94,234.94
744,2024-09-24,Ana Cavalcanti,Fralda Descartável Bepantol 400ml,4,193.19,772.76
745,2025-09-26,Joaquim Barbosa,Desodorante Roll-on G-Tech Tamanho M (40 un),2,73.6,147.2
746,2025-05-11,Bernardo Ribeiro,Fio Dental Nivea Tamanho M (40 un),3,152.47,457.40999999999997
747,2026-06-30,Sr. João Gabriel Ramos,Amoxicilina 25mg - 30 Comprimidos - Medley (Genérico),1,19.5,19.5
748,2026-02-25,Noah Câmara,Creme Dental Mió 150ml,4,117.69,470.76
749,2025-08-23,Anthony Brito,Fralda Descartável Johnson's FPS 50,4,173.54,694.16
750,2026-01-27,Cauê Aragão,Nimesulida 25mg - 30 Comprimidos - Aché,4,27.51,110.04
751,2026-02-27,Bento da Costa,Hastes Flexíveis (Cotonetes) Rexona 150ml,1,25.58,25.58
752,2026-02-06,Yan Novais,Álcool em Gel 70% Nivea FPS 50,1,179.51,179.51
753,2026-03-21,Guilherme Peixoto,Nimesulida Gotas 20ml - EMS (Genérico),3,202.4,607.2
754,2025-04-10,Clarice Mendonça,Nimesulida Gotas 20ml - EMS (Genérico),3,202.4,607.2
755,2026-02-16,João Guilherme Vasconcelos,Creme Hidratante G-Tech Tamanho G (32 un),4,121.2,484.8
756,2026-06-13,Anthony Brito,Hidroclorotiazida 25mg - 30 Comprimidos - Aché,1,187.28,187.28
757,2024-12-19,Liam Vieira,Ibuprofeno Suspensão Oral 50ml - Eurofarma,4,38.54,154.16
758,2026-02-02,Ana Cavalcanti,Enalapril Suspensão Oral 50ml - Medley (Genérico),5,218.1,1090.5
759,2026-07-13,Dr. Thiago Guerra,Sérum Vitamina C Nivea 200ml,5,247.63,1238.15
760,2025-03-17,Bárbara Cassiano,Atenolol Suspensão Oral 50ml - Neo Química (Genérico),2,134,268
761,2025-01-23,Augusto da Luz,Dipirona Sódica 50mg - 30 Comprimidos - Neo Química (Genérico),3,135.01,405.03
762,2025-06-16,Ana Lívia da Costa,Enxaguante Bucal Dove 50 Metros,2,119.89,239.78
763,2025-09-09,Dra. Cecilia Dias,Hidroclorotiazida Suspensão Oral 50ml - Bayer,2,42.24,84.48
764,2025-02-25,Caroline Martins,Soro Fisiológico Needs 90g,5,235.86,1179.3000000000002
765,2024-10-09,Renan Viana,Paracetamol 50mg - 30 Comprimidos - Eurofarma,3,112.56,337.68
766,2026-04-01,Fernando Cardoso,Sabonete em Barra Nivea 500ml,2,45,90
767,2026-06-17,Pedro Lucas Andrade,Clonazepam 1g - 10 Comprimidos - Eurofarma,5,57.46,287.3
768,2026-02-12,Pietro Rocha,Paracetamol Suspensão Oral 50ml - Medley (Genérico),1,119.61,119.61
769,2025-04-03,Isaque Gonçalves,Amoxicilina 25mg - 30 Comprimidos - Bayer,4,94.88,379.52
770,2025-11-13,Ana Sophia Gonçalves,Diclofenaco Gotas 20ml - Eurofarma,2,234.94,469.88
771,2025-10-26,Ana Liz Rezende,Dipirona Sódica 50mg - 30 Comprimidos - Medley (Genérico),1,121.9,121.9
772,2025-04-17,Rebeca Brito,Diclofenaco Pomada 30g - Bayer,4,206.44,825.76
773,2025-02-10,Murilo Peixoto,Enxaguante Bucal Sempre Livre Tamanho G (32 un),4,138.23,552.92
774,2025-07-28,Dr. Pietro Costela,Protetor Solar Facial CeraVe FPS 70,3,159.16,477.48
775,2026-04-03,Ana Cecília Caldeira,Vacina contra Gota - Dose Única,5,44.64,223.2
776,2025-10-15,Gabriel Cardoso,Fralda Descartável G-Tech 50g,4,70.38,281.52
777,2026-07-08,Ravy da Mata,Vacina contra Úlcera - Reforço,2,90.83,181.66
778,2025-03-24,Dra. Alice Campos,Cefalexina Pomada 30g - Neo Química (Genérico),4,193.4,773.6
779,2026-08-06,Olívia Moraes,Vacina contra Psoríase - Reforço,3,64.67,194.01
780,2024-10-25,Theo da Mota,Enalapril Xarope 120ml - Eurofarma,3,73.4,220.20000000000002
781,2026-01-07,Bella Costa,Escitalopram 1g - 10 Comprimidos - Medley (Genérico),3,63.45,190.35000000000002
782,2026-06-22,Dra. Isabelly Campos,Água Micelar Colgate 500ml,4,84.12,336.48
783,2025-06-07,Alícia Andrade,Ibuprofeno Suspensão Oral 50ml - EMS (Genérico),2,36.54,73.08
784,2026-08-21,Lavínia da Rosa,Sinvastatina 50mg - 30 Comprimidos - Neo Química (Genérico),5,47.18,235.9
785,2026-05-24,Maria Rocha,Losartana Potássica Pomada 30g - Neo Química (Genérico),2,228.42,456.84
786,2026-06-10,Dr. Ravy da Rocha,Absorvente com Abas La Roche-Posay Tamanho G (32 un),5,127.55,637.75
787,2025-07-03,Diogo Sá,Sérum Vitamina C Needs FPS 70,3,134.63,403.89
788,2026-05-02,Marcela Gonçalves,Leite em Pó Infantil Mió FPS 50,3,161.97,485.90999999999997
789,2025-12-18,Ian Cardoso,Creme Dental Dove 50 Metros,4,69.44,277.76
790,2025-04-15,Ana Sophia Montenegro,Dipirona Sódica Xarope 120ml - Neo Química (Genérico),1,190.38,190.38
791,2025-07-03,Antonella Aragão,Clonazepam 25mg - 30 Comprimidos - EMS (Genérico),1,246.63,246.63
792,2024-10-14,Caroline Dias,Vacina contra Trombose - Reforço,2,73.8,147.6
793,2025-10-07,Valentina Rios,Soro Fisiológico Sempre Livre Tamanho M (40 un),5,155.36,776.8000000000001
794,2026-07-20,Breno da Rocha,Vacina contra Resfriado - Dose Única,4,55.99,223.96
795,2024-11-11,Sra. Lívia Guerra,Fluoxetina 25mg - 30 Comprimidos - EMS (Genérico),1,83.34,83.34
796,2025-11-18,Maria Luiza Abreu,Ibuprofeno 1g - 10 Comprimidos - Eurofarma,4,36.78,147.12
797,2024-10-27,Ana Luiza Nunes,Termômetro Digital La Roche-Posay 500ml,4,40.39,161.56
798,2025-10-25,Joaquim Porto,Clonazepam 25mg - 30 Comprimidos - Bayer,4,127.48,509.92
799,2025-10-31,Henrique Sousa,Fralda Descartável Rexona Tamanho G (32 un),5,153.97,769.85
800,2024-09-23,Pietro Moura,Vacina contra Leucemia - Reforço,5,107.48,537.4
801,2026-08-19,Jade Oliveira,Absorvente com Abas G-Tech 90g,1,182.53,182.53
802,2026-08-18,Srta. Helena Novais,Fralda Descartável Johnson's 400ml,3,7.86,23.580000000000002
803,2025-08-08,Stella Martins,Enxaguante Bucal Pampers 500ml,5,241.95,1209.75
804,2025-05-04,Manuela Mendes,Amoxicilina 25mg - 30 Comprimidos - Eurofarma,1,239.18,239.18
805,2025-03-29,Maria Helena Lopes,Escitalopram Gotas 20ml - Aché,5,169.7,848.5
806,2026-09-07,Arthur Miguel Azevedo,Termômetro Digital La Roche-Posay 500ml,5,40.39,201.95
807,2026-04-01,Cauê Cirino,Vacina contra Resfriado - Dose Única,3,55.99,167.97
808,2026-02-07,Anna Liz Vargas,Loratadina Suspensão Oral 50ml - Neo Química (Genérico),4,110.09,440.36
809,2024-11-13,Caleb Cardoso,Hastes Flexíveis (Cotonetes) Mió 150ml,1,222.68,222.68
810,2026-09-11,João Gabriel Costela,Lenço Umedecido Huggies Tamanho M (40 un),1,25.49,25.49
811,2026-08-06,Bella Duarte,Hidroclorotiazida Suspensão Oral 50ml - Bayer,4,42.24,168.96
812,2026-08-24,Sra. Ester Casa Grande,Dipirona Sódica 50mg - 30 Comprimidos - Medley (Genérico),5,121.9,609.5
813,2025-10-05,Emanuel Borges,Omeprazol Suspensão Oral 50ml - Aché,3,245.04,735.12
814,2025-11-27,Ana Júlia Ribeiro,Protetor Solar Facial Rexona Tamanho G (32 un),2,248.5,497
815,2025-04-14,Manuela Rodrigues,Sertralina Gotas 20ml - Aché,5,182.27,911.35
816,2025-07-21,Luiz Otávio Nunes,Condicionador Hidratação Johnson's 500ml,4,118.08,472.32
817,2025-03-20,Hadassa Garcia,Losartana Potássica 50mg - 30 Comprimidos - Aché,4,220.17,880.68
818,2026-01-18,João Guilherme Marques,Fralda Descartável Johnson's 400ml,5,7.86,39.300000000000004
819,2025-02-16,Pedro Lucas Fernandes,Condicionador Hidratação Mió 150ml,3,41.88,125.64000000000001
820,2026-05-18,Aurora Vargas,Vacina contra Depressão - Dose Única,4,209.98,839.92
821,2024-10-23,Daniel da Mota,Paracetamol Xarope 120ml - Medley (Genérico),4,49.35,197.4
822,2024-12-10,Pedro Câmara,Azitromicina Suspensão Oral 50ml - Eurofarma,1,49.82,49.82
823,2025-08-09,Yasmin da Mota,Nimesulida Xarope 120ml - Eurofarma,5,66.67,333.35
824,2026-05-07,Benicio Machado,Protetor Solar Facial Pampers 400ml,5,120.58,602.9
825,2024-12-19,João Lucas Rodrigues,Fluoxetina 500mg - 20 Comprimidos - Aché,4,95.21,380.84
826,2026-01-05,Renan Barbosa,Curativos (Band-Aid) Mió FPS 50,3,108.35,325.04999999999995
827,2025-09-03,Dr. Kevin Cavalcante,Cefalexina Suspensão Oral 50ml - Medley (Genérico),5,181.18,905.9000000000001
828,2025-03-12,Benicio Nascimento,Vacina contra Chikungunya - Dose Única,4,102.18,408.72
829,2025-01-20,Caroline Martins,Cefalexina Suspensão Oral 50ml - Neo Química (Genérico),1,173.25,173.25
830,2025-07-14,Manuella Barros,Azitromicina 1g - 10 Comprimidos - Medley (Genérico),2,215.41,430.82
831,2025-02-19,Isaque Gonçalves,Ibuprofeno Xarope 120ml - Medley (Genérico),2,145.26,290.52
832,2026-08-13,Sr. Miguel da Luz,Soro Fisiológico Mió 50g,1,47.89,47.89
833,2026-01-10,Sofia da Paz,Protetor Solar Facial Rexona 50 Metros,3,156.76,470.28
834,2025-07-16,José Miguel Azevedo,Pantoprazol Pomada 30g - EMS (Genérico),4,112.43,449.72
835,2026-05-03,Olivia Vargas,Ibuprofeno Xarope 120ml - Aché,3,48.62,145.85999999999999
836,2025-12-21,Maria Clara Nogueira,Vacina contra Melanoma - Reforço,4,118.54,474.16
837,2025-07-01,Ian Cardoso,Soro Fisiológico Needs 90g,2,235.86,471.72
838,2024-10-16,Sr. Valentim da Paz,Enalapril 25mg - 30 Comprimidos - Eurofarma,4,50.58,202.32
839,2024-11-26,Valentina Costela,Ibuprofeno 500mg - 20 Comprimidos - EMS (Genérico),3,235.23,705.6899999999999
840,2024-12-25,Maria Helena da Rocha,Azitromicina 50mg - 30 Comprimidos - Bayer,1,131.42,131.42
841,2025-09-16,Carolina Macedo,Sinvastatina 50mg - 30 Comprimidos - Neo Química (Genérico),5,47.18,235.9
842,2026-02-15,Luara Rocha,Escitalopram 50mg - 30 Comprimidos - Bayer,2,245.48,490.96
843,2025-12-07,Isabel da Mota,Álcool em Gel 70% La Roche-Posay 150ml,2,123.15,246.3
844,2025-08-18,Esther Pimenta,Atenolol 1g - 10 Comprimidos - Aché,2,130.19,260.38
845,2026-01-02,Thales Casa Grande,Creme Dental Mió 150ml,5,117.69,588.45
846,2025-08-27,Henrique Cunha,Omeprazol 500mg - 20 Comprimidos - Aché,3,109.03,327.09000000000003
847,2025-10-08,Ana Julia Duarte,Vacina contra Alzheimer - Dose Única,5,193.18,965.9000000000001
848,2025-07-24,Dra. Cecilia Dias,Sabonete em Barra Clear Tamanho M (40 un),5,21.43,107.15
849,2025-09-20,Valentina Santos,Escitalopram 1g - 10 Comprimidos - Eurofarma,5,239.22,1196.1
850,2024-09-21,Ana Beatriz Abreu,Paracetamol Suspensão Oral 50ml - Aché,4,29.78,119.12
851,2024-11-14,Brayan Sá,Loratadina Suspensão Oral 50ml - Bayer,4,123.87,495.48
852,2025-01-29,Luiza Moreira,Creme Hidratante Dove 200ml,3,76.86,230.57999999999998
853,2025-01-20,Lavínia da Rosa,Termômetro Digital Listerine 400ml,4,170.61,682.44
854,2026-01-04,Maria Luiza Carvalho,Ibuprofeno Xarope 120ml - Aché,3,48.62,145.85999999999999
855,2025-05-31,João Lucas Jesus,Dipirona Sódica Suspensão Oral 50ml - Neo Química (Genérico),1,90.27,90.27
856,2025-11-17,Enzo Mendonça,Ibuprofeno Xarope 120ml - Medley (Genérico),3,145.26,435.78
857,2025-07-17,Rael Brito,Clonazepam Pomada 30g - Medley (Genérico),4,100.21,400.84
858,2026-05-24,Gabriel Cardoso,Fluoxetina 500mg - 20 Comprimidos - Eurofarma,3,226.49,679.47
859,2026-03-19,Melissa Melo,Fralda Descartável Rexona Tamanho G (32 un),3,153.97,461.90999999999997
860,2026-05-13,Gabriela Correia,Sabonete Líquido Rexona 90g,5,197.22,986.1
861,2025-01-22,Yan Novais,Loratadina Xarope 120ml - Medley (Genérico),5,133.57,667.8499999999999
862,2025-10-23,Otto Rocha,Amoxicilina 500mg - 20 Comprimidos - Bayer,5,116.65,583.25
863,2024-12-16,Srta. Mariane Melo,Sertralina Pomada 30g - Neo Química (Genérico),2,23.83,47.66
864,2024-09-17,Cauã Sousa,Desodorante Roll-on Bepantol 50g,3,13.2,39.599999999999994
865,2024-10-28,Luísa Souza,Creme Hidratante Sempre Livre 400ml,3,27.04,81.12
866,2024-11-05,Enzo Costa,Paracetamol Gotas 20ml - Medley (Genérico),4,11.86,47.44
867,2025-11-23,Yasmin Souza,Loratadina Suspensão Oral 50ml - Medley (Genérico),3,83.94,251.82
868,2025-04-07,Sra. Zoe Araújo,Nimesulida 1g - 10 Comprimidos - Medley (Genérico),1,80.33,80.33
869,2025-03-02,Marcela Castro,Paracetamol Xarope 120ml - Medley (Genérico),4,49.35,197.4
870,2026-03-24,Lívia Mendonça,Escitalopram 25mg - 30 Comprimidos - Medley (Genérico),5,53.19,265.95
871,2025-04-14,João Gabriel Costela,Omeprazol Gotas 20ml - Medley (Genérico),3,109.59,328.77
872,2025-02-16,Zoe Porto,Lenço Umedecido Mió Tamanho M (40 un),5,43.72,218.6
873,2024-12-28,Allana Ramos,Vacina contra Trombose - Reforço,5,73.8,369
874,2026-07-17,Miguel Câmara,Losartana Potássica 50mg - 30 Comprimidos - Aché,3,220.17,660.51
875,2026-08-19,Maria Helena Araújo,Hidroclorotiazida 500mg - 20 Comprimidos - Neo Química (Genérico),4,124.14,496.56
876,2025-10-12,Mateus Cassiano,Tadalafila 500mg - 20 Comprimidos - Medley (Genérico),3,51.02,153.06
877,2024-10-11,Sra. Ester da Conceição,Água Micelar La Roche-Posay 50 Metros,2,239.98,479.96
878,2026-02-22,Elisa Nogueira,Dipirona Sódica 1g - 10 Comprimidos - Bayer,1,120.1,120.1
879,2024-12-23,Dr. Luiz Felipe da Costa,Sildenafila 25mg - 30 Comprimidos - Eurofarma,5,186.17,930.8499999999999
880,2025-05-21,Emanuel da Cunha,Sertralina Xarope 120ml - Neo Química (Genérico),4,81.67,326.68
881,2026-03-02,Guilherme Novaes,Dipirona Sódica Gotas 20ml - Eurofarma,3,237.72,713.16
882,2025-12-07,Catarina Cassiano,Cefalexina Suspensão Oral 50ml - Neo Química (Genérico),4,173.25,693
883,2025-05-29,Dra. Nina da Rosa,Cefalexina 1g - 10 Comprimidos - Medley (Genérico),3,127.46,382.38
884,2025-09-07,Guilherme Peixoto,Fluoxetina 500mg - 20 Comprimidos - Eurofarma,2,226.49,452.98
885,2026-03-21,Julia Brito,Loratadina 500mg - 20 Comprimidos - Neo Química (Genérico),5,159.08,795.4000000000001
886,2024-09-30,Melina Peixoto,Cefalexina Suspensão Oral 50ml - Eurofarma,2,17.29,34.58
887,2026-06-20,Felipe Mendes,Diclofenaco Gotas 20ml - Aché,2,65.92,131.84
888,2025-03-26,Pietra Silva,Pomada para Assaduras Colgate FPS 70,5,249.6,1248
889,2025-05-15,Luiz Miguel Duarte,Fluoxetina Xarope 120ml - Eurofarma,1,133.77,133.77
890,2025-08-19,João Pedro Pacheco,Vacina contra Epilepsia - Dose Única,3,187.04,561.12
891,2026-08-16,Sr. Breno Viana,Shampoo Anticaspa Rexona 90g,3,122.18,366.54
892,2024-12-17,Diogo Ramos,Azitromicina 500mg - 20 Comprimidos - Neo Química (Genérico),5,166.15,830.75
893,2026-06-25,Enrico Costela,Vacina contra Insuficiência Renal - Reforço,4,15.5,62
894,2025-11-03,Benjamin Pires,Pomada para Assaduras Vichy FPS 70,1,177.35,177.35
895,2025-04-05,André Cardoso,Sertralina Gotas 20ml - Aché,3,182.27,546.8100000000001
896,2025-09-06,Kamilly Costa,Cefalexina Pomada 30g - Neo Química (Genérico),1,193.4,193.4
897,2025-10-03,Henrique Melo,Clonazepam Pomada 30g - Medley (Genérico),2,100.21,200.42
898,2026-05-25,Enzo Gabriel Correia,Fralda Descartável Johnson's FPS 50,1,173.54,173.54
899,2024-12-12,João Lucas Jesus,Pomada para Assaduras Vichy FPS 70,1,177.35,177.35
900,2026-08-03,Thomas Lima,Diclofenaco Suspensão Oral 50ml - Bayer,2,16.01,32.02
901,2025-05-21,Felipe Mendes,Soro Fisiológico Sempre Livre Tamanho M (40 un),5,155.36,776.8000000000001
902,2024-11-09,Sophie Guerra,Amoxicilina 1g - 10 Comprimidos - Bayer,5,7.34,36.7
903,2025-02-02,Brenda Barros,Omeprazol 500mg - 20 Comprimidos - Aché,4,109.03,436.12
904,2025-11-30,Pedro Lucas Guerra,Vacina contra Artrose - Reforço,2,86.63,173.26
905,2025-08-18,Clarice Rezende,Sérum Vitamina C Dove 90g,1,6.07,6.07
906,2025-01-11,Bruno Farias,Amoxicilina 50mg - 30 Comprimidos - EMS (Genérico),4,182.49,729.96
907,2025-07-28,Maria Cecília Leão,Nimesulida 50mg - 30 Comprimidos - Medley (Genérico),1,11.98,11.98
908,2025-08-31,Carlos Eduardo Guerra,Vacina contra Ansiedade - Reforço,1,106.07,106.07
909,2026-08-22,Maria Júlia da Luz,Nimesulida Xarope 120ml - Eurofarma,2,66.67,133.34
910,2026-02-26,Srta. Ana Clara das Neves,Escitalopram 50mg - 30 Comprimidos - Bayer,1,245.48,245.48
911,2026-04-19,Luan Campos,Vacina contra Hipertensão - Reforço,1,115.29,115.29
912,2025-03-29,Luiz Otávio Pereira,Hastes Flexíveis (Cotonetes) Mió 150ml,2,222.68,445.36
913,2025-08-29,Srta. Ana Melo,Protetor Solar Facial Vichy Tamanho G (32 un),5,241.99,1209.95
914,2026-08-18,Arthur Silveira,Paracetamol 500mg - 20 Comprimidos - Medley (Genérico),5,208.77,1043.8500000000001
915,2025-06-09,Maitê Mendonça,Loratadina 50mg - 30 Comprimidos - Aché,2,41.39,82.78
916,2025-11-27,Sr. Rael Fernandes,Vacina contra Ansiedade - Reforço,1,106.07,106.07
917,2025-11-16,Agatha Cavalcante,Hastes Flexíveis (Cotonetes) G-Tech FPS 50,5,75.16,375.79999999999995
918,2026-06-30,Sr. Yago Pimenta,Paracetamol 50mg - 30 Comprimidos - Aché,4,116.39,465.56
919,2024-09-12,Enzo Costa,Fluoxetina Xarope 120ml - Neo Química (Genérico),5,67.55,337.75
920,2026-01-29,Miguel da Rosa,Ibuprofeno 500mg - 20 Comprimidos - Aché,3,72.67,218.01
921,2026-06-29,Enrico Costela,Escitalopram 1g - 10 Comprimidos - EMS (Genérico),4,116.72,466.88
922,2025-01-21,Sra. Ester da Conceição,Água Micelar Pampers FPS 50,1,126.73,126.73
923,2026-01-05,Dr. Luiz Otávio Rodrigues,Fluoxetina 1g - 10 Comprimidos - EMS (Genérico),3,242.33,726.99
924,2025-12-06,Helena Cassiano,Shampoo Anticaspa Huggies FPS 70,2,153.56,307.12
925,2026-07-28,Benício Cunha,Fluoxetina 25mg - 30 Comprimidos - Aché,5,114.53,572.65
926,2025-08-04,José Caldeira,Curativos (Band-Aid) Listerine FPS 70,5,133.77,668.85
927,2026-07-08,Maria Liz Novais,Vacina contra Chikungunya - Dose Única,4,102.18,408.72
928,2024-09-22,Sr. Benicio das Neves,Diclofenaco Xarope 120ml - Aché,5,241.31,1206.55
929,2025-07-19,Sr. Valentim da Paz,Atenolol Pomada 30g - Neo Química (Genérico),3,40.49,121.47
930,2026-07-27,Ana Júlia da Rosa,Pantoprazol Gotas 20ml - Medley (Genérico),2,94.99,189.98
931,2026-01-07,Sarah Campos,Omeprazol 500mg - 20 Comprimidos - Neo Química (Genérico),5,30.06,150.29999999999998
932,2025-07-19,Lívia Mendonça,Ibuprofeno Xarope 120ml - Aché,4,48.62,194.48
933,2026-05-03,Lívia Siqueira,Omeprazol Suspensão Oral 50ml - Bayer,4,50.33,201.32
934,2024-09-13,Ravi Lucca Fogaça,Vacina contra Acne - Reforço,4,171.47,685.88
935,2024-12-13,Luiza Aparecida,Diclofenaco 50mg - 30 Comprimidos - EMS (Genérico),1,154.28,154.28
936,2026-02-19,Nicole Caldeira,Cefalexina Suspensão Oral 50ml - Neo Química (Genérico),2,173.25,346.5
937,2025-04-28,Bella Vargas,Curativos (Band-Aid) Mió FPS 50,4,108.35,433.4
938,2025-01-29,Dra. Maria Liz Rocha,Fluoxetina 25mg - 30 Comprimidos - Neo Química (Genérico),1,120.34,120.34
939,2024-12-16,Ísis Ramos,Vacina contra Cirrose - Reforço,2,194.24,388.48
940,2026-01-28,Sarah Garcia,Shampoo Anticaspa Aptamil 500ml,5,60.02,300.1
941,2026-03-09,Davi Miguel Brito,Pantoprazol 50mg - 30 Comprimidos - Aché,3,248.85,746.55
942,2026-09-02,Vicente Silveira,Omeprazol Gotas 20ml - Medley (Genérico),5,109.59,547.95
943,2024-10-25,Clarice Mendonça,Metformina Pomada 30g - Neo Química (Genérico),1,216.86,216.86
944,2025-01-10,Theo Pires,Azitromicina 1g - 10 Comprimidos - EMS (Genérico),1,180.47,180.47
945,2025-03-05,Igor Cassiano,Cefalexina 50mg - 30 Comprimidos - Eurofarma,2,8.14,16.28
946,2025-10-19,Ana Sampaio,Amoxicilina Gotas 20ml - Eurofarma,5,113.35,566.75
947,2026-01-20,Rafael Araújo,Vacina contra Infecção Urinária - Reforço,1,238.19,238.19
948,2025-01-08,Allana Ramos,Vacina contra Chikungunya - Dose Única,5,102.18,510.90000000000003
949,2025-02-15,Mariane Sampaio,Azitromicina 1g - 10 Comprimidos - Medley (Genérico),4,215.41,861.64
950,2025-01-19,Raul Nunes,Escitalopram Xarope 120ml - EMS (Genérico),4,233.02,932.08
951,2025-06-15,Antony Guerra,Loratadina Suspensão Oral 50ml - Medley (Genérico),5,83.94,419.7
952,2024-09-24,Daniela da Rosa,Sérum Vitamina C Rexona Tamanho G (32 un),3,129.67,389.01
953,2025-01-15,Lavínia da Rosa,Atenolol 1g - 10 Comprimidos - Medley (Genérico),1,233.33,233.33
954,2025-10-09,Bárbara Cassiano,Pomada para Assaduras Panvel 400ml,4,15.35,61.4
955,2025-06-14,Apollo Teixeira,Hastes Flexíveis (Cotonetes) Johnson's 200ml,4,27.19,108.76
956,2025-01-18,Maria Luísa Garcia,Creme Dental Clear 50g,3,188.6,565.8
957,2026-03-09,Larissa Santos,Clonazepam Gotas 20ml - Bayer,1,176.04,176.04
958,2026-02-05,Marina Lima,Fio Dental La Roche-Posay FPS 50,3,18.28,54.84
959,2026-07-05,Lucas Gabriel Mendonça,Losartana Potássica 1g - 10 Comprimidos - Medley (Genérico),1,206.7,206.7
960,2024-09-12,Sra. Maria Fernanda Pacheco,Diclofenaco Pomada 30g - Bayer,4,206.44,825.76
961,2024-11-09,Bárbara Vasconcelos,Pantoprazol Gotas 20ml - Medley (Genérico),5,94.99,474.95
962,2024-10-02,João Lucas Rodrigues,Cefalexina 50mg - 30 Comprimidos - Eurofarma,5,8.14,40.7
963,2025-06-16,Julia Vasconcelos,Fluoxetina 25mg - 30 Comprimidos - Aché,5,114.53,572.65
964,2024-09-21,Dom Macedo,Azitromicina 25mg - 30 Comprimidos - Aché,3,179.29,537.87
965,2025-05-10,Allana Ramos,Paracetamol 500mg - 20 Comprimidos - EMS (Genérico),3,231.25,693.75
966,2024-10-09,Ágatha Borges,Vacina contra Insônia - Dose Única,5,191.97,959.85
967,2024-10-25,Theo Montenegro,Sabonete em Barra Pampers 90g,1,26.47,26.47
968,2024-10-24,Luiza Ferreira,Azitromicina 50mg - 30 Comprimidos - Aché,5,119.13,595.65
969,2025-06-02,Emanuel da Cunha,Paracetamol Suspensão Oral 50ml - EMS (Genérico),1,58.21,58.21
970,2024-11-16,Sara Alves,Diclofenaco Xarope 120ml - Aché,1,241.31,241.31
971,2024-12-11,Lara Rodrigues,Hidroclorotiazida Pomada 30g - EMS (Genérico),5,184.22,921.1
972,2024-11-10,Sr. Murilo Cirino,Sinvastatina 50mg - 30 Comprimidos - Eurofarma,2,85,170
973,2024-11-18,Erick Mendonça,Clonazepam 500mg - 20 Comprimidos - Medley (Genérico),4,163.65,654.6
974,2025-04-11,Srta. Evelyn Ferreira,Fluoxetina 1g - 10 Comprimidos - EMS (Genérico),2,242.33,484.66
975,2026-08-26,Bella Souza,Fio Dental Sempre Livre 50 Metros,5,115.96,579.8
976,2025-10-23,Thomas Aragão,Hidroclorotiazida 500mg - 20 Comprimidos - Neo Química (Genérico),2,124.14,248.28
977,2026-01-31,Gael Henrique Câmara,Escitalopram 50mg - 30 Comprimidos - Bayer,4,245.48,981.92
978,2025-03-30,Dr. Davi Lucca Martins,Ibuprofeno Suspensão Oral 50ml - EMS (Genérico),4,36.54,146.16
979,2025-12-03,Sr. Leandro Silva,Creme Hidratante Nivea 50 Metros,3,37.62,112.85999999999999
980,2024-10-07,Dra. Maria Júlia da Rocha,Água Micelar Dove 150ml,1,8.54,8.54
981,2025-06-23,Ravi Lucca Castro,Sérum Vitamina C Nivea 500ml,2,213.5,427
982,2025-02-11,Allana Ramos,Clonazepam Suspensão Oral 50ml - EMS (Genérico),2,11.4,22.8
983,2026-01-19,Ana Júlia Vieira,Sinvastatina 1g - 10 Comprimidos - Medley (Genérico),2,194.92,389.84
984,2026-08-24,Lívia Siqueira,Diclofenaco 50mg - 30 Comprimidos - Bayer,5,16.39,81.95
985,2024-12-28,Vitória Porto,Amoxicilina 25mg - 30 Comprimidos - Eurofarma,2,239.18,478.36
986,2024-12-28,Asafe Aparecida,Sertralina Suspensão Oral 50ml - Aché,2,65.67,131.34
987,2025-10-19,Ana Cecília Caldeira,Diclofenaco Gotas 20ml - Neo Química (Genérico),2,76.28,152.56
988,2024-12-18,Henry Gabriel Cassiano,Nimesulida Pomada 30g - Aché,2,223.47,446.94
989,2026-07-07,Dra. Vitória Almeida,Termômetro Digital CeraVe 150ml,3,175.91,527.73
990,2025-05-17,Srta. Beatriz Marques,Sabonete em Barra Nivea Tamanho M (40 un),1,15.11,15.11
991,2025-05-11,Anthony Gabriel Melo,Hidroclorotiazida Pomada 30g - EMS (Genérico),4,184.22,736.88
992,2024-12-27,Heloisa Fogaça,Fralda Descartável Johnson's FPS 50,5,173.54,867.6999999999999
993,2025-08-09,Enzo Gabriel da Cunha,Diclofenaco 500mg - 20 Comprimidos - Aché,4,231.18,924.72
994,2025-12-17,Vinicius da Cunha,Dipirona Sódica Gotas 20ml - Medley (Genérico),3,178.2,534.5999999999999
995,2025-06-14,Benjamim Rodrigues,Protetor Solar Corporal Listerine FPS 70,1,59.36,59.36
996,2024-10-16,Dra. Laís Alves,Shampoo Anticaspa Rexona 90g,4,122.18,488.72
997,2026-04-19,Dr. Ravy da Rocha,Diclofenaco Pomada 30g - Bayer,1,206.44,206.44
998,2026-08-13,Eloah Aragão,Fio Dental Needs FPS 50,5,21.71,108.55000000000001
999,2026-07-09,Nina Jesus,Fluoxetina 500mg - 20 Comprimidos - Eurofarma,4,226.49,905.96
1000,2025-03-25,Dra. Laís Alves,Shampoo Anticaspa Mió 90g,1,89.93,89.93
1001,2025-02-15,Léo Oliveira,Soro Fisiológico Sempre Livre 400ml,2,36.39,72.78
1002,2025-12-14,Yasmin da Mota,Omeprazol Gotas 20ml - Aché,4,222.34,889.36
1003,2026-02-08,Breno da Rocha,Diclofenaco Gotas 20ml - Aché,4,65.92,263.68
1004,2025-08-12,Srta. Liz Casa Grande,Vacina contra Câncer de Mama - Dose Única,3,32.32,96.96000000000001
1005,2024-12-09,Cecilia Pimenta,Fralda Descartável Nivea FPS 50,4,145.19,580.76
1006,2025-08-10,Srta. Carolina da Conceição,Metformina 50mg - 30 Comprimidos - Medley (Genérico),3,34.6,103.80000000000001
1007,2025-07-03,Dra. Valentina Albuquerque,Absorvente com Abas La Roche-Posay Tamanho G (32 un),3,127.55,382.65
1008,2026-01-25,Larissa Santos,Vacina contra Leucemia - Reforço,3,107.48,322.44
1009,2026-07-14,Enzo Mendonça,Atenolol Pomada 30g - Medley (Genérico),5,214.71,1073.55
1010,2024-10-15,Srta. Amanda Costela,Sérum Vitamina C Rexona Tamanho G (32 un),1,129.67,129.67
1011,2025-09-13,Benicio da Conceição,Metformina Suspensão Oral 50ml - Bayer,1,169,169
1012,2025-06-04,Ana Laura Moura,Diclofenaco 50mg - 30 Comprimidos - EMS (Genérico),4,154.28,617.12
1013,2026-07-22,Maria Sophia Fernandes,Leite em Pó Infantil CeraVe 400ml,4,47.05,188.2
1014,2025-03-05,João Felipe Moreira,Losartana Potássica 25mg - 30 Comprimidos - Bayer,1,81.67,81.67
1015,2025-01-08,Dr. Luiz Henrique Sá,Água Micelar Dove 90g,1,43.61,43.61
1016,2025-03-22,Gustavo Novais,Tadalafila Pomada 30g - Neo Química (Genérico),3,204.01,612.03
1017,2024-10-18,Agatha Moura,Clonazepam 50mg - 30 Comprimidos - Bayer,5,215.55,1077.75
1018,2025-09-02,Pietro Moura,Vacina contra Epilepsia - Dose Única,3,187.04,561.12
1019,2025-05-02,Srta. Evelyn Ferreira,Loratadina 500mg - 20 Comprimidos - Bayer,1,98.62,98.62
1020,2025-05-03,Luiz Henrique Ribeiro,Azitromicina 25mg - 30 Comprimidos - Medley (Genérico),2,80.19,160.38
1021,2026-06-16,Dante Araújo,Fluoxetina 50mg - 30 Comprimidos - Eurofarma,1,205.03,205.03
1022,2025-02-13,Lívia Farias,Vacina contra Catarata - Reforço,4,125.28,501.12
1023,2025-01-15,Ana Júlia Vieira,Ibuprofeno Suspensão Oral 50ml - Eurofarma,1,38.54,38.54
1024,2025-09-10,Maria Júlia Cassiano,Metformina Pomada 30g - EMS (Genérico),1,11.78,11.78
1025,2024-12-26,Francisco Sales,Hidroclorotiazida Xarope 120ml - Medley (Genérico),4,92.76,371.04
1026,2025-09-22,Sr. Henry Gomes,Escitalopram Suspensão Oral 50ml - Eurofarma,5,237.82,1189.1
1027,2024-10-19,Srta. Liz Casa Grande,Paracetamol 500mg - 20 Comprimidos - EMS (Genérico),3,231.25,693.75
1028,2025-03-08,Dra. Cecilia Dias,Atenolol 25mg - 30 Comprimidos - Medley (Genérico),5,191.35,956.75
1029,2025-09-26,Catarina da Conceição,Cefalexina 500mg - 20 Comprimidos - Neo Química (Genérico),4,193.39,773.56
1030,2024-10-12,Brenda Barros,Diclofenaco Gotas 20ml - Neo Química (Genérico),3,76.28,228.84
1031,2026-01-25,Amanda Mendonça,Leite em Pó Infantil Mió FPS 50,5,161.97,809.85
1032,2026-02-22,Leonardo Pinto,Hidroclorotiazida Xarope 120ml - Medley (Genérico),3,92.76,278.28000000000003
1033,2026-08-20,Lívia Mendonça,Diclofenaco Suspensão Oral 50ml - Medley (Genérico),2,154.15,308.3
1034,2025-11-18,Aylla Brito,Cefalexina Gotas 20ml - EMS (Genérico),4,35.17,140.68
1035,2024-10-22,Ryan Siqueira,Diclofenaco 1g - 10 Comprimidos - Neo Química (Genérico),5,172.05,860.25
1036,2026-02-16,Rafael Araújo,Pantoprazol Pomada 30g - EMS (Genérico),1,112.43,112.43
1037,2026-03-24,Antonella Cavalcanti,Vacina contra Refluxo - Dose Única,3,166.42,499.26
1038,2025-04-22,Ravi Lucca Fogaça,Curativos (Band-Aid) Bepantol Tamanho M (40 un),4,123.84,495.36
1039,2026-07-30,Brayan Sousa,Condicionador Hidratação Huggies 90g,3,138.16,414.48
1040,2026-06-25,Dante Araújo,Vacina contra Gota - Reforço,4,146.93,587.72
1041,2025-07-10,Dra. Nina da Rosa,Escitalopram Suspensão Oral 50ml - Eurofarma,3,237.82,713.46
1042,2025-06-30,Dr. Benjamim Gonçalves,Condicionador Hidratação Needs 200ml,3,105.88,317.64
1043,2025-07-18,Ana Vitória Silveira,Vacina contra Embolia - Reforço,3,7.76,23.28
1044,2026-04-29,Srta. Gabrielly Pimenta,Fralda Descartável Bepantol 400ml,4,193.19,772.76
1045,2025-08-11,Sra. Lívia Guerra,Enalapril 500mg - 20 Comprimidos - EMS (Genérico),3,191.7,575.0999999999999
1046,2025-05-05,Isabelly Dias,Nimesulida Gotas 20ml - EMS (Genérico),4,202.4,809.6
1047,2025-09-28,Marcela Gonçalves,Ibuprofeno Suspensão Oral 50ml - Bayer,5,6.48,32.400000000000006
1048,2026-03-31,Ayla Carvalho,Amoxicilina Suspensão Oral 50ml - Bayer,3,163.48,490.43999999999994
1049,2024-12-16,Leonardo Abreu,Amoxicilina Suspensão Oral 50ml - Neo Química (Genérico),1,207.19,207.19
1050,2025-10-09,Sr. Arthur Miguel Cassiano,Vacina contra Psoríase - Reforço,5,64.67,323.35
1051,2025-02-23,Raul Ramos,Azitromicina 50mg - 30 Comprimidos - Medley (Genérico),2,109.65,219.3
1052,2025-10-22,Sofia Camargo,Loratadina Xarope 120ml - Aché,1,98.66,98.66
1053,2025-06-01,Sarah Garcia,Escitalopram 25mg - 30 Comprimidos - Medley (Genérico),3,53.19,159.57
1054,2026-03-31,Maria Helena Moura,Vacina contra Anemia - Dose Única,3,215.99,647.97
1055,2025-11-19,Rafaela Alves,Paracetamol Suspensão Oral 50ml - Bayer,4,59.95,239.8
1056,2026-06-25,Dra. Natália Rios,Sabonete em Barra Pampers 90g,5,26.47,132.35
1057,2025-03-14,João Lucas Melo,Pantoprazol 25mg - 30 Comprimidos - Neo Química (Genérico),3,206.05,618.1500000000001
1058,2025-07-23,Valentina Macedo,Lenço Umedecido Mió Tamanho G (32 un),4,244.29,977.16
1059,2024-10-21,Enzo Costela,Vacina contra Colesterol Alto - Reforço,3,86.89,260.67
1060,2024-12-03,Marcela Macedo,Álcool em Gel 70% Rexona 150ml,3,234.4,703.2
1061,2025-12-25,Vinicius Melo,Creme Hidratante CeraVe 500ml,3,53.65,160.95
1062,2025-12-27,Théo Cavalcanti,Loratadina 50mg - 30 Comprimidos - Neo Química (Genérico),5,134.86,674.3000000000001
1063,2025-05-29,Sra. Cecília Carvalho,Protetor Solar Corporal Panvel 150ml,3,135.83,407.49
1064,2024-11-16,Luiz Gustavo Brito,Creme Dental Nivea Tamanho G (32 un),3,198.99,596.97
1065,2025-05-18,Dr. Rhavi da Rocha,Vacina contra Hipotireoidismo - Dose Única,1,183.82,183.82
1066,2026-02-05,Camila Casa Grande,Vacina contra Trombose - Reforço,1,73.8,73.8
1067,2025-05-28,Allana da Costa,Creme Hidratante Sempre Livre 400ml,1,27.04,27.04
1068,2024-11-18,Lucas da Rocha,Vacina contra Gripe - Dose Única,2,95.56,191.12
1069,2026-02-04,Maitê Mendonça,Fralda Descartável Johnson's FPS 50,4,173.54,694.16
1070,2026-02-24,Benicio Nascimento,Pantoprazol Pomada 30g - Eurofarma,5,35.55,177.75
1071,2026-01-12,Bruna da Conceição,Condicionador Hidratação La Roche-Posay 500ml,1,180.08,180.08
1072,2026-04-09,Matteo Araújo,Creme Dental Needs 200ml,4,138.13,552.52
1073,2025-10-10,Dr. Breno Costa,Metformina Gotas 20ml - EMS (Genérico),1,237.14,237.14
1074,2026-09-08,Maria Luísa Garcia,Sérum Vitamina C Rexona Tamanho G (32 un),4,129.67,518.68
1075,2025-10-05,Dr. Ryan Garcia,Shampoo Anticaspa Huggies 400ml,3,35.72,107.16
1076,2025-05-12,Asafe Garcia,Creme Dental Nivea Tamanho G (32 un),4,198.99,795.96
1077,2024-11-01,Heitor Oliveira,Vacina contra Pedra nos Rins - Reforço,1,83.75,83.75
1078,2026-02-12,Nicolas da Cunha,Desodorante Roll-on Aptamil 50g,3,26.85,80.55000000000001
1079,2025-06-15,Brayan da Mata,Pomada para Assaduras Needs 90g,4,145.99,583.96
1080,2026-06-14,Melina Souza,Azitromicina Xarope 120ml - Medley (Genérico),5,213.29,1066.45
1081,2026-06-17,Sr. Enzo Cassiano,Água Micelar Johnson's Tamanho M (40 un),2,145.28,290.56
1082,2026-09-10,Ravy da Mata,Condicionador Hidratação La Roche-Posay 500ml,3,180.08,540.24
1083,2025-04-23,Maya Pereira,Loratadina Suspensão Oral 50ml - Neo Química (Genérico),2,110.09,220.18
1084,2025-11-05,Júlia Aparecida,Cefalexina Pomada 30g - Bayer,5,19.34,96.7
1085,2026-04-14,Luiza Santos,Lenço Umedecido Bepantol 500ml,2,97.48,194.96
1086,2024-10-21,Enzo Lima,Hidroclorotiazida Gotas 20ml - Eurofarma,1,146.95,146.95
1087,2025-08-11,Sra. Maria Alice Farias,Enxaguante Bucal Vichy 50 Metros,1,249.82,249.82
1088,2025-06-02,Apollo Costa,Metformina 500mg - 20 Comprimidos - Neo Química (Genérico),5,158.01,790.05
1089,2026-04-01,Hellena Marques,Absorvente com Abas Johnson's 150ml,5,248.79,1243.95
1090,2024-11-11,Alícia das Neves,Loratadina Suspensão Oral 50ml - Medley (Genérico),4,83.94,335.76
1091,2024-10-02,João Castro,Nimesulida Suspensão Oral 50ml - Aché,5,70.27,351.34999999999997
1092,2024-11-04,Maria Sophia Carvalho,Paracetamol Xarope 120ml - Medley (Genérico),2,49.35,98.7
1093,2025-09-08,Maria Liz Novais,Losartana Potássica 1g - 10 Comprimidos - Bayer,5,16.75,83.75
1094,2025-08-13,Ana Carolina Martins,Pantoprazol Suspensão Oral 50ml - Aché,5,226.6,1133
1095,2025-12-27,Sr. Arthur Miguel Cassiano,Dipirona Sódica 500mg - 20 Comprimidos - Aché,2,48.2,96.4
1096,2026-02-09,Laís Santos,Omeprazol 500mg - 20 Comprimidos - Neo Química (Genérico),5,30.06,150.29999999999998
1097,2024-12-13,Mariah Novais,Pomada para Assaduras Dove 150ml,5,64.33,321.65
1098,2026-02-28,Srta. Ana Cecília Lima,Desodorante Aerosol Listerine 90g,4,26.15,104.6
1099,2025-10-27,Sabrina Pires,Sinvastatina Xarope 120ml - EMS (Genérico),2,72.93,145.86
1100,2026-08-30,Srta. Amanda Costela,Ibuprofeno Suspensão Oral 50ml - EMS (Genérico),1,36.54,36.54
1101,2025-10-23,Mateus Ribeiro,Diclofenaco 50mg - 30 Comprimidos - Bayer,3,16.39,49.17
1102,2024-12-19,Maria Fernanda Cavalcanti,Protetor Solar Facial Rexona 50g,5,45.2,226
1103,2024-11-21,Sara Ramos,Vacina contra Obesidade - Reforço,1,141.7,141.7
1104,2025-01-18,Sra. Ana Lívia Brito,Ibuprofeno Gotas 20ml - EMS (Genérico),3,31.28,93.84
1105,2024-11-29,Laís Santos,Vacina contra Dermatite - Reforço,1,70.85,70.85
1106,2025-01-14,Theodoro Lopes,Protetor Solar Facial Rexona Tamanho G (32 un),3,248.5,745.5
1107,2024-12-21,Luiz Otávio Caldeira,Fluoxetina Xarope 120ml - Neo Química (Genérico),3,67.55,202.64999999999998
1108,2024-10-16,Fernando Silveira,Losartana Potássica Pomada 30g - Bayer,4,228.47,913.88
1109,2026-08-01,Samuel Teixeira,Sérum Vitamina C Sempre Livre FPS 50,3,32.76,98.28
1110,2026-07-25,Dr. Miguel Sousa,Atenolol Pomada 30g - Aché,5,176.06,880.3
1111,2025-08-11,Sra. Carolina Andrade,Protetor Solar Corporal Panvel 50g,1,247.84,247.84
1112,2024-11-11,Noah Novais,Escitalopram Suspensão Oral 50ml - Eurofarma,3,237.82,713.46
1113,2026-09-11,Ana Lívia Porto,Fralda Descartável Needs 500ml,3,34.86,104.58
1114,2026-06-26,Otávio Siqueira,Enalapril 50mg - 30 Comprimidos - Bayer,4,98.23,392.92
1115,2025-06-07,Dr. Kevin Cavalcante,Vacina contra Leucemia - Dose Única,3,236.64,709.92
1116,2026-08-12,Lavínia Oliveira,Azitromicina Xarope 120ml - Neo Química (Genérico),3,177.09,531.27
1117,2026-03-01,Cecilia Silveira,Azitromicina 50mg - 30 Comprimidos - Medley (Genérico),3,109.65,328.95000000000005
1118,2026-05-13,Thiago da Luz,Vacina contra Osteoporose - Reforço,5,66.03,330.15
1119,2026-03-17,Sra. Ana Julia Andrade,Fralda Descartável G-Tech 50g,3,70.38,211.14
1120,2025-12-12,José Caldeira,Fralda Descartável Needs 500ml,1,34.86,34.86
1121,2026-06-10,Alexandre Costa,Fluoxetina 50mg - 30 Comprimidos - Aché,4,26.13,104.52
1122,2025-06-24,Srta. Alícia Ramos,Termômetro Digital G-Tech Tamanho M (40 un),1,43.85,43.85
1123,2025-03-04,Júlia Oliveira,Fluoxetina 50mg - 30 Comprimidos - EMS (Genérico),3,194.4,583.2
1124,2026-04-02,Luiz Gustavo Farias,Diclofenaco Gotas 20ml - Bayer,1,140.04,140.04
1125,2025-11-30,Milena Leão,Desodorante Roll-on Bepantol 50g,4,13.2,52.8
1126,2026-03-06,Lavínia Leão,Condicionador Hidratação Mió 150ml,1,41.88,41.88
1127,2025-07-04,Ian Viana,Curativos (Band-Aid) Listerine FPS 70,5,133.77,668.85
1128,2026-02-08,Danilo Cirino,Vacina contra Anemia - Dose Única,2,215.99,431.98
1129,2025-10-05,Lunna Mendonça,Shampoo Anticaspa Huggies 400ml,1,35.72,35.72
1130,2025-06-18,Thales Casa Grande,Dipirona Sódica 1g - 10 Comprimidos - Neo Química (Genérico),3,25.42,76.26
1131,2025-09-01,Nicole Jesus,Clonazepam Pomada 30g - Aché,3,200.49,601.47
1132,2025-07-09,Marina Pires,Amoxicilina Gotas 20ml - Neo Química (Genérico),5,10.91,54.55
1133,2025-02-04,Gael Azevedo,Atenolol Pomada 30g - Neo Química (Genérico),1,40.49,40.49
1134,2025-11-19,Miguel da Rosa,Pantoprazol Pomada 30g - EMS (Genérico),1,112.43,112.43
1135,2026-04-16,Srta. Liz Casa Grande,Protetor Solar Facial Pampers 200ml,1,104.83,104.83
1136,2025-09-06,Juliana Oliveira,Ibuprofeno Pomada 30g - Eurofarma,5,106.59,532.95
1137,2025-01-22,Dr. Nicolas Albuquerque,Diclofenaco Suspensão Oral 50ml - Medley (Genérico),3,154.15,462.45000000000005
1138,2025-10-14,Guilherme Costela,Paracetamol Pomada 30g - EMS (Genérico),3,12.35,37.05
1139,2026-01-19,Anthony Gabriel Montenegro,Pomada para Assaduras Dove FPS 70,5,18.09,90.45
1140,2026-06-21,Augusto Mendonça,Loratadina 500mg - 20 Comprimidos - Neo Química (Genérico),2,159.08,318.16
1141,2024-10-09,Jade Oliveira,Álcool em Gel 70% Rexona 150ml,1,234.4,234.4
1142,2024-10-15,Joaquim Porto,Atenolol Gotas 20ml - Eurofarma,1,246.04,246.04
1143,2026-06-25,Nicolas Leão,Vacina contra Enxaqueca - Dose Única,5,102.32,511.59999999999997
1144,2025-10-22,Maria Luiza Abreu,Sabonete em Barra Pampers 90g,4,26.47,105.88
1145,2025-04-08,Thiago da Paz,Enalapril Suspensão Oral 50ml - Aché,4,49.84,199.36
1146,2025-03-16,Brayan Sousa,Atenolol Xarope 120ml - Eurofarma,2,220.49,440.98
1147,2025-03-11,Julia Brito,Vacina contra Hepatite C - Dose Única,2,176.03,352.06
1148,2025-04-03,Catarina Teixeira,Vacina contra Hepatite B - Reforço,3,40.61,121.83
1149,2026-06-02,Miguel Nogueira,Pomada para Assaduras Dove FPS 70,1,18.09,18.09
1150,2026-02-06,Sra. Carolina Andrade,Vacina contra Hepatite C - Dose Única,1,176.03,176.03
1151,2026-07-21,Aurora das Neves,Vacina contra Obesidade - Reforço,5,141.7,708.5
1152,2024-10-28,Raul Nunes,Hidroclorotiazida Gotas 20ml - Eurofarma,3,146.95,440.84999999999997
1153,2024-11-15,Lucas Gabriel Oliveira,Sinvastatina Suspensão Oral 50ml - Aché,1,92.33,92.33
1154,2026-04-23,Manuela Mendes,Vacina contra Conjuntivite - Reforço,2,102.17,204.34
1155,2026-05-18,Hadassa Garcia,Sinvastatina Suspensão Oral 50ml - Aché,3,92.33,276.99
1156,2024-11-21,Maria Liz Novais,Omeprazol 50mg - 30 Comprimidos - Neo Química (Genérico),4,148.48,593.92
1157,2026-05-01,Rael Nunes,Termômetro Digital La Roche-Posay 500ml,3,40.39,121.17
1158,2026-04-26,Enzo Cirino,Atenolol 1g - 10 Comprimidos - Aché,4,130.19,520.76
1159,2025-06-07,Brayan da Mata,Termômetro Digital Colgate 90g,5,175.02,875.1
1160,2026-08-19,Maria Sophia Porto,Dipirona Sódica 1g - 10 Comprimidos - EMS (Genérico),4,17.6,70.4
1161,2024-10-28,Bruno Farias,Hidroclorotiazida 1g - 10 Comprimidos - Bayer,4,120.3,481.2
1162,2025-03-16,Dr. Felipe Pires,Sinvastatina Suspensão Oral 50ml - Bayer,4,177.59,710.36
1163,2026-02-27,Srta. Júlia Santos,Absorvente com Abas Johnson's 150ml,4,248.79,995.16
1164,2025-01-17,Rafaela Monteiro,Fralda Descartável Needs 150ml,3,204.51,613.53
1165,2025-10-19,Thomas Pastor,Paracetamol Pomada 30g - EMS (Genérico),2,12.35,24.7
1166,2025-02-08,Murilo Peixoto,Vacina contra Rinite - Dose Única,2,68.91,137.82
1167,2026-04-16,Elisa Jesus,Azitromicina 500mg - 20 Comprimidos - Bayer,2,193.53,387.06
1168,2024-11-15,Dr. Nicolas Caldeira,Fluoxetina Suspensão Oral 50ml - Bayer,3,193.89,581.67
1169,2024-12-01,Sr. Benjamim Nascimento,Sinvastatina Suspensão Oral 50ml - Bayer,4,177.59,710.36
1170,2026-05-22,Breno da Cruz,Paracetamol Xarope 120ml - Medley (Genérico),1,49.35,49.35
1171,2025-09-26,Benjamin Nogueira,Paracetamol Xarope 120ml - EMS (Genérico),5,180.56,902.8
1172,2025-01-10,Igor Montenegro,Paracetamol 1g - 10 Comprimidos - Bayer,3,61.6,184.8
1173,2025-10-16,Leonardo Pinto,Hastes Flexíveis (Cotonetes) Colgate 50g,3,24.09,72.27
1174,2025-06-21,Dr. Miguel Pinto,Sinvastatina Gotas 20ml - Bayer,1,244.08,244.08
1175,2025-01-15,Sra. Ana Lívia Brito,Fralda Descartável Nivea FPS 50,4,145.19,580.76
1176,2025-03-30,Ana Lívia da Costa,Losartana Potássica 500mg - 20 Comprimidos - Aché,2,156.05,312.1
1177,2026-05-23,Ayla Peixoto,Ibuprofeno 50mg - 30 Comprimidos - Bayer,1,237.33,237.33
1178,2026-02-11,Luiz Miguel Duarte,Metformina 1g - 10 Comprimidos - Aché,5,151.68,758.4000000000001
1179,2024-12-12,Ian Viana,Clonazepam 25mg - 30 Comprimidos - Bayer,4,127.48,509.92
1180,2025-12-08,Gabriel Cardoso,Sertralina Gotas 20ml - Aché,3,182.27,546.8100000000001
1181,2026-08-25,Sr. Benjamim Novais,Condicionador Hidratação Needs 200ml,3,105.88,317.64
1182,2026-02-22,Sra. Ester Casa Grande,Amoxicilina Suspensão Oral 50ml - Neo Química (Genérico),3,207.19,621.5699999999999
1183,2025-06-19,Benicio da Conceição,Enalapril 1g - 10 Comprimidos - Neo Química (Genérico),1,73.32,73.32
1184,2024-12-12,Helena Duarte,Condicionador Hidratação Mió 150ml,2,41.88,83.76
1185,2026-08-17,Heloísa Viana,Hidroclorotiazida 1g - 10 Comprimidos - Bayer,5,120.3,601.5
1186,2025-03-07,Caleb Cardoso,Fluoxetina 500mg - 20 Comprimidos - Aché,2,95.21,190.42
1187,2025-04-20,Aurora da Rocha,Termômetro Digital Vichy 50g,4,149.06,596.24
1188,2025-04-23,Enzo Marques,Pomada para Assaduras Dove 150ml,3,64.33,192.99
1189,2026-03-13,Gael das Neves,Pomada para Assaduras Colgate FPS 70,3,249.6,748.8
1190,2025-07-18,Valentina Costela,Escitalopram 50mg - 30 Comprimidos - Bayer,3,245.48,736.4399999999999
1191,2026-03-24,Sra. Cecília Carvalho,Sertralina 25mg - 30 Comprimidos - Eurofarma,1,50.94,50.94
1192,2026-01-17,Vinicius Melo,Cefalexina 50mg - 30 Comprimidos - Neo Química (Genérico),1,73.66,73.66
1193,2025-07-23,Julia Ferreira,Vacina contra Lúpus - Dose Única,2,110.41,220.82
1194,2024-12-12,Noah Câmara,Termômetro Digital Listerine 400ml,5,170.61,853.0500000000001
1195,2025-03-15,Sophia Santos,Ibuprofeno 1g - 10 Comprimidos - Neo Química (Genérico),3,232.98,698.9399999999999
1196,2026-04-23,Yan Costa,Pantoprazol Suspensão Oral 50ml - Bayer,3,49.7,149.10000000000002
1197,2025-06-15,Theodoro Santos,Dipirona Sódica Suspensão Oral 50ml - Neo Química (Genérico),1,90.27,90.27
1198,2024-11-14,Dr. Mathias Guerra,Creme Dental Needs 200ml,5,138.13,690.65
1199,2025-10-13,José Pedro Novais,Cefalexina 500mg - 20 Comprimidos - Neo Química (Genérico),5,193.39,966.9499999999999
1200,2025-05-02,Raquel Rodrigues,Diclofenaco Xarope 120ml - Eurofarma,2,68.99,137.98
1201,2025-05-24,Mariana da Luz,Sabonete em Barra Nivea Tamanho M (40 un),3,15.11,45.33
1202,2025-10-04,Miguel Nogueira,Creme Dental Nivea Tamanho G (32 un),5,198.99,994.95
1203,2025-01-24,Isadora Cassiano,Ibuprofeno 50mg - 30 Comprimidos - Aché,2,167.89,335.78
1204,2024-12-31,Renan Nunes,Paracetamol Suspensão Oral 50ml - Medley (Genérico),5,119.61,598.05
1205,2025-09-28,Mariah Novais,Metformina Gotas 20ml - EMS (Genérico),1,237.14,237.14
1206,2025-01-01,Mathias Nunes,Vacina contra Artrite - Dose Única,1,33.69,33.69
1207,2024-09-26,Matteo Araújo,Vacina contra Osteoporose - Reforço,5,66.03,330.15
1208,2025-01-17,Dr. João Lucas Cavalcante,Vacina contra Lúpus - Reforço,2,78.55,157.1
1209,2025-10-08,Daniel da Mota,Clonazepam 50mg - 30 Comprimidos - Bayer,3,215.55,646.6500000000001
1210,2025-11-10,Dra. Sabrina Costela,Creme Hidratante G-Tech Tamanho G (32 un),3,121.2,363.6
1211,2025-08-16,Larissa Santos,Paracetamol 25mg - 30 Comprimidos - Neo Química (Genérico),2,23.46,46.92
1212,2025-01-27,Ravi Lucca Correia,Nimesulida Pomada 30g - Eurofarma,2,172.2,344.4
1213,2025-02-24,Olivia Vieira,Álcool em Gel 70% Nivea FPS 50,3,179.51,538.53
1214,2024-12-31,Fernando Silveira,Amoxicilina 25mg - 30 Comprimidos - Eurofarma,4,239.18,956.72
1215,2025-05-28,Mirella das Neves,Vacina contra Pedra nos Rins - Reforço,5,83.75,418.75
1216,2026-02-02,Ana Vitória Fogaça,Tadalafila 500mg - 20 Comprimidos - Medley (Genérico),2,51.02,102.04
1217,2025-08-20,Anthony Gabriel Melo,Enxaguante Bucal Nivea Tamanho M (40 un),1,101.56,101.56
1218,2025-10-05,Sra. Ana Vitória Cirino,Paracetamol Pomada 30g - EMS (Genérico),2,12.35,24.7
1219,2025-07-05,Ana Vitória Fogaça,Cefalexina Suspensão Oral 50ml - Neo Química (Genérico),4,173.25,693
1220,2025-04-26,Sophie Porto,Atenolol 1g - 10 Comprimidos - Medley (Genérico),4,233.33,933.32
1221,2025-03-31,Valentim Aparecida,Sildenafila 25mg - 30 Comprimidos - Medley (Genérico),5,39.52,197.60000000000002
1222,2026-07-17,Davi Lucas Dias,Sildenafila 50mg - 30 Comprimidos - Medley (Genérico),4,47.12,188.48
1223,2025-04-29,Lucas Cunha,Termômetro Digital Listerine 400ml,1,170.61,170.61
1224,2026-05-05,Laura Siqueira,Ibuprofeno Suspensão Oral 50ml - EMS (Genérico),1,36.54,36.54
1225,2025-11-21,Henry Costela,Diclofenaco 500mg - 20 Comprimidos - Aché,5,231.18,1155.9
1226,2026-08-18,Brayan da Mata,Enxaguante Bucal Pampers 500ml,5,241.95,1209.75
1227,2024-10-27,Maria Isis da Mota,Hidroclorotiazida Pomada 30g - EMS (Genérico),2,184.22,368.44
1228,2024-11-04,Rebeca Caldeira,Fluoxetina 50mg - 30 Comprimidos - Aché,2,26.13,52.26
1229,2026-06-19,Ana Lívia Monteiro,Diclofenaco 1g - 10 Comprimidos - Neo Química (Genérico),3,172.05,516.1500000000001
1230,2025-12-26,Ana Júlia Ribeiro,Tadalafila 500mg - 20 Comprimidos - Neo Química (Genérico),3,55.18,165.54
1231,2025-05-18,Thales Campos,Vacina contra Artrose - Dose Única,1,96.09,96.09
1232,2026-05-09,Diogo Ramos,Vacina contra Leucemia - Dose Única,3,236.64,709.92
1233,2026-02-07,Vinicius Pastor,Vacina contra Hipertensão - Reforço,4,115.29,461.16
1234,2025-09-20,Lavínia Andrade,Escitalopram 25mg - 30 Comprimidos - Aché,5,98.76,493.8
1235,2025-11-20,João Gabriel Costela,Enxaguante Bucal Johnson's FPS 50,1,137.06,137.06
1236,2026-02-26,Noah Cunha,Atenolol Pomada 30g - Medley (Genérico),5,214.71,1073.55
1237,2026-04-24,Zoe Guerra,Escitalopram 1g - 10 Comprimidos - Medley (Genérico),2,63.45,126.9
1238,2024-10-27,André Cardoso,Sérum Vitamina C Nivea 500ml,4,213.5,854
1239,2024-12-07,Sr. Arthur Gabriel Freitas,Diclofenaco Gotas 20ml - Neo Química (Genérico),3,76.28,228.84
1240,2025-02-02,Vitória Fernandes,Pomada para Assaduras Panvel 400ml,2,15.35,30.7
1241,2025-05-22,Melina Souza,Sinvastatina Suspensão Oral 50ml - Bayer,5,177.59,887.95
1242,2026-04-05,Samuel da Mata,Enalapril 25mg - 30 Comprimidos - Eurofarma,2,50.58,101.16
1243,2025-07-22,Sra. Alice Rezende,Pomada para Assaduras Dove FPS 70,3,18.09,54.269999999999996
1244,2025-11-24,Marcela Macedo,Metformina Pomada 30g - EMS (Genérico),3,11.78,35.339999999999996
1245,2026-07-29,Srta. Alícia Ramos,Diclofenaco Pomada 30g - Bayer,4,206.44,825.76
1246,2025-10-28,Maria Helena Araújo,Fluoxetina 50mg - 30 Comprimidos - EMS (Genérico),4,194.4,777.6
1247,2025-10-01,Sr. Gabriel Cardoso,Omeprazol Gotas 20ml - Aché,2,222.34,444.68
1248,2026-05-19,Dr. Cauê Porto,Curativos (Band-Aid) Bepantol Tamanho M (40 un),2,123.84,247.68
1249,2025-12-18,Eloah Aragão,Escitalopram 500mg - 20 Comprimidos - Aché,3,32.7,98.10000000000001
1250,2026-06-12,Ana Laura Sá,Pantoprazol Gotas 20ml - Medley (Genérico),5,94.99,474.95
1251,2024-10-06,Ana Sophia Sá,Clonazepam Pomada 30g - Aché,4,200.49,801.96
1252,2024-11-10,José Pedro Pinto,Dipirona Sódica 500mg - 20 Comprimidos - Medley (Genérico),3,6.77,20.31
1253,2024-09-22,Rodrigo Camargo,Vacina contra Enxaqueca - Dose Única,4,102.32,409.28
1254,2025-06-09,Felipe Rodrigues,Fluoxetina 50mg - 30 Comprimidos - Aché,3,26.13,78.39
1255,2025-11-21,Srta. Maria Luísa Azevedo,Sabonete em Barra Needs 400ml,3,33.4,100.19999999999999
1256,2024-12-22,Melina Peixoto,Clonazepam Gotas 20ml - Neo Química (Genérico),4,247.15,988.6
1257,2025-01-22,Miguel Mendonça,Vacina contra Obesidade - Reforço,5,141.7,708.5
1258,2026-02-19,Rael da Mota,Dipirona Sódica Gotas 20ml - Eurofarma,4,237.72,950.88
1259,2026-05-02,Melissa Alves,Dipirona Sódica 500mg - 20 Comprimidos - Medley (Genérico),1,6.77,6.77
1260,2025-10-14,Allana Araújo,Pomada para Assaduras Dove 150ml,5,64.33,321.65
1261,2025-12-26,Benício Cunha,Escitalopram 25mg - 30 Comprimidos - Medley (Genérico),2,53.19,106.38
1262,2025-12-05,Luiz Miguel Almeida,Nimesulida Gotas 20ml - Aché,1,72.78,72.78
1263,2025-12-11,Pedro Lucas Andrade,Sildenafila 25mg - 30 Comprimidos - Medley (Genérico),5,39.52,197.60000000000002
1264,2025-05-20,Allana Ramos,Álcool em Gel 70% La Roche-Posay 150ml,3,123.15,369.45000000000005
1265,2025-09-18,Bella Costa,Vacina contra Dermatite - Reforço,5,70.85,354.25
1266,2025-11-09,Sofia da Mata,Desodorante Roll-on Aptamil 50g,5,26.85,134.25
1267,2026-03-23,Dra. Cecilia Dias,Fluoxetina 25mg - 30 Comprimidos - Neo Química (Genérico),3,120.34,361.02
1268,2025-02-15,Hadassa Pires,Termômetro Digital Bepantol 150ml,3,214.05,642.1500000000001
1269,2024-09-13,Dr. Breno Costa,Vacina contra Dermatite - Reforço,2,70.85,141.7
1270,2024-10-16,Theo Pires,Enxaguante Bucal Dove 50 Metros,3,119.89,359.67
1271,2025-10-12,Pietra Silva,Termômetro Digital Colgate 500ml,4,73.16,292.64
1272,2024-10-07,Sra. Brenda Castro,Sérum Vitamina C Nivea 200ml,5,247.63,1238.15
1273,2025-03-14,Luiz Otávio Caldeira,Vacina contra Pneumonia - Dose Única,1,28.38,28.38
1274,2025-03-30,Gustavo Henrique Rodrigues,Escitalopram Suspensão Oral 50ml - Medley (Genérico),3,197.77,593.3100000000001
1275,2026-09-01,Lorena Cunha,Loratadina Suspensão Oral 50ml - Bayer,2,123.87,247.74
1276,2026-02-10,João Novais,Paracetamol 25mg - 30 Comprimidos - EMS (Genérico),3,171.56,514.6800000000001
1277,2025-03-30,Ana Liz Rezende,Tadalafila 50mg - 30 Comprimidos - Eurofarma,1,183.3,183.3
1278,2026-08-23,Thomas Viana,Álcool em Gel 70% La Roche-Posay 150ml,3,123.15,369.45000000000005
1279,2025-01-10,Caio Pacheco,Shampoo Anticaspa Mió 90g,5,89.93,449.65000000000003
1280,2025-12-28,Dra. Ana Sophia da Cruz,Fralda Descartável Bepantol 400ml,1,193.19,193.19
1281,2026-08-12,Heloísa Nascimento,Vacina contra Rinite - Reforço,1,67.99,67.99
1282,2026-01-12,Théo Campos,Protetor Solar Corporal Vichy 50 Metros,3,113.51,340.53000000000003
1283,2024-11-27,Anna Liz Vargas,Termômetro Digital CeraVe 50 Metros,5,229.8,1149
1284,2024-12-06,Dr. João Lucas Cavalcante,Clonazepam Gotas 20ml - Bayer,3,176.04,528.12
1285,2026-03-29,Olivia Novaes,Curativos (Band-Aid) Listerine FPS 70,4,133.77,535.08
1286,2026-06-27,Sr. Kaique Alves,Amoxicilina 25mg - 30 Comprimidos - Medley (Genérico),5,19.5,97.5
1287,2025-09-06,João Gabriel Costela,Termômetro Digital Bepantol 150ml,2,214.05,428.1
1288,2024-11-04,Dr. João Lucas Cavalcante,Losartana Potássica 500mg - 20 Comprimidos - Bayer,1,224.17,224.17
1289,2025-03-03,Lucas Gabriel Oliveira,Enxaguante Bucal Bepantol Tamanho M (40 un),5,175.24,876.2
1290,2026-06-11,Brayan Barbosa,Condicionador Hidratação La Roche-Posay 150ml,5,207.97,1039.85
1291,2026-06-13,Maria Sophia Fernandes,Ibuprofeno Xarope 120ml - Medley (Genérico),1,145.26,145.26
1292,2026-07-19,Isadora Ramos,Creme Hidratante Nivea Tamanho M (40 un),1,194.79,194.79
1293,2026-07-01,Rafael Vargas,Vacina contra Catarata - Reforço,5,125.28,626.4
1294,2026-05-24,Sra. Agatha Pacheco,Atenolol 50mg - 30 Comprimidos - Aché,3,175.58,526.74
1295,2025-10-24,Sra. Maria Julia Abreu,Creme Hidratante Nivea 50 Metros,4,37.62,150.48
1296,2026-01-18,Gustavo Henrique Vieira,Termômetro Digital Needs 50g,1,29.24,29.24
1297,2026-05-05,Yan Correia,Hastes Flexíveis (Cotonetes) G-Tech FPS 50,1,75.16,75.16
1298,2025-12-05,Thiago Freitas,Nimesulida Suspensão Oral 50ml - Medley (Genérico),2,242.17,484.34
1299,2025-03-17,Maria Fernanda Casa Grande,Paracetamol 50mg - 30 Comprimidos - Eurofarma,2,112.56,225.12
1300,2025-06-08,Sophie Porto,Paracetamol Suspensão Oral 50ml - Aché,5,29.78,148.9
1301,2026-01-02,Sr. Nicolas Oliveira,Pantoprazol 25mg - 30 Comprimidos - Eurofarma,3,69.53,208.59
1302,2025-08-15,Breno Sousa,Curativos (Band-Aid) Clear 400ml,4,81.01,324.04
1303,2026-03-01,Marcelo da Luz,Azitromicina Xarope 120ml - Aché,4,151.45,605.8
1304,2025-08-11,Ravy Montenegro,Loratadina Suspensão Oral 50ml - Eurofarma,3,220.66,661.98
1305,2026-02-09,Dra. Natália Rios,Absorvente com Abas Johnson's 150ml,3,248.79,746.37
1306,2025-12-04,Cauê Cunha,Água Micelar Colgate 500ml,1,84.12,84.12
1307,2026-05-20,Manuela da Mota,Vacina contra Hepatite B - Reforço,2,40.61,81.22
1308,2025-06-25,Anna Liz Correia,Azitromicina Xarope 120ml - Neo Química (Genérico),4,177.09,708.36
1309,2025-11-20,Srta. Carolina da Conceição,Curativos (Band-Aid) Clear 400ml,1,81.01,81.01
1310,2025-04-02,Luiz Gustavo Barbosa,Álcool em Gel 70% Pampers 400ml,3,98.17,294.51
1311,2025-10-08,Isabelly Fonseca,Água Micelar Dove 90g,2,43.61,87.22
1312,2026-05-06,Luna da Luz,Enalapril Gotas 20ml - Medley (Genérico),5,144.96,724.8000000000001
1313,2025-12-28,Milena Cardoso,Escitalopram 50mg - 30 Comprimidos - Bayer,3,245.48,736.4399999999999
1314,2025-06-08,Melina Sousa,Vacina contra Rinite - Dose Única,2,68.91,137.82
1315,2026-02-11,Mathias Costa,Vacina contra Pedra nos Rins - Reforço,5,83.75,418.75
1316,2026-04-13,Ana Moraes,Soro Fisiológico Nivea 50g,4,158.65,634.6
1317,2026-08-04,Felipe Mendes,Escitalopram 25mg - 30 Comprimidos - Medley (Genérico),3,53.19,159.57
1318,2025-08-15,Olivia Novaes,Vacina contra Dermatite - Reforço,3,70.85,212.54999999999998
1319,2024-11-24,Sophia Câmara,Escitalopram 25mg - 30 Comprimidos - Aché,4,98.76,395.04
1320,2025-04-01,Ísis Ramos,Vacina contra Ansiedade - Dose Única,3,90.58,271.74
1321,2024-11-22,Isaque Albuquerque,Loratadina 25mg - 30 Comprimidos - Eurofarma,1,7.52,7.52
1322,2024-10-07,Levi Dias,Paracetamol Pomada 30g - Medley (Genérico),5,8.21,41.050000000000004
1323,2026-01-12,Dra. Mariah Rodrigues,Diclofenaco Gotas 20ml - Aché,5,65.92,329.6
1324,2025-09-29,Emanuel Leão,Água Micelar Colgate 200ml,4,84.6,338.4
1325,2024-12-29,Srta. Gabrielly Pimenta,Pantoprazol Suspensão Oral 50ml - Bayer,3,49.7,149.10000000000002
1326,2026-07-25,Fernando Araújo,Metformina Pomada 30g - Neo Química (Genérico),2,216.86,433.72
1327,2026-08-18,Maria Luísa Almeida,Condicionador Hidratação La Roche-Posay 150ml,3,207.97,623.91
1328,2025-12-17,Gustavo Novaes,Soro Fisiológico Nivea 50g,1,158.65,158.65
1329,2025-06-07,Maria Júlia Cassiano,Sertralina Suspensão Oral 50ml - Aché,5,65.67,328.35
1330,2024-11-16,Amanda Casa Grande,Amoxicilina 25mg - 30 Comprimidos - Eurofarma,5,239.18,1195.9
1331,2025-09-17,Lara Rodrigues,Losartana Potássica Pomada 30g - Bayer,3,228.47,685.41
1332,2026-03-21,Manuela da Mota,Dipirona Sódica 500mg - 20 Comprimidos - Medley (Genérico),5,6.77,33.849999999999994
1333,2026-06-17,Ana Julia Duarte,Diclofenaco Suspensão Oral 50ml - Medley (Genérico),4,154.15,616.6
1334,2026-04-21,Sra. Agatha Pacheco,Creme Hidratante G-Tech Tamanho G (32 un),3,121.2,363.6
1335,2024-09-26,Yasmin Siqueira,Cefalexina 1g - 10 Comprimidos - Medley (Genérico),2,127.46,254.92
1336,2025-07-04,Nicolas Pimenta,Azitromicina 500mg - 20 Comprimidos - Bayer,5,193.53,967.65
1337,2026-09-08,Natália Alves,Leite em Pó Infantil CeraVe 400ml,4,47.05,188.2
1338,2025-11-15,Manuella Barros,Shampoo Anticaspa Huggies FPS 70,1,153.56,153.56
1339,2026-05-11,Manuela Moreira,Vacina contra Embolia - Reforço,5,7.76,38.8
1340,2025-03-25,Melina Novais,Protetor Solar Facial Johnson's 90g,3,68.86,206.57999999999998
1341,2024-10-12,Yasmin da Mota,Paracetamol Suspensão Oral 50ml - Bayer,2,59.95,119.9
1342,2026-05-29,Sra. Ana Julia Andrade,Hastes Flexíveis (Cotonetes) Rexona 150ml,5,25.58,127.89999999999999
1343,2024-11-17,Sr. Enzo Novaes,Ibuprofeno Gotas 20ml - EMS (Genérico),5,31.28,156.4
1344,2024-10-24,Davi Lucca Moreira,Loratadina Gotas 20ml - Medley (Genérico),4,131.84,527.36
1345,2025-02-19,Murilo Jesus,Sildenafila 1g - 10 Comprimidos - Neo Química (Genérico),3,24.11,72.33
1346,2025-11-08,Fernando Cardoso,Vacina contra Rinite - Reforço,4,67.99,271.96
1347,2025-12-11,Valentina Novaes,Vacina contra Pneumonia - Dose Única,3,28.38,85.14
1348,2026-07-09,Samuel Casa Grande,Cefalexina 500mg - 20 Comprimidos - Medley (Genérico),4,223.15,892.6
1349,2024-11-06,Dr. Pedro Vasconcelos,Vacina contra Leucemia - Dose Única,5,236.64,1183.1999999999998
1350,2026-04-24,Evelyn Caldeira,Atenolol 1g - 10 Comprimidos - Eurofarma,2,9.98,19.96
1351,2025-04-02,Srta. Allana Silva,Sabonete em Barra Nivea 500ml,3,45,135
1352,2024-10-28,Sr. Leandro Silva,Absorvente com Abas Colgate 400ml,2,138.4,276.8
1353,2025-09-15,Isabella Barbosa,Ibuprofeno Suspensão Oral 50ml - Eurofarma,1,38.54,38.54
1354,2026-07-15,Marina Silva,Losartana Potássica 25mg - 30 Comprimidos - EMS (Genérico),1,24.21,24.21
1355,2025-02-14,Ana Vitória Silveira,Vacina contra Hipertensão - Reforço,3,115.29,345.87
1356,2025-01-22,Sr. Benjamim Nascimento,Vacina contra Rinite - Dose Única,4,68.91,275.64
1357,2025-08-02,Melina Sousa,Sérum Vitamina C Nivea 200ml,4,247.63,990.52
1358,2025-04-18,Ana Sampaio,Vacina contra Refluxo - Dose Única,2,166.42,332.84
1359,2025-05-02,Sr. Enzo Cassiano,Vacina contra Ansiedade - Dose Única,2,90.58,181.16
1360,2026-08-31,Sra. Maria Clara Freitas,Shampoo Anticaspa Huggies 400ml,4,35.72,142.88
1361,2025-06-04,Sabrina Pires,Sildenafila Gotas 20ml - Bayer,1,22.89,22.89
1362,2024-12-29,Daniela da Rosa,Pantoprazol Gotas 20ml - Medley (Genérico),5,94.99,474.95
1363,2025-07-04,Dr. João Guilherme Peixoto,Condicionador Hidratação Huggies 90g,5,138.16,690.8
1364,2025-08-27,Maria Cecília Cavalcanti,Loratadina 25mg - 30 Comprimidos - Eurofarma,2,7.52,15.04
1365,2025-11-01,Rael Caldeira,Tadalafila 500mg - 20 Comprimidos - Eurofarma,5,214.48,1072.3999999999999
1366,2024-12-31,Natália Costela,Pomada para Assaduras Nivea 90g,5,74.02,370.09999999999997
1367,2026-06-18,Maria Helena da Luz,Loratadina Suspensão Oral 50ml - Neo Química (Genérico),5,110.09,550.45
1368,2025-05-06,Dra. Ana Laura Peixoto,Sertralina 1g - 10 Comprimidos - EMS (Genérico),3,108.01,324.03000000000003
1369,2026-02-23,Raul Correia,Metformina Gotas 20ml - EMS (Genérico),1,237.14,237.14
1370,2025-01-11,Srta. Maitê Moreira,Sabonete em Barra Mió FPS 70,3,86.33,258.99
1371,2025-10-08,Dr. Bernardo Jesus,Vacina contra Hepatite A - Dose Única,4,114.71,458.84
1372,2025-10-10,Maria Isis Silveira,Desodorante Roll-on Mió FPS 50,3,128,384
1373,2025-08-09,Larissa Santos,Vacina contra Conjuntivite - Dose Única,3,95.47,286.40999999999997
1374,2024-11-05,Sr. Leandro Silva,Cefalexina Xarope 120ml - Eurofarma,4,99.22,396.88
1375,2025-01-15,João Lucas Jesus,Paracetamol 50mg - 30 Comprimidos - Neo Química (Genérico),3,195.75,587.25
1376,2026-09-10,Luiza Moreira,Desodorante Roll-on G-Tech Tamanho M (40 un),4,73.6,294.4
1377,2025-11-02,Srta. Carolina da Conceição,Diclofenaco 50mg - 30 Comprimidos - Bayer,2,16.39,32.78
1378,2025-11-25,Isabelly Almeida,Fluoxetina 500mg - 20 Comprimidos - Neo Química (Genérico),1,194.05,194.05
1379,2025-12-03,Lorenzo das Neves,Metformina 50mg - 30 Comprimidos - Medley (Genérico),5,34.6,173
1380,2025-11-26,Samuel Teixeira,Enxaguante Bucal Pampers 200ml,3,163.92,491.76
1381,2026-04-02,Natália Costela,Amoxicilina 25mg - 30 Comprimidos - Medley (Genérico),3,19.5,58.5
1382,2025-04-06,Dra. Ana Liz Oliveira,Pomada para Assaduras Nivea 90g,4,74.02,296.08
1383,2026-08-24,Ana Sophia Sá,Fralda Descartável Needs 150ml,4,204.51,818.04
1384,2026-08-20,Bella da Conceição,Creme Hidratante Nivea 50 Metros,3,37.62,112.85999999999999
1385,2025-02-04,Caio Pires,Vacina contra Asma - Reforço,5,93.9,469.5
1386,2026-05-15,Dr. Samuel Pires,Vacina contra Lúpus - Reforço,3,78.55,235.64999999999998
1387,2025-05-22,Ravi Lucca Câmara,Clonazepam 1g - 10 Comprimidos - Aché,3,41.98,125.94
1388,2024-10-30,Ana Carolina Martins,Amoxicilina Gotas 20ml - Neo Química (Genérico),4,10.91,43.64
1389,2026-04-12,Benicio Machado,Vacina contra Psoríase - Reforço,3,64.67,194.01
1390,2026-05-02,João Guilherme Vasconcelos,Loratadina 1g - 10 Comprimidos - Aché,2,229.71,459.42
1391,2026-03-03,Olívia Moraes,Sérum Vitamina C Nivea 200ml,1,247.63,247.63
1392,2025-11-23,Dra. Ana Sophia da Cruz,Paracetamol Suspensão Oral 50ml - Medley (Genérico),5,119.61,598.05
1393,2026-06-19,Sarah Moraes,Leite em Pó Infantil Mió FPS 50,3,161.97,485.90999999999997
1394,2024-11-22,Jade Barbosa,Vacina contra Insuficiência Renal - Dose Única,5,194.56,972.8
1395,2024-11-20,Fernanda Pastor,Dipirona Sódica Gotas 20ml - EMS (Genérico),3,99.15,297.45000000000005
1396,2025-10-09,Julia Marques,Termômetro Digital La Roche-Posay 500ml,3,40.39,121.17
1397,2026-03-17,Luiza da Costa,Sérum Vitamina C Sempre Livre FPS 50,1,32.76,32.76
1398,2026-04-02,Valentim Souza,Diclofenaco Xarope 120ml - Eurofarma,5,68.99,344.95
1399,2025-05-19,Ian Machado,Fluoxetina 500mg - 20 Comprimidos - Aché,5,95.21,476.04999999999995
1400,2024-09-26,Sra. Lívia Guerra,Vacina contra Leucemia - Dose Única,1,236.64,236.64
1401,2024-12-04,Ana Clara Farias,Água Micelar La Roche-Posay 50 Metros,3,239.98,719.9399999999999
1402,2025-08-23,Ana Cavalcanti,Termômetro Digital CeraVe 50 Metros,1,229.8,229.8
1403,2024-10-19,Cauã Aparecida,Fralda Descartável Sempre Livre 50 Metros,4,64.21,256.84
1404,2026-02-18,Gustavo Henrique Vieira,Fluoxetina 50mg - 30 Comprimidos - EMS (Genérico),5,194.4,972
1405,2025-06-28,Gabrielly Ribeiro,Cefalexina Pomada 30g - Bayer,3,19.34,58.019999999999996
1406,2026-03-02,Nicole Cunha,Escitalopram Pomada 30g - Bayer,3,46.92,140.76
1407,2026-05-04,Matteo Araújo,Sildenafila Gotas 20ml - EMS (Genérico),2,160.27,320.54
1408,2025-05-04,Sra. Cecília Carvalho,Vacina contra Ansiedade - Reforço,3,106.07,318.21
1409,2025-12-24,Enrico Azevedo,Diclofenaco 500mg - 20 Comprimidos - Aché,3,231.18,693.54
1410,2025-11-10,Miguel Câmara,Sildenafila 500mg - 20 Comprimidos - Medley (Genérico),3,106,318
1411,2024-11-03,Ana Sophia Montenegro,Metformina Pomada 30g - Bayer,3,231.84,695.52
1412,2024-10-11,Brenda da Paz,Vacina contra Depressão - Dose Única,2,209.98,419.96
1413,2025-11-29,Thiago Pastor,Vacina contra Conjuntivite - Dose Única,2,95.47,190.94
1414,2024-09-17,Mateus Ribeiro,Paracetamol 25mg - 30 Comprimidos - Medley (Genérico),1,221.25,221.25
1415,2026-03-15,Luan Duarte,Metformina 50mg - 30 Comprimidos - Eurofarma,3,119.82,359.46
1416,2024-09-22,Heloísa da Cunha,Dipirona Sódica 1g - 10 Comprimidos - EMS (Genérico),4,17.6,70.4
1417,2025-09-26,Maria Helena da Rocha,Creme Dental Clear 50g,2,188.6,377.2
1418,2025-12-30,Manuela Rodrigues,Água Micelar Dove 90g,2,43.61,87.22
1419,2026-07-14,Mathias da Rosa,Curativos (Band-Aid) Dove Tamanho M (40 un),4,170.8,683.2
1420,2026-03-21,Kaique Alves,Creme Dental Dove 50 Metros,4,69.44,277.76
1421,2026-03-19,Yan Correia,Omeprazol Suspensão Oral 50ml - Bayer,5,50.33,251.64999999999998
1422,2026-07-01,Srta. Ana Clara Ferreira,Pantoprazol 25mg - 30 Comprimidos - Neo Química (Genérico),1,206.05,206.05
1423,2024-09-16,Julia Brito,Clonazepam Pomada 30g - Aché,5,200.49,1002.45
1424,2026-03-05,Raul Correia,Protetor Solar Facial Rexona 50 Metros,4,156.76,627.04
1425,2025-12-19,Gabrielly Guerra,Shampoo Anticaspa Aptamil 500ml,5,60.02,300.1
1426,2024-10-03,Sabrina Pires,Sabonete em Barra Dove 50g,3,247.66,742.98
1427,2026-07-24,João Miguel Moreira,Enxaguante Bucal Johnson's FPS 50,5,137.06,685.3
1428,2025-12-29,Emanuel Borges,Fio Dental Huggies 50 Metros,5,163.42,817.0999999999999
1429,2025-12-20,Murilo Jesus,Termômetro Digital Vichy 50g,2,149.06,298.12
1430,2024-12-14,Maria Flor Silveira,Vacina contra Tuberculose - Dose Única,4,112.67,450.68
1431,2024-10-18,Catarina Cassiano,Absorvente com Abas Colgate 400ml,4,138.4,553.6
1432,2025-02-03,Dra. Heloísa Sales,Metformina 1g - 10 Comprimidos - Aché,5,151.68,758.4000000000001
1433,2026-02-24,Maria Cecília Macedo,Sertralina Suspensão Oral 50ml - Eurofarma,5,70.76,353.8
1434,2025-05-19,Valentina Santos,Loratadina 1g - 10 Comprimidos - EMS (Genérico),1,73.17,73.17
1435,2025-08-30,Leonardo Pinto,Clonazepam 1g - 10 Comprimidos - Eurofarma,1,57.46,57.46
1436,2025-09-09,Luiz Miguel Macedo,Enalapril Xarope 120ml - Eurofarma,2,73.4,146.8
1437,2025-04-13,Vinicius da Cunha,Cefalexina 500mg - 20 Comprimidos - Neo Química (Genérico),5,193.39,966.9499999999999
1438,2026-06-09,Sophie Porto,Tadalafila Suspensão Oral 50ml - EMS (Genérico),3,93.6,280.79999999999995
1439,2025-08-19,Murilo Martins,Atenolol 25mg - 30 Comprimidos - Medley (Genérico),3,191.35,574.05
1440,2025-12-08,Cauê Guerra,Termômetro Digital Needs 50g,4,29.24,116.96
1441,2025-05-24,Ana Sampaio,Água Micelar CeraVe Tamanho G (32 un),3,223.43,670.29
1442,2025-03-17,Eduardo da Cunha,Metformina 50mg - 30 Comprimidos - Medley (Genérico),1,34.6,34.6
1443,2025-11-21,Yuri Pastor,Losartana Potássica Pomada 30g - Bayer,5,228.47,1142.35
1444,2026-08-23,Sra. Bárbara da Rosa,Atenolol 1g - 10 Comprimidos - Medley (Genérico),3,233.33,699.99
1445,2024-11-04,Dr. Dom Gonçalves,Ibuprofeno Xarope 120ml - Aché,2,48.62,97.24
1446,2026-06-07,Anthony Gabriel Melo,Loratadina Suspensão Oral 50ml - Bayer,2,123.87,247.74
1447,2024-09-25,Dr. Mateus Sampaio,Metformina Pomada 30g - Bayer,3,231.84,695.52
1448,2025-08-02,Fernanda Viana,Hidroclorotiazida Pomada 30g - EMS (Genérico),3,184.22,552.66
1449,2025-11-12,Mariane da Rocha,Paracetamol 25mg - 30 Comprimidos - EMS (Genérico),4,171.56,686.24
1450,2025-04-06,Júlia Aparecida,Leite em Pó Infantil Nivea FPS 50,1,30.71,30.71
1451,2025-08-22,Benício Cunha,Paracetamol Gotas 20ml - Aché,1,218.14,218.14
1452,2026-07-26,Ísis Martins,Vacina contra Ansiedade - Reforço,4,106.07,424.28
1453,2025-06-25,Dra. Stephany Silva,Cefalexina Gotas 20ml - Medley (Genérico),5,152.59,762.95
1454,2026-03-06,Dr. Arthur Gabriel da Mota,Amoxicilina 500mg - 20 Comprimidos - Aché,3,204.16,612.48
1455,2025-03-04,Davi Lucas Dias,Água Micelar La Roche-Posay 50 Metros,2,239.98,479.96
1456,2026-06-17,Ísis Martins,Fluoxetina 25mg - 30 Comprimidos - Neo Química (Genérico),5,120.34,601.7
1457,2026-07-09,Dr. Ravi Silva,Curativos (Band-Aid) Panvel 50g,1,221.64,221.64
1458,2025-11-23,Matheus Dias,Sérum Vitamina C Johnson's FPS 70,5,90.29,451.45000000000005
1459,2025-02-07,Benício Pires,Azitromicina Pomada 30g - Medley (Genérico),5,211.87,1059.35
1460,2026-03-28,Manuela da Mota,Curativos (Band-Aid) Pampers Tamanho G (32 un),2,97.25,194.5
1461,2026-06-30,Isaque Gonçalves,Sinvastatina Gotas 20ml - Bayer,1,244.08,244.08
1462,2024-12-15,Gael Henrique Câmara,Shampoo Anticaspa Mió 150ml,1,34,34
1463,2025-03-09,João da Mota,Azitromicina 1g - 10 Comprimidos - Bayer,3,77.37,232.11
1464,2024-12-28,Dra. Evelyn Câmara,Escitalopram Pomada 30g - Aché,2,248.67,497.34
1465,2025-04-08,Erick Siqueira,Termômetro Digital Listerine 50g,5,55.92,279.6
1466,2024-12-17,Isaque Gonçalves,Sildenafila Pomada 30g - Neo Química (Genérico),3,206.81,620.4300000000001
1467,2024-12-27,Maria Helena da Rocha,Protetor Solar Corporal Panvel 50g,1,247.84,247.84
1468,2025-04-21,Luiz Felipe Borges,Diclofenaco 50mg - 30 Comprimidos - EMS (Genérico),3,154.28,462.84000000000003
1469,2025-07-28,Sr. Gustavo Vasconcelos,Vacina contra Colesterol Alto - Reforço,2,86.89,173.78
1470,2026-02-17,Sophia Dias,Cefalexina Xarope 120ml - Aché,2,91.87,183.74
1471,2025-06-25,Esther Pimenta,Paracetamol Suspensão Oral 50ml - Bayer,3,59.95,179.85000000000002
1472,2026-07-06,Luiza Aparecida,Cefalexina Pomada 30g - Medley (Genérico),3,224.78,674.34
1473,2025-03-11,Fernando Ribeiro,Dipirona Sódica Pomada 30g - Medley (Genérico),5,189.44,947.2
1474,2026-09-04,Isadora Cassiano,Fluoxetina 50mg - 30 Comprimidos - Eurofarma,2,205.03,410.06
1475,2026-02-12,Júlia Aparecida,Protetor Solar Facial Rexona 50g,2,45.2,90.4
1476,2025-01-25,Yuri Pastor,Paracetamol Gotas 20ml - Aché,2,218.14,436.28
1477,2024-12-07,Ana Castro,Paracetamol Suspensão Oral 50ml - Medley (Genérico),2,119.61,239.22
1478,2026-03-31,Zoe Guerra,Losartana Potássica Pomada 30g - Neo Química (Genérico),5,228.42,1142.1
1479,2025-03-02,Lucas Gabriel Nogueira,Nimesulida Suspensão Oral 50ml - Medley (Genérico),5,242.17,1210.85
1480,2025-06-16,Ana Cecília Caldeira,Leite em Pó Infantil Mió FPS 50,3,161.97,485.90999999999997
1481,2026-06-15,Anna Liz Pastor,Curativos (Band-Aid) Panvel 50g,1,221.64,221.64
1482,2025-09-02,Valentina Macedo,Vacina contra Resfriado - Dose Única,3,55.99,167.97
1483,2025-12-09,Sr. Benjamim Nascimento,Vacina contra Hipertensão - Reforço,2,115.29,230.58
1484,2026-04-19,Sofia Leão,Pantoprazol Gotas 20ml - EMS (Genérico),1,54.63,54.63
1485,2026-06-15,Danilo Sampaio,Escitalopram Suspensão Oral 50ml - Medley (Genérico),3,197.77,593.3100000000001
1486,2026-01-15,Lívia Farias,Fralda Descartável Listerine 50g,5,31.34,156.7
1487,2025-01-08,Lorena Cunha,Termômetro Digital Aptamil 400ml,5,8.78,43.9
1488,2025-08-19,André Cardoso,Clonazepam Gotas 20ml - Medley (Genérico),2,15.1,30.2
1489,2026-03-01,Dr. Mathias Guerra,Dipirona Sódica 50mg - 30 Comprimidos - Neo Química (Genérico),1,135.01,135.01
1490,2026-05-17,Alícia Machado,Fio Dental Needs FPS 50,5,21.71,108.55000000000001
1491,2026-07-02,Srta. Amanda Costela,Fralda Descartável Johnson's FPS 50,2,173.54,347.08
1492,2024-12-05,João Gabriel Santos,Sabonete Líquido Rexona 90g,1,197.22,197.22
1493,2025-05-15,Larissa Fogaça,Azitromicina 1g - 10 Comprimidos - EMS (Genérico),2,180.47,360.94
1494,2026-03-28,Rebeca Brito,Creme Hidratante Sempre Livre 400ml,5,27.04,135.2
1495,2024-11-16,José Miguel Campos,Escitalopram 50mg - 30 Comprimidos - Bayer,3,245.48,736.4399999999999
1496,2026-03-09,Rael da Mota,Azitromicina 500mg - 20 Comprimidos - Bayer,2,193.53,387.06
1497,2024-10-16,Dr. João Pedro Siqueira,Clonazepam 1g - 10 Comprimidos - Eurofarma,1,57.46,57.46
1498,2025-04-22,Dra. Isabelly Campos,Vacina contra Câncer de Pulmão - Reforço,2,92.17,184.34
1499,2026-07-15,João Pedro Pacheco,Metformina Pomada 30g - Neo Química (Genérico),3,216.86,650.58
1500,2025-05-14,Hadassa Pires,Pomada para Assaduras Needs 90g,2,145.99,291.98
1501,2026-05-25,Ana Sophia Siqueira,Sertralina 25mg - 30 Comprimidos - Eurofarma,4,50.94,203.76
1502,2026-08-30,Noah Câmara,Clonazepam Gotas 20ml - Bayer,1,176.04,176.04
1503,2026-03-08,Pedro Miguel Cavalcanti,Escitalopram Xarope 120ml - EMS (Genérico),4,233.02,932.08
1504,2025-10-21,José Barbosa,Hastes Flexíveis (Cotonetes) Rexona 150ml,4,25.58,102.32
1505,2024-10-06,Isaque Vasconcelos,Vacina contra Sinusite - Dose Única,5,179.2,896
1506,2025-06-02,Thales Campos,Amoxicilina 500mg - 20 Comprimidos - Eurofarma,1,111.81,111.81
1507,2026-03-15,Srta. Maria Luísa Azevedo,Tadalafila 500mg - 20 Comprimidos - Neo Química (Genérico),5,55.18,275.9
1508,2026-06-30,Sr. Gael Henrique Cardoso,Ibuprofeno Gotas 20ml - EMS (Genérico),2,31.28,62.56
1509,2026-01-30,Sr. Paulo Barros,Vacina contra Anemia - Dose Única,1,215.99,215.99
1510,2026-02-08,Sr. Levi Camargo,Dipirona Sódica 500mg - 20 Comprimidos - Aché,4,48.2,192.8
1511,2025-11-13,Daniela Pereira,Água Micelar La Roche-Posay 50 Metros,4,239.98,959.92
1512,2025-11-11,Maya Leão,Vacina contra Catarata - Reforço,5,125.28,626.4
1513,2024-11-21,Arthur Gabriel da Paz,Pomada para Assaduras Panvel 400ml,3,15.35,46.05
1514,2024-09-14,Levi Mendes,Pomada para Assaduras Huggies Tamanho G (32 un),4,171.8,687.2
1515,2025-12-13,Benicio Cavalcante,Enxaguante Bucal Nivea Tamanho M (40 un),2,101.56,203.12
1516,2025-08-15,Caleb Farias,Hastes Flexíveis (Cotonetes) G-Tech FPS 50,3,75.16,225.48
1517,2026-07-01,Valentim Souza,Loratadina Xarope 120ml - Aché,1,98.66,98.66
1518,2024-10-07,Renan Viana,Sertralina Gotas 20ml - Aché,4,182.27,729.08
1519,2025-05-25,Luiz Miguel Pimenta,Loratadina Suspensão Oral 50ml - Medley (Genérico),3,83.94,251.82
1520,2026-05-29,Isaque Gonçalves,Amoxicilina 1g - 10 Comprimidos - Bayer,2,7.34,14.68
1521,2025-07-19,Srta. Mariah Caldeira,Pantoprazol Pomada 30g - Eurofarma,2,35.55,71.1
1522,2026-04-28,Srta. Alícia Ramos,Escitalopram 500mg - 20 Comprimidos - Medley (Genérico),2,148.81,297.62
1523,2025-02-10,Alice da Cruz,Loratadina 500mg - 20 Comprimidos - Aché,3,107.08,321.24
1524,2025-11-30,Caroline Dias,Pomada para Assaduras Dove FPS 70,2,18.09,36.18
1525,2026-02-01,Kaique Guerra,Cefalexina 500mg - 20 Comprimidos - EMS (Genérico),2,189.46,378.92
1526,2026-03-18,Gabrielly Nunes,Enalapril Suspensão Oral 50ml - Medley (Genérico),4,218.1,872.4
1527,2026-06-04,Leonardo Pinto,Azitromicina Xarope 120ml - Neo Química (Genérico),1,177.09,177.09
1528,2025-01-25,Allana Ramos,Omeprazol Suspensão Oral 50ml - Bayer,1,50.33,50.33
1529,2026-06-23,Maria Sophia Carvalho,Omeprazol 25mg - 30 Comprimidos - Neo Química (Genérico),5,172.34,861.7
1530,2025-04-28,João da Mota,Fio Dental Nivea Tamanho M (40 un),3,152.47,457.40999999999997
1531,2026-09-07,Jade Barbosa,Água Micelar Dove 150ml,5,8.54,42.699999999999996
1532,2025-08-02,Ágatha Andrade,Paracetamol Pomada 30g - Medley (Genérico),1,8.21,8.21
1533,2025-02-14,Ana Carolina Costela,Curativos (Band-Aid) Listerine FPS 70,2,133.77,267.54
1534,2026-03-12,Rodrigo Correia,Vacina contra Glaucoma - Dose Única,3,135.12,405.36
1535,2026-05-07,Júlia Azevedo,Água Micelar Johnson's Tamanho M (40 un),2,145.28,290.56
1536,2024-09-18,Ian Cardoso,Protetor Solar Facial Rexona 50 Metros,3,156.76,470.28
1537,2024-11-29,Mateus Ribeiro,Cefalexina Pomada 30g - Bayer,5,19.34,96.7
1538,2025-03-14,João Vitor Gomes,Absorvente com Abas Colgate 500ml,4,48.15,192.6
1539,2026-05-28,Sr. Fernando Cavalcanti,Vacina contra Obesidade - Reforço,4,141.7,566.8
1540,2025-03-14,Luan Duarte,Vacina contra Vitiligo - Reforço,2,163.53,327.06
1541,2025-01-08,Diogo Lima,Dipirona Sódica Gotas 20ml - EMS (Genérico),1,99.15,99.15
1542,2024-10-28,Maria Helena Moura,Cefalexina Gotas 20ml - Medley (Genérico),3,152.59,457.77
1543,2025-08-22,Emanuel da Cunha,Pomada para Assaduras Huggies Tamanho G (32 un),5,171.8,859
1544,2025-10-15,Theodoro Lopes,Vacina contra Acne - Reforço,2,171.47,342.94
1545,2025-05-31,Cauê Cunha,Vacina contra Rinite - Dose Única,3,68.91,206.73
1546,2026-06-18,Benicio Nascimento,Escitalopram 500mg - 20 Comprimidos - Medley (Genérico),1,148.81,148.81
1547,2025-07-03,Sr. Enzo Novaes,Nimesulida 50mg - 30 Comprimidos - EMS (Genérico),2,41.54,83.08
1548,2025-07-29,Dr. João Lucas Cavalcante,Pantoprazol 25mg - 30 Comprimidos - Eurofarma,5,69.53,347.65
1549,2025-10-28,Nicolas Leão,Creme Dental Mió 150ml,3,117.69,353.07
1550,2026-01-03,Heloísa Viana,Sabonete Líquido Nivea Tamanho M (40 un),2,51.11,102.22
1551,2025-04-01,Maria Fernanda Araújo,Protetor Solar Facial Rexona 50 Metros,3,156.76,470.28
1552,2025-12-05,Cecilia Pimenta,Cefalexina Suspensão Oral 50ml - Neo Química (Genérico),4,173.25,693
1553,2025-07-22,João Gabriel Costela,Vacina contra Parkinson - Reforço,5,63.48,317.4
1554,2026-04-22,Enzo Cirino,Paracetamol Gotas 20ml - Medley (Genérico),4,11.86,47.44
1555,2026-04-07,Lívia Mendonça,Termômetro Digital G-Tech Tamanho M (40 un),1,43.85,43.85
1556,2024-11-07,Caio Costa,Hidroclorotiazida 1g - 10 Comprimidos - Eurofarma,2,169.26,338.52
1557,2026-08-18,Cauã Dias,Absorvente com Abas Johnson's 150ml,4,248.79,995.16
1558,2026-02-03,Arthur Fonseca,Lenço Umedecido Mió Tamanho G (32 un),1,244.29,244.29
1559,2026-02-12,Srta. Ana Clara das Neves,Escitalopram 25mg - 30 Comprimidos - Medley (Genérico),2,53.19,106.38
1560,2025-04-07,Luiz Miguel Duarte,Soro Fisiológico Pampers 400ml,5,168.64,843.1999999999999
1561,2025-04-10,Lorena Cunha,Loratadina Suspensão Oral 50ml - Eurofarma,1,220.66,220.66
1562,2025-09-05,Gael Henrique Câmara,Losartana Potássica 50mg - 30 Comprimidos - Aché,1,220.17,220.17
1563,2024-10-29,Luísa Araújo,Escitalopram Xarope 120ml - Aché,5,163.61,818.0500000000001
1564,2025-07-29,Maria Fernanda Azevedo,Enxaguante Bucal Pampers 500ml,5,241.95,1209.75
1565,2024-12-22,Mathias da Rosa,Enxaguante Bucal Pampers 200ml,4,163.92,655.68
1566,2025-10-14,Gabriel Cardoso,Absorvente com Abas Sempre Livre 90g,3,45.63,136.89000000000001
1567,2026-06-30,Sofia Leão,Atenolol 1g - 10 Comprimidos - Eurofarma,2,9.98,19.96
1568,2025-04-29,Brenda Montenegro,Curativos (Band-Aid) Listerine FPS 70,5,133.77,668.85
1569,2025-04-12,Arthur Gabriel Moreira,Enalapril Suspensão Oral 50ml - Medley (Genérico),3,218.1,654.3
1570,2025-04-11,Sra. Maria Julia Abreu,Paracetamol 500mg - 20 Comprimidos - EMS (Genérico),2,231.25,462.5
1571,2025-02-17,Luiz Fernando das Neves,Nimesulida Gotas 20ml - Aché,5,72.78,363.9
1572,2026-06-16,Ágatha Borges,Metformina Xarope 120ml - Bayer,2,98.77,197.54
1573,2024-10-14,Pietra Silva,Fluoxetina Xarope 120ml - Medley (Genérico),2,84.84,169.68
1574,2025-10-25,Gael Henrique Alves,Atenolol Pomada 30g - Neo Química (Genérico),5,40.49,202.45000000000002
1575,2026-01-02,Theodoro Santos,Creme Hidratante Nivea 50 Metros,1,37.62,37.62
1576,2025-05-28,Maria Laura Campos,Ibuprofeno 50mg - 30 Comprimidos - Bayer,1,237.33,237.33
1577,2025-08-27,Maria Macedo,Vacina contra Catarata - Reforço,1,125.28,125.28
1578,2024-12-06,Srta. Beatriz Marques,Diclofenaco 25mg - 30 Comprimidos - Aché,2,43.34,86.68
1579,2026-01-29,Olívia Novaes,Vacina contra Ansiedade - Reforço,5,106.07,530.3499999999999
1580,2024-12-29,Dr. Ravy da Rocha,Condicionador Hidratação Johnson's 500ml,2,118.08,236.16
1581,2026-03-26,Ana Cecília da Cruz,Vacina contra Otite - Dose Única,1,135.03,135.03
1582,2025-03-12,Mathias Castro,Azitromicina 50mg - 30 Comprimidos - Medley (Genérico),5,109.65,548.25
1583,2024-09-15,Antony Guerra,Pomada para Assaduras Huggies Tamanho G (32 un),5,171.8,859
1584,2026-06-21,Daniela da Rosa,Hastes Flexíveis (Cotonetes) La Roche-Posay 150ml,4,249.31,997.24
1585,2026-01-18,Maria Macedo,Condicionador Hidratação Panvel 400ml,4,84.33,337.32
1586,2026-08-14,Lívia Farias,Termômetro Digital La Roche-Posay 500ml,5,40.39,201.95
1587,2025-09-05,Sara Ramos,Paracetamol Pomada 30g - Medley (Genérico),2,8.21,16.42
1588,2025-07-05,Arthur Miguel Viana,Soro Fisiológico Mió 50g,2,47.89,95.78
1589,2024-12-27,Murilo Jesus,Ibuprofeno Suspensão Oral 50ml - EMS (Genérico),4,36.54,146.16
1590,2025-07-26,Calebe Costela,Fluoxetina 25mg - 30 Comprimidos - EMS (Genérico),2,83.34,166.68
1591,2025-12-13,Maria Helena Araújo,Sertralina Suspensão Oral 50ml - Aché,3,65.67,197.01
1592,2025-04-04,José Pedro Silva,Tadalafila Suspensão Oral 50ml - EMS (Genérico),4,93.6,374.4
1593,2026-08-24,Srta. Lara Pastor,Vacina contra Artrite - Dose Única,2,33.69,67.38
1594,2026-02-03,Srta. Carolina da Conceição,Hidroclorotiazida Pomada 30g - Aché,3,181.09,543.27
1595,2024-09-24,Dr. Dante Melo,Sertralina Suspensão Oral 50ml - Neo Química (Genérico),2,231.68,463.36
1596,2025-11-18,Rodrigo Camargo,Escitalopram 25mg - 30 Comprimidos - Aché,4,98.76,395.04
1597,2025-05-17,Dante Araújo,Soro Fisiológico Needs 90g,1,235.86,235.86
1598,2026-01-29,Ana Sophia Gonçalves,Escitalopram Suspensão Oral 50ml - Medley (Genérico),3,197.77,593.3100000000001
1599,2025-08-30,Levi Dias,Dipirona Sódica Xarope 120ml - Neo Química (Genérico),3,190.38,571.14
1600,2024-10-04,Luan Campos,Ibuprofeno 1g - 10 Comprimidos - Eurofarma,4,36.78,147.12
1601,2025-02-06,Isaque Gonçalves,Creme Hidratante La Roche-Posay 50g,4,187.14,748.56
1602,2024-10-07,Srta. Carolina da Conceição,Tadalafila 500mg - 20 Comprimidos - Medley (Genérico),3,51.02,153.06
1603,2025-03-13,Valentim Nascimento,Clonazepam 25mg - 30 Comprimidos - EMS (Genérico),5,246.63,1233.15
1604,2025-08-04,Nathan Duarte,Clonazepam 500mg - 20 Comprimidos - Medley (Genérico),5,163.65,818.25
1605,2025-06-08,José Santos,Leite em Pó Infantil Mió FPS 50,2,161.97,323.94
1606,2025-05-29,Ana Vitória Abreu,Fralda Descartável Needs 150ml,3,204.51,613.53
1607,2026-02-22,Henry Camargo,Água Micelar CeraVe Tamanho G (32 un),3,223.43,670.29
1608,2025-10-22,Ravy Monteiro,Ibuprofeno 1g - 10 Comprimidos - Neo Química (Genérico),1,232.98,232.98
1609,2025-09-09,Melina Sousa,Pomada para Assaduras Nivea 90g,4,74.02,296.08
1610,2025-06-28,Hadassa Costela,Vacina contra Alzheimer - Dose Única,3,193.18,579.54
1611,2026-02-10,Dra. Maria Vitória Nascimento,Sildenafila 1g - 10 Comprimidos - EMS (Genérico),2,64.93,129.86
1612,2025-03-24,Ísis Ramos,Absorvente com Abas Nivea 200ml,5,222.15,1110.75
1613,2024-11-26,Matteo Araújo,Termômetro Digital Listerine 400ml,4,170.61,682.44
1614,2025-02-26,Levi da Mata,Sabonete Líquido Clear 90g,2,174.49,348.98
1615,2025-12-12,Bruna da Conceição,Sildenafila 1g - 10 Comprimidos - EMS (Genérico),2,64.93,129.86
1616,2025-07-20,Srta. Laís Cassiano,Vacina contra Catarata - Reforço,3,125.28,375.84000000000003
1617,2025-05-24,Yuri Pastor,Atenolol 1g - 10 Comprimidos - Eurofarma,1,9.98,9.98
1618,2026-01-06,Dra. Evelyn Câmara,Ibuprofeno Gotas 20ml - EMS (Genérico),1,31.28,31.28
1619,2024-09-25,João Castro,Diclofenaco 50mg - 30 Comprimidos - Neo Química (Genérico),5,215.33,1076.65
1620,2025-12-08,Sra. Ester da Conceição,Água Micelar Dove 90g,4,43.61,174.44
1621,2025-11-03,Heloísa Novais,Tadalafila Pomada 30g - Eurofarma,3,108.92,326.76
1622,2025-06-27,Luiz Miguel Vieira,Diclofenaco 500mg - 20 Comprimidos - Medley (Genérico),3,207.84,623.52
1623,2024-10-23,Natália Costela,Escitalopram 25mg - 30 Comprimidos - Aché,1,98.76,98.76
1624,2025-02-09,Lara Rodrigues,Azitromicina Xarope 120ml - Neo Química (Genérico),1,177.09,177.09
1625,2024-12-30,Rael da Cunha,Dipirona Sódica Pomada 30g - Medley (Genérico),2,189.44,378.88
1626,2024-11-02,Paulo Araújo,Pomada para Assaduras Dove FPS 70,1,18.09,18.09
1627,2024-12-08,José Miguel Caldeira,Lenço Umedecido Huggies Tamanho M (40 un),2,25.49,50.98
1628,2025-07-10,Luiz Henrique Sousa,Vacina contra Lúpus - Reforço,1,78.55,78.55
1629,2025-05-09,Asafe Aparecida,Absorvente com Abas Colgate 400ml,3,138.4,415.20000000000005
1630,2025-09-03,Bella Duarte,Hastes Flexíveis (Cotonetes) Johnson's 200ml,2,27.19,54.38
1631,2026-09-11,Ravi Lucca Correia,Paracetamol 500mg - 20 Comprimidos - Bayer,2,241.3,482.6
1632,2024-12-03,Srta. Elisa Vargas,Vacina contra Depressão - Reforço,1,245.53,245.53
1633,2025-04-14,Sr. Leandro Silva,Paracetamol 25mg - 30 Comprimidos - Neo Química (Genérico),2,23.46,46.92
1634,2025-06-27,Sr. Benjamim Nascimento,Amoxicilina 25mg - 30 Comprimidos - EMS (Genérico),2,90.33,180.66
1635,2025-05-18,Isaque Vasconcelos,Metformina 50mg - 30 Comprimidos - Bayer,1,105.47,105.47
1636,2024-12-09,Mariane Sampaio,Loratadina 500mg - 20 Comprimidos - Aché,5,107.08,535.4
1637,2024-10-23,Elisa Fonseca,Vacina contra Psoríase - Dose Única,3,217.75,653.25
1638,2026-05-03,Maria Sophia da Paz,Absorvente com Abas Needs 90g,2,139.78,279.56
1639,2025-08-10,Bella Duarte,Hidroclorotiazida Gotas 20ml - Eurofarma,5,146.95,734.75
1640,2025-08-11,Maria Júlia da Luz,Sinvastatina Pomada 30g - EMS (Genérico),1,84.69,84.69
1641,2026-04-04,Sr. Lorenzo Albuquerque,Hastes Flexíveis (Cotonetes) Colgate 50g,4,24.09,96.36
1642,2026-01-31,Dra. Vitória Almeida,Ibuprofeno 1g - 10 Comprimidos - Eurofarma,1,36.78,36.78
1643,2024-09-18,Bruno Rezende,Azitromicina 1g - 10 Comprimidos - Bayer,4,77.37,309.48
1644,2026-04-07,João Gabriel Costela,Tadalafila 500mg - 20 Comprimidos - Neo Química (Genérico),1,55.18,55.18
1645,2024-11-19,Enzo Costa,Metformina Gotas 20ml - EMS (Genérico),4,237.14,948.56
1646,2025-04-27,Luiz Otávio Caldeira,Leite em Pó Infantil Colgate 150ml,1,162.17,162.17
1647,2024-10-23,Marcelo da Luz,Escitalopram 1g - 10 Comprimidos - Eurofarma,4,239.22,956.88
1648,2026-02-13,Sra. Luísa Aragão,Cefalexina 50mg - 30 Comprimidos - Neo Química (Genérico),1,73.66,73.66
1649,2024-09-12,Larissa Santos,Clonazepam Gotas 20ml - Medley (Genérico),1,15.1,15.1
1650,2025-11-16,Liam Castro,Nimesulida Suspensão Oral 50ml - Aché,4,70.27,281.08
1651,2026-04-12,Liam Almeida,Soro Fisiológico Clear 50 Metros,3,44.34,133.02
1652,2025-10-29,Dr. Davi Lucca Martins,Loratadina Suspensão Oral 50ml - Eurofarma,2,220.66,441.32
1653,2025-06-06,Maria Julia Ribeiro,Creme Hidratante La Roche-Posay 50g,1,187.14,187.14
1654,2026-04-25,Antonella Pimenta,Loratadina 500mg - 20 Comprimidos - Bayer,4,98.62,394.48
1655,2026-07-15,Vitória Porto,Sabonete Líquido Sempre Livre FPS 50,3,210.51,631.53
1656,2026-06-20,Arthur Miguel Cavalcante,Sildenafila Xarope 120ml - Eurofarma,1,238.47,238.47
1657,2025-08-04,Diogo Câmara,Paracetamol Suspensão Oral 50ml - Aché,1,29.78,29.78
1658,2025-02-07,Henrique Nascimento,Sertralina Pomada 30g - Neo Química (Genérico),4,23.83,95.32
1659,2026-03-26,Sra. Ana Vitória Jesus,Pomada para Assaduras Needs 90g,5,145.99,729.95
1660,2024-12-03,Luiz Otávio Nunes,Água Micelar Dove 150ml,3,8.54,25.619999999999997
1661,2025-09-11,Ana Liz Aragão,Termômetro Digital Colgate 90g,1,175.02,175.02
1662,2026-08-02,Juliana Oliveira,Paracetamol Suspensão Oral 50ml - Bayer,1,59.95,59.95
1663,2026-03-03,Ayla Carvalho,Condicionador Hidratação La Roche-Posay 500ml,4,180.08,720.32
1664,2025-06-26,Olívia Oliveira,Sabonete em Barra Huggies FPS 70,4,22.94,91.76
1665,2026-06-11,Dr. Davi Lucas Silva,Shampoo Anticaspa Mió 150ml,1,34,34
1666,2025-11-06,Pietro Rocha,Amoxicilina 25mg - 30 Comprimidos - EMS (Genérico),5,90.33,451.65
1667,2026-02-17,Aurora da Rocha,Fluoxetina 500mg - 20 Comprimidos - Neo Química (Genérico),3,194.05,582.1500000000001
1668,2024-09-26,Emanuel da Cunha,Soro Fisiológico Clear 50 Metros,1,44.34,44.34
1669,2025-03-30,Catarina Cirino,Pantoprazol Suspensão Oral 50ml - Aché,4,226.6,906.4
1670,2026-08-31,Daniela da Rosa,Termômetro Digital Colgate 90g,4,175.02,700.08
1671,2025-12-18,Rael Silva,Losartana Potássica 50mg - 30 Comprimidos - Aché,3,220.17,660.51
1672,2026-09-04,Enzo Mendonça,Paracetamol 50mg - 30 Comprimidos - Eurofarma,4,112.56,450.24
1673,2025-04-24,Rael Caldeira,Curativos (Band-Aid) Dove Tamanho M (40 un),1,170.8,170.8
1674,2024-12-19,Augusto da Luz,Álcool em Gel 70% Johnson's 50 Metros,3,178.64,535.92
1675,2024-11-14,Marina Ribeiro,Vacina contra Glaucoma - Dose Única,5,135.12,675.6
1676,2024-10-05,Valentim Souza,Vacina contra Obesidade - Reforço,1,141.7,141.7
1677,2026-02-09,Apollo Teixeira,Hidroclorotiazida Pomada 30g - EMS (Genérico),1,184.22,184.22
1678,2025-08-27,Valentina Macedo,Vacina contra Catarata - Reforço,1,125.28,125.28
1679,2025-07-20,Luiz Miguel Duarte,Absorvente com Abas Johnson's FPS 50,5,80.34,401.70000000000005
1680,2026-07-29,Léo da Conceição,Água Micelar Colgate 200ml,1,84.6,84.6
1681,2025-07-03,Antonella Pimenta,Dipirona Sódica 50mg - 30 Comprimidos - Medley (Genérico),1,121.9,121.9
1682,2026-07-21,Davi Miguel Cunha,Cefalexina Pomada 30g - Bayer,5,19.34,96.7
1683,2025-06-23,Lorenzo das Neves,Sabonete em Barra Mió FPS 70,3,86.33,258.99
1684,2025-08-18,Sra. Manuela Cirino,Losartana Potássica Pomada 30g - Bayer,2,228.47,456.94
1685,2026-09-06,Levi Araújo,Dipirona Sódica 1g - 10 Comprimidos - Eurofarma,5,223.63,1118.15
1686,2025-03-16,Maria Cecília Leão,Vacina contra Dengue - Reforço,4,126.08,504.32
1687,2025-06-09,Henrique Melo,Cefalexina 1g - 10 Comprimidos - Medley (Genérico),3,127.46,382.38
1688,2025-01-08,Kamilly Rios,Creme Dental Mió 150ml,5,117.69,588.45
1689,2025-06-29,Bella da Conceição,Azitromicina Xarope 120ml - Medley (Genérico),1,213.29,213.29
1690,2025-01-05,Yasmin Pinto,Vacina contra Hipertireoidismo - Reforço,5,185.65,928.25
1691,2025-04-21,Ravi Lucca Fogaça,Vacina contra Hepatite B - Reforço,1,40.61,40.61
1692,2025-12-22,Yuri Nascimento,Termômetro Digital Listerine 400ml,1,170.61,170.61
1693,2025-05-21,Sr. Benjamim Novais,Loratadina 50mg - 30 Comprimidos - Bayer,1,87.45,87.45
1694,2026-09-12,Luiza Moreira,Vacina contra Melanoma - Reforço,3,118.54,355.62
1695,2024-11-15,Dra. Maria Fernanda Brito,Amoxicilina Xarope 120ml - Aché,2,210.76,421.52
1696,2025-03-18,Bento Gomes,Sinvastatina Suspensão Oral 50ml - Bayer,2,177.59,355.18
1697,2026-07-16,Rhavi Rodrigues,Paracetamol 25mg - 30 Comprimidos - EMS (Genérico),3,171.56,514.6800000000001
1698,2025-01-28,Bella Vargas,Paracetamol 500mg - 20 Comprimidos - Medley (Genérico),3,208.77,626.3100000000001
1699,2026-01-17,Nicolas Pereira,Hidroclorotiazida 25mg - 30 Comprimidos - Aché,4,187.28,749.12
1700,2025-10-27,Zoe Aparecida,Vacina contra Tuberculose - Dose Única,5,112.67,563.35
1701,2025-12-24,Davi Lucas Dias,Nimesulida Xarope 120ml - Eurofarma,5,66.67,333.35
1702,2024-12-23,Dra. Valentina Albuquerque,Nimesulida Xarope 120ml - Eurofarma,5,66.67,333.35
1703,2025-05-26,Guilherme Peixoto,Paracetamol Pomada 30g - Medley (Genérico),5,8.21,41.050000000000004
1704,2026-04-04,Rafael Barbosa,Fio Dental Huggies 50 Metros,2,163.42,326.84
1705,2025-05-12,Vitor Lima,Hastes Flexíveis (Cotonetes) G-Tech FPS 50,4,75.16,300.64
1706,2026-07-30,Bento Gomes,Sildenafila 1g - 10 Comprimidos - Neo Química (Genérico),2,24.11,48.22
1707,2025-03-20,Maria Fernanda Cavalcanti,Curativos (Band-Aid) Clear 400ml,3,81.01,243.03000000000003
1708,2025-02-08,Ana Beatriz Abreu,Ibuprofeno 50mg - 30 Comprimidos - Aché,2,167.89,335.78
1709,2026-02-21,Henrique Brito,Ibuprofeno Gotas 20ml - EMS (Genérico),3,31.28,93.84
1710,2026-05-04,Fernanda Camargo,Clonazepam Xarope 120ml - EMS (Genérico),5,102.91,514.55
1711,2024-12-13,Enzo Costa,Condicionador Hidratação Johnson's 500ml,3,118.08,354.24
1712,2026-01-11,Ana Lívia Porto,Omeprazol 500mg - 20 Comprimidos - Neo Química (Genérico),3,30.06,90.17999999999999
1713,2025-07-14,Zoe Porto,Sinvastatina Gotas 20ml - Bayer,5,244.08,1220.4
1714,2024-11-12,Luiz Gustavo Silva,Clonazepam Suspensão Oral 50ml - EMS (Genérico),1,11.4,11.4
1715,2026-04-05,Agatha Moura,Escitalopram Gotas 20ml - Aché,2,169.7,339.4
1716,2025-05-04,Maria Fernanda Araújo,Tadalafila 500mg - 20 Comprimidos - Eurofarma,3,214.48,643.4399999999999
1717,2025-09-04,João Miguel Moreira,Vacina contra Vitiligo - Reforço,5,163.53,817.65
1718,2026-06-11,Dr. Antony Andrade,Desodorante Roll-on Bepantol 50g,4,13.2,52.8
1719,2025-05-12,Sra. Luana da Mata,Dipirona Sódica 500mg - 20 Comprimidos - EMS (Genérico),2,76.72,153.44
1720,2025-11-23,Henrique das Neves,Protetor Solar Corporal Vichy 50 Metros,2,113.51,227.02
1721,2025-11-12,Maria Cecília Rocha,Vacina contra Gripe - Reforço,2,30.98,61.96
1722,2025-01-22,Otávio Souza,Escitalopram 500mg - 20 Comprimidos - Bayer,4,155.14,620.56
1723,2024-12-26,Gabrielly Nunes,Sinvastatina Suspensão Oral 50ml - Aché,3,92.33,276.99
1724,2024-09-14,João Guilherme Vasconcelos,Dipirona Sódica Gotas 20ml - EMS (Genérico),1,99.15,99.15
1725,2026-06-15,Maria Fernanda Câmara,Metformina Gotas 20ml - EMS (Genérico),4,237.14,948.56
1726,2026-07-31,Enzo Gabriel Barbosa,Tadalafila Suspensão Oral 50ml - EMS (Genérico),5,93.6,468
1727,2025-05-26,Valentina Moraes,Fluoxetina 25mg - 30 Comprimidos - Neo Química (Genérico),2,120.34,240.68
1728,2025-01-29,Bella Duarte,Fio Dental Needs FPS 50,1,21.71,21.71
1729,2024-11-03,Liz Fonseca,Água Micelar Johnson's Tamanho M (40 un),3,145.28,435.84000000000003
1730,2026-04-20,Enzo Gabriel da Cunha,Escitalopram Xarope 120ml - Aché,4,163.61,654.44
1731,2025-05-12,Maria Helena Araújo,Omeprazol Gotas 20ml - Medley (Genérico),1,109.59,109.59
1732,2026-02-07,Anthony Martins,Lenço Umedecido Mió Tamanho G (32 un),5,244.29,1221.45
1733,2024-12-19,Srta. Fernanda Freitas,Paracetamol Suspensão Oral 50ml - Medley (Genérico),4,119.61,478.44
1734,2024-11-21,Cecilia Pimenta,Dipirona Sódica Xarope 120ml - Eurofarma,5,73.46,367.29999999999995
1735,2025-03-05,Juliana Farias,Paracetamol 500mg - 20 Comprimidos - EMS (Genérico),4,231.25,925
1736,2025-05-02,Enrico Freitas,Álcool em Gel 70% Nivea 500ml,1,44.9,44.9
1737,2026-06-07,Juliana Fonseca,Água Micelar Colgate 200ml,3,84.6,253.79999999999998
1738,2026-07-17,Sra. Ana Lívia Brito,Nimesulida 1g - 10 Comprimidos - EMS (Genérico),3,38.71,116.13
1739,2026-05-22,Elisa Fonseca,Paracetamol 25mg - 30 Comprimidos - EMS (Genérico),4,171.56,686.24
1740,2026-02-21,Henry Araújo,Paracetamol Xarope 120ml - EMS (Genérico),5,180.56,902.8
1741,2025-10-04,Dr. Noah Porto,Diclofenaco Suspensão Oral 50ml - Neo Química (Genérico),1,110.69,110.69
1742,2025-06-19,Thomas Aragão,Vacina contra Hepatite C - Dose Única,3,176.03,528.09
1743,2025-10-15,Raul Ramos,Água Micelar Dove 90g,5,43.61,218.05
1744,2026-07-29,Natália Sousa,Hastes Flexíveis (Cotonetes) Johnson's 200ml,3,27.19,81.57000000000001
1745,2026-07-23,Nicolas Leão,Escitalopram Pomada 30g - Eurofarma,1,41.81,41.81
1746,2026-03-28,Enzo Costela,Enalapril 1g - 10 Comprimidos - Neo Química (Genérico),4,73.32,293.28
1747,2025-05-26,Thiago Rezende,Pomada para Assaduras Dove FPS 70,1,18.09,18.09
1748,2025-02-14,Enzo Lima,Enalapril 50mg - 30 Comprimidos - Bayer,2,98.23,196.46
1749,2024-09-15,Evelyn Caldeira,Paracetamol Xarope 120ml - EMS (Genérico),1,180.56,180.56
1750,2025-01-11,Pietro Moura,Sérum Vitamina C Rexona Tamanho G (32 un),3,129.67,389.01
1751,2026-02-21,João Guilherme Marques,Sérum Vitamina C Needs FPS 70,1,134.63,134.63
1752,2026-05-10,Gabrielly Ribeiro,Paracetamol 50mg - 30 Comprimidos - Aché,3,116.39,349.17
1753,2025-11-06,Sra. Alice Jesus,Termômetro Digital Listerine 400ml,5,170.61,853.0500000000001
1754,2026-07-02,Rael Guerra,Pomada para Assaduras Colgate FPS 70,4,249.6,998.4
1755,2026-02-23,Lara Rodrigues,Protetor Solar Facial CeraVe FPS 70,4,159.16,636.64
1756,2026-01-30,João Castro,Omeprazol Pomada 30g - EMS (Genérico),4,75.1,300.4
1757,2025-05-05,Manuela Moreira,Pantoprazol Suspensão Oral 50ml - Aché,3,226.6,679.8
1758,2026-03-29,Ana Júlia Vieira,Sabonete em Barra Mió FPS 70,3,86.33,258.99
1759,2026-02-10,Mariah Novais,Losartana Potássica 1g - 10 Comprimidos - Medley (Genérico),2,206.7,413.4
1760,2025-06-13,Lívia Nunes,Sertralina Xarope 120ml - Neo Química (Genérico),4,81.67,326.68
1761,2024-11-27,Rhavi Machado,Soro Fisiológico Dove FPS 70,4,197.06,788.24
1762,2024-12-24,Benício Pires,Desodorante Roll-on G-Tech Tamanho M (40 un),1,73.6,73.6
1763,2025-01-28,Vicente Ferreira,Lenço Umedecido Sempre Livre 150ml,3,101.27,303.81
1764,2025-03-31,Dr. Leandro Leão,Amoxicilina Suspensão Oral 50ml - Bayer,2,163.48,326.96
1765,2024-11-02,Bianca Silveira,Creme Dental Dove 50 Metros,1,69.44,69.44
1766,2025-01-12,Ana Lívia da Mota,Azitromicina 50mg - 30 Comprimidos - Bayer,5,131.42,657.0999999999999
1767,2025-09-30,Anthony Gabriel Melo,Sabonete Líquido Sempre Livre FPS 50,3,210.51,631.53
1768,2026-09-04,Ísis Ramos,Atenolol Pomada 30g - Aché,5,176.06,880.3
1769,2026-02-19,Isabel da Mota,Metformina Pomada 30g - Neo Química (Genérico),5,216.86,1084.3000000000002
1770,2025-03-04,Mathias Teixeira,Azitromicina Pomada 30g - Medley (Genérico),5,211.87,1059.35
1771,2024-11-10,Valentina Camargo,Fluoxetina 50mg - 30 Comprimidos - Aché,4,26.13,104.52
1772,2025-03-17,Srta. Amanda Fogaça,Protetor Solar Facial CeraVe FPS 70,1,159.16,159.16
1773,2025-09-04,Maria Cecília Leão,Azitromicina Pomada 30g - Medley (Genérico),4,211.87,847.48
1774,2024-12-15,Brenda da Paz,Dipirona Sódica 500mg - 20 Comprimidos - EMS (Genérico),5,76.72,383.6
1775,2025-10-12,Manuela da Mota,Escitalopram 500mg - 20 Comprimidos - Bayer,1,155.14,155.14
1776,2024-11-11,Alexandre Caldeira,Sildenafila 25mg - 30 Comprimidos - Medley (Genérico),5,39.52,197.60000000000002
1777,2025-02-22,Ágatha Nogueira,Curativos (Band-Aid) Dove Tamanho M (40 un),1,170.8,170.8
1778,2025-11-27,Gael Azevedo,Dipirona Sódica 1g - 10 Comprimidos - EMS (Genérico),5,17.6,88
1779,2026-08-25,Sr. Gael Henrique Cardoso,Curativos (Band-Aid) Panvel 50g,4,221.64,886.56
1780,2025-01-23,Lavínia Mendonça,Protetor Solar Facial Rexona 50g,1,45.2,45.2
1781,2026-03-09,Arthur Miguel Azevedo,Atenolol Pomada 30g - Medley (Genérico),3,214.71,644.13
1782,2026-07-17,Mariane Sampaio,Amoxicilina Pomada 30g - Aché,2,198.46,396.92
1783,2025-03-19,Maria Júlia da Luz,Condicionador Hidratação La Roche-Posay 150ml,2,207.97,415.94
1784,2025-06-01,Nicole Teixeira,Soro Fisiológico Clear 50 Metros,3,44.34,133.02
1785,2025-11-16,Fernando Cardoso,Fralda Descartável Rexona Tamanho G (32 un),1,153.97,153.97
1786,2025-11-30,Sr. Ravi Nogueira,Tadalafila Suspensão Oral 50ml - EMS (Genérico),4,93.6,374.4
1787,2026-09-04,Benicio Machado,Sabonete em Barra Pampers 90g,2,26.47,52.94
1788,2026-02-05,Lívia Nunes,Protetor Solar Facial Rexona Tamanho G (32 un),3,248.5,745.5
1789,2024-12-26,Maria Júlia da Luz,Vacina contra Gota - Reforço,2,146.93,293.86
1790,2026-04-01,Mateus Ribeiro,Enxaguante Bucal Johnson's FPS 50,3,137.06,411.18
1791,2025-01-29,Olivia Leão,Pomada para Assaduras Nivea 90g,3,74.02,222.06
1792,2024-10-04,Danilo Aparecida,Sabonete em Barra Huggies FPS 70,3,22.94,68.82000000000001
1793,2024-10-02,Hadassa Pires,Vacina contra Artrose - Dose Única,1,96.09,96.09
1794,2026-07-27,Ana Luiza Nunes,Hidroclorotiazida Gotas 20ml - Eurofarma,2,146.95,293.9
1795,2026-07-29,Hadassa Pires,Enalapril 50mg - 30 Comprimidos - Bayer,2,98.23,196.46
1796,2026-08-03,Dr. Caio Fernandes,Losartana Potássica 25mg - 30 Comprimidos - Bayer,1,81.67,81.67
1797,2026-01-01,Nina da Costa,Termômetro Digital La Roche-Posay 500ml,1,40.39,40.39
1798,2025-07-10,Sr. Valentim Pastor,Sabonete em Barra Nivea Tamanho M (40 un),4,15.11,60.44
1799,2024-12-14,Emanuel da Cunha,Sildenafila Gotas 20ml - EMS (Genérico),5,160.27,801.35
1800,2025-03-26,Heloísa da Cunha,Creme Hidratante G-Tech Tamanho G (32 un),2,121.2,242.4
1801,2025-10-17,Manuela Rodrigues,Ibuprofeno Xarope 120ml - Aché,4,48.62,194.48
1802,2026-08-27,Dr. Dom Gonçalves,Pomada para Assaduras Rexona 400ml,5,8.08,40.4
1803,2024-09-19,Matheus Dias,Leite em Pó Infantil CeraVe 400ml,4,47.05,188.2
1804,2025-05-04,Mateus Ribeiro,Vacina contra Câncer de Pulmão - Reforço,1,92.17,92.17
1805,2026-06-28,Ravi Rezende,Dipirona Sódica Gotas 20ml - Medley (Genérico),2,178.2,356.4
1806,2024-11-17,Rafaela Alves,Pantoprazol Pomada 30g - Eurofarma,1,35.55,35.55
1807,2025-07-14,Ana Vitória Fogaça,Fluoxetina 50mg - 30 Comprimidos - Eurofarma,4,205.03,820.12
1808,2026-02-15,Allana da Costa,Hastes Flexíveis (Cotonetes) Colgate 50g,4,24.09,96.36
1809,2025-04-04,Olivia Vieira,Sabonete Líquido Nivea Tamanho M (40 un),3,51.11,153.32999999999998
1810,2025-04-11,Vinicius Pastor,Dipirona Sódica Xarope 120ml - Eurofarma,2,73.46,146.92
1811,2025-07-16,Manuela Moreira,Hidroclorotiazida 1g - 10 Comprimidos - Bayer,3,120.3,360.9
1812,2024-12-31,Davi Luiz Caldeira,Pantoprazol 25mg - 30 Comprimidos - Neo Química (Genérico),2,206.05,412.1
1813,2024-12-24,Théo Campos,Loratadina Xarope 120ml - EMS (Genérico),1,175.73,175.73
1814,2026-06-01,Breno Sousa,Hastes Flexíveis (Cotonetes) Johnson's 200ml,2,27.19,54.38
1815,2026-04-15,Larissa Fogaça,Água Micelar Colgate 200ml,4,84.6,338.4
1816,2024-10-01,Dante Melo,Atenolol 1g - 10 Comprimidos - Eurofarma,4,9.98,39.92
1817,2026-07-24,Isis Caldeira,Paracetamol 500mg - 20 Comprimidos - Medley (Genérico),4,208.77,835.08
1818,2026-05-15,Nicole Vasconcelos,Termômetro Digital CeraVe 150ml,1,175.91,175.91
1819,2025-12-19,Dra. Maria Fernanda Castro,Álcool em Gel 70% Johnson's 50 Metros,3,178.64,535.92
1820,2026-07-21,Brayan da Mata,Vacina contra Enxaqueca - Dose Única,3,102.32,306.96
1821,2024-12-06,Catarina Cirino,Enalapril 50mg - 30 Comprimidos - Bayer,2,98.23,196.46
1822,2025-05-19,Ester Viana,Protetor Solar Corporal Vichy 50 Metros,1,113.51,113.51
1823,2025-11-18,Benjamim Ribeiro,Losartana Potássica 25mg - 30 Comprimidos - EMS (Genérico),5,24.21,121.05000000000001
1824,2025-12-24,Isadora Ramos,Vacina contra Úlcera - Reforço,3,90.83,272.49
1825,2025-09-20,Srta. Sarah da Conceição,Vacina contra Diabetes Tipo 2 - Dose Única,1,206.46,206.46
1826,2026-05-15,Valentina Costela,Escitalopram Pomada 30g - Aché,5,248.67,1243.35
1827,2024-12-21,Marcela Macedo,Loratadina Suspensão Oral 50ml - Eurofarma,5,220.66,1103.3
1828,2026-04-20,Luara Moura,Hastes Flexíveis (Cotonetes) Colgate 50g,3,24.09,72.27
1829,2026-04-22,Sra. Ana Júlia Aragão,Sertralina Suspensão Oral 50ml - Aché,2,65.67,131.34
1830,2025-04-25,Liam Almeida,Escitalopram Pomada 30g - Eurofarma,2,41.81,83.62
1831,2024-10-20,Dante Araújo,Fluoxetina 1g - 10 Comprimidos - EMS (Genérico),4,242.33,969.32
1832,2025-02-28,Olívia Lopes,Pantoprazol 25mg - 30 Comprimidos - Neo Química (Genérico),3,206.05,618.1500000000001
1833,2025-05-23,Augusto da Luz,Amoxicilina 500mg - 20 Comprimidos - Eurofarma,4,111.81,447.24
1834,2026-09-04,Luiz Otávio Costa,Hidroclorotiazida 500mg - 20 Comprimidos - Neo Química (Genérico),2,124.14,248.28
1835,2025-11-09,Cauã Machado,Diclofenaco 50mg - 30 Comprimidos - Neo Química (Genérico),5,215.33,1076.65
1836,2025-01-13,Júlia Azevedo,Protetor Solar Facial Johnson's 90g,5,68.86,344.3
1837,2026-08-12,Nicolas Pimenta,Pantoprazol 25mg - 30 Comprimidos - Neo Química (Genérico),1,206.05,206.05
1838,2025-02-11,Eloá Marques,Protetor Solar Facial CeraVe FPS 70,4,159.16,636.64
1839,2026-02-10,Sra. Luana da Mata,Escitalopram Pomada 30g - Bayer,4,46.92,187.68
1840,2026-08-21,Sr. Heitor Lima,Pomada para Assaduras Colgate FPS 70,5,249.6,1248
1841,2026-07-30,Dr. Diogo Rocha,Losartana Potássica 500mg - 20 Comprimidos - EMS (Genérico),2,204.02,408.04
1842,2025-03-03,Leonardo Abreu,Clonazepam 25mg - 30 Comprimidos - Bayer,5,127.48,637.4
1843,2025-12-13,Dante Araújo,Clonazepam 1g - 10 Comprimidos - Neo Química (Genérico),1,196.01,196.01
1844,2025-09-24,Ravi Leão,Enalapril 500mg - 20 Comprimidos - EMS (Genérico),3,191.7,575.0999999999999
1845,2025-11-05,Gustavo Henrique Cunha,Azitromicina 25mg - 30 Comprimidos - Medley (Genérico),5,80.19,400.95
1846,2025-08-16,Vitor Oliveira,Sertralina Suspensão Oral 50ml - Aché,1,65.67,65.67
1847,2025-12-31,Letícia Nascimento,Vacina contra Sinusite - Dose Única,3,179.2,537.5999999999999
1848,2026-01-24,Liam Almeida,Vacina contra Gripe - Reforço,5,30.98,154.9
1849,2025-12-08,Leonardo Correia,Condicionador Hidratação Mió 150ml,5,41.88,209.4
1850,2025-09-14,Dra. Nina da Rosa,Vacina contra Cirrose - Reforço,1,194.24,194.24
1851,2025-03-17,Dra. Maria Vitória Nascimento,Tadalafila Gotas 20ml - EMS (Genérico),5,101.55,507.75
1852,2025-09-18,Rafael Araújo,Ibuprofeno Suspensão Oral 50ml - Bayer,2,6.48,12.96
1853,2024-10-30,Isabela Abreu,Protetor Solar Facial CeraVe FPS 50,4,233.55,934.2
1854,2025-02-03,Brayan Vargas,Paracetamol Suspensão Oral 50ml - Medley (Genérico),2,119.61,239.22
1855,2025-07-16,Ana Vitória Rios,Condicionador Hidratação Mió 150ml,4,41.88,167.52
1856,2026-06-18,Yan Correia,Metformina Pomada 30g - EMS (Genérico),3,11.78,35.339999999999996
1857,2026-08-03,Dr. Antony Andrade,Ibuprofeno Pomada 30g - Bayer,5,30.11,150.55
1858,2026-09-06,Raul Correia,Ibuprofeno Suspensão Oral 50ml - EMS (Genérico),1,36.54,36.54
1859,2025-07-11,Alice Pimenta,Nimesulida Pomada 30g - Eurofarma,1,172.2,172.2
1860,2026-02-17,Allana da Costa,Paracetamol 1g - 10 Comprimidos - Bayer,5,61.6,308
1861,2025-04-08,Arthur Fonseca,Vacina contra Embolia - Reforço,3,7.76,23.28
1862,2024-09-16,Miguel da Rosa,Creme Hidratante Dove 200ml,1,76.86,76.86
1863,2025-06-04,Cauê Aragão,Sildenafila Suspensão Oral 50ml - Eurofarma,2,135.31,270.62
1864,2025-11-19,Vicente Pacheco,Cefalexina Xarope 120ml - Aché,3,91.87,275.61
1865,2025-03-14,Cecília Carvalho,Termômetro Digital Colgate 500ml,5,73.16,365.79999999999995
1866,2024-11-05,Dr. Rhavi da Rocha,Dipirona Sódica Gotas 20ml - Medley (Genérico),2,178.2,356.4
1867,2025-01-31,Diogo Sá,Leite em Pó Infantil CeraVe 400ml,3,47.05,141.14999999999998
1868,2025-06-20,Brenda Montenegro,Paracetamol Xarope 120ml - Medley (Genérico),1,49.35,49.35
1869,2025-11-14,Rebeca Caldeira,Dipirona Sódica Gotas 20ml - Medley (Genérico),3,178.2,534.5999999999999
1870,2025-06-09,Pedro Lucas Andrade,Shampoo Anticaspa Panvel Tamanho G (32 un),1,197.23,197.23
1871,2024-09-19,José Santos,Sildenafila 25mg - 30 Comprimidos - Medley (Genérico),4,39.52,158.08
1872,2026-08-17,Sr. Kaique Alves,Losartana Potássica Pomada 30g - Eurofarma,2,61.84,123.68
1873,2026-02-09,Rael Silva,Escitalopram 25mg - 30 Comprimidos - Medley (Genérico),4,53.19,212.76
1874,2025-06-15,Maya Pereira,Protetor Solar Facial Rexona Tamanho G (32 un),2,248.5,497
1875,2026-04-07,Aurora da Rocha,Sabonete em Barra Clear Tamanho M (40 un),1,21.43,21.43
1876,2026-03-27,Sra. Agatha Moraes,Vacina contra Insuficiência Renal - Dose Única,5,194.56,972.8
1877,2025-09-19,Ana Lívia da Costa,Amoxicilina Xarope 120ml - Aché,3,210.76,632.28
1878,2025-09-30,Ana Clara Farias,Loratadina 50mg - 30 Comprimidos - Bayer,5,87.45,437.25
1879,2025-12-19,Milena Leão,Protetor Solar Facial Vichy Tamanho G (32 un),4,241.99,967.96
1880,2026-05-19,Maria Cecília Araújo,Loratadina 500mg - 20 Comprimidos - Aché,4,107.08,428.32
1881,2024-11-18,Rael da Cunha,Condicionador Hidratação Needs 200ml,4,105.88,423.52
1882,2025-09-04,Luiz Fernando da Mata,Cefalexina 500mg - 20 Comprimidos - EMS (Genérico),3,189.46,568.38
1883,2026-02-04,Rael Nunes,Sinvastatina Suspensão Oral 50ml - Medley (Genérico),2,178.69,357.38
1884,2026-06-05,Sr. Guilherme da Costa,Creme Hidratante CeraVe 500ml,5,53.65,268.25
1885,2025-04-15,Benjamin Nogueira,Leite em Pó Infantil Nivea FPS 50,2,30.71,61.42
1886,2026-03-12,Gustavo Gomes,Sildenafila Pomada 30g - Aché,3,49.97,149.91
1887,2026-09-02,Liam Almeida,Soro Fisiológico Sempre Livre 400ml,3,36.39,109.17
1888,2024-10-10,Lara Rodrigues,Losartana Potássica Pomada 30g - Bayer,5,228.47,1142.35
1889,2024-09-17,Fernanda Viana,Fralda Descartável Johnson's FPS 50,1,173.54,173.54
1890,2025-07-22,Luiz Felipe Jesus,Vacina contra Trombose - Dose Única,1,169.05,169.05
1891,2026-02-23,Lorena Novaes,Enalapril 500mg - 20 Comprimidos - Bayer,3,170.79,512.37
1892,2025-08-13,Sr. Nicolas Oliveira,Losartana Potássica Pomada 30g - Eurofarma,3,61.84,185.52
1893,2026-01-13,Letícia Nascimento,Curativos (Band-Aid) Bepantol Tamanho M (40 un),2,123.84,247.68
1894,2026-02-18,Ravy da Mata,Losartana Potássica Pomada 30g - Neo Química (Genérico),1,228.42,228.42
1895,2026-03-11,Yasmin da Mota,Hidroclorotiazida Gotas 20ml - Eurofarma,2,146.95,293.9
1896,2025-11-06,Renan Barbosa,Vacina contra Catarata - Dose Única,5,163.31,816.55
1897,2026-03-06,Luiz Gustavo Barbosa,Paracetamol 500mg - 20 Comprimidos - Bayer,3,241.3,723.9000000000001
1898,2025-02-05,Juan Pereira,Vacina contra Insuficiência Renal - Dose Única,4,194.56,778.24
1899,2025-07-27,Dra. Alana Moreira,Sildenafila 1g - 10 Comprimidos - Neo Química (Genérico),1,24.11,24.11
1900,2025-06-23,Nicole Cunha,Protetor Solar Corporal Panvel 50g,5,247.84,1239.2
1901,2025-04-21,Cauê Cirino,Metformina Xarope 120ml - EMS (Genérico),1,66.87,66.87
1902,2026-03-02,Ravi Cunha,Amoxicilina 25mg - 30 Comprimidos - Bayer,4,94.88,379.52
1903,2025-05-04,Fernando Andrade,Atenolol 25mg - 30 Comprimidos - Medley (Genérico),4,191.35,765.4
1904,2024-10-07,Emanuel Borges,Absorvente com Abas Colgate 500ml,5,48.15,240.75
1905,2026-03-10,Valentina Macedo,Vacina contra Insuficiência Cardíaca - Dose Única,5,99.92,499.6
1906,2024-11-23,Enzo Rocha,Atenolol Gotas 20ml - Eurofarma,1,246.04,246.04
1907,2026-04-01,Arthur Miguel Viana,Álcool em Gel 70% Nivea FPS 50,2,179.51,359.02
1908,2026-05-09,Calebe Vargas,Água Micelar Vichy 500ml,2,173.25,346.5
1909,2026-03-02,Dra. Stephany Silva,Hastes Flexíveis (Cotonetes) Johnson's 200ml,2,27.19,54.38
1910,2026-07-03,Hadassa Costela,Paracetamol 50mg - 30 Comprimidos - Eurofarma,4,112.56,450.24
1911,2025-09-13,Maria Liz Peixoto,Ibuprofeno Pomada 30g - Eurofarma,2,106.59,213.18
1912,2025-01-04,Brenda Montenegro,Shampoo Anticaspa Aptamil 500ml,1,60.02,60.02
1913,2026-03-01,Diego Rezende,Shampoo Anticaspa Huggies 400ml,1,35.72,35.72
1914,2024-11-21,Dr. Leandro Leão,Amoxicilina Xarope 120ml - Aché,4,210.76,843.04
1915,2025-11-23,Fernando Lima,Paracetamol 50mg - 30 Comprimidos - Eurofarma,3,112.56,337.68
1916,2024-12-08,Melina Sousa,Losartana Potássica 500mg - 20 Comprimidos - Aché,4,156.05,624.2
1917,2024-10-02,João Gabriel Garcia,Dipirona Sódica 1g - 10 Comprimidos - Eurofarma,2,223.63,447.26
1918,2025-07-12,Vinicius da Cruz,Sertralina Suspensão Oral 50ml - Eurofarma,4,70.76,283.04
1919,2025-02-15,Olívia Novais,Dipirona Sódica Suspensão Oral 50ml - Aché,3,213.76,641.28
1920,2025-01-12,Maria Laura Campos,Fio Dental Sempre Livre 50 Metros,3,115.96,347.88
1921,2025-01-17,Levi Araújo,Paracetamol 50mg - 30 Comprimidos - Eurofarma,5,112.56,562.8
1922,2026-07-06,Maria Vitória Garcia,Vacina contra Hipertireoidismo - Reforço,5,185.65,928.25
1923,2024-10-01,Leonardo Pinto,Fralda Descartável Johnson's FPS 50,2,173.54,347.08
1924,2026-08-18,Marina Silva,Azitromicina 50mg - 30 Comprimidos - Aché,1,119.13,119.13
1925,2025-10-02,Vinicius da Cunha,Loratadina 500mg - 20 Comprimidos - Neo Química (Genérico),5,159.08,795.4000000000001
1926,2025-09-25,Fernando Silveira,Vacina contra Osteoporose - Reforço,3,66.03,198.09
1927,2025-07-09,Aurora Nogueira,Sertralina Pomada 30g - Medley (Genérico),1,227.65,227.65
1928,2025-11-01,Bento Lima,Pomada para Assaduras Rexona 400ml,2,8.08,16.16
1929,2026-03-09,Brenda Montenegro,Fluoxetina Suspensão Oral 50ml - Bayer,4,193.89,775.56
1930,2026-02-25,Ana Vitória Abreu,Dipirona Sódica Suspensão Oral 50ml - Aché,2,213.76,427.52
1931,2025-09-05,Benjamin Nogueira,Lenço Umedecido Mió Tamanho G (32 un),5,244.29,1221.45
1932,2025-12-22,Bento Gonçalves,Hidroclorotiazida Pomada 30g - Aché,1,181.09,181.09
1933,2025-04-22,Nicole Caldeira,Condicionador Hidratação Mió 150ml,1,41.88,41.88
1934,2025-12-18,Rhavi Marques,Loratadina Suspensão Oral 50ml - Neo Química (Genérico),5,110.09,550.45
1935,2025-07-13,Bárbara Sampaio,Enalapril 50mg - 30 Comprimidos - Bayer,3,98.23,294.69
1936,2024-09-27,Danilo Sampaio,Vacina contra Úlcera - Reforço,5,90.83,454.15
1937,2024-12-20,Mariah Casa Grande,Vacina contra Gota - Reforço,4,146.93,587.72
1938,2024-10-29,Anthony Sampaio,Cefalexina Suspensão Oral 50ml - Eurofarma,3,17.29,51.87
1939,2024-12-21,Srta. Sophie Fogaça,Vacina contra Chikungunya - Dose Única,5,102.18,510.90000000000003
1940,2024-10-14,Theodoro Santos,Atenolol Gotas 20ml - Eurofarma,2,246.04,492.08
1941,2024-12-30,Erick Siqueira,Loratadina Suspensão Oral 50ml - Eurofarma,4,220.66,882.64
1942,2025-04-20,Levi Araújo,Cefalexina Xarope 120ml - Eurofarma,3,99.22,297.65999999999997
1943,2025-04-01,Lavínia Leão,Protetor Solar Facial Rexona 50 Metros,1,156.76,156.76
1944,2025-10-10,Anthony Gabriel Pacheco,Atenolol 1g - 10 Comprimidos - Eurofarma,4,9.98,39.92
1945,2026-01-21,Josué Nunes,Enxaguante Bucal Vichy 50 Metros,1,249.82,249.82
1946,2025-02-03,Alícia Andrade,Leite em Pó Infantil Colgate 150ml,5,162.17,810.8499999999999
1947,2026-04-09,Cauê Cunha,Cefalexina Gotas 20ml - EMS (Genérico),1,35.17,35.17
1948,2026-08-06,Rodrigo Carvalho,Pantoprazol 25mg - 30 Comprimidos - Neo Química (Genérico),1,206.05,206.05
1949,2025-11-09,Ana Cecília Caldeira,Diclofenaco 1g - 10 Comprimidos - Neo Química (Genérico),2,172.05,344.1
1950,2025-09-18,Maria Liz da Paz,Nimesulida 50mg - 30 Comprimidos - EMS (Genérico),1,41.54,41.54
1951,2025-03-10,Davi Luiz Caldeira,Fluoxetina 50mg - 30 Comprimidos - EMS (Genérico),3,194.4,583.2
1952,2025-04-12,Erick Mendonça,Escitalopram 500mg - 20 Comprimidos - Eurofarma,5,161.79,808.9499999999999
1953,2026-06-23,Júlia Aparecida,Fio Dental Sempre Livre 50 Metros,4,115.96,463.84
1954,2025-03-14,Emilly Barbosa,Soro Fisiológico Sempre Livre 400ml,2,36.39,72.78
1955,2026-03-04,Gustavo Henrique Azevedo,Ibuprofeno Pomada 30g - Bayer,4,30.11,120.44
1956,2025-09-23,Sra. Zoe Araújo,Diclofenaco 50mg - 30 Comprimidos - Neo Química (Genérico),5,215.33,1076.65
1957,2026-01-19,Sabrina Jesus,Escitalopram 1g - 10 Comprimidos - Medley (Genérico),5,63.45,317.25
1958,2024-11-26,Luiz Henrique Sousa,Cefalexina Xarope 120ml - EMS (Genérico),3,214.89,644.67
1959,2024-12-19,Ana Julia Fogaça,Escitalopram 500mg - 20 Comprimidos - Aché,4,32.7,130.8
1960,2024-12-16,Valentina Santos,Ibuprofeno Pomada 30g - Bayer,4,30.11,120.44
1961,2026-01-14,Dr. Theo da Mota,Tadalafila 500mg - 20 Comprimidos - Eurofarma,3,214.48,643.4399999999999
1962,2025-10-10,Ana Vitória Fogaça,Amoxicilina Gotas 20ml - Neo Química (Genérico),4,10.91,43.64
1963,2024-12-22,Calebe Vargas,Sertralina Xarope 120ml - Neo Química (Genérico),5,81.67,408.35
1964,2026-05-25,João Miguel Moreira,Amoxicilina Gotas 20ml - Neo Química (Genérico),5,10.91,54.55
1965,2025-05-07,Sr. Pedro Lucas Cavalcanti,Sabonete Líquido Rexona 90g,3,197.22,591.66
1966,2025-12-13,Théo Fogaça,Dipirona Sódica 500mg - 20 Comprimidos - Aché,2,48.2,96.4
1967,2026-04-27,Srta. Ágatha Vieira,Absorvente com Abas Colgate 400ml,4,138.4,553.6
1968,2025-09-06,Maitê Rocha,Cefalexina Gotas 20ml - Medley (Genérico),2,152.59,305.18
1969,2024-10-03,Lucca Caldeira,Hidroclorotiazida Gotas 20ml - Eurofarma,4,146.95,587.8
1970,2025-03-08,João Guilherme Marques,Loratadina Suspensão Oral 50ml - Bayer,4,123.87,495.48
1971,2025-02-07,Sophie Guerra,Curativos (Band-Aid) Mió FPS 50,2,108.35,216.7
1972,2026-07-20,Júlia Aparecida,Diclofenaco Pomada 30g - Medley (Genérico),3,44.26,132.78
1973,2024-10-08,Lavínia da Rosa,Sinvastatina Suspensão Oral 50ml - Medley (Genérico),1,178.69,178.69
1974,2025-02-08,Arthur Miguel Azevedo,Álcool em Gel 70% Pampers 400ml,4,98.17,392.68
1975,2026-07-20,Rhavi Rodrigues,Curativos (Band-Aid) Dove Tamanho M (40 un),5,170.8,854
1976,2025-10-30,Enrico Azevedo,Pomada para Assaduras Panvel 400ml,1,15.35,15.35
1977,2025-03-02,Larissa Fogaça,Pantoprazol 50mg - 30 Comprimidos - Aché,5,248.85,1244.25
1978,2025-12-31,Srta. Maria Luísa Azevedo,Nimesulida 50mg - 30 Comprimidos - Medley (Genérico),3,11.98,35.94
1979,2024-11-09,João Lucas Castro,Sertralina Suspensão Oral 50ml - Eurofarma,5,70.76,353.8
1980,2026-02-19,Sarah Garcia,Absorvente com Abas G-Tech 90g,1,182.53,182.53
1981,2025-07-13,Luan Duarte,Omeprazol Pomada 30g - EMS (Genérico),5,75.1,375.5
1982,2025-08-30,Dra. Ana Júlia Viana,Enalapril 25mg - 30 Comprimidos - Eurofarma,4,50.58,202.32
1983,2026-01-28,Davi Lucas Dias,Enalapril Suspensão Oral 50ml - Aché,4,49.84,199.36
1984,2026-06-11,Srta. Cecilia Cavalcante,Vacina contra Lúpus - Reforço,2,78.55,157.1
1985,2024-11-15,Srta. Maria Helena Cavalcante,Vacina contra Bipolaridade - Dose Única,5,126.58,632.9
1986,2025-10-22,Ágatha Rocha,Vacina contra Bipolaridade - Dose Única,5,126.58,632.9
1987,2025-01-23,Sra. Bárbara da Rosa,Fralda Descartável Listerine 50g,5,31.34,156.7
1988,2025-08-13,José Pedro Silva,Escitalopram Xarope 120ml - EMS (Genérico),4,233.02,932.08
1989,2026-01-31,Marina Silva,Enalapril Xarope 120ml - Eurofarma,3,73.4,220.20000000000002
1990,2025-09-08,Brayan da Costa,Água Micelar Dove 90g,1,43.61,43.61
1991,2025-04-03,Evelyn Rodrigues,Desodorante Roll-on G-Tech 500ml,4,66.95,267.8
1992,2024-10-01,Henrique das Neves,Sildenafila 25mg - 30 Comprimidos - Eurofarma,3,186.17,558.51
1993,2026-03-01,Arthur Gabriel da Paz,Água Micelar Colgate 500ml,4,84.12,336.48
1994,2025-10-10,Isabella Ribeiro,Vacina contra Rinite - Dose Única,1,68.91,68.91
1995,2024-11-24,Francisco Sales,Diclofenaco Suspensão Oral 50ml - Neo Química (Genérico),4,110.69,442.76
1996,2024-10-06,Luiz Henrique Ribeiro,Losartana Potássica 500mg - 20 Comprimidos - EMS (Genérico),2,204.02,408.04
1997,2025-02-24,Levi Dias,Enalapril 500mg - 20 Comprimidos - Bayer,3,170.79,512.37
1998,2026-08-06,Guilherme Novaes,Sertralina Pomada 30g - Medley (Genérico),1,227.65,227.65
1999,2026-07-01,Vitor Hugo Nunes,Losartana Potássica 1g - 10 Comprimidos - Bayer,4,16.75,67
2000,2025-04-19,Antony Castro,Cefalexina Xarope 120ml - Aché,2,91.87,183.74
2001,2025-03-19,Bianca Silveira,Sabonete em Barra Mió FPS 70,2,86.33,172.66
2002,2025-07-29,Thiago Rezende,Sabonete Líquido La Roche-Posay FPS 70,2,167.59,335.18
2003,2026-03-17,Sophia Câmara,Escitalopram Pomada 30g - Eurofarma,4,41.81,167.24
2004,2025-08-04,Dr. Lucca Lima,Fluoxetina 25mg - 30 Comprimidos - EMS (Genérico),5,83.34,416.70000000000005
2005,2024-09-30,Dra. Maria Liz Rocha,Azitromicina 500mg - 20 Comprimidos - Bayer,1,193.53,193.53
2006,2025-04-15,Luísa Souza,Tadalafila Pomada 30g - Eurofarma,3,108.92,326.76
2007,2025-09-25,Leonardo Correia,Dipirona Sódica Suspensão Oral 50ml - Aché,4,213.76,855.04
2008,2025-12-23,Ana Cavalcanti,Sinvastatina 50mg - 30 Comprimidos - Eurofarma,5,85,425
2009,2025-12-28,Cauê Guerra,Fralda Descartável Listerine 50g,3,31.34,94.02
2010,2025-01-07,Evelyn Melo,Loratadina 500mg - 20 Comprimidos - Bayer,4,98.62,394.48
2011,2026-06-09,Sr. Luiz Fernando Pinto,Nimesulida 25mg - 30 Comprimidos - Aché,3,27.51,82.53
2012,2026-01-04,Srta. Laís Cassiano,Álcool em Gel 70% Nivea 500ml,2,44.9,89.8
2013,2025-04-03,Sr. Benjamim Nascimento,Dipirona Sódica 500mg - 20 Comprimidos - Medley (Genérico),2,6.77,13.54
2014,2025-03-04,Julia Cavalcanti,Paracetamol Pomada 30g - Medley (Genérico),5,8.21,41.050000000000004
2015,2024-11-21,João Gabriel Garcia,Cefalexina Pomada 30g - Medley (Genérico),1,224.78,224.78
2016,2024-12-15,Milena Sampaio,Dipirona Sódica 500mg - 20 Comprimidos - EMS (Genérico),4,76.72,306.88
2017,2025-01-23,José Miguel Caldeira,Amoxicilina 25mg - 30 Comprimidos - EMS (Genérico),2,90.33,180.66
2018,2024-12-10,Luiza da Costa,Sildenafila 1g - 10 Comprimidos - Neo Química (Genérico),2,24.11,48.22
2019,2025-08-20,Isadora Pinto,Hidroclorotiazida Pomada 30g - EMS (Genérico),1,184.22,184.22
2020,2025-12-28,Murilo Montenegro,Omeprazol 50mg - 30 Comprimidos - Neo Química (Genérico),4,148.48,593.92
2021,2026-06-27,Caio Pacheco,Vacina contra Artrose - Dose Única,1,96.09,96.09
2022,2025-03-16,Yasmin Siqueira,Azitromicina Suspensão Oral 50ml - Aché,2,181.87,363.74
2023,2026-05-24,Caleb Mendonça,Ibuprofeno Gotas 20ml - EMS (Genérico),5,31.28,156.4
2024,2026-06-17,Larissa Duarte,Sertralina 50mg - 30 Comprimidos - Bayer,3,233.47,700.41
2025,2024-12-21,Benjamim Ribeiro,Condicionador Hidratação La Roche-Posay 150ml,3,207.97,623.91
2026,2026-03-23,Maria Fernanda Casa Grande,Absorvente com Abas Johnson's 150ml,5,248.79,1243.95
2027,2026-03-10,Bernardo Ribeiro,Azitromicina 25mg - 30 Comprimidos - Aché,1,179.29,179.29
2028,2026-02-27,Antony Dias,Vacina contra Leucemia - Dose Única,4,236.64,946.56
2029,2025-12-18,Miguel da Rosa,Shampoo Anticaspa Panvel Tamanho G (32 un),1,197.23,197.23
2030,2025-06-28,Rafaela Alves,Azitromicina 50mg - 30 Comprimidos - Medley (Genérico),3,109.65,328.95000000000005
2031,2024-10-31,Dr. Kevin Cavalcante,Sinvastatina 50mg - 30 Comprimidos - Eurofarma,5,85,425
2032,2024-09-21,Juliana Fonseca,Losartana Potássica 50mg - 30 Comprimidos - Medley (Genérico),2,117.53,235.06
2033,2026-02-15,Sr. Gael Henrique Cardoso,Vacina contra Catarata - Dose Única,4,163.31,653.24
2034,2024-11-23,Aurora das Neves,Escitalopram 1g - 10 Comprimidos - Medley (Genérico),4,63.45,253.8
2035,2026-04-09,João Felipe Novaes,Metformina Pomada 30g - Bayer,1,231.84,231.84
2036,2024-11-15,Aylla Brito,Nimesulida 1g - 10 Comprimidos - EMS (Genérico),3,38.71,116.13
2037,2025-07-14,Fernando Andrade,Paracetamol Suspensão Oral 50ml - Aché,2,29.78,59.56
2038,2024-11-05,Ana Lívia Monteiro,Sildenafila Gotas 20ml - Bayer,5,22.89,114.45
2039,2026-07-03,Ísis Sousa,Creme Dental Mió 150ml,4,117.69,470.76
2040,2026-06-22,Gael Azevedo,Curativos (Band-Aid) Dove Tamanho M (40 un),5,170.8,854
2041,2025-03-17,Bella Vargas,Sinvastatina Suspensão Oral 50ml - Bayer,3,177.59,532.77
2042,2026-05-24,Josué Nunes,Diclofenaco Suspensão Oral 50ml - Bayer,5,16.01,80.05000000000001
2043,2025-08-09,Yuri Nascimento,Ibuprofeno 50mg - 30 Comprimidos - Medley (Genérico),2,243.47,486.94
2044,2025-01-03,Maria Rocha,Escitalopram 500mg - 20 Comprimidos - Aché,5,32.7,163.5
2045,2025-11-14,Maria Sophia Fernandes,Enalapril 50mg - 30 Comprimidos - Bayer,1,98.23,98.23
2046,2025-09-08,Sra. Manuela Cirino,Shampoo Anticaspa Huggies FPS 70,4,153.56,614.24
2047,2026-06-18,Ana Vitória Fogaça,Hidroclorotiazida Gotas 20ml - Eurofarma,5,146.95,734.75
2048,2024-10-11,Isabela Vieira,Azitromicina 50mg - 30 Comprimidos - Medley (Genérico),4,109.65,438.6
2049,2026-08-26,José Pedro Cavalcante,Hastes Flexíveis (Cotonetes) Johnson's 90g,3,208.29,624.87
2050,2026-03-16,Luiza Ferreira,Ibuprofeno Pomada 30g - Eurofarma,4,106.59,426.36
2051,2025-03-01,Lucas Gabriel Mendonça,Dipirona Sódica 1g - 10 Comprimidos - Eurofarma,2,223.63,447.26
2052,2025-01-20,Ana Julia Novais,Vacina contra Depressão - Dose Única,2,209.98,419.96
2053,2026-08-16,Paulo Machado,Atenolol Pomada 30g - Neo Química (Genérico),3,40.49,121.47
2054,2025-04-28,Stephany Duarte,Leite em Pó Infantil Nivea FPS 50,5,30.71,153.55
2055,2026-06-10,Sr. Enzo Cassiano,Sertralina Suspensão Oral 50ml - Neo Química (Genérico),4,231.68,926.72
2056,2026-05-24,Hadassa Garcia,Ibuprofeno 1g - 10 Comprimidos - Neo Química (Genérico),3,232.98,698.9399999999999
2057,2025-09-08,Ester Rocha,Água Micelar Colgate 200ml,2,84.6,169.2
2058,2026-03-26,Valentim Aparecida,Vacina contra Osteoporose - Reforço,4,66.03,264.12
2059,2026-04-13,Vinicius Silva,Vacina contra Acne - Reforço,2,171.47,342.94
2060,2024-12-18,Maya Pereira,Escitalopram Pomada 30g - Eurofarma,1,41.81,41.81
2061,2026-04-26,Agatha Almeida,Enalapril Suspensão Oral 50ml - Aché,1,49.84,49.84
2062,2025-01-02,Ana Carolina Martins,Vacina contra Trombose - Reforço,4,73.8,295.2
2063,2025-03-22,Lucca Guerra,Cefalexina 50mg - 30 Comprimidos - Eurofarma,1,8.14,8.14
2064,2025-06-23,Hadassa Costela,Paracetamol 25mg - 30 Comprimidos - Medley (Genérico),5,221.25,1106.25
2065,2025-04-23,Luiz Fernando da Mata,Omeprazol 500mg - 20 Comprimidos - Neo Química (Genérico),4,30.06,120.24
2066,2026-08-18,Melina Sousa,Vacina contra Artrite - Dose Única,2,33.69,67.38
2067,2026-07-04,Srta. Emilly das Neves,Loratadina Xarope 120ml - Aché,2,98.66,197.32
2068,2026-04-06,Vicente Ferreira,Condicionador Hidratação Panvel 400ml,2,84.33,168.66
2069,2026-08-31,Stella Martins,Pomada para Assaduras Panvel 400ml,4,15.35,61.4
2070,2026-02-07,José Barbosa,Omeprazol Suspensão Oral 50ml - Aché,3,245.04,735.12
2071,2025-10-25,Lucas da Rocha,Dipirona Sódica 1g - 10 Comprimidos - Bayer,4,120.1,480.4
2072,2026-04-22,Maria Clara Nogueira,Amoxicilina 25mg - 30 Comprimidos - Eurofarma,1,239.18,239.18
2073,2026-09-09,Alexandre Costa,Cefalexina Pomada 30g - Bayer,4,19.34,77.36
2074,2025-09-28,Luísa Araújo,Vacina contra Glaucoma - Dose Única,4,135.12,540.48
2075,2024-10-20,Thales da Costa,Nimesulida 1g - 10 Comprimidos - EMS (Genérico),1,38.71,38.71
2076,2025-01-31,Aylla Vieira,Hastes Flexíveis (Cotonetes) Johnson's 90g,5,208.29,1041.45
2077,2026-06-07,Sara Ramos,Leite em Pó Infantil Colgate 150ml,1,162.17,162.17
2078,2025-05-31,Olívia Oliveira,Sinvastatina 1g - 10 Comprimidos - EMS (Genérico),2,120.38,240.76
2079,2026-02-27,Amanda Nunes,Escitalopram 500mg - 20 Comprimidos - Aché,1,32.7,32.7
2080,2026-08-22,Gabrielly Câmara,Vacina contra Bipolaridade - Dose Única,3,126.58,379.74
2081,2025-10-05,Sra. Bianca Oliveira,Creme Dental Dove 50 Metros,2,69.44,138.88
2082,2025-11-26,Lorenzo das Neves,Fluoxetina 500mg - 20 Comprimidos - Eurofarma,3,226.49,679.47
2083,2025-09-24,Julia Brito,Tadalafila 50mg - 30 Comprimidos - Eurofarma,3,183.3,549.9000000000001
2084,2025-10-24,Ana Sophia Sá,Metformina Pomada 30g - Neo Química (Genérico),4,216.86,867.44
2085,2025-03-02,Thiago Pastor,Sinvastatina Pomada 30g - Bayer,3,104.52,313.56
2086,2024-11-13,Yan Correia,Pomada para Assaduras Colgate FPS 70,4,249.6,998.4
2087,2025-01-07,Elisa Nogueira,Amoxicilina Gotas 20ml - Eurofarma,5,113.35,566.75
2088,2025-04-07,Danilo Cirino,Vacina contra Leucemia - Reforço,1,107.48,107.48
2089,2025-12-12,Fernando Araújo,Hastes Flexíveis (Cotonetes) G-Tech FPS 50,5,75.16,375.79999999999995
2090,2024-09-25,Enzo Mendonça,Amoxicilina Suspensão Oral 50ml - Neo Química (Genérico),1,207.19,207.19
2091,2025-03-10,Kamilly Cavalcanti,Escitalopram 500mg - 20 Comprimidos - Aché,1,32.7,32.7
2092,2025-12-13,Luiza Moreira,Vacina contra Gripe - Dose Única,2,95.56,191.12
2093,2025-05-27,Luiz Henrique Ribeiro,Amoxicilina 25mg - 30 Comprimidos - Eurofarma,5,239.18,1195.9
2094,2025-06-08,Dr. Pedro Vasconcelos,Ibuprofeno Pomada 30g - Bayer,2,30.11,60.22
2095,2026-08-22,Isabelly Aparecida,Creme Hidratante G-Tech Tamanho G (32 un),4,121.2,484.8
2096,2026-05-28,Francisco Sales,Sildenafila 25mg - 30 Comprimidos - Medley (Genérico),3,39.52,118.56
2097,2025-08-30,Igor Cassiano,Condicionador Hidratação Needs 200ml,2,105.88,211.76
2098,2025-11-09,Theo da Mota,Creme Dental Dove 50 Metros,2,69.44,138.88
2099,2026-09-09,Lucca Caldeira,Shampoo Anticaspa Panvel Tamanho G (32 un),5,197.23,986.15
2100,2025-08-22,Dr. Thomas Santos,Água Micelar Dove 90g,4,43.61,174.44
2101,2024-10-24,Luna Silveira,Hidroclorotiazida 1g - 10 Comprimidos - Bayer,5,120.3,601.5
2102,2026-08-11,Alice da Cruz,Diclofenaco 50mg - 30 Comprimidos - Neo Química (Genérico),5,215.33,1076.65
2103,2026-08-07,Ísis Ramos,Sinvastatina Suspensão Oral 50ml - Bayer,2,177.59,355.18
2104,2025-01-20,Luiz Otávio Pereira,Dipirona Sódica 1g - 10 Comprimidos - Bayer,3,120.1,360.29999999999995
2105,2026-06-21,Luan Duarte,Condicionador Hidratação Huggies 90g,3,138.16,414.48
2106,2025-12-12,Natália Sousa,Água Micelar Dove 150ml,3,8.54,25.619999999999997
2107,2024-09-16,Mathias Mendonça,Absorvente com Abas Johnson's 150ml,4,248.79,995.16
2108,2024-12-19,Erick Mendonça,Atenolol Pomada 30g - Medley (Genérico),4,214.71,858.84
2109,2026-09-08,Sra. Ana Júlia Aragão,Escitalopram 25mg - 30 Comprimidos - Aché,3,98.76,296.28000000000003
2110,2026-03-26,Heloísa Costa,Shampoo Anticaspa Aptamil 500ml,1,60.02,60.02
2111,2025-06-12,Davi Lucca Jesus,Desodorante Roll-on Needs 150ml,5,243.41,1217.05
2112,2025-07-25,Sra. Alice Jesus,Vacina contra Insuficiência Renal - Dose Única,1,194.56,194.56
2113,2025-12-28,Bárbara Cassiano,Amoxicilina 50mg - 30 Comprimidos - Bayer,5,75.94,379.7
2114,2026-03-12,Francisco Sales,Omeprazol Gotas 20ml - Aché,1,222.34,222.34
2115,2026-08-16,Brayan da Mata,Loratadina Xarope 120ml - Bayer,1,83.04,83.04
2116,2026-06-30,Sr. Theo Fernandes,Escitalopram Pomada 30g - Bayer,3,46.92,140.76
2117,2026-02-19,Manuella Barros,Losartana Potássica 1g - 10 Comprimidos - Medley (Genérico),3,206.7,620.0999999999999
2118,2026-07-17,Arthur Fonseca,Escitalopram Pomada 30g - Eurofarma,3,41.81,125.43
2119,2026-01-24,Helena Silveira,Dipirona Sódica Suspensão Oral 50ml - Neo Química (Genérico),3,90.27,270.81
2120,2026-02-24,Nicolas Pereira,Diclofenaco 500mg - 20 Comprimidos - Medley (Genérico),2,207.84,415.68
2121,2025-02-11,Ayla Carvalho,Escitalopram 500mg - 20 Comprimidos - Aché,5,32.7,163.5
2122,2025-10-10,Dr. Antony Andrade,Protetor Solar Facial CeraVe FPS 50,4,233.55,934.2
2123,2024-11-06,Ravy Montenegro,Enxaguante Bucal Dove 50 Metros,4,119.89,479.56
2124,2025-12-16,Isabel Vasconcelos,Omeprazol Suspensão Oral 50ml - Aché,2,245.04,490.08
2125,2024-09-20,Benjamim Abreu,Dipirona Sódica Pomada 30g - Medley (Genérico),4,189.44,757.76
2126,2026-01-22,João Vitor Azevedo,Álcool em Gel 70% Pampers 400ml,3,98.17,294.51
2127,2024-11-05,Stephany Casa Grande,Termômetro Digital Colgate 500ml,5,73.16,365.79999999999995
2128,2026-07-21,Gabrielly Montenegro,Dipirona Sódica 500mg - 20 Comprimidos - Aché,1,48.2,48.2
2129,2025-07-17,Sr. Juan Cunha,Soro Fisiológico Pampers 400ml,2,168.64,337.28
2130,2025-06-03,Cauê Guerra,Metformina Pomada 30g - EMS (Genérico),4,11.78,47.12
2131,2025-02-20,Guilherme Novaes,Hastes Flexíveis (Cotonetes) Panvel 150ml,1,114.06,114.06
2132,2025-06-24,Dr. Pedro Vasconcelos,Sildenafila 50mg - 30 Comprimidos - Medley (Genérico),2,47.12,94.24
2133,2026-04-21,Sr. Kaique Alves,Vacina contra Gota - Reforço,3,146.93,440.79
2134,2025-12-04,Sr. Heitor Lima,Ibuprofeno 500mg - 20 Comprimidos - EMS (Genérico),2,235.23,470.46
2135,2025-11-29,Gael das Neves,Sabonete Líquido Nivea Tamanho M (40 un),3,51.11,153.32999999999998
2136,2025-08-10,Dr. Davi Lucca Martins,Paracetamol 50mg - 30 Comprimidos - Neo Química (Genérico),3,195.75,587.25
2137,2025-04-17,Maria Liz da Paz,Atenolol Pomada 30g - Medley (Genérico),1,214.71,214.71
2138,2024-09-28,Isabelly Dias,Lenço Umedecido Bepantol 500ml,3,97.48,292.44
2139,2025-11-12,Liam Almeida,Clonazepam Pomada 30g - Aché,5,200.49,1002.45
2140,2026-03-20,Antonella Pimenta,Vacina contra Conjuntivite - Reforço,5,102.17,510.85
2141,2025-02-12,Luiz Felipe Jesus,Azitromicina Suspensão Oral 50ml - Aché,3,181.87,545.61
2142,2025-04-07,Liam Almeida,Vacina contra Câncer de Próstata - Reforço,2,111.6,223.2
2143,2026-01-05,Srta. Liz Casa Grande,Soro Fisiológico Clear 50 Metros,2,44.34,88.68
2144,2024-10-10,Nina Cavalcanti,Atenolol Pomada 30g - Neo Química (Genérico),4,40.49,161.96
2145,2024-12-09,Ana Luiza Mendes,Nimesulida Gotas 20ml - EMS (Genérico),1,202.4,202.4
2146,2026-01-27,Olívia Macedo,Loratadina 1g - 10 Comprimidos - Bayer,3,28.47,85.41
2147,2026-05-14,Ana Júlia Souza,Vacina contra Úlcera - Reforço,3,90.83,272.49
2148,2026-07-05,Daniela Campos,Hastes Flexíveis (Cotonetes) Mió 150ml,2,222.68,445.36
2149,2026-07-04,Arthur Miguel Cavalcante,Sildenafila 50mg - 30 Comprimidos - Medley (Genérico),4,47.12,188.48
2150,2025-09-23,Nina Ferreira,Paracetamol Suspensão Oral 50ml - Aché,3,29.78,89.34
2151,2024-12-17,Cauê Cunha,Vacina contra Osteoporose - Reforço,3,66.03,198.09
2152,2025-08-04,Dra. Maria Fernanda Brito,Cefalexina Xarope 120ml - Aché,5,91.87,459.35
2153,2026-08-27,Mirella das Neves,Cefalexina 1g - 10 Comprimidos - Medley (Genérico),5,127.46,637.3
2154,2025-09-11,Ana Júlia Souza,Vacina contra Epilepsia - Dose Única,2,187.04,374.08
2155,2025-06-04,Levi Dias,Tadalafila 500mg - 20 Comprimidos - Neo Química (Genérico),2,55.18,110.36
2156,2026-07-14,Sara Alves,Sildenafila Gotas 20ml - EMS (Genérico),1,160.27,160.27
2157,2026-07-11,Enrico Vieira,Paracetamol 50mg - 30 Comprimidos - Eurofarma,2,112.56,225.12
2158,2024-12-19,Pedro Lucas Andrade,Loratadina 500mg - 20 Comprimidos - Neo Química (Genérico),5,159.08,795.4000000000001
2159,2026-01-28,Enzo Costela,Condicionador Hidratação Panvel 400ml,1,84.33,84.33
2160,2025-01-16,Yan Costa,Metformina Pomada 30g - Bayer,3,231.84,695.52
2161,2025-03-09,Murilo Peixoto,Curativos (Band-Aid) Pampers Tamanho G (32 un),1,97.25,97.25
2162,2025-12-23,Anthony Mendonça,Losartana Potássica 1g - 10 Comprimidos - Medley (Genérico),3,206.7,620.0999999999999
2163,2026-07-13,Diogo Câmara,Nimesulida Pomada 30g - Aché,5,223.47,1117.35
2164,2025-02-23,José Caldeira,Clonazepam 500mg - 20 Comprimidos - Medley (Genérico),5,163.65,818.25
2165,2026-07-18,Milena Leão,Ibuprofeno 500mg - 20 Comprimidos - Aché,5,72.67,363.35
2166,2026-08-19,Dr. Raul Moreira,Leite em Pó Infantil Colgate 150ml,2,162.17,324.34
2167,2026-01-16,Julia Marques,Hastes Flexíveis (Cotonetes) Panvel 150ml,1,114.06,114.06
2168,2025-01-18,João Felipe Castro,Loratadina Gotas 20ml - Medley (Genérico),5,131.84,659.2
2169,2026-05-31,Guilherme Peixoto,Cefalexina 500mg - 20 Comprimidos - Aché,1,133.22,133.22
2170,2024-09-21,Isadora Pinto,Fralda Descartável Needs 150ml,2,204.51,409.02
2171,2025-08-02,José Miguel Campos,Sérum Vitamina C Dove 90g,1,6.07,6.07
2172,2025-10-06,Dr. Samuel Alves,Hidroclorotiazida Suspensão Oral 50ml - Bayer,2,42.24,84.48
2173,2025-01-20,Ana Luiza Rodrigues,Vacina contra Dengue - Reforço,2,126.08,252.16
2174,2024-10-31,Otávio Alves,Pomada para Assaduras Colgate FPS 70,4,249.6,998.4
2175,2026-08-18,Isadora Pinto,Sildenafila Gotas 20ml - EMS (Genérico),1,160.27,160.27
2176,2025-09-14,Sr. João Gabriel Ramos,Loratadina 500mg - 20 Comprimidos - Aché,4,107.08,428.32
2177,2026-07-08,Ana Júlia Mendonça,Sertralina Suspensão Oral 50ml - Neo Química (Genérico),3,231.68,695.04
2178,2026-05-28,Esther Pimenta,Fluoxetina 25mg - 30 Comprimidos - EMS (Genérico),1,83.34,83.34
2179,2025-10-30,Sophia Câmara,Vacina contra Catarata - Reforço,5,125.28,626.4
2180,2025-06-11,Dr. Mateus Sampaio,Sabonete em Barra Nivea 500ml,3,45,135
2181,2025-06-17,Sarah Campos,Nimesulida 50mg - 30 Comprimidos - Medley (Genérico),5,11.98,59.900000000000006
2182,2025-12-02,Paulo Pacheco,Amoxicilina 25mg - 30 Comprimidos - Bayer,5,94.88,474.4
2183,2025-10-09,Rebeca Martins,Pomada para Assaduras Huggies Tamanho G (32 un),4,171.8,687.2
2184,2026-02-10,Bento Lima,Azitromicina Suspensão Oral 50ml - Eurofarma,3,49.82,149.46
2185,2025-04-12,Luiz Otávio Nunes,Vacina contra Depressão - Reforço,1,245.53,245.53
2186,2025-02-11,Davi Miguel Cunha,Tadalafila Gotas 20ml - EMS (Genérico),3,101.55,304.65
2187,2024-10-04,Ana Julia Duarte,Condicionador Hidratação Sempre Livre 50g,5,156.52,782.6
2188,2025-12-14,Zoe Guerra,Vacina contra Úlcera - Reforço,1,90.83,90.83
2189,2026-08-25,Pedro Miguel Cavalcanti,Fralda Descartável Johnson's 400ml,3,7.86,23.580000000000002
2190,2026-04-05,Sr. João Pedro Costela,Tadalafila 500mg - 20 Comprimidos - Medley (Genérico),5,51.02,255.10000000000002
2191,2025-08-06,Henrique Camargo,Vacina contra Dengue - Reforço,3,126.08,378.24
2192,2024-12-22,Ravi Lucca Correia,Absorvente com Abas G-Tech 90g,1,182.53,182.53
2193,2025-11-03,Luna Silveira,Sérum Vitamina C Johnson's 500ml,3,116.2,348.6
2194,2025-01-12,Asafe Garcia,Paracetamol 25mg - 30 Comprimidos - EMS (Genérico),1,171.56,171.56
2195,2026-03-12,Vitória Fernandes,Sabonete em Barra Pampers 90g,2,26.47,52.94
2196,2025-09-19,Vitor Hugo Nunes,Loratadina 25mg - 30 Comprimidos - Bayer,4,205.47,821.88
2197,2026-02-12,Vinicius da Cunha,Nimesulida Suspensão Oral 50ml - Medley (Genérico),1,242.17,242.17
2198,2026-04-23,Erick Siqueira,Paracetamol Xarope 120ml - EMS (Genérico),5,180.56,902.8
2199,2026-06-09,Daniel Ribeiro,Dipirona Sódica Suspensão Oral 50ml - Aché,1,213.76,213.76
2200,2025-04-07,Dra. Natália Rios,Lenço Umedecido Mió Tamanho M (40 un),1,43.72,43.72
2201,2026-08-30,Elisa Jesus,Vacina contra Leucemia - Dose Única,1,236.64,236.64
2202,2026-05-07,Léo Vieira,Sertralina Suspensão Oral 50ml - Aché,4,65.67,262.68
2203,2025-01-07,Sr. Rael Fernandes,Metformina 50mg - 30 Comprimidos - Medley (Genérico),1,34.6,34.6
2204,2025-03-23,Lívia Siqueira,Hastes Flexíveis (Cotonetes) Aptamil Tamanho M (40 un),1,19.79,19.79
2205,2025-06-10,Lívia da Cunha,Ibuprofeno Suspensão Oral 50ml - EMS (Genérico),5,36.54,182.7
2206,2024-11-01,Júlia Oliveira,Enalapril 50mg - 30 Comprimidos - Bayer,2,98.23,196.46
2207,2025-06-05,Levi Mendes,Soro Fisiológico Dove FPS 70,1,197.06,197.06
2208,2026-01-30,Lucas Cavalcanti,Absorvente com Abas La Roche-Posay Tamanho G (32 un),1,127.55,127.55
2209,2026-05-23,Enzo Melo,Diclofenaco Pomada 30g - Bayer,2,206.44,412.88
2210,2026-06-17,Yuri Pastor,Cefalexina Gotas 20ml - EMS (Genérico),5,35.17,175.85000000000002
2211,2025-02-23,Mathias Nunes,Escitalopram Xarope 120ml - Aché,1,163.61,163.61
2212,2025-09-29,Maya Camargo,Pomada para Assaduras Dove FPS 70,2,18.09,36.18
2213,2025-06-13,Sra. Ana Vitória Cirino,Enalapril Suspensão Oral 50ml - Medley (Genérico),3,218.1,654.3
2214,2026-08-23,Aurora das Neves,Escitalopram 25mg - 30 Comprimidos - Medley (Genérico),2,53.19,106.38
2215,2025-11-24,João Gabriel Costela,Hastes Flexíveis (Cotonetes) Panvel 150ml,1,114.06,114.06
2216,2026-02-15,Maria Cecília Rocha,Sildenafila 500mg - 20 Comprimidos - Medley (Genérico),5,106,530
2217,2025-06-11,Nina Jesus,Pantoprazol 25mg - 30 Comprimidos - Aché,1,105.45,105.45
2218,2025-07-02,Natália Sousa,Paracetamol Suspensão Oral 50ml - EMS (Genérico),3,58.21,174.63
2219,2026-01-26,Lucas Gabriel Albuquerque,Amoxicilina 50mg - 30 Comprimidos - Bayer,1,75.94,75.94
2220,2025-12-31,Sra. Luísa Aragão,Paracetamol 500mg - 20 Comprimidos - Bayer,5,241.3,1206.5
2221,2025-08-26,Enrico Vieira,Sertralina 1g - 10 Comprimidos - EMS (Genérico),1,108.01,108.01
2222,2025-07-30,Ana Lívia Porto,Sabonete em Barra Clear Tamanho M (40 un),1,21.43,21.43
2223,2025-05-20,Ana Vitória Fogaça,Sertralina Xarope 120ml - Neo Química (Genérico),1,81.67,81.67
2224,2025-06-27,Isaque Freitas,Cefalexina Pomada 30g - Bayer,3,19.34,58.019999999999996
2225,2025-12-27,Benjamim Rodrigues,Omeprazol Pomada 30g - Bayer,4,173.25,693
2226,2025-09-12,Fernando Araújo,Hidroclorotiazida Gotas 20ml - Eurofarma,5,146.95,734.75
2227,2025-02-02,Caio Pacheco,Hidroclorotiazida Xarope 120ml - Medley (Genérico),4,92.76,371.04
2228,2026-01-07,Olívia Lopes,Hidroclorotiazida Suspensão Oral 50ml - Eurofarma,1,41.46,41.46
2229,2025-01-16,Francisco Cavalcanti,Paracetamol 1g - 10 Comprimidos - Bayer,2,61.6,123.2
2230,2024-12-01,Dante Gomes,Desodorante Roll-on Needs 150ml,3,243.41,730.23
2231,2025-04-18,Mariana da Luz,Dipirona Sódica 50mg - 30 Comprimidos - Medley (Genérico),1,121.9,121.9
2232,2025-05-19,Yasmin Montenegro,Sinvastatina Pomada 30g - EMS (Genérico),1,84.69,84.69
2233,2024-12-28,Anthony Gabriel Machado,Omeprazol 500mg - 20 Comprimidos - Neo Química (Genérico),4,30.06,120.24
2234,2026-08-30,Luan Silveira,Fluoxetina 25mg - 30 Comprimidos - Aché,5,114.53,572.65
2235,2026-04-12,Sr. Lorenzo Albuquerque,Sérum Vitamina C Johnson's FPS 70,2,90.29,180.58
2236,2025-03-20,Thiago Pastor,Atenolol Suspensão Oral 50ml - Neo Química (Genérico),5,134,670
2237,2026-05-12,Valentina Costela,Cefalexina Xarope 120ml - Aché,2,91.87,183.74
2238,2025-10-27,Guilherme da Mata,Creme Hidratante G-Tech Tamanho G (32 un),4,121.2,484.8
2239,2025-10-22,Léo Oliveira,Dipirona Sódica Xarope 120ml - Neo Química (Genérico),2,190.38,380.76
2240,2026-07-25,Manuela Rodrigues,Pantoprazol Pomada 30g - Eurofarma,3,35.55,106.64999999999999
2241,2025-04-14,Heloísa Novais,Dipirona Sódica 1g - 10 Comprimidos - Neo Química (Genérico),3,25.42,76.26
2242,2025-10-29,Guilherme Costela,Dipirona Sódica Suspensão Oral 50ml - Neo Química (Genérico),2,90.27,180.54
2243,2025-01-07,Dr. Leandro da Cruz,Shampoo Anticaspa Aptamil 500ml,1,60.02,60.02
2244,2026-04-03,Davi Lucas Dias,Omeprazol 500mg - 20 Comprimidos - Neo Química (Genérico),4,30.06,120.24
2245,2025-06-16,Davi Carvalho,Hastes Flexíveis (Cotonetes) Mió 150ml,3,222.68,668.04
2246,2025-09-29,Eloá Câmara,Água Micelar Johnson's Tamanho M (40 un),3,145.28,435.84000000000003
2247,2025-08-16,José Miguel Gomes,Hidroclorotiazida 50mg - 30 Comprimidos - Aché,4,146.46,585.84
2248,2026-09-08,Heloisa Lima,Termômetro Digital Bepantol 150ml,4,214.05,856.2
2249,2025-09-03,Fernanda Campos,Nimesulida Gotas 20ml - Aché,2,72.78,145.56
2250,2025-12-25,Laís Costa,Sabonete Líquido Nivea Tamanho M (40 un),4,51.11,204.44
2251,2025-07-15,Ravi Rezende,Pantoprazol Pomada 30g - Eurofarma,2,35.55,71.1
2252,2025-01-31,Luigi Barros,Clonazepam Gotas 20ml - Bayer,5,176.04,880.1999999999999
2253,2026-05-13,Lívia Rios,Curativos (Band-Aid) Panvel 50g,1,221.64,221.64
2254,2025-06-06,Lavínia Leão,Hastes Flexíveis (Cotonetes) Aptamil Tamanho M (40 un),2,19.79,39.58
2255,2025-10-29,Vitor Oliveira,Clonazepam 25mg - 30 Comprimidos - EMS (Genérico),2,246.63,493.26
2256,2025-12-04,Nicolas Leão,Nimesulida Xarope 120ml - Eurofarma,4,66.67,266.68
2257,2026-01-21,Bárbara Sampaio,Creme Hidratante Nivea Tamanho M (40 un),5,194.79,973.9499999999999
2258,2025-03-26,Sra. Julia Ramos,Nimesulida Gotas 20ml - Aché,3,72.78,218.34
2259,2026-09-03,Srta. Evelyn Ferreira,Água Micelar Pampers FPS 50,5,126.73,633.65
2260,2025-09-04,Gael das Neves,Fralda Descartável Listerine 50g,2,31.34,62.68
2261,2026-04-09,Sra. Cecília Carvalho,Protetor Solar Corporal Panvel 50g,4,247.84,991.36
2262,2024-12-09,Sr. Yago Pimenta,Enxaguante Bucal Pampers 200ml,4,163.92,655.68
2263,2026-01-16,Matteo Viana,Sinvastatina 1g - 10 Comprimidos - Medley (Genérico),3,194.92,584.76
2264,2025-01-04,Srta. Júlia Santos,Enxaguante Bucal Dove 50 Metros,1,119.89,119.89
2265,2026-07-05,Valentina Moraes,Ibuprofeno 500mg - 20 Comprimidos - EMS (Genérico),5,235.23,1176.1499999999999
2266,2025-02-16,Maria Luiza Rezende,Creme Hidratante Nivea 50 Metros,3,37.62,112.85999999999999
2267,2026-05-31,Sr. Henry Gomes,Diclofenaco Pomada 30g - Medley (Genérico),2,44.26,88.52
2268,2025-07-05,Srta. Mariane Melo,Escitalopram Xarope 120ml - EMS (Genérico),1,233.02,233.02
2269,2026-03-18,Ana Carolina das Neves,Atenolol Gotas 20ml - Eurofarma,1,246.04,246.04
2270,2025-10-11,Dr. Mateus Sampaio,Sérum Vitamina C Sempre Livre FPS 50,4,32.76,131.04
2271,2025-05-22,Pietra Silva,Desodorante Roll-on G-Tech 500ml,4,66.95,267.8
2272,2025-11-30,Larissa Santos,Cefalexina 500mg - 20 Comprimidos - Aché,4,133.22,532.88
2273,2025-04-25,Felipe Mendes,Fluoxetina Xarope 120ml - Medley (Genérico),2,84.84,169.68
2274,2025-12-07,Pedro Lucas Castro,Escitalopram 500mg - 20 Comprimidos - Aché,5,32.7,163.5
2275,2026-06-17,Enzo Gabriel da Cunha,Pomada para Assaduras G-Tech 50 Metros,2,10.39,20.78
2276,2025-08-31,Sra. Cecília Carvalho,Sinvastatina 50mg - 30 Comprimidos - Eurofarma,5,85,425
2277,2026-02-22,José Santos,Sildenafila Pomada 30g - Aché,5,49.97,249.85
2278,2025-03-24,Maria Júlia Costa,Álcool em Gel 70% Nivea 500ml,5,44.9,224.5
2279,2025-09-05,Juliana Fonseca,Omeprazol 50mg - 30 Comprimidos - Neo Química (Genérico),3,148.48,445.43999999999994
2280,2026-08-21,Luiz Felipe Jesus,Dipirona Sódica Gotas 20ml - EMS (Genérico),2,99.15,198.3
2281,2025-07-11,João Gabriel Garcia,Pantoprazol 25mg - 30 Comprimidos - Aché,4,105.45,421.8
2282,2025-03-14,Ana Lívia da Costa,Vacina contra Tuberculose - Dose Única,1,112.67,112.67
2283,2026-04-04,Vinicius Albuquerque,Nimesulida 25mg - 30 Comprimidos - Aché,3,27.51,82.53
2284,2025-10-19,Davi Lucas Gomes,Escitalopram Pomada 30g - Aché,5,248.67,1243.35
2285,2026-07-28,Manuela Rodrigues,Sinvastatina 50mg - 30 Comprimidos - EMS (Genérico),1,187.92,187.92
2286,2026-06-21,João Gabriel da Conceição,Creme Hidratante CeraVe 500ml,4,53.65,214.6
2287,2025-07-29,Raquel Rodrigues,Vacina contra Pedra nos Rins - Reforço,5,83.75,418.75
2288,2026-05-09,Ravi Rezende,Vacina contra Câncer de Pulmão - Reforço,1,92.17,92.17
2289,2025-03-10,Luísa Araújo,Cefalexina Xarope 120ml - Aché,5,91.87,459.35
2290,2025-01-04,Olivia Vieira,Sinvastatina 50mg - 30 Comprimidos - Eurofarma,1,85,85
2291,2026-01-05,Asafe Peixoto,Ibuprofeno Suspensão Oral 50ml - EMS (Genérico),5,36.54,182.7
2292,2026-04-30,Melissa Camargo,Diclofenaco Suspensão Oral 50ml - Bayer,5,16.01,80.05000000000001
2293,2026-03-20,Joaquim Porto,Lenço Umedecido Sempre Livre 150ml,1,101.27,101.27
2294,2026-03-18,Thomas Viana,Vacina contra Câncer de Pulmão - Reforço,5,92.17,460.85
2295,2025-09-13,Theo da Mota,Soro Fisiológico Dove FPS 70,2,197.06,394.12
2296,2026-05-17,Ian Machado,Fio Dental Huggies 50 Metros,4,163.42,653.68
2297,2026-06-18,Ana Júlia Mendonça,Ibuprofeno Xarope 120ml - Eurofarma,2,19.32,38.64
2298,2024-10-04,Ryan Borges,Diclofenaco Pomada 30g - Medley (Genérico),5,44.26,221.29999999999998
2299,2025-04-18,Henrique Camargo,Sildenafila Pomada 30g - Aché,2,49.97,99.94
2300,2025-04-22,Manuela Mendes,Diclofenaco Gotas 20ml - Bayer,1,140.04,140.04
2301,2025-11-20,Francisco Almeida,Protetor Solar Facial CeraVe FPS 50,1,233.55,233.55
2302,2025-02-15,Heitor Oliveira,Loratadina 50mg - 30 Comprimidos - Bayer,1,87.45,87.45
2303,2024-10-02,Emanuel Leão,Absorvente com Abas Colgate 400ml,2,138.4,276.8
2304,2026-08-24,Dra. Laís Alves,Termômetro Digital Colgate 90g,3,175.02,525.0600000000001
2305,2025-05-31,Paulo Araújo,Losartana Potássica 50mg - 30 Comprimidos - Medley (Genérico),2,117.53,235.06
2306,2026-01-20,Maria Liz Caldeira,Loratadina Xarope 120ml - EMS (Genérico),5,175.73,878.65
2307,2025-08-03,Maria Júlia Costa,Cefalexina 500mg - 20 Comprimidos - Eurofarma,1,135.47,135.47
2308,2026-05-19,Isabelly Almeida,Água Micelar Colgate 500ml,2,84.12,168.24
2309,2025-01-23,Luiz Miguel Pimenta,Amoxicilina 500mg - 20 Comprimidos - Bayer,4,116.65,466.6
2310,2025-12-14,Dra. Ana Júlia Viana,Nimesulida Suspensão Oral 50ml - Medley (Genérico),4,242.17,968.68
2311,2026-09-10,Camila da Cruz,Diclofenaco 50mg - 30 Comprimidos - EMS (Genérico),1,154.28,154.28
2312,2026-08-30,Ana Júlia Souza,Azitromicina 25mg - 30 Comprimidos - Medley (Genérico),4,80.19,320.76
2313,2025-07-24,Dra. Heloísa Sales,Amoxicilina Pomada 30g - Aché,3,198.46,595.38
2314,2026-08-29,Matteo Viana,Água Micelar Clear Tamanho M (40 un),5,32.3,161.5
2315,2025-08-28,Heloisa Fogaça,Atenolol Xarope 120ml - Eurofarma,2,220.49,440.98
2316,2025-02-27,Maria Helena da Rocha,Vacina contra Conjuntivite - Reforço,2,102.17,204.34
2317,2025-07-28,Davi Lucca Moreira,Vacina contra Embolia - Reforço,4,7.76,31.04
2318,2025-01-11,Sr. Ravy Sales,Sérum Vitamina C Sempre Livre FPS 50,4,32.76,131.04
2319,2024-12-24,Vitor Hugo Novais,Fralda Descartável Nivea FPS 50,3,145.19,435.57
2320,2024-11-12,Enzo Gabriel Barbosa,Hastes Flexíveis (Cotonetes) Johnson's 200ml,2,27.19,54.38
2321,2026-06-17,Stella Martins,Amoxicilina 500mg - 20 Comprimidos - Bayer,5,116.65,583.25
2322,2025-04-12,Lorenzo Cassiano,Curativos (Band-Aid) Clear 400ml,5,81.01,405.05
2323,2025-06-09,Bella Pastor,Cefalexina Pomada 30g - Bayer,5,19.34,96.7
2324,2024-11-05,Danilo Sampaio,Termômetro Digital CeraVe 150ml,4,175.91,703.64
2325,2024-12-31,Maria Sophia Melo,Vacina contra Embolia - Reforço,5,7.76,38.8
2326,2026-08-30,Sr. Benjamim Nascimento,Vacina contra Câncer de Próstata - Reforço,4,111.6,446.4
2327,2026-06-07,Lavínia Mendonça,Absorvente com Abas Sempre Livre 90g,1,45.63,45.63
2328,2025-09-26,Enzo Lima,Metformina Gotas 20ml - Neo Química (Genérico),5,235.13,1175.65
2329,2025-08-17,Luiz Gustavo Barbosa,Vacina contra Glaucoma - Dose Única,3,135.12,405.36
2330,2025-04-02,Brayan Sousa,Cefalexina Xarope 120ml - Eurofarma,4,99.22,396.88
2331,2026-06-24,Kamilly da Conceição,Loratadina 25mg - 30 Comprimidos - Eurofarma,5,7.52,37.599999999999994
2332,2026-05-24,Henry Araújo,Losartana Potássica 500mg - 20 Comprimidos - Aché,5,156.05,780.25
2333,2026-05-04,Bernardo Ribeiro,Pomada para Assaduras Dove FPS 70,1,18.09,18.09
2334,2026-05-18,Luiz Miguel Duarte,Clonazepam Xarope 120ml - Aché,5,191.9,959.5
2335,2025-06-19,Vinicius Pastor,Metformina Pomada 30g - Bayer,4,231.84,927.36
2336,2025-03-29,Carolina Pires,Pomada para Assaduras Dove FPS 70,1,18.09,18.09
2337,2024-09-24,Marcela Pereira,Sérum Vitamina C Sempre Livre FPS 50,2,32.76,65.52
2338,2024-11-24,Dra. Ana Júlia Viana,Água Micelar Vichy 500ml,5,173.25,866.25
2339,2026-04-28,Heitor Oliveira,Água Micelar Pampers FPS 50,5,126.73,633.65
2340,2024-12-11,Benjamim Siqueira,Ibuprofeno Suspensão Oral 50ml - EMS (Genérico),2,36.54,73.08
2341,2025-09-06,Enzo Rocha,Fralda Descartável Sempre Livre 50 Metros,1,64.21,64.21
2342,2025-04-16,Mathias Nunes,Vacina contra Embolia - Reforço,3,7.76,23.28
2343,2025-07-17,Nicole Teixeira,Loratadina 500mg - 20 Comprimidos - Aché,3,107.08,321.24
2344,2024-12-20,Ana Carolina Martins,Losartana Potássica Pomada 30g - Bayer,2,228.47,456.94
2345,2026-06-10,Srta. Júlia Santos,Creme Hidratante Nivea Tamanho M (40 un),4,194.79,779.16
2346,2025-09-02,Olívia Novaes,Pantoprazol Gotas 20ml - Bayer,3,249.64,748.92
2347,2025-05-14,Maria Fernanda da Cunha,Ibuprofeno 1g - 10 Comprimidos - Neo Química (Genérico),1,232.98,232.98
2348,2026-09-11,Isaac Vargas,Vacina contra Zika - Dose Única,2,203.94,407.88
2349,2026-06-30,Mathias Nunes,Vacina contra Osteoporose - Reforço,5,66.03,330.15
2350,2025-01-10,Heloísa Viana,Termômetro Digital Listerine 50g,5,55.92,279.6
2351,2024-09-16,Sra. Ana Vitória Cirino,Metformina Gotas 20ml - Neo Química (Genérico),3,235.13,705.39
2352,2025-08-23,Rael da Cunha,Tadalafila 500mg - 20 Comprimidos - Neo Química (Genérico),2,55.18,110.36
2353,2026-02-15,Bella Machado,Sinvastatina Xarope 120ml - EMS (Genérico),4,72.93,291.72
2354,2025-04-21,Stephany Duarte,Vacina contra Câncer de Mama - Dose Única,4,32.32,129.28
2355,2026-05-04,Marina Lima,Sildenafila 1g - 10 Comprimidos - Neo Química (Genérico),4,24.11,96.44
2356,2025-06-12,Apollo Garcia,Vacina contra Insuficiência Renal - Reforço,4,15.5,62
2357,2025-06-02,Sofia Leão,Omeprazol 50mg - 30 Comprimidos - Neo Química (Genérico),5,148.48,742.4
2358,2024-10-11,Rafael Araújo,Tadalafila Suspensão Oral 50ml - EMS (Genérico),1,93.6,93.6
2359,2026-01-20,Maya Leão,Sildenafila Suspensão Oral 50ml - Eurofarma,2,135.31,270.62
2360,2025-11-01,Anna Liz Pastor,Amoxicilina 50mg - 30 Comprimidos - EMS (Genérico),3,182.49,547.47
2361,2024-09-12,Nicole Cardoso,Sertralina 25mg - 30 Comprimidos - Eurofarma,3,50.94,152.82
2362,2026-09-07,Evelyn Caldeira,Nimesulida Suspensão Oral 50ml - Medley (Genérico),5,242.17,1210.85
2363,2025-08-25,Danilo Aparecida,Ibuprofeno Suspensão Oral 50ml - EMS (Genérico),3,36.54,109.62
2364,2025-10-01,Théo Campos,Condicionador Hidratação Needs 200ml,1,105.88,105.88
2365,2024-12-25,Sra. Maria Cecília Jesus,Fio Dental Nivea Tamanho M (40 un),2,152.47,304.94
2366,2026-01-15,Heitor Oliveira,Enalapril Gotas 20ml - Medley (Genérico),3,144.96,434.88
2367,2024-12-14,Diogo Sá,Vacina contra Hipertireoidismo - Reforço,5,185.65,928.25
2368,2024-10-20,Isabel Vasconcelos,Pantoprazol 50mg - 30 Comprimidos - Medley (Genérico),2,21.56,43.12
2369,2025-08-15,Vicente Pacheco,Sabonete Líquido Rexona 90g,2,197.22,394.44
2370,2026-05-30,Heitor Vargas,Dipirona Sódica Gotas 20ml - Medley (Genérico),2,178.2,356.4
2371,2025-08-19,Evelyn Rodrigues,Absorvente com Abas La Roche-Posay Tamanho G (32 un),1,127.55,127.55
2372,2025-10-31,Gabrielly Ribeiro,Loratadina 500mg - 20 Comprimidos - Neo Química (Genérico),5,159.08,795.4000000000001
2373,2024-12-29,Dr. Felipe Pires,Azitromicina Pomada 30g - Medley (Genérico),1,211.87,211.87
2374,2024-11-05,Gabrielly Guerra,Metformina Pomada 30g - Neo Química (Genérico),1,216.86,216.86
2375,2025-08-19,Caio Costa,Nimesulida Gotas 20ml - EMS (Genérico),4,202.4,809.6
2376,2025-12-24,Fernando Lima,Sertralina 25mg - 30 Comprimidos - Eurofarma,1,50.94,50.94
2377,2025-06-06,Valentina Macedo,Pantoprazol 25mg - 30 Comprimidos - Aché,5,105.45,527.25
2378,2026-02-15,Yasmin Montenegro,Atenolol 25mg - 30 Comprimidos - Medley (Genérico),2,191.35,382.7
2379,2026-01-17,Isaque Vasconcelos,Azitromicina 1g - 10 Comprimidos - Medley (Genérico),2,215.41,430.82
2380,2025-11-19,Marcela Macedo,Loratadina 25mg - 30 Comprimidos - Eurofarma,1,7.52,7.52
2381,2025-12-15,João Lucas Porto,Vacina contra Hipertensão - Reforço,3,115.29,345.87
2382,2024-11-10,Srta. Laís Cassiano,Creme Dental Nivea Tamanho G (32 un),2,198.99,397.98
2383,2025-11-06,Murilo Martins,Paracetamol Pomada 30g - Medley (Genérico),3,8.21,24.630000000000003
2384,2025-07-10,Luiz Fernando das Neves,Absorvente com Abas Colgate 500ml,4,48.15,192.6
2385,2025-03-13,Arthur Miguel Azevedo,Sabonete em Barra Huggies FPS 70,2,22.94,45.88
2386,2026-07-18,Mathias Castro,Desodorante Roll-on Johnson's FPS 50,4,237.25,949
2387,2026-02-17,Dra. Sabrina Costela,Cefalexina Suspensão Oral 50ml - Medley (Genérico),1,181.18,181.18
2388,2025-06-02,Caio Costa,Nimesulida Suspensão Oral 50ml - Aché,4,70.27,281.08
2389,2025-11-21,Benicio Machado,Amoxicilina 25mg - 30 Comprimidos - Bayer,4,94.88,379.52
2390,2026-01-24,Isabella Ribeiro,Pomada para Assaduras Rexona 400ml,4,8.08,32.32
2391,2024-10-23,Rhavi Viana,Termômetro Digital Colgate 500ml,3,73.16,219.48
2392,2026-03-21,Matheus Guerra,Vacina contra Catarata - Reforço,1,125.28,125.28
2393,2025-09-06,Nina Jesus,Paracetamol Xarope 120ml - Medley (Genérico),4,49.35,197.4
2394,2025-12-22,Srta. Amanda Costela,Shampoo Anticaspa Huggies 400ml,5,35.72,178.6
2395,2025-12-01,Luiz Felipe Pires,Sinvastatina Pomada 30g - EMS (Genérico),3,84.69,254.07
2396,2026-09-11,Ester Pacheco,Sinvastatina Pomada 30g - Medley (Genérico),5,210.63,1053.15
2397,2026-05-21,Otávio Alves,Losartana Potássica Pomada 30g - Eurofarma,2,61.84,123.68
2398,2026-09-05,Pedro Lucas Guerra,Água Micelar La Roche-Posay 50 Metros,2,239.98,479.96
2399,2024-11-08,Isis Nascimento,Soro Fisiológico Mió 50g,3,47.89,143.67000000000002
2400,2024-12-21,Cauã Sousa,Fio Dental Needs FPS 50,1,21.71,21.71
2401,2026-04-30,Vitor Lima,Água Micelar La Roche-Posay 50 Metros,1,239.98,239.98
2402,2026-02-02,Arthur Gabriel Moreira,Vacina contra Dengue - Reforço,5,126.08,630.4
2403,2026-01-02,Dr. Diogo Rocha,Escitalopram 500mg - 20 Comprimidos - Bayer,1,155.14,155.14
2404,2025-01-08,Apollo Leão,Azitromicina Xarope 120ml - Aché,4,151.45,605.8
2405,2026-01-25,Samuel Teixeira,Vacina contra Cirrose - Reforço,5,194.24,971.2
2406,2025-05-16,Rael da Mota,Sabonete em Barra Nivea Tamanho M (40 un),2,15.11,30.22
2407,2026-02-19,Calebe Costela,Vacina contra Trombose - Reforço,2,73.8,147.6
2408,2025-07-13,Bento Peixoto,Atenolol Pomada 30g - Aché,4,176.06,704.24
2409,2025-08-30,Maria Liz Peixoto,Álcool em Gel 70% Rexona 150ml,3,234.4,703.2
2410,2026-03-04,Rafael Araújo,Cefalexina 25mg - 30 Comprimidos - Eurofarma,1,49.94,49.94
2411,2025-10-01,Ana Lívia Dias,Creme Hidratante Nivea 50 Metros,5,37.62,188.1
2412,2025-04-23,Sr. Benjamim Novais,Amoxicilina 50mg - 30 Comprimidos - Eurofarma,1,241.43,241.43
2413,2025-07-14,Dr. Antony Andrade,Vacina contra Osteoporose - Reforço,2,66.03,132.06
2414,2025-03-21,Ana Júlia Campos,Dipirona Sódica 50mg - 30 Comprimidos - Medley (Genérico),5,121.9,609.5
2415,2026-06-27,Luiz Otávio Caldeira,Diclofenaco Pomada 30g - Medley (Genérico),5,44.26,221.29999999999998
2416,2025-09-17,Diogo Câmara,Vacina contra Rinite - Reforço,3,67.99,203.96999999999997
2417,2026-07-31,Luiz Otávio Nunes,Losartana Potássica 1g - 10 Comprimidos - Bayer,5,16.75,83.75
2418,2025-06-25,João Vitor Gomes,Termômetro Digital La Roche-Posay 500ml,5,40.39,201.95
2419,2025-02-17,Pedro Miguel Cavalcanti,Vacina contra Anemia - Dose Única,1,215.99,215.99
2420,2025-12-07,Maria Sophia Melo,Paracetamol 50mg - 30 Comprimidos - Neo Química (Genérico),1,195.75,195.75
2421,2026-05-29,Carolina Macedo,Vacina contra Parkinson - Reforço,1,63.48,63.48
2422,2025-09-04,Srta. Beatriz Marques,Creme Dental Needs 200ml,3,138.13,414.39
2423,2026-06-05,Dr. João Guilherme Peixoto,Soro Fisiológico Sempre Livre 50 Metros,3,30.35,91.05000000000001
2424,2026-02-01,Ana Vitória Fogaça,Diclofenaco Pomada 30g - Medley (Genérico),3,44.26,132.78
2425,2026-05-12,Srta. Fernanda Gonçalves,Curativos (Band-Aid) Bepantol Tamanho M (40 un),4,123.84,495.36
2426,2024-11-09,Dr. Caleb Moraes,Clonazepam Gotas 20ml - Neo Química (Genérico),3,247.15,741.45
2427,2026-03-12,Danilo Cirino,Vacina contra Embolia - Reforço,1,7.76,7.76
2428,2026-03-02,Valentina Novaes,Ibuprofeno Suspensão Oral 50ml - Eurofarma,2,38.54,77.08
2429,2025-08-16,Marcelo Nascimento,Clonazepam 1g - 10 Comprimidos - Eurofarma,2,57.46,114.92
2430,2026-02-08,Enzo Castro,Termômetro Digital Aptamil 400ml,5,8.78,43.9
2431,2026-04-07,Agatha Cavalcante,Fluoxetina 500mg - 20 Comprimidos - Neo Química (Genérico),4,194.05,776.2
2432,2025-12-26,Lucas Gabriel Melo,Azitromicina Xarope 120ml - Neo Química (Genérico),5,177.09,885.45
2433,2026-02-05,Dr. Diogo Rocha,Curativos (Band-Aid) Clear 400ml,4,81.01,324.04
2434,2024-10-05,Noah Aparecida,Clonazepam Xarope 120ml - Aché,1,191.9,191.9
2435,2026-01-15,Asafe Peixoto,Água Micelar Panvel 150ml,2,96.85,193.7
2436,2025-11-15,Sr. Benicio das Neves,Diclofenaco 1g - 10 Comprimidos - Neo Química (Genérico),2,172.05,344.1
2437,2026-02-26,Maria Luiza Ribeiro,Termômetro Digital La Roche-Posay 500ml,3,40.39,121.17
2438,2025-10-04,Gabriela Correia,Escitalopram Pomada 30g - Bayer,4,46.92,187.68
2439,2025-05-13,Bella Machado,Creme Hidratante Sempre Livre 400ml,1,27.04,27.04
2440,2025-01-24,Natália Costela,Vacina contra Leucemia - Reforço,3,107.48,322.44
2441,2026-02-24,Eduardo Pimenta,Sérum Vitamina C Johnson's FPS 70,1,90.29,90.29
2442,2026-02-28,Arthur Gabriel Moreira,Azitromicina 500mg - 20 Comprimidos - Neo Química (Genérico),3,166.15,498.45000000000005
2443,2026-04-29,Clarice Pastor,Sabonete Líquido Clear 90g,5,174.49,872.45
2444,2026-01-08,Fernando Silveira,Água Micelar Vichy 500ml,1,173.25,173.25
2445,2025-08-20,Noah Cunha,Vacina contra Gripe - Reforço,1,30.98,30.98
2446,2026-07-18,Luiz Felipe Borges,Sinvastatina Pomada 30g - Medley (Genérico),3,210.63,631.89
2447,2026-08-25,Sr. Benjamim Nascimento,Vacina contra Catarata - Reforço,4,125.28,501.12
2448,2024-10-19,Daniel da Mota,Água Micelar Colgate 200ml,4,84.6,338.4
2449,2026-01-13,Maria Helena Moura,Dipirona Sódica 500mg - 20 Comprimidos - Aché,1,48.2,48.2
2450,2025-05-18,Antônio Câmara,Paracetamol Gotas 20ml - Medley (Genérico),3,11.86,35.58
2451,2025-03-13,Pietra Silva,Omeprazol 500mg - 20 Comprimidos - Neo Química (Genérico),4,30.06,120.24
2452,2025-09-27,Sr. Valentim Pastor,Enxaguante Bucal Johnson's FPS 50,5,137.06,685.3
2453,2026-02-07,Paulo Araújo,Paracetamol 25mg - 30 Comprimidos - Medley (Genérico),3,221.25,663.75
2454,2024-09-19,Vinicius Silva,Protetor Solar Facial Panvel 90g,5,56.2,281
2455,2025-04-28,Erick Pimenta,Dipirona Sódica Gotas 20ml - Medley (Genérico),3,178.2,534.5999999999999
2456,2025-09-24,Dra. Natália Rios,Vacina contra Parkinson - Reforço,3,63.48,190.44
2457,2026-04-19,Enrico Azevedo,Atenolol Gotas 20ml - Eurofarma,2,246.04,492.08
2458,2025-05-14,Dr. José da Rocha,Lenço Umedecido Sempre Livre 150ml,1,101.27,101.27
2459,2025-01-18,Pietro Araújo,Sinvastatina Pomada 30g - EMS (Genérico),3,84.69,254.07
2460,2025-12-16,Paulo Machado,Enalapril Xarope 120ml - EMS (Genérico),1,35.01,35.01
2461,2026-08-04,Sra. Agatha Moraes,Losartana Potássica 1g - 10 Comprimidos - Medley (Genérico),4,206.7,826.8
2462,2025-01-08,Dr. João Pedro Siqueira,Curativos (Band-Aid) Dove Tamanho M (40 un),2,170.8,341.6
2463,2025-05-19,Theo da Mota,Amoxicilina 500mg - 20 Comprimidos - Bayer,3,116.65,349.95000000000005
2464,2026-09-10,Manuela Cassiano,Lenço Umedecido Huggies Tamanho M (40 un),1,25.49,25.49
2465,2024-11-12,Maria Liz Novais,Hidroclorotiazida Pomada 30g - Aché,3,181.09,543.27
2466,2025-12-26,Benjamim Ribeiro,Azitromicina 1g - 10 Comprimidos - Medley (Genérico),1,215.41,215.41
2467,2026-05-27,Gabrielly Ribeiro,Fluoxetina 50mg - 30 Comprimidos - Aché,2,26.13,52.26
2468,2026-03-23,Ana Moraes,Fluoxetina 25mg - 30 Comprimidos - Neo Química (Genérico),5,120.34,601.7
2469,2026-05-02,João Gabriel Pacheco,Cefalexina 500mg - 20 Comprimidos - Neo Química (Genérico),3,193.39,580.17
2470,2025-03-18,Vinicius Pastor,Paracetamol Pomada 30g - EMS (Genérico),5,12.35,61.75
2471,2026-08-03,Isabelly Machado,Vacina contra Pneumonia - Dose Única,4,28.38,113.52
2472,2025-05-30,Bernardo Ribeiro,Enxaguante Bucal Dove 50 Metros,2,119.89,239.78
2473,2024-11-27,João da Mota,Atenolol Xarope 120ml - Eurofarma,3,220.49,661.47
2474,2025-10-11,Rafael Barbosa,Vacina contra Psoríase - Dose Única,4,217.75,871
2475,2026-04-22,Mathias Teixeira,Ibuprofeno Pomada 30g - Bayer,4,30.11,120.44
2476,2025-03-25,Maria Luiza Abreu,Tadalafila Gotas 20ml - Eurofarma,1,162.57,162.57
2477,2025-12-04,Eduardo da Cunha,Pomada para Assaduras Dove 150ml,2,64.33,128.66
2478,2025-09-05,Augusto Silva,Sertralina Xarope 120ml - Neo Química (Genérico),3,81.67,245.01
2479,2026-05-15,Marina Sampaio,Ibuprofeno Pomada 30g - Eurofarma,5,106.59,532.95
2480,2026-05-18,Anthony Gabriel Gomes,Paracetamol Xarope 120ml - EMS (Genérico),5,180.56,902.8
2481,2026-07-28,Vinicius Melo,Metformina 50mg - 30 Comprimidos - Medley (Genérico),4,34.6,138.4
2482,2025-10-13,Cauê Aragão,Fralda Descartável Nivea FPS 50,1,145.19,145.19
2483,2025-10-31,Maria Luísa Almeida,Azitromicina Xarope 120ml - Neo Química (Genérico),1,177.09,177.09
2484,2026-09-02,Ana Julia Novais,Absorvente com Abas Johnson's FPS 50,1,80.34,80.34
2485,2025-05-29,Maria Isis Novais,Amoxicilina 25mg - 30 Comprimidos - Eurofarma,3,239.18,717.54
2486,2026-07-16,Sr. Benjamim Novais,Água Micelar Colgate 500ml,2,84.12,168.24
2487,2024-10-30,Luiz Henrique Sousa,Amoxicilina 500mg - 20 Comprimidos - Aché,1,204.16,204.16
2488,2025-05-24,Calebe Vargas,Escitalopram Xarope 120ml - EMS (Genérico),1,233.02,233.02
2489,2025-02-21,Asafe Aparecida,Dipirona Sódica 500mg - 20 Comprimidos - EMS (Genérico),4,76.72,306.88
2490,2024-12-04,Hellena Marques,Leite em Pó Infantil Mió FPS 50,2,161.97,323.94
2491,2024-10-27,João Lucas Melo,Cefalexina 1g - 10 Comprimidos - Medley (Genérico),2,127.46,254.92
2492,2025-10-15,Maya Camargo,Ibuprofeno 50mg - 30 Comprimidos - Medley (Genérico),2,243.47,486.94
2493,2024-09-27,Luiz Miguel Macedo,Vacina contra Depressão - Reforço,3,245.53,736.59
2494,2025-09-19,Isabel Vasconcelos,Condicionador Hidratação La Roche-Posay 500ml,4,180.08,720.32
2495,2026-02-23,Zoe Guerra,Protetor Solar Corporal Vichy 50 Metros,5,113.51,567.5500000000001
2496,2026-03-08,Renan Barbosa,Creme Dental Clear 50g,5,188.6,943
2497,2025-02-07,Sr. Nicolas Oliveira,Losartana Potássica 25mg - 30 Comprimidos - EMS (Genérico),2,24.21,48.42
2498,2026-04-27,Luiz Henrique Pinto,Dipirona Sódica Xarope 120ml - Eurofarma,3,73.46,220.38
2499,2024-10-05,Larissa Duarte,Fluoxetina 25mg - 30 Comprimidos - Aché,3,114.53,343.59000000000003
2500,2026-07-22,Srta. Ana Melo,Pomada para Assaduras Huggies Tamanho G (32 un),5,171.8,859
2501,2025-01-15,Ravi Lucca Correia,Sildenafila 500mg - 20 Comprimidos - Medley (Genérico),4,106,424
2502,2026-05-08,Luiz Felipe Oliveira,Vacina contra Tuberculose - Dose Única,4,112.67,450.68
2503,2025-03-30,Maria Fernanda Abreu,Lenço Umedecido Mió Tamanho G (32 un),1,244.29,244.29
2504,2025-01-08,Srta. Ana Beatriz da Mata,Vacina contra Câncer de Pulmão - Reforço,2,92.17,184.34
2505,2026-02-01,João Pedro Aparecida,Vacina contra Depressão - Reforço,4,245.53,982.12
2506,2026-04-30,Sra. Alexia Gomes,Azitromicina 1g - 10 Comprimidos - Bayer,2,77.37,154.74
2507,2025-05-01,Esther Pimenta,Dipirona Sódica Xarope 120ml - Neo Química (Genérico),4,190.38,761.52
2508,2025-12-18,Dra. Stephany Silva,Diclofenaco 50mg - 30 Comprimidos - Neo Química (Genérico),3,215.33,645.99
2509,2025-06-28,Paulo Pacheco,Vacina contra Úlcera - Reforço,3,90.83,272.49
2510,2025-08-18,Sr. Ravi Nogueira,Hidroclorotiazida 500mg - 20 Comprimidos - Neo Química (Genérico),5,124.14,620.7
2511,2025-06-22,Lucca Caldeira,Creme Dental Nivea Tamanho G (32 un),4,198.99,795.96
2512,2025-05-25,Dra. Maria Fernanda Brito,Vacina contra Leucemia - Dose Única,4,236.64,946.56
2513,2025-12-17,Lucca Sousa,Paracetamol Suspensão Oral 50ml - Medley (Genérico),5,119.61,598.05
2514,2025-03-04,Gabrielly Dias,Vacina contra Acne - Reforço,1,171.47,171.47
2515,2026-07-05,Manuela da Mota,Tadalafila 500mg - 20 Comprimidos - Eurofarma,3,214.48,643.4399999999999
2516,2025-02-28,Henrique Melo,Creme Hidratante Dove 200ml,3,76.86,230.57999999999998
2517,2025-11-17,Bella Duarte,Diclofenaco 25mg - 30 Comprimidos - Aché,5,43.34,216.70000000000002
2518,2026-06-05,Lívia Farias,Clonazepam Xarope 120ml - EMS (Genérico),1,102.91,102.91
2519,2026-03-16,Murilo Peixoto,Água Micelar Pampers FPS 50,1,126.73,126.73
2520,2026-08-22,Isabella Alves,Escitalopram Gotas 20ml - Aché,5,169.7,848.5
2521,2025-08-06,Dr. Pedro Lucas Nogueira,Fralda Descartável Nivea FPS 50,1,145.19,145.19
2522,2024-10-23,Murilo Jesus,Vacina contra Colesterol Alto - Reforço,4,86.89,347.56
2523,2025-05-18,Vinicius Albuquerque,Losartana Potássica 500mg - 20 Comprimidos - Aché,2,156.05,312.1
2524,2024-11-26,Ravy Monteiro,Hidroclorotiazida Suspensão Oral 50ml - Eurofarma,3,41.46,124.38
2525,2025-03-21,Melina Peixoto,Azitromicina 500mg - 20 Comprimidos - Neo Química (Genérico),4,166.15,664.6
2526,2026-06-10,Maria Cecília Cavalcanti,Protetor Solar Facial CeraVe FPS 50,4,233.55,934.2
2527,2026-07-16,Davi Lucca Moreira,Protetor Solar Facial Rexona Tamanho G (32 un),2,248.5,497
2528,2026-02-06,Breno Ramos,Água Micelar Dove 90g,2,43.61,87.22
2529,2025-04-10,Léo Gonçalves,Nimesulida 50mg - 30 Comprimidos - EMS (Genérico),3,41.54,124.62
2530,2025-01-04,Luiz Miguel Pimenta,Ibuprofeno 500mg - 20 Comprimidos - EMS (Genérico),2,235.23,470.46
2531,2026-05-10,Elisa Fonseca,Amoxicilina 1g - 10 Comprimidos - Bayer,4,7.34,29.36
2532,2025-02-10,Carolina Castro,Sertralina Pomada 30g - Neo Química (Genérico),3,23.83,71.49
2533,2024-09-12,Arthur Lima,Dipirona Sódica Xarope 120ml - Eurofarma,5,73.46,367.29999999999995
2534,2024-10-04,Pedro Miguel Cavalcanti,Dipirona Sódica Pomada 30g - Medley (Genérico),2,189.44,378.88
2535,2025-07-18,Zoe Guerra,Termômetro Digital G-Tech Tamanho M (40 un),4,43.85,175.4
2536,2025-01-18,Marina Sampaio,Enxaguante Bucal Dove 50 Metros,2,119.89,239.78
2537,2026-03-04,Milena Leão,Pomada para Assaduras Panvel 400ml,2,15.35,30.7
2538,2025-05-25,Kamilly Cavalcanti,Vacina contra Tuberculose - Dose Única,3,112.67,338.01
2539,2025-04-24,Sabrina da Rosa,Losartana Potássica 500mg - 20 Comprimidos - Bayer,3,224.17,672.51
2540,2025-03-05,Bento Gomes,Sabonete em Barra Nivea 500ml,3,45,135
2541,2025-01-16,Gabrielly Dias,Creme Hidratante Nivea 50 Metros,2,37.62,75.24
2542,2026-04-10,Carolina Pires,Loratadina Xarope 120ml - Medley (Genérico),3,133.57,400.71
2543,2024-10-05,Erick Araújo,Sabonete Líquido Rexona 90g,5,197.22,986.1
2544,2025-05-15,Srta. Mariah Caldeira,Loratadina 500mg - 20 Comprimidos - Bayer,2,98.62,197.24
2545,2025-02-09,Lara Rodrigues,Loratadina 1g - 10 Comprimidos - Aché,1,229.71,229.71
2546,2026-01-14,Stella Martins,Fluoxetina 1g - 10 Comprimidos - EMS (Genérico),1,242.33,242.33
2547,2024-11-23,Ana Julia Nunes,Paracetamol Gotas 20ml - Aché,5,218.14,1090.6999999999998
2548,2026-02-02,Laís Costa,Pantoprazol Gotas 20ml - EMS (Genérico),5,54.63,273.15000000000003
2549,2025-10-05,Maria Cecília Cavalcanti,Ibuprofeno 50mg - 30 Comprimidos - Bayer,3,237.33,711.99
2550,2024-11-15,Antonella Aragão,Diclofenaco Gotas 20ml - Eurofarma,1,234.94,234.94
2551,2025-06-05,Sra. Agatha Pacheco,Azitromicina 1g - 10 Comprimidos - Medley (Genérico),5,215.41,1077.05
2552,2025-09-02,Ísis Mendes,Clonazepam 25mg - 30 Comprimidos - Bayer,5,127.48,637.4
2553,2025-02-06,Clarice Guerra,Vacina contra Rinite - Dose Única,4,68.91,275.64
2554,2026-09-08,Sra. Agatha Moraes,Hastes Flexíveis (Cotonetes) Mió 150ml,1,222.68,222.68
2555,2026-08-26,Arthur Miguel Azevedo,Sertralina 1g - 10 Comprimidos - EMS (Genérico),2,108.01,216.02
2556,2024-11-03,Guilherme da Mata,Shampoo Anticaspa Aptamil 500ml,1,60.02,60.02
2557,2026-01-25,Sr. João Pedro Costela,Absorvente com Abas Johnson's 150ml,1,248.79,248.79
2558,2026-05-01,Otávio Alves,Sinvastatina Pomada 30g - Medley (Genérico),2,210.63,421.26
2559,2025-12-18,Matteo Correia,Creme Dental Mió 150ml,3,117.69,353.07
2560,2025-09-02,Heloísa Viana,Absorvente com Abas G-Tech 90g,5,182.53,912.65
2561,2025-08-17,Lucas Cavalcanti,Vacina contra Otite - Dose Única,1,135.03,135.03
2562,2025-08-07,Caroline Camargo,Hastes Flexíveis (Cotonetes) La Roche-Posay 150ml,5,249.31,1246.55
2563,2025-12-17,Mariana da Luz,Nimesulida Pomada 30g - Aché,3,223.47,670.41
2564,2025-09-10,Cauã Machado,Cefalexina 500mg - 20 Comprimidos - Aché,1,133.22,133.22
2565,2024-10-24,Caleb Cardoso,Shampoo Anticaspa Huggies FPS 70,3,153.56,460.68
2566,2025-06-17,João Gabriel Garcia,Protetor Solar Corporal Listerine FPS 70,2,59.36,118.72
2567,2025-08-06,Ravi Lucca Fogaça,Pantoprazol 50mg - 30 Comprimidos - Aché,2,248.85,497.7
2568,2026-06-22,Asafe Garcia,Diclofenaco Gotas 20ml - Eurofarma,4,234.94,939.76
2569,2026-09-01,Jade Almeida,Omeprazol 50mg - 30 Comprimidos - Neo Química (Genérico),3,148.48,445.43999999999994
2570,2025-11-07,Catarina Brito,Cefalexina 50mg - 30 Comprimidos - Eurofarma,4,8.14,32.56
2571,2026-04-22,Lavínia Leão,Losartana Potássica 500mg - 20 Comprimidos - EMS (Genérico),2,204.02,408.04
2572,2026-08-27,Brenda da Paz,Ibuprofeno 500mg - 20 Comprimidos - EMS (Genérico),4,235.23,940.92
2573,2025-11-20,Luiza Sampaio,Protetor Solar Facial CeraVe FPS 70,4,159.16,636.64
2574,2026-03-18,Dr. Cauê Porto,Fio Dental Huggies 50 Metros,1,163.42,163.42
2575,2026-08-30,Isabelly Dias,Soro Fisiológico Pampers 400ml,3,168.64,505.91999999999996
2576,2025-08-10,Alexandre Caldeira,Hidroclorotiazida 25mg - 30 Comprimidos - Neo Química (Genérico),5,206.54,1032.7
2577,2024-11-07,Maria Luiza Abreu,Shampoo Anticaspa Mió 150ml,1,34,34
2578,2025-12-20,Bernardo Dias,Vacina contra Leucemia - Reforço,4,107.48,429.92
2579,2025-05-23,Heloisa Lima,Sinvastatina 1g - 10 Comprimidos - Medley (Genérico),4,194.92,779.68
2580,2026-04-28,Gabrielly Câmara,Termômetro Digital G-Tech Tamanho M (40 un),1,43.85,43.85
2581,2026-02-26,Anna Liz Pastor,Condicionador Hidratação La Roche-Posay 500ml,3,180.08,540.24
2582,2025-04-27,Felipe Mendes,Vacina contra Colesterol Alto - Reforço,2,86.89,173.78
2583,2025-03-26,Cecília Cirino,Sertralina 50mg - 30 Comprimidos - Eurofarma,4,208.89,835.56
2584,2026-08-21,Ágatha Nogueira,Vacina contra Insuficiência Renal - Reforço,5,15.5,77.5
2585,2025-01-05,Ísis Martins,Losartana Potássica 50mg - 30 Comprimidos - Aché,1,220.17,220.17
2586,2025-02-01,Dra. Heloísa Sales,Cefalexina Xarope 120ml - Aché,5,91.87,459.35
2587,2025-05-24,Manuela Cassiano,Hidroclorotiazida Suspensão Oral 50ml - Eurofarma,4,41.46,165.84
2588,2026-01-18,Bryan Santos,Sildenafila Pomada 30g - Neo Química (Genérico),3,206.81,620.4300000000001
2589,2026-01-27,Laís Santos,Azitromicina 1g - 10 Comprimidos - Bayer,2,77.37,154.74
2590,2025-03-28,Rael Nunes,Termômetro Digital Aptamil 400ml,1,8.78,8.78
2591,2024-12-05,Bryan Santos,Sertralina 1g - 10 Comprimidos - EMS (Genérico),1,108.01,108.01
2592,2024-11-15,Dr. Diogo Silveira,Azitromicina Xarope 120ml - Medley (Genérico),3,213.29,639.87
2593,2026-09-08,Rael Martins,Loratadina Gotas 20ml - Medley (Genérico),5,131.84,659.2
2594,2026-08-23,Sophia Dias,Leite em Pó Infantil Mió FPS 50,2,161.97,323.94
2595,2026-03-05,Maria Luiza Rezende,Escitalopram Suspensão Oral 50ml - Eurofarma,2,237.82,475.64
2596,2025-02-10,Dante Gomes,Curativos (Band-Aid) Mió FPS 50,3,108.35,325.04999999999995
2597,2024-10-25,Luiz Miguel Vieira,Nimesulida 1g - 10 Comprimidos - EMS (Genérico),2,38.71,77.42
2598,2025-11-09,Sr. Benjamim Novais,Álcool em Gel 70% La Roche-Posay 150ml,1,123.15,123.15
2599,2024-12-21,Bella da Conceição,Ibuprofeno 1g - 10 Comprimidos - Neo Química (Genérico),4,232.98,931.92
2600,2026-03-29,Thomas Pastor,Clonazepam Gotas 20ml - Neo Química (Genérico),2,247.15,494.3
2601,2025-11-09,Aurora das Neves,Vacina contra Hipertireoidismo - Reforço,4,185.65,742.6
2602,2025-07-11,Sr. Valentim Pastor,Amoxicilina Suspensão Oral 50ml - Neo Química (Genérico),5,207.19,1035.95
2603,2024-12-17,Sra. Ana Lívia Brito,Pantoprazol 25mg - 30 Comprimidos - Neo Química (Genérico),3,206.05,618.1500000000001
2604,2026-02-28,Maria Liz Novaes,Condicionador Hidratação Needs 200ml,3,105.88,317.64
2605,2026-02-03,Olivia Pinto,Hidroclorotiazida 50mg - 30 Comprimidos - Aché,5,146.46,732.3000000000001
2606,2025-01-25,Maria Flor Silveira,Omeprazol Gotas 20ml - Aché,4,222.34,889.36
2607,2026-03-19,Srta. Emilly das Neves,Azitromicina 500mg - 20 Comprimidos - Bayer,4,193.53,774.12
2608,2025-12-05,José da Luz,Vacina contra Parkinson - Reforço,3,63.48,190.44
2609,2026-04-18,Júlia Azevedo,Amoxicilina Suspensão Oral 50ml - Bayer,4,163.48,653.92
2610,2024-12-03,João Felipe Novaes,Vacina contra Resfriado - Dose Única,4,55.99,223.96
2611,2024-09-27,Erick Araújo,Vacina contra Acne - Reforço,1,171.47,171.47
2612,2025-07-22,Gustavo Henrique Azevedo,Pomada para Assaduras Vichy FPS 70,3,177.35,532.05
2613,2025-11-07,Antonella Aragão,Sertralina Xarope 120ml - Neo Química (Genérico),4,81.67,326.68
2614,2025-04-30,Cauã Machado,Fluoxetina 50mg - 30 Comprimidos - Aché,4,26.13,104.52
2615,2025-11-05,Maria Julia Dias,Protetor Solar Corporal Panvel 50g,2,247.84,495.68
2616,2026-08-11,Vitor Hugo Nunes,Metformina 1g - 10 Comprimidos - Neo Química (Genérico),5,172.87,864.35
2617,2024-11-10,Ana Sophia Gonçalves,Metformina 1g - 10 Comprimidos - Neo Química (Genérico),3,172.87,518.61
2618,2025-05-16,Maria Cecília Cavalcanti,Lenço Umedecido Mió Tamanho M (40 un),1,43.72,43.72
2619,2026-09-08,Matteo Araújo,Escitalopram Xarope 120ml - EMS (Genérico),1,233.02,233.02
2620,2024-12-08,Luiza Aparecida,Fluoxetina 500mg - 20 Comprimidos - Bayer,1,134.5,134.5
2621,2026-05-23,Dr. Breno Costa,Sinvastatina Gotas 20ml - Bayer,1,244.08,244.08
2622,2024-12-01,Brayan da Mata,Vacina contra Ansiedade - Reforço,1,106.07,106.07
2623,2025-10-30,Sophie Porto,Fluoxetina 50mg - 30 Comprimidos - Eurofarma,3,205.03,615.09
2624,2025-10-11,João Felipe Novaes,Fralda Descartável Rexona Tamanho G (32 un),3,153.97,461.90999999999997
2625,2026-03-20,Amanda Casa Grande,Água Micelar Colgate 200ml,2,84.6,169.2
2626,2025-01-04,Sophia Campos,Paracetamol Suspensão Oral 50ml - Bayer,4,59.95,239.8
2627,2025-11-23,Mariah Novais,Pomada para Assaduras Nivea 90g,5,74.02,370.09999999999997
2628,2026-01-15,Benício Pires,Água Micelar Colgate 500ml,1,84.12,84.12
2629,2026-08-19,Hellena Alves,Loratadina 50mg - 30 Comprimidos - Aché,2,41.39,82.78
2630,2025-10-29,Théo Cavalcanti,Pomada para Assaduras Huggies Tamanho G (32 un),3,171.8,515.4000000000001
2631,2025-01-23,Levi Dias,Fio Dental Sempre Livre 50 Metros,1,115.96,115.96
2632,2026-01-19,Gustavo Henrique Caldeira,Creme Dental Needs 200ml,3,138.13,414.39
2633,2026-08-12,Lavínia Oliveira,Sabonete Líquido Nivea Tamanho M (40 un),3,51.11,153.32999999999998
2634,2025-02-02,Isadora Pinto,Loratadina Gotas 20ml - Medley (Genérico),2,131.84,263.68
2635,2026-03-26,Otto Rocha,Diclofenaco Gotas 20ml - Eurofarma,3,234.94,704.8199999999999
2636,2025-05-25,Miguel Câmara,Diclofenaco Gotas 20ml - Eurofarma,3,234.94,704.8199999999999
2637,2025-11-24,Isis Nascimento,Paracetamol 500mg - 20 Comprimidos - EMS (Genérico),1,231.25,231.25
2638,2026-06-16,Dra. Eduarda Dias,Loratadina 50mg - 30 Comprimidos - Bayer,1,87.45,87.45
2639,2025-02-14,Enzo Rocha,Vacina contra Insuficiência Cardíaca - Dose Única,5,99.92,499.6
2640,2025-04-16,Enzo Rocha,Leite em Pó Infantil CeraVe 400ml,3,47.05,141.14999999999998
2641,2025-05-26,Maria Rocha,Loratadina Xarope 120ml - Bayer,2,83.04,166.08
2642,2024-12-26,Srta. Gabrielly Pimenta,Escitalopram 500mg - 20 Comprimidos - Medley (Genérico),2,148.81,297.62
2643,2025-06-25,Cecilia Pimenta,Amoxicilina 50mg - 30 Comprimidos - Eurofarma,5,241.43,1207.15
2644,2024-11-13,Dr. Isaac da Rosa,Absorvente com Abas Johnson's 150ml,2,248.79,497.58
2645,2025-12-17,Sra. Alexia Gomes,Vacina contra Rinite - Dose Única,4,68.91,275.64
2646,2025-11-06,Dr. Caleb Moraes,Ibuprofeno 50mg - 30 Comprimidos - Aché,5,167.89,839.4499999999999
2647,2025-07-30,Eloá Câmara,Creme Dental Nivea Tamanho G (32 un),3,198.99,596.97
2648,2024-09-26,Dra. Lara Rios,Hidroclorotiazida 25mg - 30 Comprimidos - Aché,4,187.28,749.12
2649,2024-11-21,Maria Helena Araújo,Azitromicina Xarope 120ml - Aché,3,151.45,454.34999999999997
2650,2026-07-11,Emanuel Leão,Amoxicilina 50mg - 30 Comprimidos - EMS (Genérico),1,182.49,182.49
2651,2024-09-22,Dr. Luiz Otávio Rodrigues,Fluoxetina Xarope 120ml - Eurofarma,3,133.77,401.31000000000006
2652,2025-09-10,Felipe Mendes,Nimesulida 1g - 10 Comprimidos - Medley (Genérico),2,80.33,160.66
2653,2024-09-25,Ágatha Borges,Álcool em Gel 70% Pampers 400ml,1,98.17,98.17
2654,2026-07-20,Ana Lívia Dias,Condicionador Hidratação Panvel 400ml,4,84.33,337.32
2655,2025-05-17,Breno da Rocha,Paracetamol Pomada 30g - Medley (Genérico),5,8.21,41.050000000000004
2656,2025-04-21,Sr. Gustavo Vasconcelos,Desodorante Aerosol Listerine 90g,4,26.15,104.6
2657,2025-09-03,Luiz Gustavo Silva,Metformina 1g - 10 Comprimidos - Neo Química (Genérico),5,172.87,864.35
2658,2024-10-21,Vitor Gabriel Rezende,Paracetamol 500mg - 20 Comprimidos - Bayer,4,241.3,965.2
2659,2026-07-08,Clarice Mendonça,Vacina contra Ansiedade - Reforço,5,106.07,530.3499999999999
2660,2025-04-07,Isis Nascimento,Fralda Descartável Needs 150ml,1,204.51,204.51
2661,2025-08-23,Maria Macedo,Creme Dental Dove 50 Metros,3,69.44,208.32
2662,2026-08-18,Bento Gomes,Vacina contra Insônia - Dose Única,1,191.97,191.97
2663,2024-12-23,Isaque Freitas,Ibuprofeno Xarope 120ml - Eurofarma,4,19.32,77.28
2664,2025-11-30,Sra. Agatha Moraes,Clonazepam Gotas 20ml - Neo Química (Genérico),5,247.15,1235.75
2665,2026-04-11,Rebeca Martins,Água Micelar Dove 90g,4,43.61,174.44
2666,2025-09-16,Felipe Rodrigues,Vacina contra Gripe - Dose Única,5,95.56,477.8
2667,2025-11-14,Valentina Moraes,Vacina contra Conjuntivite - Reforço,1,102.17,102.17
2668,2025-05-25,Bella da Conceição,Clonazepam 1g - 10 Comprimidos - Eurofarma,2,57.46,114.92
2669,2025-08-19,Ana Sophia Gonçalves,Fralda Descartável Listerine 50g,1,31.34,31.34
2670,2025-05-02,Vinicius da Cruz,Tadalafila 500mg - 20 Comprimidos - Medley (Genérico),5,51.02,255.10000000000002
2671,2025-11-26,Luan Campos,Vacina contra Insônia - Dose Única,2,191.97,383.94
2672,2025-10-09,Maria Fernanda Araújo,Vacina contra Alzheimer - Dose Única,5,193.18,965.9000000000001
2673,2025-09-04,Lavínia Peixoto,Fluoxetina Xarope 120ml - Medley (Genérico),3,84.84,254.52
2674,2026-06-04,Luna Silveira,Atenolol 50mg - 30 Comprimidos - Aché,4,175.58,702.32
2675,2024-10-19,Srta. Amanda Fogaça,Paracetamol Suspensão Oral 50ml - Aché,5,29.78,148.9
2676,2024-11-12,Rafaela Alves,Paracetamol Xarope 120ml - Medley (Genérico),5,49.35,246.75
2677,2025-08-17,Valentim Carvalho,Soro Fisiológico Sempre Livre 400ml,5,36.39,181.95
2678,2025-04-20,Ana Júlia Souza,Loratadina 500mg - 20 Comprimidos - Neo Química (Genérico),2,159.08,318.16
2679,2024-11-14,Maria Flor Silveira,Vacina contra Trombose - Reforço,3,73.8,221.39999999999998
2680,2025-12-23,Heitor Vargas,Atenolol 25mg - 30 Comprimidos - Medley (Genérico),3,191.35,574.05
2681,2025-01-18,Dr. Thomas Santos,Pantoprazol Pomada 30g - Eurofarma,1,35.55,35.55
2682,2026-04-08,Arthur Miguel Azevedo,Cefalexina Gotas 20ml - EMS (Genérico),2,35.17,70.34
2683,2026-04-20,Fernando Lima,Nimesulida Xarope 120ml - Eurofarma,1,66.67,66.67
2684,2025-12-21,Mariah Pimenta,Vacina contra Glaucoma - Dose Única,4,135.12,540.48
2685,2026-04-17,Rebeca Brito,Enalapril 500mg - 20 Comprimidos - EMS (Genérico),5,191.7,958.5
2686,2026-09-12,Dr. André Correia,Shampoo Anticaspa Huggies FPS 70,5,153.56,767.8
2687,2025-08-06,Catarina Peixoto,Absorvente com Abas Johnson's 150ml,5,248.79,1243.95
2688,2024-12-05,João Gabriel Santos,Metformina Gotas 20ml - Bayer,2,32.9,65.8
2689,2026-04-19,Ana Julia Novais,Paracetamol 500mg - 20 Comprimidos - EMS (Genérico),5,231.25,1156.25
2690,2024-12-03,Théo Cavalcanti,Sinvastatina Pomada 30g - Medley (Genérico),4,210.63,842.52
2691,2025-06-20,Bento Gomes,Tadalafila 500mg - 20 Comprimidos - Eurofarma,4,214.48,857.92
2692,2025-09-24,Ana Luiza Nunes,Losartana Potássica 500mg - 20 Comprimidos - Aché,2,156.05,312.1
2693,2025-09-25,Bárbara Vasconcelos,Pantoprazol Gotas 20ml - EMS (Genérico),5,54.63,273.15000000000003
2694,2025-07-30,Maria Luiza Carvalho,Clonazepam 25mg - 30 Comprimidos - Bayer,3,127.48,382.44
2695,2025-06-10,Yasmin da Mota,Vacina contra Epilepsia - Dose Única,5,187.04,935.1999999999999
2696,2025-08-16,Ana Vitória Rios,Cefalexina Xarope 120ml - EMS (Genérico),5,214.89,1074.4499999999998
2697,2026-01-30,Olívia Lopes,Clonazepam 25mg - 30 Comprimidos - Bayer,1,127.48,127.48
2698,2026-07-15,Srta. Alícia Ramos,Escitalopram 1g - 10 Comprimidos - Medley (Genérico),5,63.45,317.25
2699,2026-07-02,Asafe Garcia,Enxaguante Bucal Vichy 50 Metros,4,249.82,999.28
2700,2026-05-19,Dra. Laís Alves,Vacina contra Depressão - Reforço,1,245.53,245.53
2701,2025-08-09,Enzo Gabriel Correia,Hidroclorotiazida Pomada 30g - EMS (Genérico),2,184.22,368.44
2702,2025-01-28,Bruna Caldeira,Desodorante Roll-on G-Tech 500ml,4,66.95,267.8
2703,2025-04-01,Enzo Castro,Amoxicilina 50mg - 30 Comprimidos - EMS (Genérico),4,182.49,729.96
2704,2025-09-29,Dr. Miguel Sousa,Amoxicilina 25mg - 30 Comprimidos - Eurofarma,2,239.18,478.36
2705,2025-11-08,Apollo Teixeira,Nimesulida 25mg - 30 Comprimidos - Aché,1,27.51,27.51
2706,2024-09-26,Isaac Leão,Omeprazol Gotas 20ml - Medley (Genérico),5,109.59,547.95
2707,2026-08-04,Lorena Duarte,Dipirona Sódica Pomada 30g - Medley (Genérico),5,189.44,947.2
2708,2024-12-28,Stella Martins,Vacina contra Lúpus - Dose Única,5,110.41,552.05
2709,2024-11-08,Clarice Guerra,Cefalexina 500mg - 20 Comprimidos - Medley (Genérico),1,223.15,223.15
2710,2025-11-17,Brayan Sousa,Curativos (Band-Aid) Dove Tamanho M (40 un),4,170.8,683.2
2711,2025-08-19,Luiz Henrique Ribeiro,Tadalafila 500mg - 20 Comprimidos - Neo Química (Genérico),3,55.18,165.54
2712,2026-04-05,Melina Novais,Protetor Solar Corporal Vichy 50 Metros,3,113.51,340.53000000000003
2713,2025-01-14,Luigi da Costa,Vacina contra Acne - Reforço,2,171.47,342.94
2714,2026-08-04,Maria Helena Cunha,Losartana Potássica 50mg - 30 Comprimidos - Aché,3,220.17,660.51
2715,2025-09-04,Maysa Castro,Soro Fisiológico Pampers 400ml,1,168.64,168.64
2716,2025-08-03,Marcelo Nascimento,Enxaguante Bucal Sempre Livre Tamanho G (32 un),3,138.23,414.68999999999994
2717,2026-05-15,Bernardo Vasconcelos,Enxaguante Bucal Pampers 200ml,5,163.92,819.5999999999999
2718,2025-12-03,Aurora Nogueira,Enalapril 25mg - 30 Comprimidos - Eurofarma,3,50.58,151.74
2719,2025-06-29,Sr. Oliver Siqueira,Paracetamol Suspensão Oral 50ml - Bayer,3,59.95,179.85000000000002
2720,2025-02-01,Luísa Araújo,Hastes Flexíveis (Cotonetes) Colgate 50g,2,24.09,48.18
2721,2025-04-04,Enzo Marques,Sildenafila 25mg - 30 Comprimidos - Eurofarma,5,186.17,930.8499999999999
2722,2025-01-04,José Pedro Cavalcante,Diclofenaco Pomada 30g - Medley (Genérico),2,44.26,88.52
2723,2025-01-28,Thomas Aragão,Creme Dental Needs 200ml,5,138.13,690.65
2724,2026-06-06,Juan Montenegro,Vacina contra Artrose - Reforço,2,86.63,173.26
2725,2024-11-21,Kamilly Costa,Sertralina Suspensão Oral 50ml - Eurofarma,1,70.76,70.76
2726,2026-04-22,Lucca Caldeira,Nimesulida 1g - 10 Comprimidos - Medley (Genérico),3,80.33,240.99
2727,2025-08-15,Anthony Gabriel Machado,Sildenafila Gotas 20ml - EMS (Genérico),4,160.27,641.08
2728,2024-11-17,Maria Cecília Macedo,Vacina contra Melanoma - Reforço,1,118.54,118.54
2729,2024-11-14,Henrique Sousa,Loratadina 500mg - 20 Comprimidos - EMS (Genérico),2,146.65,293.3
2730,2026-08-01,Cecilia Pimenta,Curativos (Band-Aid) Listerine FPS 70,2,133.77,267.54
2731,2025-11-08,Luiza Porto,Sinvastatina 1g - 10 Comprimidos - Eurofarma,2,175.05,350.1
2732,2024-12-10,Dr. Mateus Sampaio,Azitromicina Pomada 30g - Medley (Genérico),1,211.87,211.87
2733,2024-11-01,Breno Ramos,Pomada para Assaduras Huggies Tamanho G (32 un),5,171.8,859
2734,2025-10-14,Sra. Zoe Santos,Sérum Vitamina C Dove 90g,4,6.07,24.28
2735,2026-05-07,Rhavi Machado,Metformina 50mg - 30 Comprimidos - Eurofarma,1,119.82,119.82
2736,2024-12-26,Gabriela Correia,Fralda Descartável Bepantol 400ml,3,193.19,579.5699999999999
2737,2025-11-23,José da Luz,Amoxicilina 500mg - 20 Comprimidos - Eurofarma,1,111.81,111.81
2738,2026-05-12,Sra. Luísa Aragão,Ibuprofeno 50mg - 30 Comprimidos - Medley (Genérico),3,243.47,730.41
2739,2026-07-15,Felipe Rodrigues,Ibuprofeno Suspensão Oral 50ml - Bayer,4,6.48,25.92
2740,2026-06-24,Dr. Thomas Santos,Losartana Potássica 1g - 10 Comprimidos - Medley (Genérico),2,206.7,413.4
2741,2025-04-29,Ana Sophia Gonçalves,Loratadina 1g - 10 Comprimidos - EMS (Genérico),1,73.17,73.17
2742,2024-09-20,Milena Sampaio,Protetor Solar Facial Vichy Tamanho G (32 un),5,241.99,1209.95
2743,2026-01-03,Maria Cecília Macedo,Escitalopram Pomada 30g - Bayer,3,46.92,140.76
2744,2024-10-18,Dr. Daniel Viana,Azitromicina 50mg - 30 Comprimidos - Aché,5,119.13,595.65
2745,2026-05-29,Júlia Azevedo,Loratadina 1g - 10 Comprimidos - EMS (Genérico),4,73.17,292.68
2746,2025-06-23,Diego Siqueira,Sildenafila Gotas 20ml - Bayer,3,22.89,68.67
2747,2025-10-16,Valentina Rios,Protetor Solar Facial Vichy Tamanho G (32 un),5,241.99,1209.95
2748,2025-08-01,Dr. Felipe Pires,Condicionador Hidratação Panvel 400ml,3,84.33,252.99
2749,2026-09-01,Rael Nunes,Tadalafila Pomada 30g - Neo Química (Genérico),5,204.01,1020.05
2750,2024-10-11,Nicole Cardoso,Ibuprofeno Suspensão Oral 50ml - EMS (Genérico),2,36.54,73.08
2751,2024-12-14,Dra. Cecilia Dias,Diclofenaco 500mg - 20 Comprimidos - Aché,5,231.18,1155.9
2752,2025-07-07,Carolina Macedo,Sabonete Líquido Nivea Tamanho M (40 un),2,51.11,102.22
2753,2025-01-30,Kaique Oliveira,Termômetro Digital Colgate 90g,4,175.02,700.08
2754,2025-08-20,Lucas Gabriel Oliveira,Clonazepam 1g - 10 Comprimidos - Eurofarma,5,57.46,287.3
2755,2026-05-16,Caio Pires,Metformina 1g - 10 Comprimidos - Aché,4,151.68,606.72
2756,2025-04-26,Luan Silveira,Clonazepam Gotas 20ml - Neo Química (Genérico),2,247.15,494.3
2757,2026-08-26,Enzo Rocha,Ibuprofeno 1g - 10 Comprimidos - Neo Química (Genérico),4,232.98,931.92
2758,2026-05-30,Olivia Novaes,Sertralina Xarope 120ml - Neo Química (Genérico),4,81.67,326.68
2759,2025-11-09,Vitor Oliveira,Escitalopram 25mg - 30 Comprimidos - Medley (Genérico),1,53.19,53.19
2760,2025-02-05,Luiz Gustavo Farias,Loratadina 500mg - 20 Comprimidos - Bayer,3,98.62,295.86
2761,2025-05-18,Théo Machado,Álcool em Gel 70% Nivea 500ml,4,44.9,179.6
2762,2026-04-08,Dra. Vitória Almeida,Diclofenaco Suspensão Oral 50ml - Medley (Genérico),1,154.15,154.15
2763,2024-12-03,Valentina Rios,Paracetamol 50mg - 30 Comprimidos - Neo Química (Genérico),4,195.75,783
2764,2026-01-19,José Pedro Cavalcante,Vacina contra Gripe - Reforço,3,30.98,92.94
2765,2025-01-31,Luiza Aparecida,Dipirona Sódica Xarope 120ml - Neo Química (Genérico),2,190.38,380.76
2766,2025-11-06,Gustavo Henrique Cunha,Atenolol 25mg - 30 Comprimidos - Medley (Genérico),2,191.35,382.7
2767,2026-04-19,Benjamim Ribeiro,Nimesulida Gotas 20ml - EMS (Genérico),1,202.4,202.4
2768,2026-01-19,Dr. Benicio Almeida,Diclofenaco Gotas 20ml - Neo Química (Genérico),3,76.28,228.84
2769,2026-01-12,Davi Lucca Machado,Diclofenaco Xarope 120ml - Aché,2,241.31,482.62
2770,2026-01-28,Kamilly Costa,Omeprazol Gotas 20ml - Medley (Genérico),2,109.59,219.18
2771,2025-10-21,Bento Fonseca,Termômetro Digital Aptamil 400ml,2,8.78,17.56
2772,2024-09-12,Luiz Felipe Pires,Sildenafila Pomada 30g - Aché,1,49.97,49.97
2773,2026-05-08,Dr. Samuel Pires,Sabonete em Barra Pampers 90g,1,26.47,26.47
2774,2024-09-18,Augusto Mendonça,Omeprazol 500mg - 20 Comprimidos - Neo Química (Genérico),1,30.06,30.06
2775,2025-02-19,Augusto Mendonça,Azitromicina Xarope 120ml - Aché,2,151.45,302.9
2776,2025-03-29,Helena Silveira,Sildenafila Gotas 20ml - EMS (Genérico),3,160.27,480.81000000000006
2777,2025-09-10,Maitê Rocha,Pantoprazol 25mg - 30 Comprimidos - Eurofarma,1,69.53,69.53
2778,2025-02-16,Bárbara Cassiano,Sinvastatina Suspensão Oral 50ml - Medley (Genérico),1,178.69,178.69
2779,2025-04-02,Dra. Natália Rios,Paracetamol Pomada 30g - Medley (Genérico),3,8.21,24.630000000000003
2780,2026-03-28,Ryan Siqueira,Fluoxetina 25mg - 30 Comprimidos - Neo Química (Genérico),4,120.34,481.36
2781,2025-10-13,Nicole Mendonça,Sabonete Líquido La Roche-Posay FPS 70,1,167.59,167.59
2782,2024-12-19,Dr. Diogo Rocha,Enalapril 500mg - 20 Comprimidos - Bayer,1,170.79,170.79
2783,2025-07-18,Luigi Barros,Sildenafila 25mg - 30 Comprimidos - Eurofarma,2,186.17,372.34
2784,2025-11-18,Vitória Porto,Soro Fisiológico Dove FPS 70,3,197.06,591.1800000000001
2785,2024-11-12,Julia Marques,Água Micelar Clear Tamanho M (40 un),5,32.3,161.5
2786,2025-03-27,Ana Vitória Fogaça,Paracetamol 500mg - 20 Comprimidos - Medley (Genérico),4,208.77,835.08
2787,2026-02-01,Sra. Maria Cecília Jesus,Vacina contra Úlcera - Reforço,3,90.83,272.49
2788,2025-12-31,Rebeca Caldeira,Desodorante Roll-on G-Tech Tamanho M (40 un),3,73.6,220.79999999999998
2789,2025-10-02,Lucas Rodrigues,Paracetamol 500mg - 20 Comprimidos - Medley (Genérico),5,208.77,1043.8500000000001
2790,2025-03-29,Sr. Ravi Nogueira,Vacina contra Depressão - Reforço,4,245.53,982.12
2791,2025-12-20,Dr. Caio Fernandes,Paracetamol Xarope 120ml - EMS (Genérico),2,180.56,361.12
2792,2025-06-28,Enzo Costela,Pantoprazol Xarope 120ml - Bayer,1,116.09,116.09
2793,2024-12-22,Daniela Santos,Amoxicilina 50mg - 30 Comprimidos - Bayer,2,75.94,151.88
2794,2025-06-06,Ester Rocha,Vacina contra Cirrose - Reforço,3,194.24,582.72
2795,2025-02-18,Emilly Barbosa,Dipirona Sódica 1g - 10 Comprimidos - Neo Química (Genérico),1,25.42,25.42
2796,2026-01-09,Olivia Lopes,Protetor Solar Facial Pampers 400ml,2,120.58,241.16
2797,2026-02-28,Dra. Maria Fernanda Brito,Sabonete Líquido Rexona 90g,3,197.22,591.66
2798,2025-08-18,João Vitor Rodrigues,Leite em Pó Infantil Mió FPS 50,5,161.97,809.85
2799,2026-01-11,Dr. André Correia,Protetor Solar Corporal Listerine FPS 70,2,59.36,118.72
2800,2024-10-11,Thiago Borges,Dipirona Sódica 1g - 10 Comprimidos - Eurofarma,3,223.63,670.89
2801,2026-04-12,Zoe Porto,Enalapril 500mg - 20 Comprimidos - Bayer,3,170.79,512.37
2802,2026-01-03,Hellena Alves,Diclofenaco 50mg - 30 Comprimidos - Neo Química (Genérico),2,215.33,430.66
2803,2024-11-25,Sra. Ana Lívia Brito,Escitalopram Pomada 30g - Aché,1,248.67,248.67
2804,2025-02-28,Milena Nunes,Fluoxetina 25mg - 30 Comprimidos - Aché,4,114.53,458.12
2805,2025-06-01,Fernando Andrade,Vacina contra Dermatite - Reforço,2,70.85,141.7
2806,2025-06-16,Bernardo Vasconcelos,Clonazepam 500mg - 20 Comprimidos - Medley (Genérico),1,163.65,163.65
2807,2025-12-14,Nicole Jesus,Sinvastatina 50mg - 30 Comprimidos - Neo Química (Genérico),1,47.18,47.18
2808,2026-03-01,Isaque Abreu,Creme Hidratante Dove 200ml,2,76.86,153.72
2809,2025-12-08,Srta. Laís Cassiano,Atenolol Gotas 20ml - Eurofarma,1,246.04,246.04
2810,2026-07-01,Dra. Ana Sophia da Cruz,Ibuprofeno Pomada 30g - Eurofarma,4,106.59,426.36
2811,2026-01-16,Asafe Peixoto,Hastes Flexíveis (Cotonetes) Aptamil Tamanho M (40 un),4,19.79,79.16
2812,2026-02-02,Valentim Aparecida,Omeprazol 50mg - 30 Comprimidos - Neo Química (Genérico),4,148.48,593.92
2813,2025-04-04,Bernardo Vasconcelos,Sinvastatina Suspensão Oral 50ml - Bayer,5,177.59,887.95
2814,2026-08-07,Lucas Rodrigues,Água Micelar Clear Tamanho M (40 un),2,32.3,64.6
2815,2026-01-17,Dr. Theo da Mota,Azitromicina 50mg - 30 Comprimidos - Aché,2,119.13,238.26
2816,2025-01-30,Mirella das Neves,Termômetro Digital Listerine 50g,5,55.92,279.6
2817,2026-05-31,Liam Vieira,Tadalafila Gotas 20ml - EMS (Genérico),3,101.55,304.65
2818,2026-09-11,Ana Sophia Gonçalves,Protetor Solar Facial Panvel 90g,1,56.2,56.2
2819,2025-12-13,Pietra Silva,Ibuprofeno 500mg - 20 Comprimidos - EMS (Genérico),5,235.23,1176.1499999999999
2820,2026-05-30,Matteo Viana,Enxaguante Bucal Pampers 200ml,5,163.92,819.5999999999999
2821,2026-09-05,Bella Pastor,Creme Hidratante Dove 200ml,3,76.86,230.57999999999998
2822,2025-10-05,Nicole Vasconcelos,Diclofenaco Xarope 120ml - Aché,1,241.31,241.31
2823,2024-10-09,Vinicius Pastor,Vacina contra Vitiligo - Reforço,3,163.53,490.59000000000003
2824,2024-11-18,Maria Fernanda Câmara,Sildenafila 500mg - 20 Comprimidos - Medley (Genérico),1,106,106
2825,2026-04-16,Ágatha Rocha,Protetor Solar Facial Rexona Tamanho G (32 un),4,248.5,994
2826,2025-06-07,Cauê Cunha,Fluoxetina Xarope 120ml - Eurofarma,4,133.77,535.08
2827,2025-03-13,Lucas Gabriel Borges,Protetor Solar Corporal Vichy 50 Metros,5,113.51,567.5500000000001
2828,2025-03-21,Stephany Duarte,Fralda Descartável Nivea FPS 50,3,145.19,435.57
2829,2025-12-21,Laís Araújo,Atenolol Suspensão Oral 50ml - Neo Química (Genérico),3,134,402
2830,2025-04-28,Enzo Rocha,Lenço Umedecido Mió Tamanho G (32 un),2,244.29,488.58
2831,2026-05-22,João Lucas Porto,Hastes Flexíveis (Cotonetes) Mió 150ml,1,222.68,222.68
2832,2026-06-02,Sr. Valentim da Paz,Dipirona Sódica Gotas 20ml - Eurofarma,3,237.72,713.16
2833,2026-04-13,Igor Melo,Diclofenaco 50mg - 30 Comprimidos - EMS (Genérico),1,154.28,154.28
2834,2025-12-24,Dra. Eduarda Dias,Metformina Pomada 30g - EMS (Genérico),4,11.78,47.12
2835,2024-11-21,Bella Costa,Fluoxetina 25mg - 30 Comprimidos - Neo Química (Genérico),4,120.34,481.36
2836,2025-10-13,Henry da Rocha,Omeprazol Suspensão Oral 50ml - Bayer,4,50.33,201.32
2837,2025-02-20,Vicente Pacheco,Sérum Vitamina C Sempre Livre FPS 50,2,32.76,65.52
2838,2025-05-03,Cecília Cirino,Pantoprazol Pomada 30g - EMS (Genérico),4,112.43,449.72
2839,2025-06-18,Heloisa Lima,Escitalopram Pomada 30g - Eurofarma,2,41.81,83.62
2840,2024-09-22,Arthur Silveira,Nimesulida 50mg - 30 Comprimidos - EMS (Genérico),2,41.54,83.08
2841,2026-03-13,Cecília Cirino,Absorvente com Abas Sempre Livre 90g,2,45.63,91.26
2842,2026-06-17,Danilo Aparecida,Água Micelar Dove 150ml,1,8.54,8.54
2843,2025-12-21,João Guilherme Vasconcelos,Pantoprazol 50mg - 30 Comprimidos - Medley (Genérico),3,21.56,64.67999999999999
2844,2025-09-08,Sr. Benjamim Nascimento,Creme Hidratante Nivea Tamanho M (40 un),1,194.79,194.79
2845,2025-09-28,Eloah Aragão,Sabonete em Barra Pampers 90g,5,26.47,132.35
2846,2025-05-03,Yan Correia,Vacina contra Enxaqueca - Dose Única,4,102.32,409.28
2847,2025-04-10,Erick Mendonça,Cefalexina Pomada 30g - Bayer,2,19.34,38.68
2848,2026-03-02,Dr. Arthur Gabriel da Mota,Enxaguante Bucal Johnson's FPS 50,5,137.06,685.3
2849,2026-09-02,Ana Liz Gomes,Fralda Descartável Rexona Tamanho G (32 un),1,153.97,153.97
2850,2026-02-23,Maria Flor Silveira,Sildenafila Pomada 30g - Neo Química (Genérico),3,206.81,620.4300000000001
2851,2026-07-31,Ravi Lucca Câmara,Sabonete Líquido La Roche-Posay FPS 70,2,167.59,335.18
2852,2026-05-08,Sophia Câmara,Escitalopram Pomada 30g - Bayer,1,46.92,46.92
2853,2026-09-09,João Pedro Pacheco,Pantoprazol 25mg - 30 Comprimidos - Eurofarma,4,69.53,278.12
2854,2025-04-28,Murilo Nascimento,Álcool em Gel 70% Rexona 150ml,3,234.4,703.2
2855,2025-05-01,Lavínia Novaes,Diclofenaco Suspensão Oral 50ml - Bayer,5,16.01,80.05000000000001
2856,2026-03-19,Sr. Miguel da Luz,Losartana Potássica 500mg - 20 Comprimidos - EMS (Genérico),5,204.02,1020.1
2857,2026-01-06,Raul Lopes,Sabonete Líquido Rexona 90g,3,197.22,591.66
2858,2025-07-17,Rafael Araújo,Azitromicina 500mg - 20 Comprimidos - Medley (Genérico),3,31.26,93.78
2859,2025-10-08,Fernanda Pastor,Diclofenaco 50mg - 30 Comprimidos - Neo Química (Genérico),1,215.33,215.33
2860,2025-02-08,Ana Lívia Porto,Azitromicina 25mg - 30 Comprimidos - Aché,3,179.29,537.87
2861,2026-07-17,Ian Viana,Vacina contra Melanoma - Reforço,5,118.54,592.7
2862,2026-07-10,Enzo Costela,Cefalexina Pomada 30g - Neo Química (Genérico),2,193.4,386.8
2863,2025-08-12,Sr. Gael Henrique Cardoso,Desodorante Roll-on Mió FPS 50,4,128,512
2864,2025-10-30,Luiza Ferreira,Escitalopram 1g - 10 Comprimidos - EMS (Genérico),3,116.72,350.15999999999997
2865,2025-04-06,Aurora Duarte,Nimesulida 25mg - 30 Comprimidos - Aché,4,27.51,110.04
2866,2026-04-14,Ravi Rezende,Condicionador Hidratação La Roche-Posay 150ml,1,207.97,207.97
2867,2026-04-23,Lucas Rodrigues,Sertralina Pomada 30g - Neo Química (Genérico),3,23.83,71.49
2868,2025-06-30,Alexandre Costa,Sabonete em Barra La Roche-Posay 150ml,2,157.91,315.82
2869,2026-08-28,Luiza Santos,Sertralina Suspensão Oral 50ml - Eurofarma,3,70.76,212.28000000000003
2870,2026-03-15,Joaquim das Neves,Loratadina 25mg - 30 Comprimidos - Bayer,3,205.47,616.41
2871,2025-08-29,Benício Andrade,Sabonete em Barra La Roche-Posay 150ml,4,157.91,631.64
2872,2025-12-02,Maitê Mendonça,Curativos (Band-Aid) Mió FPS 50,1,108.35,108.35
2873,2026-03-28,Renan Viana,Nimesulida Pomada 30g - Eurofarma,4,172.2,688.8
2874,2025-09-16,Amanda Mendonça,Escitalopram Suspensão Oral 50ml - Aché,1,222.82,222.82
2875,2026-05-30,Maria Helena Lopes,Vacina contra Conjuntivite - Dose Única,5,95.47,477.35
2876,2026-03-25,Camila da Cruz,Ibuprofeno 50mg - 30 Comprimidos - Aché,2,167.89,335.78
2877,2026-07-31,Josué Nunes,Diclofenaco 500mg - 20 Comprimidos - Aché,2,231.18,462.36
2878,2025-10-07,Isabelly Machado,Fluoxetina 50mg - 30 Comprimidos - EMS (Genérico),3,194.4,583.2
2879,2024-10-07,Cauê Aragão,Tadalafila Pomada 30g - Neo Química (Genérico),3,204.01,612.03
2880,2025-06-08,Léo Vieira,Cefalexina Gotas 20ml - EMS (Genérico),4,35.17,140.68
2881,2024-10-12,Ana Luiza Mendes,Loratadina 500mg - 20 Comprimidos - Neo Química (Genérico),2,159.08,318.16
2882,2025-09-21,Lavínia Leão,Paracetamol 25mg - 30 Comprimidos - Neo Química (Genérico),5,23.46,117.30000000000001
2883,2025-12-07,Léo da Conceição,Enalapril 50mg - 30 Comprimidos - Bayer,3,98.23,294.69
2884,2026-03-05,Carolina Pires,Vacina contra Pedra nos Rins - Reforço,3,83.75,251.25
2885,2025-12-16,Maria Sophia Porto,Cefalexina Pomada 30g - Bayer,1,19.34,19.34
2886,2024-09-29,Felipe Mendes,Clonazepam 25mg - 30 Comprimidos - Bayer,1,127.48,127.48
2887,2026-07-24,Samuel Casa Grande,Paracetamol 500mg - 20 Comprimidos - Medley (Genérico),4,208.77,835.08
2888,2026-07-28,Henrique Nascimento,Absorvente com Abas Needs 90g,5,139.78,698.9
2889,2025-09-16,Bárbara Cassiano,Azitromicina Suspensão Oral 50ml - Aché,3,181.87,545.61
2890,2026-02-22,Srta. Ana Cecília Lima,Paracetamol Gotas 20ml - EMS (Genérico),5,54.13,270.65000000000003
2891,2025-04-19,Dr. Ravi Silva,Vacina contra Hepatite C - Dose Única,4,176.03,704.12
2892,2025-10-09,Fernando Araújo,Lenço Umedecido Bepantol 500ml,3,97.48,292.44
2893,2025-05-22,Sra. Cecília Carvalho,Termômetro Digital Rexona 400ml,2,168.93,337.86
2894,2025-07-25,Breno Sousa,Nimesulida Suspensão Oral 50ml - Aché,2,70.27,140.54
2895,2025-03-29,Dr. Ryan Garcia,Protetor Solar Facial Rexona Tamanho G (32 un),2,248.5,497
2896,2026-08-11,Daniela da Rosa,Creme Hidratante Dove 200ml,1,76.86,76.86
2897,2025-08-09,Renan Viana,Vacina contra Dermatite - Reforço,5,70.85,354.25
2898,2026-07-25,Julia Brito,Vacina contra Dermatite - Reforço,2,70.85,141.7
2899,2025-11-07,Dra. Sabrina Costela,Pomada para Assaduras Dove FPS 70,5,18.09,90.45
2900,2024-12-24,Lucas da Rocha,Loratadina 1g - 10 Comprimidos - Bayer,5,28.47,142.35
2901,2024-11-12,Helena Duarte,Soro Fisiológico Sempre Livre 50 Metros,4,30.35,121.4
2902,2024-10-06,Srta. Juliana Duarte,Enalapril Suspensão Oral 50ml - Medley (Genérico),5,218.1,1090.5
2903,2025-09-15,Vitor Hugo Nunes,Vacina contra Enxaqueca - Dose Única,3,102.32,306.96
2904,2025-11-30,Davi Pimenta,Clonazepam Gotas 20ml - Bayer,1,176.04,176.04
2905,2026-01-19,Pedro Miguel Campos,Ibuprofeno 50mg - 30 Comprimidos - Aché,4,167.89,671.56
2906,2025-03-18,Benjamin Nogueira,Hastes Flexíveis (Cotonetes) G-Tech FPS 50,1,75.16,75.16
2907,2025-06-05,Gustavo Silveira,Pomada para Assaduras Vichy FPS 70,5,177.35,886.75
2908,2025-01-19,Sr. Gael Henrique Cardoso,Diclofenaco 500mg - 20 Comprimidos - Medley (Genérico),3,207.84,623.52
2909,2025-02-01,Sr. Luiz Fernando Cunha,Azitromicina 25mg - 30 Comprimidos - Aché,1,179.29,179.29
2910,2026-04-22,Maria Liz Novais,Shampoo Anticaspa Aptamil 500ml,5,60.02,300.1
2911,2026-08-26,Marina Ribeiro,Ibuprofeno Gotas 20ml - EMS (Genérico),3,31.28,93.84
2912,2025-03-03,Samuel Casa Grande,Curativos (Band-Aid) Listerine FPS 70,4,133.77,535.08
2913,2026-04-23,João Castro,Clonazepam 25mg - 30 Comprimidos - EMS (Genérico),3,246.63,739.89
2914,2025-06-25,Maya Camargo,Dipirona Sódica 1g - 10 Comprimidos - Neo Química (Genérico),4,25.42,101.68
2915,2026-06-23,Raul Ramos,Omeprazol 25mg - 30 Comprimidos - Neo Química (Genérico),4,172.34,689.36
2916,2026-05-21,Natália Souza,Pantoprazol Gotas 20ml - Medley (Genérico),2,94.99,189.98
2917,2024-12-24,Dr. Mathias Guerra,Hastes Flexíveis (Cotonetes) G-Tech FPS 50,3,75.16,225.48
2918,2024-11-24,Hellena Alves,Cefalexina Gotas 20ml - EMS (Genérico),1,35.17,35.17
2919,2025-12-16,Miguel Moreira,Vacina contra Zika - Dose Única,1,203.94,203.94
2920,2025-10-06,Maria Laura Campos,Sertralina Gotas 20ml - Aché,4,182.27,729.08
2921,2025-11-30,Manuela da Mota,Ibuprofeno Xarope 120ml - Medley (Genérico),1,145.26,145.26
2922,2026-03-12,Nicolas das Neves,Vacina contra Hipotireoidismo - Dose Única,2,183.82,367.64
2923,2024-11-21,Dra. Vitória Almeida,Shampoo Anticaspa Huggies FPS 70,4,153.56,614.24
2924,2025-09-14,Kevin Monteiro,Desodorante Roll-on Mió FPS 50,3,128,384
2925,2024-11-02,Brayan Sousa,Termômetro Digital La Roche-Posay 500ml,4,40.39,161.56
2926,2025-05-25,Marcela Gonçalves,Cefalexina Gotas 20ml - EMS (Genérico),4,35.17,140.68
2927,2025-09-23,Lívia da Cunha,Vacina contra Osteoporose - Reforço,3,66.03,198.09
2928,2025-07-12,Dr. Felipe Pires,Vacina contra COVID-19 - Dose Única,4,245.28,981.12
2929,2025-11-27,Sra. Ana Vitória Jesus,Absorvente com Abas Colgate 400ml,4,138.4,553.6
2930,2026-08-04,Olívia Novaes,Nimesulida 50mg - 30 Comprimidos - Medley (Genérico),5,11.98,59.900000000000006
2931,2026-08-24,Calebe Costela,Fluoxetina Xarope 120ml - Neo Química (Genérico),2,67.55,135.1
2932,2026-07-29,Olívia Lopes,Paracetamol Xarope 120ml - Medley (Genérico),2,49.35,98.7
2933,2025-05-13,Lorenzo das Neves,Desodorante Roll-on G-Tech Tamanho M (40 un),5,73.6,368
2934,2026-01-30,Josué Nunes,Pantoprazol Gotas 20ml - Bayer,5,249.64,1248.1999999999998
2935,2026-04-25,Maria Luísa da Rocha,Escitalopram Suspensão Oral 50ml - Eurofarma,5,237.82,1189.1
2936,2026-03-01,Fernando Andrade,Diclofenaco Suspensão Oral 50ml - Neo Química (Genérico),5,110.69,553.45
2937,2026-04-21,Isaac Santos,Sabonete Líquido Sempre Livre FPS 50,2,210.51,421.02
2938,2026-02-12,Pedro Lucas Guerra,Enalapril 50mg - 30 Comprimidos - Bayer,1,98.23,98.23
2939,2025-02-02,Gabriela Correia,Metformina Suspensão Oral 50ml - Bayer,4,169,676
2940,2026-04-04,João Lucas Jesus,Protetor Solar Corporal Panvel 50g,2,247.84,495.68
2941,2025-10-31,Natália Costela,Condicionador Hidratação Needs 200ml,1,105.88,105.88
2942,2026-06-26,Srta. Lara Pastor,Pantoprazol Gotas 20ml - Bayer,2,249.64,499.28
2943,2026-06-24,Elisa Nogueira,Losartana Potássica Pomada 30g - Neo Química (Genérico),4,228.42,913.68
2944,2025-02-09,Srta. Laís Cassiano,Loratadina Xarope 120ml - Medley (Genérico),5,133.57,667.8499999999999
2945,2025-09-21,Sr. Oliver Siqueira,Sertralina Suspensão Oral 50ml - Eurofarma,3,70.76,212.28000000000003
2946,2025-10-03,Maria Júlia Cassiano,Dipirona Sódica 1g - 10 Comprimidos - Eurofarma,1,223.63,223.63
2947,2025-10-31,Davi Miguel Brito,Diclofenaco Gotas 20ml - Eurofarma,1,234.94,234.94
2948,2025-07-28,Yuri Pastor,Pomada para Assaduras Nivea 90g,1,74.02,74.02
2949,2025-07-29,Daniela Campos,Sinvastatina Suspensão Oral 50ml - Aché,2,92.33,184.66
2950,2024-10-18,Caroline Martins,Pantoprazol 50mg - 30 Comprimidos - Medley (Genérico),2,21.56,43.12
2951,2026-01-02,Catarina Peixoto,Vacina contra Asma - Reforço,1,93.9,93.9
2952,2025-04-18,Arthur Gabriel Moreira,Azitromicina 25mg - 30 Comprimidos - Aché,1,179.29,179.29
2953,2025-10-03,Ana Luiza Rodrigues,Fluoxetina Suspensão Oral 50ml - Aché,5,140.27,701.35
2954,2025-09-03,Dr. Samuel Alves,Amoxicilina Gotas 20ml - Eurofarma,3,113.35,340.04999999999995
2955,2026-02-05,Sarah Garcia,Paracetamol 25mg - 30 Comprimidos - EMS (Genérico),1,171.56,171.56
2956,2026-03-17,Sara Câmara,Creme Hidratante Nivea Tamanho M (40 un),5,194.79,973.9499999999999
2957,2026-02-03,Luigi Barros,Lenço Umedecido Bepantol 500ml,5,97.48,487.40000000000003
2958,2026-02-23,Caleb da Mota,Sildenafila Suspensão Oral 50ml - Eurofarma,5,135.31,676.55
2959,2024-12-10,Emanuel da Cunha,Losartana Potássica Pomada 30g - Eurofarma,2,61.84,123.68
2960,2026-03-30,Melina Peixoto,Protetor Solar Facial Johnson's 90g,5,68.86,344.3
2961,2025-08-25,Rodrigo Araújo,Vacina contra Hepatite B - Reforço,5,40.61,203.05
2962,2025-12-13,Srta. Cecilia Cavalcante,Metformina 50mg - 30 Comprimidos - Eurofarma,1,119.82,119.82
2963,2025-04-15,Olivia Lopes,Cefalexina Gotas 20ml - Medley (Genérico),4,152.59,610.36
2964,2025-04-18,Heloisa Leão,Pomada para Assaduras Colgate FPS 70,2,249.6,499.2
2965,2026-02-06,André Leão,Omeprazol Gotas 20ml - Medley (Genérico),5,109.59,547.95
2966,2025-07-23,Sra. Bianca Oliveira,Amoxicilina Gotas 20ml - Eurofarma,1,113.35,113.35
2967,2026-09-02,Manuela Cassiano,Protetor Solar Corporal Vichy 50 Metros,1,113.51,113.51
2968,2025-02-19,Maria Julia Ribeiro,Creme Hidratante La Roche-Posay 50g,4,187.14,748.56
2969,2026-06-22,Paulo Machado,Losartana Potássica 1g - 10 Comprimidos - Medley (Genérico),4,206.7,826.8
2970,2026-04-18,Davi Miguel Andrade,Vacina contra Artrose - Reforço,1,86.63,86.63
2971,2024-10-05,Luan Campos,Paracetamol Pomada 30g - Medley (Genérico),2,8.21,16.42
2972,2024-11-29,Julia Vasconcelos,Nimesulida Pomada 30g - Eurofarma,4,172.2,688.8
2973,2024-10-13,Danilo Cirino,Nimesulida 1g - 10 Comprimidos - Medley (Genérico),1,80.33,80.33
2974,2024-11-08,Samuel Teixeira,Água Micelar Colgate 200ml,4,84.6,338.4
2975,2026-05-08,Amanda Mendonça,Protetor Solar Corporal Listerine FPS 70,3,59.36,178.07999999999998
2976,2025-03-02,Nicolas Leão,Omeprazol Gotas 20ml - Aché,1,222.34,222.34
2977,2025-05-30,João Vitor Rodrigues,Fralda Descartável G-Tech 50g,4,70.38,281.52
2978,2025-03-10,Dr. Nicolas Caldeira,Loratadina 25mg - 30 Comprimidos - Eurofarma,3,7.52,22.56
2979,2026-04-09,Maya Pereira,Escitalopram 1g - 10 Comprimidos - Eurofarma,3,239.22,717.66
2980,2026-04-01,Enrico Azevedo,Cefalexina Pomada 30g - Medley (Genérico),5,224.78,1123.9
2981,2025-02-16,Erick Costa,Paracetamol 25mg - 30 Comprimidos - Medley (Genérico),4,221.25,885
2982,2026-08-16,Dr. Thiago Guerra,Cefalexina Pomada 30g - Medley (Genérico),1,224.78,224.78
2983,2025-07-15,Ravi Lucca Fogaça,Loratadina 1g - 10 Comprimidos - Bayer,4,28.47,113.88
2984,2024-10-12,Raquel Rodrigues,Protetor Solar Facial Pampers 400ml,2,120.58,241.16
2985,2026-03-27,José Miguel Caldeira,Vacina contra Hipertireoidismo - Reforço,3,185.65,556.95
2986,2025-04-30,Kaique Guerra,Absorvente com Abas Sempre Livre 90g,4,45.63,182.52
2987,2025-07-24,Apollo Leão,Paracetamol Gotas 20ml - Aché,1,218.14,218.14
2988,2024-11-25,Sr. Enzo Novaes,Metformina Suspensão Oral 50ml - Bayer,4,169,676
2989,2024-11-08,Luiza Sampaio,Vacina contra Osteoporose - Reforço,3,66.03,198.09
2990,2025-03-27,Rodrigo Carvalho,Vacina contra Osteoporose - Reforço,5,66.03,330.15
2991,2026-02-03,Sra. Amanda Rodrigues,Metformina Xarope 120ml - EMS (Genérico),1,66.87,66.87
2992,2025-01-20,Isabelly Dias,Dipirona Sódica 1g - 10 Comprimidos - Neo Química (Genérico),2,25.42,50.84
2993,2026-02-14,Gustavo Henrique Rodrigues,Escitalopram 1g - 10 Comprimidos - EMS (Genérico),5,116.72,583.6
2994,2026-04-06,Kamilly Costa,Sinvastatina Xarope 120ml - EMS (Genérico),1,72.93,72.93
2995,2025-08-28,Bento Gomes,Loratadina Suspensão Oral 50ml - Neo Química (Genérico),1,110.09,110.09
2996,2026-05-09,Dra. Isabelly Campos,Ibuprofeno 50mg - 30 Comprimidos - Medley (Genérico),5,243.47,1217.35
2997,2024-11-15,Dr. Nicolas Albuquerque,Soro Fisiológico Pampers 400ml,4,168.64,674.56
2998,2025-08-30,Ryan Borges,Sertralina Suspensão Oral 50ml - Aché,4,65.67,262.68
2999,2025-10-28,Clarice Pastor,Vacina contra Resfriado - Dose Única,1,55.99,55.99
3000,2025-03-22,Dr. Caio Fernandes,Soro Fisiológico Sempre Livre 50 Metros,3,30.35,91.05000000000001
