valor_total_receita,quantidade_vendida_dia,data_transacao,dia_da_semana,dia,mes,trismeste,ano,nomecliente,ruacliente,bairrocliente,municipiocliente,ufcliente,nomeproduto,categproduto
12.56,2,2025-11-20,Thursday ,20,11,4,2025,Daniela Pires,Largo Mateus Garcia,Ermelinda,Ferreira do Amparo,AC,Omeprazol Gotas 20ml - Bayer,Antidepressivos
577.1,5,2026-05-13,Wednesday,13,5,2,2026,Ravi Martins,Fazenda de Costela,Acaiaca,Aragão de Goiás,GO,Creme Dental Sempre Livre FPS 50,Analgésicos
197,4,2025-12-06,Saturday ,6,12,4,2025,Dra. Ana Luiza Cavalcante,Favela de Campos,Suzana,Nunes do Sul,MA,Hastes Flexíveis (Cotonetes) Pampers 500ml,Nutrição Infantil
160.43,1,2026-09-05,Saturday ,5,9,3,2026,Dante Vasconcelos,Favela de Mendes,Santa Rosa,Lopes dos Dourados,PB,Omeprazol Suspensão Oral 50ml - Eurofarma,Anti-inflamatórios
735.72,4,2025-01-08,Wednesday,8,1,1,2025,Maitê Novaes,Passarela de Almeida,Xodo-Marize,Gonçalves do Sul,RO,Condicionador Hidratação Bepantol 90g,Produtos Ortopédicos
243.88,2,2026-01-18,Sunday   ,18,1,1,2026,Vinícius Dias,Estrada Camargo,Vila Piratininga,Silva de Minas,MA,Sinvastatina Pomada 30g - EMS (Genérico),Cuidados com o Cabelo
274.36,2,2026-02-01,Sunday   ,1,2,1,2026,Camila Nunes,Área de Duarte,Araguaia,Alves,BA,Fluoxetina 1g - 10 Comprimidos - Bayer,Fraldas e Infantis
583.6,5,2025-02-19,Wednesday,19,2,1,2025,Srta. Maria Luísa Novais,Colônia de Azevedo,Xangri-Lá,Leão,RJ,Clonazepam 25mg - 30 Comprimidos - Bayer,Higiene Pessoal
819.8000000000001,5,2026-05-14,Thursday ,14,5,2,2026,Danilo Teixeira,Residencial de Macedo,São Geraldo,Macedo Alegre,RR,Hidroclorotiazida 500mg - 20 Comprimidos - Bayer,Primeiros Socorros
430.71,3,2026-01-07,Wednesday,7,1,1,2026,Maria Julia Viana,Sítio de Sampaio,Dom Silverio,Caldeira,SE,Diclofenaco 50mg - 30 Comprimidos - Aché,Produtos Ortopédicos
302.26,2,2026-05-25,Monday   ,25,5,2,2026,Danilo Cunha,Vale Novais,Vila Nova Cachoeirinha 2ª Seção,Pires,AM,Água Micelar Sempre Livre 50g,Vacinas
1126.9499999999998,5,2024-09-25,Wednesday,25,9,3,2024,Dra. Heloísa Macedo,Viaduto Brenda Carvalho,Vitoria Da Conquista,Leão,RJ,Soro Fisiológico Dove 150ml,Antidepressivos
456.52,2,2025-03-02,Sunday   ,2,3,1,2025,Pedro Miguel da Costa,Trevo Barbosa,Vila Dos Anjos,Alves de da Conceição,AC,Curativos (Band-Aid) Pampers 400ml,Aparelhos Médicos
1240.5500000000002,5,2026-08-24,Monday   ,24,8,3,2026,Aurora Teixeira,Rodovia de Borges,Paquetá,da Conceição,DF,Loratadina Pomada 30g - Eurofarma,Nutrição Infantil
943.2,4,2025-03-23,Sunday   ,23,3,1,2025,Calebe Rocha,Viela Oliver Gomes,João Alfredo,Castro,CE,Diclofenaco 500mg - 20 Comprimidos - Eurofarma,Antibióticos
896.4,4,2025-09-04,Thursday ,4,9,3,2025,Igor da Mota,Viaduto de Pimenta,Nova Floresta,Farias da Prata,RN,Água Micelar Needs FPS 50,Genéricos
204.2,1,2026-07-11,Saturday ,11,7,3,2026,Luísa da Mata,Passarela Vitor Hugo da Cruz,Mantiqueira,Machado,PE,Condicionador Hidratação Nivea 90g,Anti-inflamatórios
227.84,2,2026-03-10,Tuesday  ,10,3,1,2026,Clarice Castro,Sítio Câmara,Vila Paris,Cavalcante da Serra,RJ,Hidroclorotiazida 500mg - 20 Comprimidos - Medley (Genérico),Saúde Bucal
478.1,5,2025-05-30,Friday   ,30,5,2,2025,Maria Vitória Rodrigues,Feira de Mendonça,Ademar Maldonado,Souza,ES,Sabonete em Barra Huggies 200ml,Antitérmicos
393.88,2,2025-10-28,Tuesday  ,28,10,4,2025,Yasmin Macedo,Lagoa Jade da Paz,Pindura Saia,Barros,TO,Desodorante Aerosol G-Tech 150ml,Antidepressivos
87.99,3,2025-11-16,Sunday   ,16,11,4,2025,Eloah Leão,Área Benjamin Rios,Caiçara - Adelaide,Nogueira de Rios,PR,Condicionador Hidratação Huggies 400ml,Antialérgicos
481.77,3,2025-09-25,Thursday ,25,9,3,2025,Isabela Oliveira,Via Mendes,Paulo Vi,Albuquerque de Brito,GO,Metformina Suspensão Oral 50ml - Aché,Genéricos
428.70000000000005,3,2025-06-12,Thursday ,12,6,2,2025,Maria Araújo,Passarela Borges,Piraja,Nunes,AC,Curativos (Band-Aid) Nivea 500ml,Vacinas
396.25,5,2026-08-10,Monday   ,10,8,3,2026,Ísis da Costa,Favela Liam Câmara,Minas Caixa,Sales,PE,Diclofenaco Pomada 30g - EMS (Genérico),Produtos Ortopédicos
556.05,5,2025-04-23,Wednesday,23,4,2,2025,Maya das Neves,Jardim de Oliveira,Vila Atila De Paiva,Vasconcelos do Campo,MG,Sérum Vitamina C Huggies 90g,Saúde Bucal
836.08,4,2024-12-14,Saturday ,14,12,4,2024,Carlos Eduardo Mendonça,Praça de Peixoto,Belmonte,Siqueira do Campo,GO,Creme Hidratante Mió 90g,Nutrição Infantil
6.85,1,2025-05-06,Tuesday  ,6,5,2,2025,Olivia Câmara,Viaduto de Pires,Vila São Rafael,Duarte,MA,Omeprazol 50mg - 30 Comprimidos - Bayer,Vitaminas e Suplementos
182.26,1,2024-12-16,Monday   ,16,12,4,2024,Bento Campos,Largo Freitas,Vila Calafate,Rodrigues,TO,Vacina contra Trombose - Reforço,Fitoterápicos
105.39000000000001,3,2025-10-01,Wednesday,1,10,4,2025,Alexia Cavalcante,Distrito Viana,Vila Santa Rosa,Barbosa,CE,Dipirona Sódica Xarope 120ml - EMS (Genérico),Aparelhos Médicos
69.49,1,2025-03-14,Friday   ,14,3,1,2025,Mateus Nunes,Sítio de Machado,Petropolis,Barbosa,DF,Shampoo Anticaspa Sempre Livre 500ml,Fraldas e Infantis
391.32,4,2024-11-25,Monday   ,25,11,4,2024,Cauê Fonseca,Parque Sales,Carlos Prates,Sales,PE,Pantoprazol 25mg - 30 Comprimidos - Aché,Homeopatia
162.15,5,2026-04-02,Thursday ,2,4,2,2026,Stephany Vargas,Jardim Manuella Andrade,Tupi B,Ramos,AC,Losartana Potássica 25mg - 30 Comprimidos - EMS (Genérico),Nutrição Infantil
62.7,2,2025-10-02,Thursday ,2,10,4,2025,Joaquim Pereira,Vila Helena Alves,Jatobá,Andrade Alegre,DF,Azitromicina Xarope 120ml - Medley (Genérico),Antibióticos
199.05,5,2026-02-20,Friday   ,20,2,1,2026,Murilo da Cunha,Colônia Heloísa Siqueira,Caiçara - Adelaide,Lopes dos Dourados,PB,Tadalafila 25mg - 30 Comprimidos - Aché,Antitérmicos
1003.5500000000001,5,2026-01-22,Thursday ,22,1,1,2026,Dra. Rebeca Melo,Esplanada Ayla Carvalho,Vila Boa Vista,da Conceição,DF,Clonazepam 1g - 10 Comprimidos - Neo Química (Genérico),Analgésicos
236.61,1,2026-06-15,Monday   ,15,6,2,2026,Maria Clara Cirino,Esplanada de Cavalcanti,Vila Satélite,das Neves,MT,Dipirona Sódica Xarope 120ml - Neo Química (Genérico),Antidepressivos
487.76,4,2025-08-28,Thursday ,28,8,3,2025,Liz Moraes,Vale Yago Andrade,Vila Mangueiras,Nunes,SP,Sinvastatina Pomada 30g - EMS (Genérico),Cuidados com o Cabelo
1035.35,5,2025-04-07,Monday   ,7,4,2,2025,Davi Nunes,Rua Gabrielly das Neves,Boa Esperança,Castro,CE,Hidroclorotiazida Xarope 120ml - Neo Química (Genérico),Antitérmicos
195.78000000000003,3,2024-10-22,Tuesday  ,22,10,4,2024,Srta. Stella Araújo,Quadra de Sampaio,Santa Amelia,Pacheco,RR,Hidroclorotiazida 1g - 10 Comprimidos - Medley (Genérico),Saúde Bucal
1194.85,5,2026-05-24,Sunday   ,24,5,2,2026,Pedro Henrique Aragão,Recanto Aurora Oliveira,Vila Nova Dos Milionarios,Mendes das Flores,AL,Nimesulida 25mg - 30 Comprimidos - Aché,Dermocosméticos
79.83,1,2026-08-26,Wednesday,26,8,3,2026,Isabela Oliveira,Via Mendes,Paulo Vi,Albuquerque de Brito,GO,Protetor Solar Facial Bepantol 150ml,Vacinas
205.24,2,2025-09-25,Thursday ,25,9,3,2025,Mariah Jesus,Área Vicente Melo,Vila Santo Antônio Barroquinha,Machado,PB,Vacina contra Alzheimer - Dose Única,Antialérgicos
187.76,4,2024-10-08,Tuesday  ,8,10,4,2024,Henry Gabriel Vieira,Largo Thiago Ramos,Vila Antena,Cardoso,RO,Dipirona Sódica 50mg - 30 Comprimidos - EMS (Genérico),Saúde Bucal
22.48,1,2025-12-24,Wednesday,24,12,4,2025,Théo Camargo,Rodovia Ferreira,Serra Verde,Barros de Fernandes,RR,Fluoxetina 50mg - 30 Comprimidos - Medley (Genérico),Fraldas e Infantis
437.49,3,2026-08-03,Monday   ,3,8,3,2026,Rodrigo da Rocha,Viela Aylla Vieira,Cdi Jatoba,Moura,BA,Enxaguante Bucal Nivea 90g,Antibióticos
1128,5,2026-01-20,Tuesday  ,20,1,1,2026,Anthony Gabriel Camargo,Conjunto de Aparecida,Palmeiras,Silva de Minas,MA,Diclofenaco Xarope 120ml - Neo Química (Genérico),Primeiros Socorros
810.12,4,2024-10-09,Wednesday,9,10,4,2024,Lucca Moura,Rua de Dias,Nossa Senhora Do Rosário,Jesus,ES,Azitromicina 50mg - 30 Comprimidos - Medley (Genérico),Homeopatia
202.27,1,2025-02-15,Saturday ,15,2,1,2025,Srta. Elisa Almeida,Parque Nina Costa,Silveira,Castro,CE,Pantoprazol 1g - 10 Comprimidos - Bayer,Cuidados com o Cabelo
244,2,2026-05-06,Wednesday,6,5,2,2026,João Miguel Cunha,Morro de Fernandes,Conjunto Novo Dom Bosco,da Cunha,AM,Vacina contra Gripe - Reforço,Antidepressivos
845.1999999999999,5,2026-03-09,Monday   ,9,3,1,2026,Carlos Eduardo Ribeiro,Rodovia Santos,Boa Viagem,Pires,AM,Diclofenaco 25mg - 30 Comprimidos - Medley (Genérico),Dermocosméticos
79.62,2,2026-01-10,Saturday ,10,1,1,2026,Sr. Davi Novaes,Feira de Alves,Barão Homem De Melo 1ª Seção,Montenegro,SC,Tadalafila 25mg - 30 Comprimidos - Aché,Antitérmicos
126.21000000000001,3,2026-07-22,Wednesday,22,7,3,2026,Isabelly Santos,Travessa Yago Porto,Betânia,Cirino,RJ,Pantoprazol Xarope 120ml - Eurofarma,Cuidados com o Cabelo
583.36,4,2026-02-12,Thursday ,12,2,1,2026,Júlia Viana,Passarela Sabrina Câmara,São Sebastião,Barros,TO,Paracetamol 500mg - 20 Comprimidos - Neo Química (Genérico),Homeopatia
274.36,2,2026-08-07,Friday   ,7,8,3,2026,Théo Pastor,Recanto de Silveira,Nova Esperança,Nogueira,PA,Fluoxetina 1g - 10 Comprimidos - Bayer,Fraldas e Infantis
338.1,5,2026-07-28,Tuesday  ,28,7,3,2026,Maria Helena Sales,Fazenda Lívia Melo,Morro Dos Macacos,Cavalcante da Serra,RJ,Vacina contra Osteoporose - Dose Única,Nutrição Infantil
246.26,2,2026-03-20,Friday   ,20,3,1,2026,Rafaela Fernandes,Condomínio Maria Sophia Moura,Conjunto Lagoa,Rezende,DF,Vacina contra Embolia - Dose Única,Antibióticos
412.40999999999997,3,2026-03-23,Monday   ,23,3,1,2026,Maria Julia da Costa,Área Pires,São Marcos,Rocha,RS,Paracetamol Gotas 20ml - Neo Química (Genérico),Anti-inflamatórios
378.06,2,2026-07-03,Friday   ,3,7,3,2026,Maitê Montenegro,Residencial Fogaça,Vila Copacabana,Cassiano Verde,SE,Tadalafila Xarope 120ml - Aché,Antialérgicos
647.68,4,2025-01-19,Sunday   ,19,1,1,2025,Oliver Correia,Viaduto Antonella Rocha,Varzea Da Palma,Porto,GO,Creme Hidratante Panvel FPS 50,Genéricos
690.68,4,2026-05-20,Wednesday,20,5,2,2026,Isaque Farias,Morro de Camargo,Providencia,Nunes,AC,Escitalopram 25mg - 30 Comprimidos - EMS (Genérico),Homeopatia
202.27,1,2025-05-24,Saturday ,24,5,2,2025,Gael Peixoto,Via de Silveira,Urca,Almeida das Pedras,PI,Pantoprazol 1g - 10 Comprimidos - Bayer,Cuidados com o Cabelo
152.88,2,2024-11-19,Tuesday  ,19,11,4,2024,Dr. Murilo Casa Grande,Vale Igor Dias,São Gonçalo,Barbosa dos Dourados,RN,Nimesulida 500mg - 20 Comprimidos - EMS (Genérico),Saúde Bucal
629.36,4,2026-01-05,Monday   ,5,1,1,2026,Júlia Viana,Passarela Sabrina Câmara,São Sebastião,Barros,TO,Hastes Flexíveis (Cotonetes) Johnson's 200ml,Higiene Pessoal
189.85,1,2025-06-23,Monday   ,23,6,2,2025,Mariana Casa Grande,Campo de Mendes,Dona Clara,Rodrigues,TO,Dipirona Sódica Xarope 120ml - Aché,Cuidados com o Cabelo
154.15,1,2026-05-04,Monday   ,4,5,2,2026,Cecilia Souza,Esplanada Yan Aparecida,Brasil Industrial,Cardoso,RO,Soro Fisiológico Sempre Livre 500ml,Higiene Pessoal
52.39,1,2026-06-04,Thursday ,4,6,2,2026,Dr. Francisco Lopes,Praia de Costela,Mariquinhas,Macedo de Costa,RJ,Condicionador Hidratação Dove 90g,Antitérmicos
497.2,2,2025-02-18,Tuesday  ,18,2,1,2025,Gustavo Henrique Campos,Avenida Cecilia Garcia,Alto Caiçaras,Lopes dos Dourados,PB,Sertralina Xarope 120ml - Medley (Genérico),Anti-inflamatórios
400.24,2,2025-08-13,Wednesday,13,8,3,2025,Emilly Monteiro,Rua Camargo,Campo Alegre,Brito,MS,Vacina contra Artrite - Dose Única,Produtos Ortopédicos
221.86,2,2024-10-02,Wednesday,2,10,4,2024,Joana da Conceição,Estrada de Ribeiro,Vila São Paulo,Martins de Gonçalves,RS,Dipirona Sódica 25mg - 30 Comprimidos - EMS (Genérico),Genéricos
114.60000000000001,5,2026-08-13,Thursday ,13,8,3,2026,Bella Correia,Morro Leão,Jonas Veiga,Souza,ES,Diclofenaco Gotas 20ml - Eurofarma,Produtos Ortopédicos
103.42,2,2024-11-05,Tuesday  ,5,11,4,2024,Dom Costa,Loteamento Josué Oliveira,Ambrosina,Andrade Alegre,DF,Metformina 25mg - 30 Comprimidos - Medley (Genérico),Higiene Pessoal
478.1,5,2026-05-14,Thursday ,14,5,2,2026,Sr. Leonardo Leão,Área Cavalcante,Calafate,da Mota de Oliveira,RS,Sabonete em Barra Huggies 200ml,Antitérmicos
168.14999999999998,3,2025-11-25,Tuesday  ,25,11,4,2025,Srta. Ana Sophia Albuquerque,Viela de Vasconcelos,Nossa Senhora Da Conceição,Macedo de Costa,RJ,Amoxicilina 1g - 10 Comprimidos - EMS (Genérico),Antidepressivos
370.04999999999995,3,2026-04-15,Wednesday,15,4,2,2026,Dr. Gael Henrique Montenegro,Via Gomes,São Gonçalo,Jesus,ES,Pantoprazol Pomada 30g - Neo Química (Genérico),Anti-inflamatórios
967.92,4,2026-03-11,Wednesday,11,3,1,2026,Sr. Thales Câmara,Núcleo Asafe Dias,Santa Rita,Cavalcanti de Correia,SP,Escitalopram Suspensão Oral 50ml - Eurofarma,Vitaminas e Suplementos
410.54,2,2026-05-24,Sunday   ,24,5,2,2026,Dra. Maria Vargas,Ladeira de Ramos,Paquetá,Cavalcante da Serra,RJ,Vacina contra Epilepsia - Reforço,Antitérmicos
114.86,2,2025-07-20,Sunday   ,20,7,3,2025,Dr. Antony Cavalcanti,Sítio Lorena Fernandes,Vila Da Luz,da Mata dos Dourados,PR,Azitromicina 50mg - 30 Comprimidos - Aché,Saúde Bucal
259.46,2,2026-07-13,Monday   ,13,7,3,2026,Dra. Bruna Cirino,Viaduto de Cassiano,Baleia,Cassiano,SE,Losartana Potássica 500mg - 20 Comprimidos - Eurofarma,Primeiros Socorros
620.2,5,2025-01-21,Tuesday  ,21,1,1,2025,Ana Cecília Gonçalves,Aeroporto Marcela Correia,Céu Azul,Costela do Oeste,MA,Cefalexina 25mg - 30 Comprimidos - Neo Química (Genérico),Antitérmicos
217.36,1,2026-02-08,Sunday   ,8,2,1,2026,Maitê Souza,Aeroporto de Sá,Barão Homem De Melo 2ª Seção,Montenegro,SC,Vacina contra Gastrite - Reforço,Antibióticos
594.42,3,2025-11-24,Monday   ,24,11,4,2025,Eduardo Costela,Lago de Albuquerque,Trevo,Ferreira do Amparo,AC,Sertralina 1g - 10 Comprimidos - Neo Química (Genérico),Aparelhos Médicos
512.68,4,2025-03-07,Friday   ,7,3,1,2025,Vinicius da Conceição,Largo de Duarte,Ermelinda,Machado,PE,Losartana Potássica Gotas 20ml - Aché,Antidepressivos
43.75,1,2025-03-10,Monday   ,10,3,1,2025,Apollo Lima,Loteamento Correia,Boa União 2ª Seção,Machado,PB,Escitalopram 1g - 10 Comprimidos - Aché,Primeiros Socorros
213.16,2,2025-07-26,Saturday ,26,7,3,2025,Isaac Marques,Trecho Silva,Bom Jesus,Sampaio da Serra,MT,Água Micelar Colgate 50g,Fitoterápicos
94.2,2,2025-07-06,Sunday   ,6,7,3,2025,Nina Nunes,Trecho Brito,Inconfidência,Moura,BA,Amoxicilina 1g - 10 Comprimidos - Aché,Produtos Ortopédicos
272.61,3,2026-01-10,Saturday ,10,1,1,2026,Isaque Cunha,Estrada de Sales,Cachoeirinha,Sousa,PE,Álcool em Gel 70% Pampers 50 Metros,Fraldas e Infantis
391.5,5,2025-05-23,Friday   ,23,5,2,2025,Sra. Eloá Sousa,Lago de da Rosa,Vila Pinho,Araújo,MS,Fluoxetina 50mg - 30 Comprimidos - Bayer,Saúde Bucal
338.70000000000005,3,2026-08-13,Thursday ,13,8,3,2026,Enzo Pereira,Rodovia Rocha,São Gonçalo,Albuquerque,MG,Ibuprofeno 1g - 10 Comprimidos - Neo Química (Genérico),Fraldas e Infantis
213.82,1,2024-10-03,Thursday ,3,10,4,2024,Olivia Câmara,Viaduto de Pires,Vila São Rafael,Duarte,MA,Nimesulida 500mg - 20 Comprimidos - Aché,Antidepressivos
95.62,1,2025-06-14,Saturday ,14,6,2,2025,Ester Alves,Alameda Ana Laura da Cunha,Vila Minaslandia,Albuquerque das Flores,RN,Sabonete em Barra Huggies 200ml,Antitérmicos
902.92,4,2025-12-02,Tuesday  ,2,12,4,2025,Breno Mendonça,Esplanada Albuquerque,Tres Marias,Brito,MS,Fluoxetina 500mg - 20 Comprimidos - Neo Química (Genérico),Antitérmicos
235.19,1,2024-12-22,Sunday   ,22,12,4,2024,Davi Nunes,Rua Gabrielly das Neves,Boa Esperança,Castro,CE,Leite em Pó Infantil Huggies 90g,Homeopatia
243.79999999999998,5,2025-05-03,Saturday ,3,5,2,2025,Gael Pacheco,Pátio Enrico Almeida,Vila Nova Gameleira 2ª Seção,Azevedo de Minas,RJ,Clonazepam 50mg - 30 Comprimidos - Aché,Vitaminas e Suplementos
888.76,4,2025-10-15,Wednesday,15,10,4,2025,Sra. Maria da Rosa,Vila Bella Cassiano,Canaa,Silva de Minas,MA,Amoxicilina Suspensão Oral 50ml - Neo Química (Genérico),Anti-inflamatórios
231.29999999999998,5,2026-08-29,Saturday ,29,8,3,2026,Luan Moreira,Vereda de Pereira,Conjunto Serra Verde,Martins de Gonçalves,RS,Vacina contra Parkinson - Dose Única,Fraldas e Infantis
92.62,2,2025-07-26,Saturday ,26,7,3,2025,Mariana Almeida,Trecho de Fernandes,Concórdia,Sampaio das Flores,CE,Metformina Xarope 120ml - Eurofarma,Antidepressivos
769.92,4,2026-02-15,Sunday   ,15,2,1,2026,Benicio da Mota,Condomínio Vicente Aragão,Palmeiras,Fogaça do Amparo,PB,Atenolol 500mg - 20 Comprimidos - Eurofarma,Primeiros Socorros
154.11,1,2024-12-01,Sunday   ,1,12,4,2024,Maria Luiza das Neves,Ladeira de Rocha,Diamante,Duarte,MA,Clonazepam 1g - 10 Comprimidos - EMS (Genérico),Antitérmicos
614.45,5,2025-01-07,Tuesday  ,7,1,1,2025,Emanuel Aragão,Rodovia Jesus,Goiania,Almeida das Pedras,PI,Paracetamol 50mg - 30 Comprimidos - Medley (Genérico),Nutrição Infantil
467.12,2,2024-10-17,Thursday ,17,10,4,2024,Davi Nunes,Rua Gabrielly das Neves,Boa Esperança,Castro,CE,Ibuprofeno Suspensão Oral 50ml - Neo Química (Genérico),Dermocosméticos
226.55,5,2026-01-27,Tuesday  ,27,1,1,2026,Dra. Rebeca Melo,Esplanada Ayla Carvalho,Vila Boa Vista,da Conceição,DF,Absorvente com Abas Bepantol 500ml,Analgésicos
238.53,1,2026-02-18,Wednesday,18,2,1,2026,Henrique Monteiro,Passarela Barros,Baleia,Aparecida,CE,Condicionador Hidratação Needs Tamanho M (40 un),Genéricos
224.2,4,2025-11-21,Friday   ,21,11,4,2025,Stephany Vargas,Jardim Manuella Andrade,Tupi B,Ramos,AC,Amoxicilina 1g - 10 Comprimidos - EMS (Genérico),Antidepressivos
1145.45,5,2024-10-15,Tuesday  ,15,10,4,2024,Maitê da Paz,Jardim Santos,São Francisco Das Chagas,Cavalcante da Serra,RJ,Clonazepam 1g - 10 Comprimidos - Bayer,Antitérmicos
236.81,1,2026-02-11,Wednesday,11,2,1,2026,Ana Carolina Rios,Vila Vieira,Saudade,Vieira de Minas,MT,Atenolol Xarope 120ml - EMS (Genérico),Analgésicos
173.27,1,2025-05-15,Thursday ,15,5,2,2025,Maria Alice Albuquerque,Chácara da Costa,Jardim Atlântico,da Rocha,PI,Escitalopram 500mg - 20 Comprimidos - Medley (Genérico),Fitoterápicos
325.74,2,2025-08-11,Monday   ,11,8,3,2025,Ana Jesus,Vale de Cunha,Leonina,Azevedo de Minas,RJ,Metformina 50mg - 30 Comprimidos - Bayer,Antialérgicos
159.36,2,2026-05-16,Saturday ,16,5,2,2026,Yan Garcia,Passarela José Miguel Pinto,Nova Granada,da Paz de Sampaio,PE,Sabonete Líquido Panvel 90g,Nutrição Infantil
686.2,5,2025-06-06,Friday   ,6,6,2,2025,Matheus Cassiano,Viela Ravy Moreira,Etelvina Carneiro,Aparecida,CE,Azitromicina Xarope 120ml - EMS (Genérico),Genéricos
877.04,4,2025-07-04,Friday   ,4,7,3,2025,Leonardo Freitas,Trevo Noah Monteiro,Conjunto Paulo Vi,Viana,TO,Dipirona Sódica Pomada 30g - Medley (Genérico),Saúde Bucal
132.03,3,2024-10-08,Tuesday  ,8,10,4,2024,João Felipe Mendes,Feira Rodrigues,Novo Santa Cecilia,Vasconcelos de Minas,PA,Sertralina Gotas 20ml - Aché,Dermocosméticos
31.44,3,2025-06-11,Wednesday,11,6,2,2025,Luiz Felipe Gonçalves,Lago de das Neves,São Sebastião,Pacheco,TO,Condicionador Hidratação Vichy 90g,Vacinas
98.42,2,2025-03-09,Sunday   ,9,3,1,2025,Helena Barbosa,Lago Sousa,Mariano De Abreu,Vieira de Minas,PB,Vacina contra Câncer de Próstata - Reforço,Nutrição Infantil
71.75,1,2025-02-15,Saturday ,15,2,1,2025,Rafaela Moura,Estação Thiago Sampaio,Santo Agostinho,Ferreira de Ferreira,AC,Hidroclorotiazida 50mg - 30 Comprimidos - Eurofarma,Saúde Bucal
191.25,3,2025-01-01,Wednesday,1,1,1,2025,Felipe Pinto,Sítio Correia,Vila Nova Paraíso,Martins,PA,Loratadina Xarope 120ml - Bayer,Cuidados com o Cabelo
476.61,3,2025-09-06,Saturday ,6,9,3,2025,Sr. Diego Rezende,Vila Juan da Cruz,Corumbiara,Duarte,AL,Vacina contra Refluxo - Reforço,Dermocosméticos
245.78,2,2025-07-02,Wednesday,2,7,3,2025,Dante Vasconcelos,Favela de Mendes,Santa Rosa,Lopes dos Dourados,PB,Paracetamol 50mg - 30 Comprimidos - Medley (Genérico),Nutrição Infantil
573.84,4,2024-10-16,Wednesday,16,10,4,2024,Sr. Fernando Mendonça,Núcleo Pastor,Eymard,Vasconcelos de Minas,PA,Sinvastatina 500mg - 20 Comprimidos - Neo Química (Genérico),Fitoterápicos
122.89,1,2024-12-30,Monday   ,30,12,4,2024,Caroline Pacheco,Pátio Rafael Fonseca,Vila Betânia,Albuquerque das Flores,RN,Paracetamol 50mg - 30 Comprimidos - Medley (Genérico),Nutrição Infantil
445.02,2,2026-07-01,Wednesday,1,7,3,2026,Calebe Moreira,Morro de da Cruz,Vila Jardim Montanhes,Albuquerque de Brito,GO,Pomada para Assaduras Needs FPS 50,Antialérgicos
469.76,4,2025-10-04,Saturday ,4,10,4,2025,Marcela Novais,Rua Dante Fogaça,Lagoinha,da Costa,PE,Sabonete em Barra Colgate Tamanho G (32 un),Fraldas e Infantis
266.06,2,2025-02-21,Friday   ,21,2,1,2025,Sra. Ísis Pacheco,Viela Ágatha Pires,Distrito Industrial Do Jatoba,Rezende,GO,Sertralina 1g - 10 Comprimidos - Aché,Primeiros Socorros
92.31,3,2026-06-13,Saturday ,13,6,2,2026,Antônio Garcia,Rodovia de da Conceição,Nova Suíça,Pires,AM,Fluoxetina Gotas 20ml - Medley (Genérico),Aparelhos Médicos
35.27,1,2025-02-15,Saturday ,15,2,1,2025,Mathias Silveira,Recanto da Paz,Beija Flor,Pereira,SP,Metformina Suspensão Oral 50ml - Medley (Genérico),Antidepressivos
27.44,1,2026-02-02,Monday   ,2,2,1,2026,Dr. Murilo Casa Grande,Vale Igor Dias,São Gonçalo,Barbosa dos Dourados,RN,Curativos (Band-Aid) Sempre Livre 90g,Antitérmicos
859.05,5,2025-12-14,Sunday   ,14,12,4,2025,Vicente Jesus,Lago Théo Azevedo,Boa União 2ª Seção,Correia Grande,MA,Enxaguante Bucal Sempre Livre 400ml,Genéricos
902.5,5,2026-07-30,Thursday ,30,7,3,2026,Laís Borges,Vale Rodrigo Campos,Nova America,Martins do Amparo,ES,Enalapril 50mg - 30 Comprimidos - Eurofarma,Analgésicos
178.46,2,2025-02-28,Friday   ,28,2,1,2025,Ana Clara Moura,Lagoa de Albuquerque,Vila Copacabana,Gonçalves,MT,Álcool em Gel 70% Mió 90g,Analgésicos
158.71,1,2025-09-01,Monday   ,1,9,3,2025,Natália da Cruz,Recanto de Freitas,Inconfidência,Araújo,MS,Absorvente com Abas Clear 150ml,Aparelhos Médicos
729.6899999999999,3,2025-02-04,Tuesday  ,4,2,1,2025,José Viana,Lago Sales,Vila Rica,Ramos,AC,Sertralina Gotas 20ml - Eurofarma,Cuidados com o Cabelo
327.2,2,2025-09-30,Tuesday  ,30,9,3,2025,Lavínia Sousa,Praia Cavalcanti,Cruzeiro,Nogueira,PA,Enalapril Suspensão Oral 50ml - Aché,Vitaminas e Suplementos
524.3100000000001,3,2025-09-16,Tuesday  ,16,9,3,2025,Clara Albuquerque,Via de da Cruz,Mariquinhas,Cardoso,AL,Losartana Potássica Suspensão Oral 50ml - Aché,Vitaminas e Suplementos
647.68,4,2025-07-31,Thursday ,31,7,3,2025,Isabela Oliveira,Via Mendes,Paulo Vi,Albuquerque de Brito,GO,Creme Hidratante Panvel FPS 50,Genéricos
169.26,2,2024-10-19,Saturday ,19,10,4,2024,Isaac Marques,Trecho Silva,Bom Jesus,Sampaio da Serra,MT,Diclofenaco 25mg - 30 Comprimidos - Neo Química (Genérico),Anti-inflamatórios
226.12,4,2025-04-25,Friday   ,25,4,2,2025,Sr. Dante da Mota,Núcleo João Miguel Casa Grande,Palmares,Casa Grande do Oeste,MT,Enxaguante Bucal CeraVe 50g,Cuidados com o Cabelo
774.4,5,2025-07-09,Wednesday,9,7,3,2025,Yago Fonseca,Ladeira Oliveira,Santa Terezinha,Albuquerque,MG,Tadalafila 25mg - 30 Comprimidos - Neo Química (Genérico),Saúde Bucal
50.28,1,2026-06-18,Thursday ,18,6,2,2026,Maria Julia Cavalcante,Lago Dom da Cruz,Vila Nova,Cirino,RJ,Metformina Gotas 20ml - Bayer,Saúde Bucal
127.5,2,2025-11-26,Wednesday,26,11,4,2025,Mathias Costa,Área Ana Abreu,Álvaro Camargos,da Paz das Flores,PR,Loratadina Xarope 120ml - Bayer,Cuidados com o Cabelo
971.24,4,2025-09-14,Sunday   ,14,9,3,2025,Otávio Duarte,Ladeira Abreu,Santo Antônio,Ferreira de Ferreira,AC,Paracetamol 1g - 10 Comprimidos - Bayer,Vacinas
132.03,3,2025-01-23,Thursday ,23,1,1,2025,Dom Oliveira,Praça Amanda Pastor,Monsenhor Messias,da Luz de Ramos,SC,Sertralina Gotas 20ml - Aché,Dermocosméticos
845.1999999999999,5,2025-07-30,Wednesday,30,7,3,2025,Dr. Juan Barros,Sítio de Andrade,Conjunto Novo Dom Bosco,Siqueira do Amparo,BA,Diclofenaco 25mg - 30 Comprimidos - Medley (Genérico),Dermocosméticos
941.75,5,2026-05-14,Thursday ,14,5,2,2026,Srta. Manuella Souza,Viela Maria Luiza Garcia,Mangabeiras,Fogaça Alegre,PR,Omeprazol 500mg - 20 Comprimidos - EMS (Genérico),Vitaminas e Suplementos
509.52,4,2026-05-31,Sunday   ,31,5,2,2026,João Miguel Pereira,Feira de Ramos,Oeste,Cirino,RJ,Vacina contra Insônia - Reforço,Homeopatia
721.24,4,2025-05-13,Tuesday  ,13,5,2,2025,Maria Abreu,Vila Luiz Miguel Aparecida,Horto,da Luz de Ramos,SC,Protetor Solar Facial La Roche-Posay FPS 70,Antitérmicos
195.99,3,2025-02-23,Sunday   ,23,2,1,2025,Olívia Moraes,Lago de Ferreira,Goiania,Alves de da Conceição,AC,Atenolol 25mg - 30 Comprimidos - Neo Química (Genérico),Cuidados com o Cabelo
693.08,4,2026-03-18,Wednesday,18,3,1,2026,Kevin Guerra,Recanto Julia Pinto,São Bernardo,Macedo,AC,Escitalopram 500mg - 20 Comprimidos - Medley (Genérico),Fitoterápicos
315.44,4,2026-03-28,Saturday ,28,3,1,2026,Hellena da Mata,Lagoa Agatha Machado,Funcionários,Cirino,RJ,Vacina contra Resfriado - Dose Única,Cuidados com o Cabelo
256.70000000000005,5,2024-11-13,Wednesday,13,11,4,2024,Fernanda Cavalcanti,Chácara Sampaio,Vila Maria,Peixoto de Machado,RN,Losartana Potássica 500mg - 20 Comprimidos - Bayer,Saúde Bucal
159.84,3,2025-04-09,Wednesday,9,4,2,2025,Pedro Henrique Fonseca,Praia Melo,Vila Jardim São José,Guerra de Minas,DF,Hidroclorotiazida 50mg - 30 Comprimidos - Neo Química (Genérico),Cuidados com o Cabelo
135.46,1,2025-04-13,Sunday   ,13,4,2,2025,Gael Albuquerque,Chácara Ana Carolina Ribeiro,Bom Jesus,Câmara de Casa Grande,AM,Vacina contra Refluxo - Dose Única,Cuidados com o Cabelo
31.44,3,2026-01-13,Tuesday  ,13,1,1,2026,Luana Dias,Campo Daniela Caldeira,Vila Aeroporto,Fogaça do Amparo,PB,Condicionador Hidratação Vichy 90g,Vacinas
218.29999999999998,5,2026-02-23,Monday   ,23,2,1,2026,Luana Dias,Campo Daniela Caldeira,Vila Aeroporto,Fogaça do Amparo,PB,Hidroclorotiazida Gotas 20ml - Medley (Genérico),Aparelhos Médicos
401.42,2,2026-05-09,Saturday ,9,5,2,2026,Srta. Elisa Almeida,Parque Nina Costa,Silveira,Castro,CE,Clonazepam 1g - 10 Comprimidos - Neo Química (Genérico),Analgésicos
240.58,1,2025-04-13,Sunday   ,13,4,2,2025,Vitor Hugo Azevedo,Recanto Agatha Freitas,Custodinha,Rocha das Pedras,AP,Vacina contra Asma - Dose Única,Higiene Pessoal
113.85,5,2026-08-21,Friday   ,21,8,3,2026,Mariane Marques,Colônia Maria Alice Cassiano,Vila São Rafael,da Mata dos Dourados,PR,Omeprazol 500mg - 20 Comprimidos - Eurofarma,Produtos Ortopédicos
127,5,2025-04-21,Monday   ,21,4,2,2025,Gustavo Henrique Campos,Avenida Cecilia Garcia,Alto Caiçaras,Lopes dos Dourados,PB,Curativos (Band-Aid) Vichy FPS 70,Fraldas e Infantis
266.4,5,2025-03-20,Thursday ,20,3,1,2025,Eduardo Mendes,Feira de Teixeira,Estoril,Peixoto das Flores,RJ,Hidroclorotiazida 50mg - 30 Comprimidos - Neo Química (Genérico),Cuidados com o Cabelo
67.56,2,2025-02-16,Sunday   ,16,2,1,2025,Ana Liz Casa Grande,Lago Brenda Farias,Vila Copacabana,Gonçalves das Pedras,PR,Losartana Potássica Suspensão Oral 50ml - Medley (Genérico),Cuidados com o Cabelo
101.34,3,2026-01-13,Tuesday  ,13,1,1,2026,Kaique Silva,Parque Borges,Vila São Geraldo,Viana,TO,Losartana Potássica Suspensão Oral 50ml - Medley (Genérico),Cuidados com o Cabelo
917.9000000000001,5,2025-07-29,Tuesday  ,29,7,3,2025,Dra. Aurora Cunha,Feira Manuela Azevedo,Bandeirantes,Martins de Gonçalves,RS,Protetor Solar Corporal Rexona 150ml,Antibióticos
318.72,4,2026-04-25,Saturday ,25,4,2,2026,Apollo Pastor,Setor de da Mata,Cenaculo,Barros,SC,Sabonete Líquido Panvel 90g,Nutrição Infantil
898.36,4,2026-07-30,Thursday ,30,7,3,2026,Dra. Laís Andrade,Praça Maria Alice Aparecida,Conjunto Novo Dom Bosco,Moura,SP,Vacina contra Desnutrição - Dose Única,Homeopatia
665.15,5,2025-10-11,Saturday ,11,10,4,2025,Sra. Isabella Monteiro,Praia Vitor Gabriel Nogueira,Vila Sumaré,Silveira,BA,Sertralina 1g - 10 Comprimidos - Aché,Primeiros Socorros
869.44,4,2026-05-12,Tuesday  ,12,5,2,2026,Dra. Ana Lívia Novais,Distrito Lima,Taquaril,Moura,PA,Vacina contra Gastrite - Reforço,Antibióticos
79.13,1,2025-07-30,Wednesday,30,7,3,2025,Letícia Fernandes,Trecho Rael Mendes,Custodinha,Rocha,PR,Álcool em Gel 70% Vichy 150ml,Saúde Bucal
47.62,1,2025-09-14,Sunday   ,14,9,3,2025,Dr. Mathias Araújo,Morro de Novaes,Cabana Do Pai Tomás,da Costa de Melo,AL,Vacina contra Câncer de Mama - Dose Única,Cuidados com o Cabelo
769.92,4,2026-06-14,Sunday   ,14,6,2,2026,Oliver Jesus,Lago Melo,Rio Branco,Alves,BA,Atenolol 500mg - 20 Comprimidos - Eurofarma,Primeiros Socorros
541.84,4,2025-11-20,Thursday ,20,11,4,2025,Léo da Rosa,Rodovia Leandro da Mata,Primeiro De Maio,Cirino,RJ,Vacina contra Refluxo - Dose Única,Cuidados com o Cabelo
93.88,2,2025-01-26,Sunday   ,26,1,1,2025,Breno Camargo,Campo Sarah das Neves,Boa União 2ª Seção,das Neves,MT,Dipirona Sódica 50mg - 30 Comprimidos - EMS (Genérico),Saúde Bucal
97.3,1,2025-02-19,Wednesday,19,2,1,2025,Luiz Gustavo Gonçalves,Aeroporto Nogueira,Chácara Leonina,Almeida Grande,AP,Fluoxetina Suspensão Oral 50ml - Medley (Genérico),Antidepressivos
338.08,2,2025-08-13,Wednesday,13,8,3,2025,Juliana Barbosa,Vila de Casa Grande,Vila Vista Alegre,Andrade Alegre,DF,Diclofenaco 25mg - 30 Comprimidos - Medley (Genérico),Dermocosméticos
657.5999999999999,3,2026-01-08,Thursday ,8,1,1,2026,Dr. Enzo Gabriel Mendes,Residencial de Pinto,Ipiranga,Peixoto das Flores,RJ,Cefalexina 500mg - 20 Comprimidos - Bayer,Antialérgicos
148.56,2,2025-04-17,Thursday ,17,4,2,2025,Daniel Vargas,Colônia de Peixoto,Outro,Cavalcante,RR,Vacina contra Depressão - Reforço,Dermocosméticos
423.15,5,2024-09-21,Saturday ,21,9,3,2024,Benjamim Pastor,Vale da Rocha,Bacurau,da Luz,RS,Vacina contra Obesidade - Dose Única,Fraldas e Infantis
219.26,1,2024-10-21,Monday   ,21,10,4,2024,Paulo Novais,Praia Leão,Mangabeiras,Araújo,MS,Dipirona Sódica Pomada 30g - Medley (Genérico),Saúde Bucal
691.59,3,2026-02-03,Tuesday  ,3,2,1,2026,Ana Cecília Gonçalves,Aeroporto Marcela Correia,Céu Azul,Costela do Oeste,MA,Fluoxetina Suspensão Oral 50ml - Aché,Vacinas
465.25,5,2026-01-04,Sunday   ,4,1,1,2026,Sr. Vitor Hugo Costa,Ladeira de Garcia,Vila Santa Monica 1ª Seção,Carvalho,DF,Escitalopram Gotas 20ml - EMS (Genérico),Antialérgicos
27.4,2,2025-06-05,Thursday ,5,6,2,2025,Danilo Cunha,Vale Novais,Vila Nova Cachoeirinha 2ª Seção,Pires,AM,Ibuprofeno 50mg - 30 Comprimidos - Eurofarma,Antitérmicos
1136.1,5,2026-06-12,Friday   ,12,6,2,2026,Maria Julia Dias,Campo Vasconcelos,Mantiqueira,Sousa,TO,Fluoxetina 500mg - 20 Comprimidos - Medley (Genérico),Dermocosméticos
932.32,4,2025-03-04,Tuesday  ,4,3,1,2025,Luiz Miguel Ribeiro,Lago Cardoso,Conjunto Taquaril,Moraes,DF,Omeprazol 50mg - 30 Comprimidos - Neo Química (Genérico),Anti-inflamatórios
497.6,4,2025-04-14,Monday   ,14,4,2,2025,João Lima,Loteamento de Santos,Milionario,Sousa,PE,Leite em Pó Infantil Sempre Livre 400ml,Antialérgicos
513.1,5,2024-10-18,Friday   ,18,10,4,2024,Henry Gabriel Vieira,Largo Thiago Ramos,Vila Antena,Cardoso,RO,Vacina contra Alzheimer - Dose Única,Antialérgicos
109.22999999999999,3,2026-09-05,Saturday ,5,9,3,2026,Ana Vitória Pinto,Rua Sampaio,São Vicente,Machado,PE,Pomada para Assaduras CeraVe 90g,Cuidados com o Cabelo
412.4,2,2025-12-10,Wednesday,10,12,4,2025,Eduarda Viana,Colônia de Azevedo,Monte São José,Gomes,AM,Cefalexina 50mg - 30 Comprimidos - Aché,Aparelhos Médicos
64.81,1,2025-05-30,Friday   ,30,5,2,2025,Maria Isis Castro,Rua Oliveira,Vila Coqueiral,Andrade Alegre,DF,Vacina contra Hipotensão - Reforço,Antidepressivos
679.08,4,2025-07-12,Saturday ,12,7,3,2025,João Guilherme Fernandes,Lagoa de Campos,Mariano De Abreu,Cavalcante da Serra,RJ,Enxaguante Bucal Rexona FPS 50,Dermocosméticos
218.75,5,2025-03-04,Tuesday  ,4,3,1,2025,Dra. Laís Andrade,Praça Maria Alice Aparecida,Conjunto Novo Dom Bosco,Moura,SP,Escitalopram 1g - 10 Comprimidos - Aché,Primeiros Socorros
1170.15,5,2026-06-05,Friday   ,5,6,2,2026,Sabrina Fonseca,Largo Ana Carolina Albuquerque,Conjunto Santa Maria,Cavalcante,RR,Sinvastatina Xarope 120ml - Eurofarma,Saúde Bucal
172.29,3,2024-10-13,Sunday   ,13,10,4,2024,Sr. Marcelo Sales,Aeroporto Rodrigues,Fazendinha,Rios do Oeste,AP,Azitromicina 50mg - 30 Comprimidos - Aché,Saúde Bucal
22.26,2,2025-08-18,Monday   ,18,8,3,2025,Dr. Bruno Gomes,Ladeira Vieira,Vila Jardim Montanhes,da Paz das Pedras,BA,Enalapril Suspensão Oral 50ml - Neo Química (Genérico),Cuidados com o Cabelo
213.16,2,2025-02-28,Friday   ,28,2,1,2025,Cauê da Luz,Trevo Rios,Tupi A,Pacheco,RR,Água Micelar Colgate 50g,Fitoterápicos
14.54,1,2025-12-03,Wednesday,3,12,4,2025,Francisco Pinto,Morro João Miguel Andrade,São Luiz,Cassiano,SE,Amoxicilina Gotas 20ml - Aché,Aparelhos Médicos
567.09,3,2024-09-20,Friday   ,20,9,3,2024,Mariah Costela,Residencial Dante Monteiro,Vila Da Luz,da Costa,PE,Tadalafila Xarope 120ml - Aché,Antialérgicos
319.68,4,2026-06-29,Monday   ,29,6,2,2026,Juan Mendes,Rua de Freitas,Cenaculo,Câmara de Casa Grande,AM,Desodorante Aerosol Rexona FPS 70,Genéricos
888.08,4,2025-11-28,Friday   ,28,11,4,2025,Sra. Eduarda Leão,Lago de Martins,São Vicente,Rios,AP,Losartana Potássica 500mg - 20 Comprimidos - EMS (Genérico),Genéricos
360.12,4,2025-10-14,Tuesday  ,14,10,4,2025,Sr. Francisco Teixeira,Feira Sales,Santa Monica,Câmara do Galho,RO,Sérum Vitamina C Needs FPS 50,Vitaminas e Suplementos
489.15,5,2025-06-23,Monday   ,23,6,2,2025,Dr. Gael Marques,Conjunto Julia Ferreira,Silveira,Alves do Oeste,SP,Pantoprazol 25mg - 30 Comprimidos - Aché,Homeopatia
269.06,2,2026-06-15,Monday   ,15,6,2,2026,Luiz Miguel Caldeira,Setor da Paz,Vila Do Pombal,Rocha,RS,Ibuprofeno Gotas 20ml - Medley (Genérico),Antitérmicos
140.92,4,2026-03-25,Wednesday,25,3,1,2026,Vinicius Cirino,Lago Carvalho,Nossa Senhora Da Conceição,Borges,PA,Condicionador Hidratação G-Tech Tamanho G (32 un),Analgésicos
81.96000000000001,3,2025-12-16,Tuesday  ,16,12,4,2025,Mariah Nunes,Condomínio Rezende,Grotinha,Araújo da Prata,RR,Sabonete Líquido Vichy 500ml,Antitérmicos
824.25,5,2025-05-27,Tuesday  ,27,5,2,2025,Henry Gabriel da Rosa,Lagoa Caldeira,Zilah Sposito,Carvalho,DF,Escitalopram 500mg - 20 Comprimidos - Bayer,Produtos Ortopédicos
134.9,5,2026-04-06,Monday   ,6,4,2,2026,Dra. Lara Caldeira,Feira Freitas,Vila Barragem Santa Lúcia,Sousa,TO,Sabonete Líquido Huggies FPS 70,Antitérmicos
244.98,2,2026-04-17,Friday   ,17,4,2,2026,Anthony Gabriel Siqueira,Trecho Cirino,Vila São Gabriel,Nunes do Sul,MA,Ibuprofeno Gotas 20ml - Aché,Vacinas
816.15,5,2025-11-02,Sunday   ,2,11,4,2025,Fernando Pereira,Setor Santos,Novo São Lucas,Vargas,AL,Paracetamol 25mg - 30 Comprimidos - Medley (Genérico),Aparelhos Médicos
716.91,3,2026-03-15,Sunday   ,15,3,1,2026,Ana Beatriz da Luz,Sítio de Nogueira,Granja De Freitas,Cirino,RJ,Nimesulida 25mg - 30 Comprimidos - Aché,Dermocosméticos
574.48,4,2025-10-21,Tuesday  ,21,10,4,2025,Isabelly Santos,Travessa Yago Porto,Betânia,Cirino,RJ,Protetor Solar Corporal La Roche-Posay 90g,Aparelhos Médicos
843.2,4,2025-12-31,Wednesday,31,12,4,2025,Srta. Elisa Almeida,Parque Nina Costa,Silveira,Castro,CE,Lenço Umedecido G-Tech 500ml,Antidepressivos
168.64999999999998,5,2025-08-14,Thursday ,14,8,3,2025,Alexandre Brito,Distrito de Fogaça,Renascença,da Cunha,AM,Paracetamol Xarope 120ml - Neo Química (Genérico),Higiene Pessoal
12.56,2,2026-09-01,Tuesday  ,1,9,3,2026,Maya Cirino,Avenida de Fogaça,Vila Maria,Nunes do Sul,MA,Omeprazol Gotas 20ml - Bayer,Antidepressivos
121.82,2,2026-07-05,Sunday   ,5,7,3,2026,Natália Barbosa,Trecho Vargas,Cruzeiro,Brito da Mata,BA,Azitromicina 1g - 10 Comprimidos - EMS (Genérico),Dermocosméticos
129.89,1,2026-01-17,Saturday ,17,1,1,2026,Dr. Juan Barros,Sítio de Andrade,Conjunto Novo Dom Bosco,Siqueira do Amparo,BA,Pomada para Assaduras G-Tech Tamanho M (40 un),Genéricos
105.24,2,2025-11-25,Tuesday  ,25,11,4,2025,Anna Liz Cassiano,Lagoa de Jesus,Casa Branca,Pacheco,RR,Amoxicilina 500mg - 20 Comprimidos - Eurofarma,Dermocosméticos
438.62,2,2026-07-02,Thursday ,2,7,3,2026,Dra. Raquel Fernandes,Quadra Nina Cirino,Cdi Jatoba,Aragão do Galho,SC,Fio Dental Listerine Tamanho M (40 un),Cuidados com o Cabelo
127.98,1,2026-08-22,Saturday ,22,8,3,2026,Otávio Ribeiro,Fazenda de Silveira,Vila Da Paz,Alves,BA,Protetor Solar Corporal Huggies 50 Metros,Homeopatia
313.72,2,2026-02-19,Thursday ,19,2,1,2026,Cauã da Mota,Área Caleb Borges,Piraja,Araújo da Prata,RR,Vacina contra Hepatite C - Reforço,Nutrição Infantil
1049,5,2025-09-26,Friday   ,26,9,3,2025,Igor da Mota,Viaduto de Pimenta,Nova Floresta,Farias da Prata,RN,Termômetro Digital Nivea 50 Metros,Antidepressivos
947.8,4,2025-12-11,Thursday ,11,12,4,2025,Dr. Vinícius Moura,Vila de Sá,Vila Havaí,da Mota do Campo,CE,Metformina Pomada 30g - Medley (Genérico),Saúde Bucal
1061.85,5,2025-10-13,Monday   ,13,10,4,2025,Gael Albuquerque,Chácara Ana Carolina Ribeiro,Bom Jesus,Câmara de Casa Grande,AM,Fio Dental Listerine 200ml,Saúde Bucal
972.45,5,2025-09-29,Monday   ,29,9,3,2025,Valentim Siqueira,Fazenda Freitas,Zilah Sposito,Pastor,MG,Hastes Flexíveis (Cotonetes) Listerine 200ml,Homeopatia
242.54999999999998,5,2025-06-16,Monday   ,16,6,2,2025,Eloah Almeida,Viaduto Luiz Fernando Pastor,Santa Rosa,Oliveira Verde,CE,Sérum Vitamina C Panvel 400ml,Fitoterápicos
230.27,1,2025-12-17,Wednesday,17,12,4,2025,Heloisa Mendes,Vale Machado,Esperança,Sampaio,SC,Vacina contra Alzheimer - Reforço,Nutrição Infantil
68.89,1,2026-03-06,Friday   ,6,3,1,2026,Ísis da Costa,Favela Liam Câmara,Minas Caixa,Sales,PE,Nimesulida 1g - 10 Comprimidos - Aché,Vacinas
512.68,4,2025-11-19,Wednesday,19,11,4,2025,Maria Clara Freitas,Rodovia da Mota,Vila Satélite,Montenegro Alegre,BA,Losartana Potássica Gotas 20ml - Aché,Antidepressivos
627.0600000000001,3,2026-03-09,Monday   ,9,3,1,2026,Maitê Lima,Campo de Castro,Buraco Quente,Costela do Oeste,MA,Creme Hidratante Mió 90g,Nutrição Infantil
1158.1999999999998,5,2025-08-09,Saturday ,9,8,3,2025,Emilly Rodrigues,Morro Matheus Camargo,Santa Monica,Sampaio,SC,Diclofenaco 1g - 10 Comprimidos - Eurofarma,Anti-inflamatórios
953.8,5,2025-08-25,Monday   ,25,8,3,2025,José Vieira,Jardim Caio Araújo,Engenho Nogueira,Correia Grande,MA,Vacina contra Melanoma - Reforço,Antialérgicos
210.46,2,2025-10-06,Monday   ,6,10,4,2025,Igor Gonçalves,Favela Bento Macedo,Tiradentes,Dias,RR,Protetor Solar Facial Panvel 200ml,Primeiros Socorros
569.5,5,2025-09-02,Tuesday  ,2,9,3,2025,Maria Julia Vargas,Avenida José Rezende,Vila Maloca,Sales,PE,Shampoo Anticaspa Johnson's FPS 70,Dermocosméticos
600.36,3,2025-11-27,Thursday ,27,11,4,2025,Otto Barbosa,Parque Ana Luiza Sampaio,João Pinheiro,Machado,PB,Vacina contra Artrite - Dose Única,Produtos Ortopédicos
722.4,5,2025-08-17,Sunday   ,17,8,3,2025,Alexandre Brito,Distrito de Fogaça,Renascença,da Cunha,AM,Hidroclorotiazida 500mg - 20 Comprimidos - Aché,Antidepressivos
229.09,1,2025-12-31,Wednesday,31,12,4,2025,Ana Clara Machado,Campo Heloisa Moura,São Paulo,Moura,SP,Clonazepam 1g - 10 Comprimidos - Bayer,Antitérmicos
928.3499999999999,5,2025-08-08,Friday   ,8,8,3,2025,Calebe Moreira,Morro de da Cruz,Vila Jardim Montanhes,Albuquerque de Brito,GO,Termômetro Digital Needs Tamanho M (40 un),Vitaminas e Suplementos
78.9,2,2026-06-12,Friday   ,12,6,2,2026,Clarice Castro,Sítio Câmara,Vila Paris,Cavalcante da Serra,RJ,Metformina 25mg - 30 Comprimidos - Eurofarma,Antibióticos
544.05,5,2026-03-05,Thursday ,5,3,1,2026,Zoe Correia,Loteamento de Machado,Vila Da Amizade,da Mota do Campo,CE,Metformina Xarope 120ml - EMS (Genérico),Dermocosméticos
112.04,4,2025-01-09,Thursday ,9,1,1,2025,Lavínia Sousa,Praia Cavalcanti,Cruzeiro,Nogueira,PA,Vacina contra Hepatite C - Dose Única,Cuidados com o Cabelo
382.14,3,2026-04-08,Wednesday,8,4,2,2026,Ana Pereira,Ladeira Cauã Aragão,Boa União 2ª Seção,da Conceição,DF,Vacina contra Insônia - Reforço,Homeopatia
217.62,2,2025-10-10,Friday   ,10,10,4,2025,Fernando Moraes,Quadra Costela,Marajó,Cardoso,AL,Metformina Xarope 120ml - EMS (Genérico),Dermocosméticos
45.21,1,2026-03-18,Wednesday,18,3,1,2026,Miguel Moreira,Vila de Cirino,Universitário,Almeida das Pedras,PI,Vacina contra Osteoporose - Reforço,Antibióticos
241.17000000000002,3,2025-03-12,Wednesday,12,3,1,2025,Marcos Vinicius Jesus,Distrito Leão,Xangri-Lá,da Mata dos Dourados,PR,Vacina contra Embolia - Reforço,Anti-inflamatórios
724.96,4,2025-02-13,Thursday ,13,2,1,2025,Dra. Luiza Fogaça,Vila Léo Andrade,Primeiro De Maio,Câmara do Galho,RO,Cefalexina Suspensão Oral 50ml - Medley (Genérico),Vacinas
1016.85,5,2024-12-31,Tuesday  ,31,12,4,2024,Sra. Clarice Silveira,Praia Vitor da Mata,Unidas,Rezende,GO,Fluoxetina 1g - 10 Comprimidos - Medley (Genérico),Produtos Ortopédicos
51.65,1,2026-01-06,Tuesday  ,6,1,1,2026,Luiz Gustavo Gomes,Chácara João Lucas Brito,Jatobá,da Rocha da Prata,RN,Azitromicina Gotas 20ml - Bayer,Fitoterápicos
324.92,2,2024-11-16,Saturday ,16,11,4,2024,Isis Pastor,Via de Machado,Santa Sofia,Marques Alegre,AL,Protetor Solar Corporal Sempre Livre 50 Metros,Aparelhos Médicos
87.5,2,2026-04-25,Saturday ,25,4,2,2026,Isaque Santos,Quadra Carvalho,Ouro Preto,Vasconcelos de Minas,PA,Escitalopram 1g - 10 Comprimidos - Aché,Primeiros Socorros
684.78,3,2025-10-30,Thursday ,30,10,4,2025,Milena Jesus,Fazenda Farias,Acaiaca,Duarte,PI,Curativos (Band-Aid) Pampers 400ml,Aparelhos Médicos
56.92,2,2026-03-12,Thursday ,12,3,1,2026,Vicente Albuquerque,Morro Freitas,Vila Engenho Nogueira,Ferreira de Ferreira,AC,Amoxicilina Gotas 20ml - Medley (Genérico),Antidepressivos
321.09000000000003,3,2026-04-10,Friday   ,10,4,2,2026,Ravi Lucca da Mota,Recanto Ana Carolina Santos,Bandeirantes,Brito da Mata,BA,Vacina contra Insuficiência Cardíaca - Dose Única,Antitérmicos
188.4,4,2025-12-02,Tuesday  ,2,12,4,2025,Srta. Maria Clara Aragão,Estrada de Carvalho,Coqueiros,Viana,TO,Amoxicilina 1g - 10 Comprimidos - Aché,Produtos Ortopédicos
1069.1,5,2026-06-14,Sunday   ,14,6,2,2026,Melissa Barbosa,Via Azevedo,Coração De Jesus,Alves de da Conceição,AC,Nimesulida 500mg - 20 Comprimidos - Aché,Antidepressivos
145.83,1,2025-12-04,Thursday ,4,12,4,2025,Sr. Fernando Mendonça,Núcleo Pastor,Eymard,Vasconcelos de Minas,PA,Enxaguante Bucal Nivea 90g,Antibióticos
680.91,3,2025-01-04,Saturday ,4,1,1,2025,Gael Pereira,Colônia Sarah Jesus,Barão Homem De Melo 2ª Seção,Rios,ES,Fluoxetina 50mg - 30 Comprimidos - EMS (Genérico),Vitaminas e Suplementos
113.9,1,2025-06-09,Monday   ,9,6,2,2025,Isaac Marques,Trecho Silva,Bom Jesus,Sampaio da Serra,MT,Shampoo Anticaspa Johnson's FPS 70,Dermocosméticos
9.51,1,2025-03-21,Friday   ,21,3,1,2025,Murilo Cassiano,Esplanada Luísa Melo,Parque São Pedro,Castro,CE,Dipirona Sódica Gotas 20ml - EMS (Genérico),Aparelhos Médicos
437.40000000000003,5,2024-12-13,Friday   ,13,12,4,2024,Srta. Ana Cecília Pires,Avenida Ryan Pacheco,Aparecida 7ª Seção,Aragão do Galho,SC,Fralda Descartável Aptamil 200ml,Anti-inflamatórios
309.48,2,2025-03-09,Sunday   ,9,3,1,2025,Sophia Aragão,Fazenda Moraes,Jardim Atlântico,Oliveira Verde,CE,Escitalopram 1g - 10 Comprimidos - Medley (Genérico),Aparelhos Médicos
130.64,1,2025-02-27,Thursday ,27,2,1,2025,Yago Lima,Quadra de Mendes,Vila Paraíso,Silva de Minas,MA,Cefalexina Gotas 20ml - EMS (Genérico),Vitaminas e Suplementos
15.03,1,2026-01-14,Wednesday,14,1,1,2026,Benjamim Azevedo,Residencial Yuri Gomes,Santa Margarida,da Rocha do Amparo,RN,Vacina contra Pneumonia - Reforço,Produtos Ortopédicos
202.23,1,2025-09-13,Saturday ,13,9,3,2025,Amanda Pimenta,Conjunto de Casa Grande,Grota,Jesus,ES,Vacina contra Bipolaridade - Dose Única,Nutrição Infantil
446.72,4,2025-12-22,Monday   ,22,12,4,2025,Maria Alice Farias,Distrito de Pacheco,Marmiteiros,Silveira das Flores,PE,Hidroclorotiazida Xarope 120ml - EMS (Genérico),Antidepressivos
573.84,4,2026-01-18,Sunday   ,18,1,1,2026,Arthur Miguel Dias,Parque Kaique da Cruz,Santa Lúcia,Brito da Mata,BA,Sinvastatina 500mg - 20 Comprimidos - Neo Química (Genérico),Fitoterápicos
225.6,1,2025-01-22,Wednesday,22,1,1,2025,Sara Leão,Travessa de Siqueira,São João Batista,Câmara do Galho,RO,Diclofenaco Xarope 120ml - Neo Química (Genérico),Primeiros Socorros
306.48,3,2026-03-02,Monday   ,2,3,1,2026,Maria Isis Castro,Rua Oliveira,Vila Coqueiral,Andrade Alegre,DF,Atenolol Pomada 30g - Medley (Genérico),Aparelhos Médicos
130.52,2,2025-02-24,Monday   ,24,2,1,2025,Marcela Cassiano,Jardim de Campos,Conjunto São Francisco De Assis,Aragão de Goiás,GO,Hidroclorotiazida 1g - 10 Comprimidos - Medley (Genérico),Saúde Bucal
575.12,4,2025-04-16,Wednesday,16,4,2,2025,Dr. Yuri Moraes,Núcleo Gabriel Montenegro,Lourdes,Martins do Amparo,ES,Tadalafila Pomada 30g - Neo Química (Genérico),Produtos Ortopédicos
343.62,2,2025-03-21,Friday   ,21,3,1,2025,Lucas Gabriel Almeida,Travessa Freitas,Vila Nova Cachoeirinha 1ª Seção,da Cruz da Mata,PB,Enxaguante Bucal Sempre Livre 400ml,Genéricos
176.34,2,2025-12-11,Thursday ,11,12,4,2025,Mariane Marques,Colônia Maria Alice Cassiano,Vila São Rafael,da Mata dos Dourados,PR,Curativos (Band-Aid) CeraVe 200ml,Nutrição Infantil
259.94,2,2024-09-23,Monday   ,23,9,3,2024,Sr. Pietro Moura,Favela Vitória Marques,Vila Da Luz,Fogaça do Amparo,PB,Losartana Potássica Pomada 30g - Medley (Genérico),Antialérgicos
297.8,5,2025-09-17,Wednesday,17,9,3,2025,Raquel Cavalcanti,Morro Moraes,Alto Caiçaras,da Rocha da Prata,RN,Vacina contra Câncer de Próstata - Dose Única,Dermocosméticos
438.4,2,2024-10-08,Tuesday  ,8,10,4,2024,João Lucas Melo,Passarela Sabrina Guerra,Virgínia,da Rocha Alegre,RJ,Cefalexina 500mg - 20 Comprimidos - Bayer,Antialérgicos
79.68,1,2026-05-01,Friday   ,1,5,2,2026,Sara Martins,Loteamento Jade Casa Grande,Vista Do Sol,Macedo de Costa,RJ,Sabonete Líquido Panvel 90g,Nutrição Infantil
269.98,2,2025-06-17,Tuesday  ,17,6,2,2025,Emilly Costela,Passarela Monteiro,Conjunto Califórnia I,Siqueira do Norte,RO,Loratadina 25mg - 30 Comprimidos - Aché,Analgésicos
525.68,4,2026-08-19,Wednesday,19,8,3,2026,Ryan Gonçalves,Vila de Silva,Bacurau,Barbosa,AP,Sérum Vitamina C Listerine Tamanho M (40 un),Genéricos
135.93,3,2025-09-01,Monday   ,1,9,3,2025,Cecilia Sousa,Aeroporto Vicente Fernandes,Cônego Pinheiro 1ª Seção,Machado,PB,Absorvente com Abas Bepantol 500ml,Analgésicos
163.14,1,2026-08-23,Sunday   ,23,8,3,2026,Davi Luiz Carvalho,Praça Bruno Vasconcelos,Nova Esperança,Moura,BA,Creme Dental Clear 50g,Antidepressivos
1061.85,5,2024-09-15,Sunday   ,15,9,3,2024,Maitê Oliveira,Ladeira da Mata,Inconfidência,Fogaça,BA,Fio Dental Listerine 200ml,Saúde Bucal
36.76,4,2026-03-12,Thursday ,12,3,1,2026,Ravi Lucca Cunha,Estação da Cruz,Mangueiras,Rios,ES,Pantoprazol Gotas 20ml - Medley (Genérico),Fitoterápicos
465.68,4,2025-08-22,Friday   ,22,8,3,2025,Ana Julia da Mata,Trecho Maria Ribeiro,Minaslandia,Carvalho,DF,Fralda Descartável Aptamil 50 Metros,Dermocosméticos
240.96,1,2025-10-19,Sunday   ,19,10,4,2025,Maria Fonseca,Setor Sampaio,Cidade Jardim,Freitas,RO,Metformina Suspensão Oral 50ml - EMS (Genérico),Fraldas e Infantis
1141.3,5,2024-12-16,Monday   ,16,12,4,2024,Lara Vargas,Sítio Casa Grande,Vila Santo Antônio,Araújo,MS,Curativos (Band-Aid) Pampers 400ml,Aparelhos Médicos
122.08,1,2025-10-10,Friday   ,10,10,4,2025,Srta. Elisa Mendes,Distrito de Vieira,Braúnas,Ferreira de Sampaio,PB,Vacina contra Dermatite - Reforço,Primeiros Socorros
114.6,2,2025-09-12,Friday   ,12,9,3,2025,Sra. Maria da Rosa,Vila Bella Cassiano,Canaa,Silva de Minas,MA,Pantoprazol Gotas 20ml - Eurofarma,Primeiros Socorros
106.53,1,2025-11-26,Wednesday,26,11,4,2025,Dr. Marcelo Freitas,Ladeira de Cunha,Acaba Mundo,da Cunha,AM,Enalapril 50mg - 30 Comprimidos - Medley (Genérico),Higiene Pessoal
1059,5,2025-03-28,Friday   ,28,3,1,2025,Ana Laura Machado,Loteamento Azevedo,Taquaril,da Rocha do Amparo,RN,Paracetamol Suspensão Oral 50ml - Aché,Antialérgicos
94.27,1,2026-06-17,Wednesday,17,6,2,2026,Dra. Pietra Moraes,Pátio Carvalho,Braúnas,Brito Alegre,MS,Enxaguante Bucal Panvel 90g,Aparelhos Médicos
394.52,2,2026-05-19,Tuesday  ,19,5,2,2026,Rhavi Alves,Praça Costa,Pompéia,Barros,TO,Hidroclorotiazida Suspensão Oral 50ml - Bayer,Antidepressivos
444.84000000000003,3,2026-06-17,Wednesday,17,6,2,2026,Sr. Enzo Moraes,Sítio João Felipe Gomes,Vila Satélite,Nunes,AC,Pantoprazol 50mg - 30 Comprimidos - Bayer,Saúde Bucal
183.58,1,2025-11-17,Monday   ,17,11,4,2025,Sra. Cecilia Gomes,Vale Cavalcanti,Buritis,Duarte,AL,Protetor Solar Corporal Rexona 150ml,Antibióticos
715.59,3,2025-08-01,Friday   ,1,8,3,2025,Ana Oliveira,Pátio de Azevedo,Universo,Pastor,AP,Condicionador Hidratação Needs Tamanho M (40 un),Genéricos
215.25,3,2024-11-11,Monday   ,11,11,4,2024,Thiago Nascimento,Sítio Alexia Cirino,Pompéia,Rezende,GO,Hidroclorotiazida 50mg - 30 Comprimidos - Eurofarma,Saúde Bucal
145.63,1,2024-12-28,Saturday ,28,12,4,2024,Sophia Santos,Condomínio de da Rosa,Barão Homem De Melo 3ª Seção,Barros de Sousa,RS,Losartana Potássica 50mg - 30 Comprimidos - Medley (Genérico),Antialérgicos
65.33,1,2026-03-05,Thursday ,5,3,1,2026,Ester Nunes,Condomínio de Leão,Jatobá,Costela,AP,Atenolol 25mg - 30 Comprimidos - Neo Química (Genérico),Cuidados com o Cabelo
131.87,1,2024-10-01,Tuesday  ,1,10,4,2024,Bento Campos,Largo Freitas,Vila Calafate,Rodrigues,TO,Curativos (Band-Aid) Needs 400ml,Anti-inflamatórios
152.73,3,2026-04-06,Monday   ,6,4,2,2026,Luan Barros,Praça de Moreira,Vila Madre Gertrudes 3ª Seção,Alves,BA,Nimesulida Xarope 120ml - Medley (Genérico),Antidepressivos
74.42,1,2026-02-04,Wednesday,4,2,1,2026,Matheus Brito,Avenida da Conceição,Rio Branco,Duarte Verde,RO,Dipirona Sódica 1g - 10 Comprimidos - EMS (Genérico),Antibióticos
101.56,1,2024-11-18,Monday   ,18,11,4,2024,Marcelo Santos,Residencial Evelyn Monteiro,Vila Das Oliveiras,Rios do Oeste,AP,Nimesulida 25mg - 30 Comprimidos - Medley (Genérico),Antitérmicos
116.34,2,2025-01-24,Friday   ,24,1,1,2025,Vinícius Dias,Estrada Camargo,Vila Piratininga,Silva de Minas,MA,Protetor Solar Corporal Bepantol 50 Metros,Vitaminas e Suplementos
463.68,2,2025-04-05,Saturday ,5,4,2,2025,Gustavo Barbosa,Estrada Benício Gomes,Conjunto Califórnia Ii,Pacheco de Novaes,PR,Vacina contra Linfoma - Reforço,Nutrição Infantil
916.36,4,2025-01-20,Monday   ,20,1,1,2025,Dr. Mathias Araújo,Morro de Novaes,Cabana Do Pai Tomás,da Costa de Melo,AL,Clonazepam 1g - 10 Comprimidos - Bayer,Antitérmicos
537.88,4,2025-07-26,Saturday ,26,7,3,2025,Sr. Diego Rezende,Vila Juan da Cruz,Corumbiara,Duarte,AL,Nimesulida 50mg - 30 Comprimidos - EMS (Genérico),Anti-inflamatórios
243.23,1,2026-07-13,Monday   ,13,7,3,2026,João Guilherme Costela,Estação Rael Borges,Alto Caiçaras,da Rocha do Amparo,RN,Sertralina Gotas 20ml - Eurofarma,Cuidados com o Cabelo
682.28,4,2026-04-23,Thursday ,23,4,2,2026,Rhavi Oliveira,Passarela Vitor Gabriel Dias,Braúnas,Moura,SP,Amoxicilina Suspensão Oral 50ml - Eurofarma,Vacinas
247.15,5,2026-01-24,Saturday ,24,1,1,2026,Luiza Barros,Condomínio Isabel Pacheco,Marmiteiros,Barros de Fernandes,RR,Cefalexina Pomada 30g - Aché,Anti-inflamatórios
200.71,1,2025-06-17,Tuesday  ,17,6,2,2025,Melissa Araújo,Estação Andrade,Alta Tensão 2ª Seção,Machado,PB,Clonazepam 1g - 10 Comprimidos - Neo Química (Genérico),Analgésicos
346.78,2,2026-03-27,Friday   ,27,3,1,2026,Dra. Elisa Teixeira,Aeroporto Monteiro,Confisco,Casa Grande do Oeste,MT,Atenolol Xarope 120ml - Medley (Genérico),Fitoterápicos
50.5,1,2025-09-04,Thursday ,4,9,3,2025,Sra. Clarice Fernandes,Viela de Silveira,Luxemburgo,Ferreira de Sampaio,PB,Metformina Pomada 30g - Aché,Fraldas e Infantis
225.8,2,2024-11-20,Wednesday,20,11,4,2024,Julia da Rocha,Área de Castro,Sion,da Costa do Galho,CE,Ibuprofeno 1g - 10 Comprimidos - Neo Química (Genérico),Fraldas e Infantis
224.2,4,2026-01-13,Tuesday  ,13,1,1,2026,João Miguel Ferreira,Trecho Maya da Cruz,Ipe,Freitas Alegre,PB,Amoxicilina 1g - 10 Comprimidos - EMS (Genérico),Antidepressivos
209.56,4,2025-09-08,Monday   ,8,9,3,2025,João Lucas Caldeira,Setor de Farias,São Gabriel,Borges,BA,Condicionador Hidratação Dove 90g,Antitérmicos
406.38,3,2026-07-24,Friday   ,24,7,3,2026,Isabelly Santos,Travessa Yago Porto,Betânia,Cirino,RJ,Vacina contra Refluxo - Dose Única,Cuidados com o Cabelo
241.96,4,2025-05-15,Thursday ,15,5,2,2025,Dra. Ana Lívia Cavalcante,Favela de Ferreira,Nova Esperança,Cavalcanti de Correia,SP,Lenço Umedecido CeraVe 400ml,Cuidados com o Cabelo
110.25,3,2025-09-13,Saturday ,13,9,3,2025,Ayla Castro,Campo de da Rosa,Vila São Geraldo,Casa Grande do Oeste,MT,Tadalafila Pomada 30g - Aché,Vitaminas e Suplementos
316.11,3,2024-11-10,Sunday   ,10,11,4,2024,Sara Costa,Largo Cauê Sousa,Cônego Pinheiro 1ª Seção,Gonçalves,MT,Hidroclorotiazida 50mg - 30 Comprimidos - EMS (Genérico),Analgésicos
138.93,3,2025-06-27,Friday   ,27,6,2,2025,Gabriela Peixoto,Via de Ribeiro,Lagoa,Caldeira,SE,Metformina Xarope 120ml - Eurofarma,Antidepressivos
194.04,4,2025-06-13,Friday   ,13,6,2,2025,Zoe Mendes,Sítio Aparecida,Sport Club,da Rosa,AP,Sérum Vitamina C Panvel 400ml,Fitoterápicos
374.96999999999997,3,2024-12-25,Wednesday,25,12,4,2024,Amanda Cassiano,Sítio da Cruz,Nova Cintra,Lopes de Goiás,SE,Sérum Vitamina C Panvel FPS 70,Higiene Pessoal
383.94,3,2024-11-16,Saturday ,16,11,4,2024,Clara Borges,Pátio de Albuquerque,Pilar,Câmara de Casa Grande,AM,Protetor Solar Corporal Huggies 50 Metros,Homeopatia
287.15,5,2025-08-10,Sunday   ,10,8,3,2025,Diego Aragão,Estrada de Camargo,Providencia,da Luz,RS,Azitromicina 50mg - 30 Comprimidos - Aché,Saúde Bucal
430.38,3,2025-01-16,Thursday ,16,1,1,2025,Dr. Lucas Machado,Feira Rhavi Montenegro,Prado,Cirino,RJ,Sinvastatina 500mg - 20 Comprimidos - Neo Química (Genérico),Fitoterápicos
967.92,4,2026-08-18,Tuesday  ,18,8,3,2026,Carlos Eduardo Melo,Praia de Aparecida,Planalto,Macedo Alegre,RR,Escitalopram Suspensão Oral 50ml - Eurofarma,Vitaminas e Suplementos
400.54,2,2025-09-19,Friday   ,19,9,3,2025,Sr. Juan Cardoso,Largo de Ramos,São João Batista,Andrade Alegre,DF,Hastes Flexíveis (Cotonetes) Nivea 50 Metros,Fitoterápicos
19.19,1,2026-04-03,Friday   ,3,4,2,2026,Ana Beatriz Porto,Vila Câmara,Vera Cruz,Pimenta,ES,Nimesulida 1g - 10 Comprimidos - Eurofarma,Produtos Ortopédicos
632.08,4,2026-08-06,Thursday ,6,8,3,2026,Rafael Ribeiro,Quadra Fogaça,Novo Das Industrias,Monteiro,AP,Omeprazol 25mg - 30 Comprimidos - Medley (Genérico),Nutrição Infantil
532.9,5,2025-06-05,Thursday ,5,6,2,2025,Maria Helena Camargo,Estrada Cassiano,Ambrosina,Novaes de Minas,PE,Água Micelar Colgate 50g,Fitoterápicos
144.48,1,2026-03-05,Thursday ,5,3,1,2026,Isabel Câmara,Esplanada Almeida,Jardim Felicidade,Macedo de Costa,RJ,Hidroclorotiazida 500mg - 20 Comprimidos - Aché,Antidepressivos
556.05,5,2026-05-10,Sunday   ,10,5,2,2026,Isaac Jesus,Trecho de Guerra,Esplanada,Gonçalves do Sul,RO,Sérum Vitamina C Huggies 90g,Saúde Bucal
158.26,2,2025-05-22,Thursday ,22,5,2,2025,Ana Laura Fonseca,Núcleo da Cunha,Vila Mangueiras,Pinto dos Dourados,MT,Álcool em Gel 70% Vichy 150ml,Saúde Bucal
676.16,4,2026-04-30,Thursday ,30,4,2,2026,Arthur Freitas,Lagoa Henry Caldeira,Barreiro,Albuquerque,MG,Diclofenaco 25mg - 30 Comprimidos - Medley (Genérico),Dermocosméticos
47.62,1,2026-04-11,Saturday ,11,4,2,2026,Nicolas Fonseca,Esplanada Josué Correia,Mirtes,Nunes do Sul,MA,Vacina contra Câncer de Mama - Dose Única,Cuidados com o Cabelo
897.75,5,2025-02-11,Tuesday  ,11,2,1,2025,Levi Cardoso,Chácara Alana Farias,Cidade Jardim,Campos,PE,Paracetamol 1g - 10 Comprimidos - Aché,Primeiros Socorros
357.94,2,2026-02-01,Sunday   ,1,2,1,2026,Rafaela Moura,Estação Thiago Sampaio,Santo Agostinho,Ferreira de Ferreira,AC,Losartana Potássica 500mg - 20 Comprimidos - Neo Química (Genérico),Aparelhos Médicos
163.6,1,2025-07-17,Thursday ,17,7,3,2025,Ana Carolina Abreu,Praça de Macedo,Barão Homem De Melo 1ª Seção,Aparecida,CE,Enalapril Suspensão Oral 50ml - Aché,Vitaminas e Suplementos
391.08000000000004,3,2025-08-13,Wednesday,13,8,3,2025,Léo Silveira,Alameda de Carvalho,Jardim Atlântico,Rocha,PR,Loratadina Suspensão Oral 50ml - Neo Química (Genérico),Analgésicos
371,5,2025-12-28,Sunday   ,28,12,4,2025,Sra. Heloisa Gomes,Vereda Bruna Mendes,Capitão Eduardo,Martins do Amparo,ES,Vacina contra Parkinson - Reforço,Fraldas e Infantis
244.16,2,2026-06-18,Thursday ,18,6,2,2026,Jade da Conceição,Favela de Mendonça,Nossa Senhora Aparecida,Jesus,AP,Vacina contra Dermatite - Reforço,Primeiros Socorros
115.27,1,2026-02-16,Monday   ,16,2,1,2026,Kaique Cassiano,Viela Azevedo,São Vicente,Cavalcanti de Correia,SP,Escitalopram 50mg - 30 Comprimidos - Eurofarma,Cuidados com o Cabelo
1045.1000000000001,5,2025-01-14,Tuesday  ,14,1,1,2025,Sr. Nathan Mendonça,Aeroporto Peixoto,Vila Antena Montanhês,Fogaça do Amparo,PB,Creme Hidratante Mió 90g,Nutrição Infantil
635.48,4,2025-02-03,Monday   ,3,2,1,2025,Manuela Oliveira,Vereda de Gomes,Novo Ouro Preto,Rocha das Pedras,AP,Vacina contra Refluxo - Reforço,Dermocosméticos
473.9,2,2025-09-06,Saturday ,6,9,3,2025,Ana Cecília Cavalcanti,Fazenda João Lucas da Mata,Conjunto Califórnia I,da Costa,PR,Metformina Pomada 30g - Medley (Genérico),Saúde Bucal
269.54999999999995,3,2024-12-21,Saturday ,21,12,4,2024,Maria Luiza Vargas,Setor de Jesus,Boa Viagem,Casa Grande do Oeste,MT,Sildenafila Pomada 30g - Aché,Higiene Pessoal
157.34,1,2026-04-03,Friday   ,3,4,2,2026,Ryan Gonçalves,Vila de Silva,Bacurau,Barbosa,AP,Hastes Flexíveis (Cotonetes) Johnson's 200ml,Higiene Pessoal
102.09,3,2026-06-28,Sunday   ,28,6,2,2026,Theo Cardoso,Lago de Araújo,Vitoria,da Mata dos Dourados,PR,Pantoprazol Suspensão Oral 50ml - Neo Química (Genérico),Vitaminas e Suplementos
544.05,5,2025-12-30,Tuesday  ,30,12,4,2025,Diego Moraes,Avenida Bruno Pastor,Buritis,Rocha,RS,Metformina Xarope 120ml - EMS (Genérico),Dermocosméticos
492.52,4,2026-02-11,Wednesday,11,2,1,2026,Ravi Lucca da Mota,Recanto Ana Carolina Santos,Bandeirantes,Brito da Mata,BA,Vacina contra Embolia - Dose Única,Antibióticos
477.06,2,2025-09-28,Sunday   ,28,9,3,2025,Sr. Benicio Novais,Vereda Liam Fogaça,Maria Goretti,Montenegro da Praia,PA,Condicionador Hidratação Needs Tamanho M (40 un),Genéricos
349.45,5,2024-09-24,Tuesday  ,24,9,3,2024,Larissa Martins,Vereda de das Neves,Vila De Sá,Cardoso,AL,Desodorante Aerosol G-Tech 400ml,Antidepressivos
622.08,4,2024-10-21,Monday   ,21,10,4,2024,Ana Vitória Gomes,Campo de Araújo,Saudade,Ferreira,AM,Sinvastatina 1g - 10 Comprimidos - Aché,Produtos Ortopédicos
704.0999999999999,3,2026-03-21,Saturday ,21,3,1,2026,Kamilly Sousa,Conjunto Almeida,Vila Nova Paraíso,da Cruz da Mata,PB,Omeprazol Pomada 30g - Neo Química (Genérico),Primeiros Socorros
848.85,5,2024-11-12,Tuesday  ,12,11,4,2024,João Felipe Gomes,Núcleo Laura Leão,Corumbiara,Gomes,AM,Enxaguante Bucal Rexona FPS 50,Dermocosméticos
511.77,3,2025-09-16,Tuesday  ,16,9,3,2025,Rhavi Fogaça,Conjunto Apollo Nascimento,Pindorama,Viana,TO,Omeprazol Xarope 120ml - Aché,Saúde Bucal
111.06,1,2026-04-24,Friday   ,24,4,2,2026,Sra. Cecília Gonçalves,Esplanada Leão,Belmonte,Almeida das Pedras,PI,Azitromicina Gotas 20ml - Eurofarma,Anti-inflamatórios
71.72,1,2025-06-29,Sunday   ,29,6,2,2025,Yago Souza,Vereda Rafaela Teixeira,Olhos D'água,Moraes do Galho,PA,Álcool em Gel 70% Aptamil FPS 50,Antibióticos
769.92,4,2026-06-25,Thursday ,25,6,2,2026,Sra. Maria da Rosa,Vila Bella Cassiano,Canaa,Silva de Minas,MA,Atenolol 500mg - 20 Comprimidos - Eurofarma,Primeiros Socorros
179.55,1,2026-06-18,Thursday ,18,6,2,2026,Calebe Ramos,Passarela Agatha Rodrigues,Jonas Veiga,Rezende,GO,Paracetamol 1g - 10 Comprimidos - Aché,Primeiros Socorros
888.45,5,2024-12-04,Wednesday,4,12,4,2024,Maitê Montenegro,Residencial Fogaça,Vila Copacabana,Cassiano Verde,SE,Diclofenaco Xarope 120ml - Medley (Genérico),Primeiros Socorros
227.47,1,2025-11-20,Thursday ,20,11,4,2025,Dr. Luan Mendes,Rodovia Cavalcante,Maria Virgínia,Martins,PA,Absorvente com Abas Rexona FPS 70,Fitoterápicos
454.94,2,2026-06-27,Saturday ,27,6,2,2026,João Miguel da Mata,Largo Davi Luiz Silva,Boa União 2ª Seção,Marques Alegre,AL,Absorvente com Abas Rexona FPS 70,Fitoterápicos
273.04,4,2025-04-01,Tuesday  ,1,4,2,2025,Erick Gomes,Chácara Barros,Xodo-Marize,Almeida das Pedras,PI,Vacina contra Úlcera - Dose Única,Fraldas e Infantis
244.36,2,2025-06-28,Saturday ,28,6,2,2025,Arthur Miguel Dias,Parque Kaique da Cruz,Santa Lúcia,Brito da Mata,BA,Escitalopram Gotas 20ml - Neo Química (Genérico),Vitaminas e Suplementos
82.32000000000001,3,2025-01-28,Tuesday  ,28,1,1,2025,Ana Julia Pereira,Parque Benício Cassiano,Vila Piratininga,Leão,RJ,Curativos (Band-Aid) Sempre Livre 90g,Antitérmicos
927.36,4,2025-04-12,Saturday ,12,4,2,2025,Lavínia Sousa,Praia Cavalcanti,Cruzeiro,Nogueira,PA,Vacina contra Linfoma - Reforço,Nutrição Infantil
129.3,5,2025-03-10,Monday   ,10,3,1,2025,Giovanna Duarte,Vila Pietro da Conceição,Graça,da Mata de Pereira,RR,Cefalexina 25mg - 30 Comprimidos - Eurofarma,Primeiros Socorros
248.72,4,2026-02-19,Thursday ,19,2,1,2026,Emanuella da Luz,Travessa Castro,Esplanada,Alves de da Conceição,AC,Pantoprazol 500mg - 20 Comprimidos - Bayer,Fitoterápicos
215.45,1,2025-01-08,Wednesday,8,1,1,2025,Daniel Azevedo,Distrito Nicole Casa Grande,Ambrosina,Araújo,MS,Vacina contra Gota - Dose Única,Antidepressivos
1059,5,2024-11-09,Saturday ,9,11,4,2024,Maria Helena Camargo,Estrada Cassiano,Ambrosina,Novaes de Minas,PE,Paracetamol Suspensão Oral 50ml - Aché,Antialérgicos
101.34,3,2024-12-02,Monday   ,2,12,4,2024,Isaque Santos,Quadra Carvalho,Ouro Preto,Vasconcelos de Minas,PA,Losartana Potássica Suspensão Oral 50ml - Medley (Genérico),Cuidados com o Cabelo
173.48,1,2025-07-28,Monday   ,28,7,3,2025,Aurora Leão,Rua de Pastor,Vila Das Oliveiras,Moura,SP,Fralda Descartável Clear FPS 50,Antibióticos
184.98,2,2025-10-16,Thursday ,16,10,4,2025,Mathias Camargo,Recanto José Pedro Rodrigues,Vila Antena Montanhês,Nogueira,PA,Losartana Potássica Gotas 20ml - Medley (Genérico),Antitérmicos
119.58,1,2025-09-03,Wednesday,3,9,3,2025,Davi Luiz Pastor,Rodovia Aragão,Vila Santa Monica 1ª Seção,Pacheco,RR,Tadalafila Pomada 30g - EMS (Genérico),Anti-inflamatórios
742.68,4,2025-08-18,Monday   ,18,8,3,2025,Srta. Marina Sá,Pátio de Cassiano,Marieta 3ª Seção,Silveira,BA,Termômetro Digital Needs Tamanho M (40 un),Vitaminas e Suplementos
740.46,3,2026-06-03,Wednesday,3,6,2,2026,Olivia Câmara,Viaduto de Pires,Vila São Rafael,Duarte,MA,Vacina contra Esquizofrenia - Reforço,Cuidados com o Cabelo
1245.6,5,2026-04-27,Monday   ,27,4,2,2026,Srta. Kamilly Aragão,Viela Martins,Bonfim,Cardoso,RO,Tadalafila 25mg - 30 Comprimidos - Eurofarma,Antialérgicos
263.01,3,2026-02-11,Wednesday,11,2,1,2026,Enzo Gabriel Cardoso,Setor de Marques,Vila São Gabriel,da Mata dos Dourados,PR,Vacina contra Colesterol Alto - Dose Única,Higiene Pessoal
341.14,2,2026-01-22,Thursday ,22,1,1,2026,Marina Nunes,Estação Lopes,Vila Nossa Senhora Do Rosário,da Cruz da Mata,PB,Amoxicilina Suspensão Oral 50ml - Eurofarma,Vacinas
190.61,1,2025-10-06,Monday   ,6,10,4,2025,Ana Laura Ramos,Fazenda de Sampaio,Horto,Barros de Fernandes,RR,Fluoxetina 25mg - 30 Comprimidos - Eurofarma,Fitoterápicos
399.15,5,2025-04-29,Tuesday  ,29,4,2,2025,Srta. Ester da Mata,Chácara de Silva,Novo Ouro Preto,Sampaio da Serra,MT,Protetor Solar Facial Bepantol 150ml,Vacinas
168.56,1,2025-01-04,Saturday ,4,1,1,2025,Fernando da Rocha,Ladeira de Costa,Conjunto Serra Verde,Brito,MT,Losartana Potássica Pomada 30g - EMS (Genérico),Nutrição Infantil
475.26,2,2026-01-22,Thursday ,22,1,1,2026,Sr. Davi Novaes,Feira de Alves,Barão Homem De Melo 1ª Seção,Montenegro,SC,Condicionador Hidratação Panvel Tamanho G (32 un),Nutrição Infantil
557.76,3,2026-03-07,Saturday ,7,3,1,2026,Mathias Camargo,Recanto José Pedro Rodrigues,Vila Antena Montanhês,Nogueira,PA,Creme Hidratante Bepantol FPS 50,Dermocosméticos
288.5,5,2025-01-30,Thursday ,30,1,1,2025,Srta. Marina Cunha,Alameda Brenda Martins,São Benedito,Albuquerque de Brito,GO,Pantoprazol Xarope 120ml - Aché,Nutrição Infantil
157.8,4,2025-09-29,Monday   ,29,9,3,2025,Davi Lucas da Cruz,Jardim Helena Pinto,Nova Suíça,Gonçalves do Sul,RO,Metformina 25mg - 30 Comprimidos - Eurofarma,Antibióticos
296.56,2,2025-01-12,Sunday   ,12,1,1,2025,Sr. Thales Câmara,Núcleo Asafe Dias,Santa Rita,Cavalcanti de Correia,SP,Pantoprazol 50mg - 30 Comprimidos - Bayer,Saúde Bucal
79.25,1,2026-03-20,Friday   ,20,3,1,2026,Arthur Miguel Cunha,Conjunto de Vargas,Nova Vista,Freitas Alegre,PB,Diclofenaco Pomada 30g - EMS (Genérico),Produtos Ortopédicos
95.24,2,2026-02-17,Tuesday  ,17,2,1,2026,Ana Júlia Fonseca,Lago Sales,União,Duarte,AL,Vacina contra Câncer de Mama - Dose Única,Cuidados com o Cabelo
50.28,1,2025-11-19,Wednesday,19,11,4,2025,Bruno da Rosa,Conjunto Vieira,Calafate,Lopes dos Dourados,PB,Metformina Gotas 20ml - Bayer,Saúde Bucal
410.48,4,2026-06-27,Saturday ,27,6,2,2026,Ravy Sampaio,Praia Ana Clara Guerra,Minas Brasil,da Conceição,DF,Vacina contra Alzheimer - Dose Única,Antialérgicos
256.8,4,2025-10-30,Thursday ,30,10,4,2025,Hadassa Costa,Campo Albuquerque,Floresta,Andrade Alegre,DF,Condicionador Hidratação Johnson's FPS 50,Aparelhos Médicos
400.24,2,2025-07-14,Monday   ,14,7,3,2025,Theo Aparecida,Ladeira Guerra,Vila Nova Dos Milionarios,Cassiano Verde,SE,Vacina contra Artrite - Dose Única,Produtos Ortopédicos
166.85,5,2025-04-22,Tuesday  ,22,4,2,2025,Rhavi Alves,Praça Costa,Pompéia,Barros,TO,Protetor Solar Corporal Needs Tamanho M (40 un),Antibióticos
130.28,4,2026-05-20,Wednesday,20,5,2,2026,Daniela Freitas,Alameda de Peixoto,Novo Santa Cecilia,Viana,TO,Paracetamol 500mg - 20 Comprimidos - Eurofarma,Fitoterápicos
169.88,2,2024-11-24,Sunday   ,24,11,4,2024,Maria Eduarda Dias,Avenida Stella Dias,Vila Jardim São José,Sousa,TO,Enalapril 500mg - 20 Comprimidos - Bayer,Nutrição Infantil
218.16,4,2026-08-05,Wednesday,5,8,3,2026,Sra. Esther Silva,Recanto Bruna Vieira,Itatiaia,Aragão da Serra,MT,Protetor Solar Facial Nivea 50 Metros,Aparelhos Médicos
32.43,1,2025-12-07,Sunday   ,7,12,4,2025,Dra. Luana Jesus,Fazenda Maria Cecília da Luz,Palmeiras,Cassiano,SE,Losartana Potássica 25mg - 30 Comprimidos - EMS (Genérico),Nutrição Infantil
73.72,4,2024-10-06,Sunday   ,6,10,4,2024,Bento Teixeira,Via Emanuel Ferreira,Vila Paris,Nunes do Sul,MA,Cefalexina 50mg - 30 Comprimidos - EMS (Genérico),Antitérmicos
80.39,1,2026-08-20,Thursday ,20,8,3,2026,Helena Andrade,Aeroporto Camila Freitas,Vila Antena,Brito Alegre,MS,Vacina contra Embolia - Reforço,Anti-inflamatórios
39.45,1,2025-04-19,Saturday ,19,4,2,2025,Daniel Vargas,Colônia de Peixoto,Outro,Cavalcante,RR,Metformina 25mg - 30 Comprimidos - Eurofarma,Antibióticos
728.4300000000001,3,2026-01-19,Monday   ,19,1,1,2026,Thomas Câmara,Chácara de Moraes,Vila São Dimas,da Paz das Flores,PR,Paracetamol 1g - 10 Comprimidos - Bayer,Vacinas
233.08,1,2026-05-06,Wednesday,6,5,2,2026,Yago da Luz,Feira Guerra,Miramar,Siqueira do Norte,RO,Omeprazol 50mg - 30 Comprimidos - Neo Química (Genérico),Anti-inflamatórios
471.6,2,2024-11-05,Tuesday  ,5,11,4,2024,Caroline Fonseca,Colônia Borges,Goiania,Duarte,AL,Diclofenaco 500mg - 20 Comprimidos - Eurofarma,Antibióticos
90.42,2,2026-04-22,Wednesday,22,4,2,2026,Juan Andrade,Chácara de Montenegro,Vila Petropolis,Rios do Oeste,AP,Vacina contra Osteoporose - Reforço,Antibióticos
555.65,5,2026-02-24,Tuesday  ,24,2,1,2026,Samuel Barros,Passarela Rhavi da Rocha,Oeste,Macedo Alegre,RR,Fluoxetina Xarope 120ml - Bayer,Antialérgicos
35.49,3,2024-09-22,Sunday   ,22,9,3,2024,Oliver da Rocha,Distrito Maria Cecília Viana,Santa Monica,Cavalcante da Serra,RJ,Protetor Solar Corporal CeraVe Tamanho G (32 un),Aparelhos Médicos
182.64,1,2024-11-28,Thursday ,28,11,4,2024,Heloisa Moura,Condomínio José Nascimento,Betânia,da Cruz da Mata,PB,Hastes Flexíveis (Cotonetes) Mió 150ml,Vitaminas e Suplementos
504.8,4,2026-03-19,Thursday ,19,3,1,2026,Dra. Ana Beatriz Costa,Sítio de Montenegro,Castelo,das Neves,MT,Pantoprazol 1g - 10 Comprimidos - Medley (Genérico),Analgésicos
122.18,1,2025-06-08,Sunday   ,8,6,2,2025,Alexia Cavalcanti,Vila de Duarte,Santa Amelia,Castro de Jesus,GO,Escitalopram Gotas 20ml - Neo Química (Genérico),Vitaminas e Suplementos
1122.95,5,2025-01-21,Tuesday  ,21,1,1,2025,Cecília Cardoso,Passarela Lima,Colégio Batista,Nunes,SE,Vacina contra Desnutrição - Dose Única,Homeopatia
240.58,2,2025-07-12,Saturday ,12,7,3,2025,Sr. Diego Rezende,Vila Juan da Cruz,Corumbiara,Duarte,AL,Dipirona Sódica Xarope 120ml - Medley (Genérico),Nutrição Infantil
44.96,2,2025-07-27,Sunday   ,27,7,3,2025,Maria Luiza Vargas,Setor de Jesus,Boa Viagem,Casa Grande do Oeste,MT,Fluoxetina 50mg - 30 Comprimidos - Medley (Genérico),Fraldas e Infantis
216.1,2,2025-12-22,Monday   ,22,12,4,2025,Giovanna Barbosa,Feira Nunes,Bandeirantes,Nogueira,PA,Condicionador Hidratação G-Tech FPS 50,Produtos Ortopédicos
987.28,4,2026-07-22,Wednesday,22,7,3,2026,Thomas Duarte,Viaduto das Neves,Lagoinha Leblon,Cavalcante da Serra,RJ,Vacina contra Esquizofrenia - Reforço,Cuidados com o Cabelo
97.52,2,2025-06-10,Tuesday  ,10,6,2,2025,Ana Carolina Rios,Vila Vieira,Saudade,Vieira de Minas,MT,Clonazepam 50mg - 30 Comprimidos - Aché,Vitaminas e Suplementos
131.12,2,2025-01-08,Wednesday,8,1,1,2025,Rhavi Guerra,Residencial de Sales,Pindura Saia,Carvalho,DF,Losartana Potássica Suspensão Oral 50ml - Bayer,Saúde Bucal
219.3,1,2025-11-25,Tuesday  ,25,11,4,2025,João Miguel da Mata,Largo Davi Luiz Silva,Boa União 2ª Seção,Marques Alegre,AL,Clonazepam Gotas 20ml - Eurofarma,Antialérgicos
162.16,1,2024-12-16,Monday   ,16,12,4,2024,Leandro Dias,Rua de da Rocha,Alto Das Antenas,Sousa,TO,Tadalafila Suspensão Oral 50ml - Bayer,Homeopatia
490.44,2,2025-07-25,Friday   ,25,7,3,2025,Valentim Moreira,Parque Heitor Leão,Virgínia,Cavalcante,RR,Sertralina 50mg - 30 Comprimidos - Bayer,Antibióticos
252.5,5,2026-01-07,Wednesday,7,1,1,2026,Leonardo Cardoso,Feira de Câmara,Pirineus,Viana,TO,Metformina Pomada 30g - Aché,Fraldas e Infantis
249.16,1,2026-05-25,Monday   ,25,5,2,2026,Danilo Cunha,Vale Novais,Vila Nova Cachoeirinha 2ª Seção,Pires,AM,Curativos (Band-Aid) Colgate FPS 50,Antibióticos
245.37,3,2026-07-11,Saturday ,11,7,3,2026,Vitor Hugo Cirino,Fazenda de Castro,Havaí,Ramos,AC,Vacina contra Hipertireoidismo - Reforço,Antidepressivos
821.8,4,2026-02-18,Wednesday,18,2,1,2026,Heloísa Machado,Feira Bárbara Rodrigues,Conjunto Floramar,Correia Grande,MA,Paracetamol Xarope 120ml - Medley (Genérico),Nutrição Infantil
244.32,4,2024-10-15,Tuesday  ,15,10,4,2024,Daniel Camargo,Via Vasconcelos,Beira Linha,da Rocha,PI,Condicionador Hidratação Nivea 50g,Fraldas e Infantis
821.08,4,2025-03-28,Friday   ,28,3,1,2025,Isabel Martins,Loteamento Lopes,Santa Margarida,Barbosa,AP,Vacina contra Epilepsia - Reforço,Antitérmicos
560.9399999999999,3,2026-05-15,Friday   ,15,5,2,2026,Ian Santos,Loteamento de Teixeira,Castanheira,Ferreira do Amparo,AC,Enalapril Gotas 20ml - EMS (Genérico),Homeopatia
571.6,4,2026-07-27,Monday   ,27,7,3,2026,Sr. Augusto Freitas,Esplanada Mendonça,Santa Efigênia,Jesus,RR,Curativos (Band-Aid) Nivea 500ml,Vacinas
493.4,4,2026-05-22,Friday   ,22,5,2,2026,Luana Dias,Campo Daniela Caldeira,Vila Aeroporto,Fogaça do Amparo,PB,Pantoprazol Pomada 30g - Neo Química (Genérico),Anti-inflamatórios
213.06,2,2025-08-25,Monday   ,25,8,3,2025,Dra. Manuela Vargas,Distrito de Borges,Vila São Gabriel,Silveira,BA,Enalapril 50mg - 30 Comprimidos - Medley (Genérico),Higiene Pessoal
189.75,3,2025-07-29,Tuesday  ,29,7,3,2025,Joaquim Caldeira,Feira de Siqueira,Apolonia,Lopes de Mendes,AM,Curativos (Band-Aid) La Roche-Posay 400ml,Antibióticos
48.51,1,2024-09-29,Sunday   ,29,9,3,2024,Milena da Mota,Parque Davi Lucca Brito,Barroca,Nascimento de Azevedo,GO,Sérum Vitamina C Panvel 400ml,Fitoterápicos
33.050000000000004,5,2025-04-26,Saturday ,26,4,2,2025,Maria Laura Costela,Estação de Moreira,Vila Santo Antônio,Cavalcante,RR,Enalapril Xarope 120ml - Medley (Genérico),Primeiros Socorros
255.96,2,2025-12-03,Wednesday,3,12,4,2025,Ryan Moreira,Colônia de da Luz,Santo Antônio,Barros de Sousa,RS,Protetor Solar Corporal Huggies 50 Metros,Homeopatia
113.85,5,2026-05-26,Tuesday  ,26,5,2,2026,Dr. Vinícius Moura,Vila de Sá,Vila Havaí,da Mota do Campo,CE,Omeprazol 500mg - 20 Comprimidos - Eurofarma,Produtos Ortopédicos
399.09000000000003,3,2026-07-20,Monday   ,20,7,3,2026,João Felipe Gomes,Núcleo Laura Leão,Corumbiara,Gomes,AM,Sertralina 1g - 10 Comprimidos - Aché,Primeiros Socorros
29.14,2,2025-07-04,Friday   ,4,7,3,2025,Sra. Lorena Moura,Alameda Rodrigues,Vila Independencia 2ª Seção,da Conceição,DF,Cefalexina 500mg - 20 Comprimidos - Neo Química (Genérico),Produtos Ortopédicos
558.4000000000001,5,2025-03-12,Wednesday,12,3,1,2025,Aurora Macedo,Feira Dante Mendes,Granja De Freitas,Fogaça Alegre,PR,Hidroclorotiazida Xarope 120ml - EMS (Genérico),Antidepressivos
68.06,2,2025-12-28,Sunday   ,28,12,4,2025,Dra. Ana Lívia Cavalcante,Favela de Ferreira,Nova Esperança,Cavalcanti de Correia,SP,Pantoprazol Suspensão Oral 50ml - Neo Química (Genérico),Vitaminas e Suplementos
106.32,3,2025-11-22,Saturday ,22,11,4,2025,Srta. Esther da Conceição,Trecho Breno das Neves,Leonina,Cavalcanti de Correia,SP,Nimesulida Xarope 120ml - Eurofarma,Dermocosméticos
297.8,5,2026-04-05,Sunday   ,5,4,2,2026,Ana Cecília Souza,Chácara Maria Isis Araújo,Vila Paris,Lopes dos Dourados,PB,Vacina contra Câncer de Próstata - Dose Única,Dermocosméticos
228.66,1,2026-08-03,Monday   ,3,8,3,2026,Luísa da Mata,Passarela Vitor Hugo da Cruz,Mantiqueira,Machado,PE,Pomada para Assaduras Listerine 400ml,Fitoterápicos
251.4,5,2024-10-13,Sunday   ,13,10,4,2024,Caroline Pires,Aeroporto Luísa Sales,Vila Engenho Nogueira,Rezende,GO,Metformina Gotas 20ml - Bayer,Saúde Bucal
888.76,4,2026-02-03,Tuesday  ,3,2,1,2026,Ester Alves,Alameda Ana Laura da Cunha,Vila Minaslandia,Albuquerque das Flores,RN,Amoxicilina Suspensão Oral 50ml - Neo Química (Genérico),Anti-inflamatórios
209.92,2,2025-09-08,Monday   ,8,9,3,2025,Dr. Francisco Lopes,Praia de Costela,Mariquinhas,Macedo de Costa,RJ,Desodorante Aerosol Nivea 200ml,Primeiros Socorros
104.42,2,2026-01-11,Sunday   ,11,1,1,2026,João Lucas Melo,Área de Porto,Vila Califórnia,Carvalho,MT,Tadalafila Suspensão Oral 50ml - EMS (Genérico),Vacinas
491.58,2,2026-08-02,Sunday   ,2,8,3,2026,Henrique Correia,Vereda Cecilia Fonseca,Vila Tirol,Macedo,AC,Diclofenaco 500mg - 20 Comprimidos - Neo Química (Genérico),Antidepressivos
291.66,2,2025-09-10,Wednesday,10,9,3,2025,Dra. Manuela Vargas,Distrito de Borges,Vila São Gabriel,Silveira,BA,Enxaguante Bucal Nivea 90g,Antibióticos
222.02,1,2025-08-14,Thursday ,14,8,3,2025,Vitor Gabriel Campos,Parque de Vasconcelos,Flamengo,Rocha,PR,Losartana Potássica 500mg - 20 Comprimidos - EMS (Genérico),Genéricos
449.18,2,2025-02-10,Monday   ,10,2,1,2025,João Lucas Caldeira,Setor de Farias,São Gabriel,Borges,BA,Vacina contra Desnutrição - Dose Única,Homeopatia
74.24,4,2026-09-05,Saturday ,5,9,3,2026,Mathias Costa,Área Ana Abreu,Álvaro Camargos,da Paz das Flores,PR,Enalapril Gotas 20ml - Medley (Genérico),Dermocosméticos
136.6,5,2026-03-30,Monday   ,30,3,1,2026,Nicole Pastor,Praia Cavalcante,Piraja,Andrade Alegre,DF,Sabonete Líquido Vichy 500ml,Antitérmicos
57.3,1,2024-09-18,Wednesday,18,9,3,2024,Ana Laura Fonseca,Núcleo da Cunha,Vila Mangueiras,Pinto dos Dourados,MT,Pantoprazol Gotas 20ml - Eurofarma,Primeiros Socorros
95.95,5,2024-09-19,Thursday ,19,9,3,2024,Ana Carolina Abreu,Praça de Macedo,Barão Homem De Melo 1ª Seção,Aparecida,CE,Nimesulida 1g - 10 Comprimidos - Eurofarma,Produtos Ortopédicos
610.9000000000001,5,2025-08-13,Wednesday,13,8,3,2025,Juan Vargas,Aeroporto Matteo da Mata,Braúnas,da Conceição,DF,Escitalopram Gotas 20ml - Neo Química (Genérico),Vitaminas e Suplementos
111.51,1,2025-02-09,Sunday   ,9,2,1,2025,Marcela Cassiano,Jardim de Campos,Conjunto São Francisco De Assis,Aragão de Goiás,GO,Vacina contra Insuficiência Renal - Reforço,Fitoterápicos
76.19999999999999,3,2026-07-07,Tuesday  ,7,7,3,2026,Rafael Ribeiro,Quadra Fogaça,Novo Das Industrias,Monteiro,AP,Curativos (Band-Aid) Vichy FPS 70,Fraldas e Infantis
515.64,3,2026-05-01,Friday   ,1,5,2,2026,Julia Pimenta,Conjunto de da Mata,Providencia,da Paz das Flores,PR,Pantoprazol 50mg - 30 Comprimidos - Eurofarma,Nutrição Infantil
632.4000000000001,3,2024-12-24,Tuesday  ,24,12,4,2024,Dr. Murilo Casa Grande,Vale Igor Dias,São Gonçalo,Barbosa dos Dourados,RN,Lenço Umedecido G-Tech 500ml,Antidepressivos
62.7,2,2026-01-06,Tuesday  ,6,1,1,2026,Lavínia Silva,Trevo Léo Nunes,Vila Nova,Vargas,AL,Azitromicina Xarope 120ml - Medley (Genérico),Antibióticos
233.44,2,2025-07-04,Friday   ,4,7,3,2025,José Miguel da Cunha,Esplanada de Ferreira,Conjunto Novo Dom Bosco,Macedo do Sul,DF,Clonazepam 25mg - 30 Comprimidos - Bayer,Higiene Pessoal
239.49,3,2026-07-08,Wednesday,8,7,3,2026,Josué Lima,Aeroporto Macedo,Santa Rosa,Pastor,AP,Protetor Solar Facial Bepantol 150ml,Vacinas
431.85,5,2026-01-31,Saturday ,31,1,1,2026,Dr. Bernardo da Cunha,Conjunto de Lopes,Floramar,Machado,PE,Diclofenaco 1g - 10 Comprimidos - Neo Química (Genérico),Antialérgicos
105.81,3,2026-06-23,Tuesday  ,23,6,2,2026,Raquel Novais,Viela Alana Carvalho,Alto Caiçaras,Martins,PA,Metformina Suspensão Oral 50ml - Medley (Genérico),Antidepressivos
687.24,4,2026-07-23,Thursday ,23,7,3,2026,Mateus Aparecida,Colônia Pacheco,Pompéia,Ferreira do Amparo,AC,Enxaguante Bucal Sempre Livre 400ml,Genéricos
151.95,3,2025-07-01,Tuesday  ,1,7,3,2025,Dra. Heloísa Macedo,Viaduto Brenda Carvalho,Vitoria Da Conquista,Leão,RJ,Sertralina Xarope 120ml - Neo Química (Genérico),Produtos Ortopédicos
319.68,4,2026-03-13,Friday   ,13,3,1,2026,Bella Mendes,Condomínio de Duarte,Boa Viagem,Pacheco,RR,Desodorante Aerosol Rexona FPS 70,Genéricos
484.86,3,2025-07-22,Tuesday  ,22,7,3,2025,Theodoro Rodrigues,Rodovia Erick Caldeira,Vila São Gabriel,Sampaio da Serra,MT,Atenolol Xarope 120ml - Aché,Fraldas e Infantis
379.7,2,2026-05-05,Tuesday  ,5,5,2,2026,Maria Isis Mendonça,Núcleo de Gomes,Nova Cintra,Alves do Oeste,SP,Dipirona Sódica Xarope 120ml - Aché,Cuidados com o Cabelo
104.85,5,2025-10-29,Wednesday,29,10,4,2025,Dra. Ana Luiza Cavalcante,Favela de Campos,Suzana,Nunes do Sul,MA,Fralda Descartável Nivea FPS 70,Homeopatia
64.53,3,2025-04-04,Friday   ,4,4,2,2025,Davi Miguel Cardoso,Praça Sarah da Costa,Gameleira,Costela do Oeste,MA,Vacina contra Gastrite - Dose Única,Fitoterápicos
434.72,2,2025-04-01,Tuesday  ,1,4,2,2025,Murilo Silva,Condomínio Luara Camargo,Grotinha,Sousa,CE,Metformina 1g - 10 Comprimidos - Neo Química (Genérico),Aparelhos Médicos
42.36,2,2024-10-30,Wednesday,30,10,4,2024,Sra. Cecília Gonçalves,Esplanada Leão,Belmonte,Almeida das Pedras,PI,Nimesulida 25mg - 30 Comprimidos - Bayer,Antitérmicos
286.88,4,2025-04-06,Sunday   ,6,4,2,2025,Vinicius da Conceição,Largo de Duarte,Ermelinda,Machado,PE,Álcool em Gel 70% Aptamil FPS 50,Antibióticos
207.32,2,2024-12-05,Thursday ,5,12,4,2024,José Viana,Lago Sales,Vila Rica,Ramos,AC,Losartana Potássica Xarope 120ml - EMS (Genérico),Dermocosméticos
142.9,1,2025-05-13,Tuesday  ,13,5,2,2025,Luiza da Cruz,Largo Alícia Cassiano,Vila Nova,Azevedo de Leão,MS,Curativos (Band-Aid) Nivea 500ml,Vacinas
87.64,1,2026-08-02,Sunday   ,2,8,3,2026,Otto Guerra,Distrito Machado,Minaslandia,Sousa,TO,Loratadina 25mg - 30 Comprimidos - Eurofarma,Nutrição Infantil
77.7,2,2026-07-09,Thursday ,9,7,3,2026,Mathias Silveira,Recanto da Paz,Beija Flor,Pereira,SP,Clonazepam 25mg - 30 Comprimidos - Eurofarma,Cuidados com o Cabelo
113.85,5,2025-03-31,Monday   ,31,3,1,2025,Juan Silveira,Praia Cirino,Céu Azul,Ferreira,AM,Omeprazol 500mg - 20 Comprimidos - Eurofarma,Produtos Ortopédicos
309.48,2,2025-09-01,Monday   ,1,9,3,2025,Srta. Isabelly Souza,Lago Antonella Novais,Conjunto Santa Maria,Gonçalves do Sul,RO,Escitalopram 1g - 10 Comprimidos - Medley (Genérico),Aparelhos Médicos
180.84,4,2026-04-26,Sunday   ,26,4,2,2026,Maria Laura Cunha,Conjunto de Moraes,São Pedro,Lopes de Mendes,AM,Vacina contra Osteoporose - Reforço,Antibióticos
396.88,2,2025-10-09,Thursday ,9,10,4,2025,Alexandre Brito,Distrito de Fogaça,Renascença,da Cunha,AM,Metformina 1g - 10 Comprimidos - Medley (Genérico),Antitérmicos
591.16,4,2025-02-13,Thursday ,13,2,1,2025,Kaique Silva,Parque Borges,Vila São Geraldo,Viana,TO,Água Micelar CeraVe 90g,Primeiros Socorros
191.82,1,2025-04-08,Tuesday  ,8,4,2,2025,Maria Luísa da Cunha,Ladeira Câmara,Esplanada,Gonçalves das Pedras,PR,Lenço Umedecido La Roche-Posay 50 Metros,Antidepressivos
608.28,4,2026-07-22,Wednesday,22,7,3,2026,Cecilia Sousa,Aeroporto Vicente Fernandes,Cônego Pinheiro 1ª Seção,Machado,PB,Shampoo Anticaspa Mió 400ml,Homeopatia
124.14999999999999,5,2026-04-30,Thursday ,30,4,2,2026,Dr. Kaique Monteiro,Chácara de Rodrigues,Boa Esperança,Borges,PA,Creme Dental Colgate 150ml,Vacinas
161.56,1,2026-02-12,Thursday ,12,2,1,2026,João Miguel Cunha,Morro de Fernandes,Conjunto Novo Dom Bosco,da Cunha,AM,Soro Fisiológico Nivea 50 Metros,Homeopatia
195.04,4,2026-02-01,Sunday   ,1,2,1,2026,Maria Cecília da Rosa,Parque Rios,Vila Maloca,Rios,AP,Clonazepam 50mg - 30 Comprimidos - Aché,Vitaminas e Suplementos
636.9,5,2025-09-02,Tuesday  ,2,9,3,2025,João Felipe Silveira,Aeroporto Fernandes,Camponesa 1ª Seção,Sampaio das Flores,CE,Vacina contra Insônia - Reforço,Homeopatia
617.49,3,2025-07-27,Sunday   ,27,7,3,2025,Ravy Rios,Núcleo de da Cunha,Alta Tensão 1ª Seção,Brito,MS,Curativos (Band-Aid) Mió 200ml,Produtos Ortopédicos
402.06,2,2025-10-28,Tuesday  ,28,10,4,2025,Theo Cavalcanti,Trevo de Vieira,Garças,Montenegro Alegre,BA,Escitalopram Suspensão Oral 50ml - EMS (Genérico),Vitaminas e Suplementos
506.28,4,2026-07-01,Wednesday,1,7,3,2026,Ester Vasconcelos,Favela de da Rocha,Corumbiara,Castro de Jesus,GO,Enalapril 500mg - 20 Comprimidos - Medley (Genérico),Analgésicos
484.88,4,2026-06-18,Thursday ,18,6,2,2026,Dra. Cecilia Aragão,Campo Maria Isis Barros,Nossa Senhora Da Aparecida,Sá,RR,Lenço Umedecido Rexona FPS 50,Antibióticos
391.91999999999996,3,2025-01-31,Friday   ,31,1,1,2025,Maria Laura Cunha,Conjunto de Moraes,São Pedro,Lopes de Mendes,AM,Cefalexina Gotas 20ml - EMS (Genérico),Vitaminas e Suplementos
14.57,1,2025-05-05,Monday   ,5,5,2,2025,Maria Luiza Vargas,Setor de Jesus,Boa Viagem,Casa Grande do Oeste,MT,Cefalexina 500mg - 20 Comprimidos - Neo Química (Genérico),Produtos Ortopédicos
237.72,1,2026-02-27,Friday   ,27,2,1,2026,Pedro Mendonça,Aeroporto José Miguel Ramos,Santa Maria,da Conceição,DF,Dipirona Sódica 50mg - 30 Comprimidos - Medley (Genérico),Antibióticos
701.46,3,2025-07-24,Thursday ,24,7,3,2025,Rhavi Monteiro,Favela Ana Beatriz Garcia,São Bernardo,Jesus,AP,Pantoprazol 50mg - 30 Comprimidos - Neo Química (Genérico),Vacinas
512.25,3,2026-02-25,Wednesday,25,2,1,2026,Ana Oliveira,Pátio de Azevedo,Universo,Pastor,AP,Dipirona Sódica Pomada 30g - EMS (Genérico),Antitérmicos
437.40000000000003,5,2025-06-08,Sunday   ,8,6,2,2025,Miguel Moreira,Vila de Cirino,Universitário,Almeida das Pedras,PI,Fralda Descartável Aptamil 200ml,Anti-inflamatórios
143.24,2,2024-12-26,Thursday ,26,12,4,2024,Léo da Rosa,Rodovia Leandro da Mata,Primeiro De Maio,Cirino,RJ,Desodorante Roll-on Nivea FPS 70,Anti-inflamatórios
44.14,2,2025-02-16,Sunday   ,16,2,1,2025,Apollo Sousa,Rodovia de Dias,São José,Campos,PE,Azitromicina 500mg - 20 Comprimidos - Neo Química (Genérico),Antitérmicos
247.04999999999998,5,2025-03-25,Tuesday  ,25,3,1,2025,Otto Rocha,Rua Eduardo Pereira,Engenho Nogueira,Fernandes do Norte,RO,Vacina contra Anemia - Reforço,Aparelhos Médicos
565.92,4,2026-09-09,Wednesday,9,9,3,2026,Matteo Rezende,Quadra Barros,Salgado Filho,Macedo Alegre,RR,Vacina contra Depressão - Dose Única,Produtos Ortopédicos
89.85,1,2026-05-21,Thursday ,21,5,2,2026,Lívia Dias,Campo da Cruz,Nova Granada,Souza,ES,Sildenafila Pomada 30g - Aché,Higiene Pessoal
168.52,1,2025-03-07,Friday   ,7,3,1,2025,Emilly Rodrigues,Morro Matheus Camargo,Santa Monica,Sampaio,SC,Creme Hidratante Johnson's Tamanho G (32 un),Antibióticos
309.48,2,2024-10-19,Saturday ,19,10,4,2024,Sra. Bruna das Neves,Avenida de Caldeira,Xangri-Lá,Porto,GO,Escitalopram 1g - 10 Comprimidos - Medley (Genérico),Aparelhos Médicos
13.22,2,2026-08-25,Tuesday  ,25,8,3,2026,Heloísa Machado,Feira Bárbara Rodrigues,Conjunto Floramar,Correia Grande,MA,Enalapril Xarope 120ml - Medley (Genérico),Primeiros Socorros
301.84999999999997,5,2025-11-28,Friday   ,28,11,4,2025,Sr. Pietro Moura,Favela Vitória Marques,Vila Da Luz,Fogaça do Amparo,PB,Hidroclorotiazida Xarope 120ml - Bayer,Cuidados com o Cabelo
83.88,4,2025-03-30,Sunday   ,30,3,1,2025,Nicolas Fonseca,Esplanada Josué Correia,Mirtes,Nunes do Sul,MA,Fralda Descartável Nivea FPS 70,Homeopatia
324.15,3,2025-06-14,Saturday ,14,6,2,2025,Dra. Lívia Cirino,Parque Pinto,Garças,Gonçalves das Pedras,PR,Condicionador Hidratação G-Tech FPS 50,Produtos Ortopédicos
230.53,1,2025-04-22,Tuesday  ,22,4,2,2025,Isis Pastor,Via de Machado,Santa Sofia,Marques Alegre,AL,Fluoxetina Suspensão Oral 50ml - Aché,Vacinas
861.8,4,2026-02-12,Thursday ,12,2,1,2026,Rhavi Alves,Praça Costa,Pompéia,Barros,TO,Vacina contra Gota - Dose Única,Antidepressivos
438.35,5,2024-11-05,Tuesday  ,5,11,4,2024,Hadassa Rocha,Largo Freitas,Apolonia,Brito,MT,Vacina contra Colesterol Alto - Dose Única,Higiene Pessoal
209.92,2,2024-12-28,Saturday ,28,12,4,2024,Mathias Guerra,Fazenda Kevin Sá,Aguas Claras,Sousa,PE,Desodorante Aerosol Nivea 200ml,Primeiros Socorros
399.6,5,2025-09-10,Wednesday,10,9,3,2025,Srta. Alícia Campos,Residencial Luana Sampaio,Nova Suíça,da Conceição,DF,Desodorante Aerosol Rexona FPS 70,Genéricos
710.76,4,2026-05-29,Friday   ,29,5,2,2026,Cecília Campos,Estação de Dias,União,das Neves,MT,Diclofenaco Xarope 120ml - Medley (Genérico),Primeiros Socorros
441.7,2,2025-06-04,Wednesday,4,6,2,2025,Maria Fernanda Rodrigues,Passarela Castro,Tirol,Pires,PE,Água Micelar La Roche-Posay Tamanho M (40 un),Vitaminas e Suplementos
104.04,1,2026-06-21,Sunday   ,21,6,2,2026,Erick Gomes,Chácara Barros,Xodo-Marize,Almeida das Pedras,PI,Vacina contra Gripe - Dose Única,Dermocosméticos
214.06,2,2025-12-20,Saturday ,20,12,4,2025,Lavínia Silva,Trevo Léo Nunes,Vila Nova,Vargas,AL,Vacina contra Insuficiência Cardíaca - Dose Única,Antitérmicos
165.65,5,2026-01-11,Sunday   ,11,1,1,2026,Srta. Stella Araújo,Quadra de Sampaio,Santa Amelia,Pacheco,RR,Creme Hidratante Colgate 50g,Antibióticos
140.92,4,2024-12-24,Tuesday  ,24,12,4,2024,Sabrina Brito,Trevo Ana Julia Sá,Vale Do Jatoba,da Costa,PE,Condicionador Hidratação G-Tech Tamanho G (32 un),Analgésicos
1102.35,5,2026-07-29,Wednesday,29,7,3,2026,João Felipe Moreira,Aeroporto Barbosa,Dom Bosco,Pires,PE,Sérum Vitamina C Huggies 50 Metros,Nutrição Infantil
227.94,3,2025-08-07,Thursday ,7,8,3,2025,Eduardo Mendes,Feira de Teixeira,Estoril,Peixoto das Flores,RJ,Omeprazol 25mg - 30 Comprimidos - Bayer,Analgésicos
169.59,3,2026-03-07,Saturday ,7,3,1,2026,Henry Gabriel da Rosa,Lagoa Caldeira,Zilah Sposito,Carvalho,DF,Enxaguante Bucal CeraVe 50g,Cuidados com o Cabelo
79,2,2026-01-11,Sunday   ,11,1,1,2026,Maria Isis Castro,Rua Oliveira,Vila Coqueiral,Andrade Alegre,DF,Vacina contra Esquizofrenia - Dose Única,Antialérgicos
1002.65,5,2025-02-27,Thursday ,27,2,1,2025,Aylla Jesus,Rua Cassiano,Vila Jardim Leblon,Martins do Amparo,ES,Vacina contra Conjuntivite - Dose Única,Antidepressivos
103.9,2,2025-10-19,Sunday   ,19,10,4,2025,Ravi Lucca da Conceição,Morro Rezende,Universo,Duarte,AL,Sabonete em Barra Aptamil 50 Metros,Higiene Pessoal
510,5,2025-10-25,Saturday ,25,10,4,2025,Dra. Cecilia Borges,Esplanada Rodrigues,Universo,Machado,PB,Absorvente com Abas Bepantol 50g,Fraldas e Infantis
18.18,1,2026-03-15,Sunday   ,15,3,1,2026,Lucca Moura,Rua de Dias,Nossa Senhora Do Rosário,Jesus,ES,Termômetro Digital Vichy 50 Metros,Aparelhos Médicos
91.88,4,2025-05-08,Thursday ,8,5,2,2025,Brayan Pastor,Núcleo de Martins,Nova Gameleira,Freitas,RO,Termômetro Digital Mió FPS 70,Produtos Ortopédicos
296.1,5,2026-01-20,Tuesday  ,20,1,1,2026,Yago Souza,Vereda Rafaela Teixeira,Olhos D'água,Moraes do Galho,PA,Vacina contra Dengue - Reforço,Analgésicos
453.1,5,2025-06-07,Saturday ,7,6,2,2025,Maya Cirino,Avenida de Fogaça,Vila Maria,Nunes do Sul,MA,Amoxicilina Suspensão Oral 50ml - EMS (Genérico),Vacinas
418.1,5,2025-09-19,Friday   ,19,9,3,2025,Danilo Camargo,Trevo Freitas,Palmeiras,Barros,TO,Nimesulida Suspensão Oral 50ml - Neo Química (Genérico),Produtos Ortopédicos
468.06,2,2024-10-16,Wednesday,16,10,4,2024,Dom Oliveira,Praça Amanda Pastor,Monsenhor Messias,da Luz de Ramos,SC,Sinvastatina Xarope 120ml - Eurofarma,Saúde Bucal
484.56,4,2025-01-03,Friday   ,3,1,1,2025,Lavínia Moreira,Trevo de Martins,Conjunto Floramar,Rocha das Pedras,AP,Vacina contra Dengue - Dose Única,Vacinas
743.68,4,2025-06-20,Friday   ,20,6,2,2025,Sophia Dias,Rua de Novais,Paulo Vi,Carvalho,DF,Creme Hidratante Bepantol FPS 50,Dermocosméticos
160.43,1,2025-07-13,Sunday   ,13,7,3,2025,Natália Barbosa,Trecho Vargas,Cruzeiro,Brito da Mata,BA,Omeprazol Suspensão Oral 50ml - Eurofarma,Anti-inflamatórios
339.04,4,2026-06-07,Sunday   ,7,6,2,2026,Otávio Ribeiro,Fazenda de Silveira,Vila Da Paz,Alves,BA,Atenolol 50mg - 30 Comprimidos - Neo Química (Genérico),Vitaminas e Suplementos
67.56,2,2025-01-14,Tuesday  ,14,1,1,2025,João Miguel da Mata,Largo Davi Luiz Silva,Boa União 2ª Seção,Marques Alegre,AL,Losartana Potássica Suspensão Oral 50ml - Medley (Genérico),Cuidados com o Cabelo
239.16,2,2025-11-16,Sunday   ,16,11,4,2025,Isabel Aragão,Lago de Martins,Marmiteiros,Brito,MS,Tadalafila Pomada 30g - EMS (Genérico),Anti-inflamatórios
109.22999999999999,3,2026-06-10,Wednesday,10,6,2,2026,Théo Pastor,Recanto de Silveira,Nova Esperança,Nogueira,PA,Pomada para Assaduras CeraVe 90g,Cuidados com o Cabelo
168.3,3,2025-06-07,Saturday ,7,6,2,2025,Dr. Carlos Eduardo Câmara,Sítio de Nunes,Lindéia,Brito,MT,Atenolol 25mg - 30 Comprimidos - Medley (Genérico),Vacinas
228.26,1,2025-12-14,Sunday   ,14,12,4,2025,Hellena Viana,Fazenda de Ferreira,Santa Tereza,Jesus,ES,Curativos (Band-Aid) Pampers 400ml,Aparelhos Médicos
215.48,4,2024-12-16,Monday   ,16,12,4,2024,Dr. Carlos Eduardo Câmara,Sítio de Nunes,Lindéia,Brito,MT,Azitromicina Suspensão Oral 50ml - Bayer,Vitaminas e Suplementos
408.5,2,2025-04-18,Friday   ,18,4,2,2025,Ayla da Paz,Vale Felipe Casa Grande,União,Macedo do Sul,DF,Vacina contra Zika - Dose Única,Primeiros Socorros
200.92,2,2024-10-10,Thursday ,10,10,4,2024,Valentim Siqueira,Fazenda Freitas,Zilah Sposito,Pastor,MG,Pantoprazol 500mg - 20 Comprimidos - Medley (Genérico),Antialérgicos
304.54999999999995,5,2026-01-09,Friday   ,9,1,1,2026,Maria Clara Araújo,Distrito de Cirino,Minas Caixa,da Cunha,AM,Azitromicina 1g - 10 Comprimidos - EMS (Genérico),Dermocosméticos
370.04999999999995,3,2025-07-26,Saturday ,26,7,3,2025,Liam Guerra,Esplanada Aparecida,Tupi B,Leão,RJ,Pantoprazol Pomada 30g - Neo Química (Genérico),Anti-inflamatórios
605.7,5,2026-01-07,Wednesday,7,1,1,2026,Samuel Câmara,Recanto Luiz Gustavo Freitas,Vila Batik,Casa Grande,AC,Vacina contra Dengue - Dose Única,Vacinas
140.52,4,2025-07-21,Monday   ,21,7,3,2025,Paulo Duarte,Loteamento da Mota,Pindura Saia,Sousa,CE,Dipirona Sódica Xarope 120ml - EMS (Genérico),Aparelhos Médicos
261.05,5,2025-05-20,Tuesday  ,20,5,2,2025,Sra. Maria da Rosa,Vila Bella Cassiano,Canaa,Silva de Minas,MA,Tadalafila Suspensão Oral 50ml - EMS (Genérico),Vacinas
537.88,4,2026-01-02,Friday   ,2,1,1,2026,Arthur Miguel Dias,Parque Kaique da Cruz,Santa Lúcia,Brito da Mata,BA,Nimesulida 50mg - 30 Comprimidos - EMS (Genérico),Anti-inflamatórios
323.84,2,2025-05-14,Wednesday,14,5,2,2025,Pedro Henrique Costela,Residencial da Mota,Vila Batik,Carvalho,DF,Creme Hidratante Panvel FPS 50,Genéricos
386.15999999999997,3,2026-09-11,Friday   ,11,9,3,2026,Sra. Fernanda Campos,Condomínio de Nunes,Vila Jardim Leblon,Duarte Verde,RO,Álcool em Gel 70% La Roche-Posay 50g,Antibióticos
74.2,1,2024-11-21,Thursday ,21,11,4,2024,Ayla Castro,Campo de da Rosa,Vila São Geraldo,Casa Grande do Oeste,MT,Vacina contra Parkinson - Reforço,Fraldas e Infantis
234.29999999999998,3,2025-02-17,Monday   ,17,2,1,2025,Luiz Felipe Cavalcanti,Quadra de Azevedo,Vila Das Oliveiras,da Costa,PR,Diclofenaco Pomada 30g - Medley (Genérico),Dermocosméticos
50.91,1,2026-07-23,Thursday ,23,7,3,2026,Dra. Ana Lívia da Mota,Residencial de da Cruz,Vila Nova Paraíso,Siqueira do Norte,RO,Nimesulida Xarope 120ml - Medley (Genérico),Antidepressivos
254.54999999999998,5,2026-05-16,Saturday ,16,5,2,2026,Nicolas Gonçalves,Viela de Lopes,São Lucas,Barros de Sousa,RS,Nimesulida Xarope 120ml - Medley (Genérico),Antidepressivos
866.9499999999999,5,2024-10-11,Friday   ,11,10,4,2024,Guilherme Pinto,Viela Nascimento,Senhor Dos Passos,Siqueira do Norte,RO,Atenolol Xarope 120ml - Medley (Genérico),Fitoterápicos
193.42,1,2025-12-30,Tuesday  ,30,12,4,2025,Ravy Sampaio,Praia Ana Clara Guerra,Minas Brasil,da Conceição,DF,Enalapril Suspensão Oral 50ml - Eurofarma,Saúde Bucal
906.2,5,2026-01-20,Tuesday  ,20,1,1,2026,Letícia Costa,Sítio Bruno Moreira,Graça,Barros,TO,Cefalexina Suspensão Oral 50ml - Medley (Genérico),Vacinas
230.82,3,2024-11-02,Saturday ,2,11,4,2024,Arthur Freitas,Lagoa Henry Caldeira,Barreiro,Albuquerque,MG,Tadalafila Suspensão Oral 50ml - Medley (Genérico),Antialérgicos
203.12,2,2025-01-06,Monday   ,6,1,1,2025,Lorenzo Ferreira,Campo Renan da Paz,Alípio De Melo,da Costa,PE,Nimesulida 25mg - 30 Comprimidos - Medley (Genérico),Antitérmicos
423.8,5,2025-03-05,Wednesday,5,3,1,2025,Isaque Farias,Morro de Camargo,Providencia,Nunes,AC,Atenolol 50mg - 30 Comprimidos - Neo Química (Genérico),Vitaminas e Suplementos
592.16,4,2025-10-18,Saturday ,18,10,4,2025,Joaquim Moreira,Morro Jesus,Santa Terezinha,Castro,RR,Vacina contra Lúpus - Dose Única,Antibióticos
53.550000000000004,3,2026-05-22,Friday   ,22,5,2,2026,Leonardo Freitas,Trevo Noah Monteiro,Conjunto Paulo Vi,Viana,TO,Pomada para Assaduras Dove FPS 70,Fraldas e Infantis
341.14,2,2024-12-29,Sunday   ,29,12,4,2024,Calebe Moreira,Morro de da Cruz,Vila Jardim Montanhes,Albuquerque de Brito,GO,Amoxicilina Suspensão Oral 50ml - Eurofarma,Vacinas
1188.15,5,2025-05-02,Friday   ,2,5,2,2025,Matheus Dias,Sítio de Casa Grande,Santa Sofia,Lopes dos Dourados,PB,Condicionador Hidratação Panvel Tamanho G (32 un),Nutrição Infantil
311.04,2,2026-09-03,Thursday ,3,9,3,2026,Sra. Ísis Sales,Lagoa Pastor,Funcionários,Monteiro,AP,Sinvastatina 1g - 10 Comprimidos - Aché,Produtos Ortopédicos
129.3,5,2025-09-17,Wednesday,17,9,3,2025,Pietro da Rosa,Quadra de Câmara,Novo Ouro Preto,Rezende,DF,Cefalexina 25mg - 30 Comprimidos - Eurofarma,Primeiros Socorros
308.2,4,2025-05-07,Wednesday,7,5,2,2025,Arthur Gabriel da Luz,Loteamento de Carvalho,Virgínia,Pastor,MG,Sérum Vitamina C Pampers 400ml,Antidepressivos
567.66,3,2025-08-11,Monday   ,11,8,3,2025,Diego Moraes,Avenida Bruno Pastor,Buritis,Rocha,RS,Loratadina Gotas 20ml - EMS (Genérico),Antibióticos
227.94,3,2025-11-18,Tuesday  ,18,11,4,2025,João Miguel Pereira,Feira de Ramos,Oeste,Cirino,RJ,Omeprazol 25mg - 30 Comprimidos - Bayer,Analgésicos
1188.15,5,2024-10-12,Saturday ,12,10,4,2024,Srta. Nina Fonseca,Esplanada de Teixeira,Maria Tereza,Macedo do Sul,DF,Condicionador Hidratação Panvel Tamanho G (32 un),Nutrição Infantil
655.23,3,2025-07-23,Wednesday,23,7,3,2025,Hellena Cunha,Núcleo Ian Rezende,Capitão Eduardo,Novaes de Minas,PE,Creme Hidratante La Roche-Posay FPS 50,Vacinas
554,4,2024-12-18,Wednesday,18,12,4,2024,Sra. Fernanda Costela,Estação Camargo,Venda Nova,Azevedo de Leão,MS,Loratadina Suspensão Oral 50ml - Bayer,Homeopatia
470.38,2,2025-11-09,Sunday   ,9,11,4,2025,Joaquim Andrade,Núcleo Luiz Fernando Nascimento,Barro Preto,Siqueira do Amparo,BA,Leite em Pó Infantil Huggies 90g,Homeopatia
54.8,4,2025-09-26,Friday   ,26,9,3,2025,Bárbara Oliveira,Fazenda Ramos,Mantiqueira,Macedo de Costa,RJ,Ibuprofeno 50mg - 30 Comprimidos - Eurofarma,Antitérmicos
98.42,2,2026-09-12,Saturday ,12,9,3,2026,Rebeca Campos,Vereda Rafaela Sousa,Santa Branca,da Mota de Oliveira,RS,Vacina contra Câncer de Próstata - Reforço,Nutrição Infantil
701.73,3,2026-07-11,Saturday ,11,7,3,2026,Yago Fonseca,Ladeira Oliveira,Santa Terezinha,Albuquerque,MG,Pantoprazol Pomada 30g - Medley (Genérico),Dermocosméticos
141.55,1,2026-02-19,Thursday ,19,2,1,2026,Davi Gonçalves,Trevo de Moura,Calafate,Araújo,MS,Amoxicilina Pomada 30g - Bayer,Vitaminas e Suplementos
861.8,4,2025-05-13,Tuesday  ,13,5,2,2025,Júlia Lopes,Passarela Casa Grande,Céu Azul,Vieira de Minas,MT,Vacina contra Gota - Dose Única,Antidepressivos
558.4000000000001,5,2025-09-08,Monday   ,8,9,3,2025,Lavínia Caldeira,Ladeira de Guerra,Gutierrez,Pereira,SP,Hidroclorotiazida Xarope 120ml - EMS (Genérico),Antidepressivos
632.8499999999999,5,2026-09-07,Monday   ,7,9,3,2026,Calebe Moreira,Morro de da Cruz,Vila Jardim Montanhes,Albuquerque de Brito,GO,Enalapril 500mg - 20 Comprimidos - Medley (Genérico),Analgésicos
461.84999999999997,3,2026-06-23,Tuesday  ,23,6,2,2026,Aurora Melo,Conjunto Raul Sampaio,Conjunto Serra Verde,Martins do Amparo,ES,Sildenafila 1g - 10 Comprimidos - Bayer,Antialérgicos
147,4,2026-08-25,Tuesday  ,25,8,3,2026,Diogo da Costa,Lago Pereira,Independência,Sampaio das Flores,CE,Tadalafila Pomada 30g - Aché,Vitaminas e Suplementos
398.40000000000003,5,2025-08-11,Monday   ,11,8,3,2025,Srta. Ana Sophia Albuquerque,Viela de Vasconcelos,Nossa Senhora Da Conceição,Macedo de Costa,RJ,Sabonete Líquido Panvel 90g,Nutrição Infantil
604.52,4,2025-03-04,Tuesday  ,4,3,1,2025,Luiz Gustavo Gomes,Chácara João Lucas Brito,Jatobá,da Rocha da Prata,RN,Água Micelar Sempre Livre 50g,Vacinas
1007.65,5,2025-08-31,Sunday   ,31,8,3,2025,Brayan Pires,Aeroporto da Rosa,Brasil Industrial,Machado,PE,Sabonete em Barra Clear 50g,Analgésicos
1119.1,5,2025-03-21,Friday   ,21,3,1,2025,Heloísa Machado,Feira Bárbara Rodrigues,Conjunto Floramar,Correia Grande,MA,Vacina contra Chikungunya - Dose Única,Vacinas
735.72,4,2026-08-26,Wednesday,26,8,3,2026,João Lucas Brito,Passarela de Farias,Madri,Brito da Mata,BA,Condicionador Hidratação Bepantol 90g,Produtos Ortopédicos
239.16,2,2025-08-10,Sunday   ,10,8,3,2025,Ayla da Paz,Vale Felipe Casa Grande,União,Macedo do Sul,DF,Tadalafila Pomada 30g - EMS (Genérico),Anti-inflamatórios
383.64,2,2024-09-19,Thursday ,19,9,3,2024,Sr. Thales Câmara,Núcleo Asafe Dias,Santa Rita,Cavalcanti de Correia,SP,Lenço Umedecido La Roche-Posay 50 Metros,Antidepressivos
349.54,2,2025-01-08,Wednesday,8,1,1,2025,Alana Peixoto,Vereda de Aragão,Glória,da Costa,PE,Losartana Potássica Suspensão Oral 50ml - Aché,Vitaminas e Suplementos
657.9300000000001,3,2026-02-03,Tuesday  ,3,2,1,2026,Antony Garcia,Feira Albuquerque,São Jorge 1ª Seção,Andrade Alegre,DF,Fio Dental Listerine Tamanho M (40 un),Cuidados com o Cabelo
277.46999999999997,3,2025-02-22,Saturday ,22,2,1,2025,Sr. Asafe Aragão,Lago Garcia,Jardim Guanabara,Machado,PB,Losartana Potássica Gotas 20ml - Medley (Genérico),Antitérmicos
113.08,4,2025-02-12,Wednesday,12,2,1,2025,Natália Fonseca,Lagoa da Mota,Ribeiro De Abreu,da Paz das Flores,PR,Soro Fisiológico Bepantol Tamanho M (40 un),Analgésicos
651.12,4,2026-09-13,Sunday   ,13,9,3,2026,Matheus Dias,Sítio de Casa Grande,Santa Sofia,Lopes dos Dourados,PB,Atenolol 500mg - 20 Comprimidos - Medley (Genérico),Aparelhos Médicos
507.36,3,2026-04-27,Monday   ,27,4,2,2026,Arthur Miguel Araújo,Vereda Santos,Vila Nova Gameleira 2ª Seção,Jesus,RR,Vacina contra Diabetes Tipo 1 - Reforço,Analgésicos
103.44,4,2026-02-25,Wednesday,25,2,1,2026,Benjamim Pires,Aeroporto de da Cruz,Chácara Leonina,Nunes,AC,Cefalexina 25mg - 30 Comprimidos - Eurofarma,Primeiros Socorros
676.8,3,2024-10-24,Thursday ,24,10,4,2024,Caroline Pires,Aeroporto Luísa Sales,Vila Engenho Nogueira,Rezende,GO,Diclofenaco Xarope 120ml - Neo Química (Genérico),Primeiros Socorros
206.6,4,2025-01-12,Sunday   ,12,1,1,2025,Pedro Lucas Siqueira,Conjunto Machado,Vila Santo Antônio,Pacheco de Novaes,PR,Azitromicina Gotas 20ml - Bayer,Fitoterápicos
904.5999999999999,5,2024-12-03,Tuesday  ,3,12,4,2024,Julia Vargas,Núcleo Pires,Boa União 2ª Seção,Araújo da Prata,RR,Losartana Potássica 500mg - 20 Comprimidos - Medley (Genérico),Nutrição Infantil
297.12,4,2025-04-24,Thursday ,24,4,2,2025,Isaac Cavalcanti,Quadra João Vitor Monteiro,Alto Caiçaras,Moura,BA,Vacina contra Depressão - Reforço,Dermocosméticos
240.96,1,2025-01-02,Thursday ,2,1,1,2025,Luiz Gustavo Duarte,Via de Pinto,Jardim São José,Jesus,ES,Metformina Suspensão Oral 50ml - EMS (Genérico),Fraldas e Infantis
332.52,2,2024-11-04,Monday   ,4,11,4,2024,Maria Fernanda Rodrigues,Passarela Castro,Tirol,Pires,PE,Sildenafila 1g - 10 Comprimidos - EMS (Genérico),Antitérmicos
267.06,3,2026-08-06,Thursday ,6,8,3,2026,Gael Ramos,Setor de Peixoto,Cidade Jardim,Melo,MA,Lenço Umedecido Aptamil FPS 50,Dermocosméticos
245.38,2,2025-10-15,Wednesday,15,10,4,2025,Enzo Gabriel Montenegro,Avenida Albuquerque,Vila Ipiranga,Machado,PE,Amoxicilina 25mg - 30 Comprimidos - Bayer,Vitaminas e Suplementos
79.25,1,2025-11-21,Friday   ,21,11,4,2025,Léo Barbosa,Alameda da Cunha,Conjunto Minas Caixa,Pereira,SP,Diclofenaco Pomada 30g - EMS (Genérico),Produtos Ortopédicos
544.05,5,2025-05-08,Thursday ,8,5,2,2025,Dr. Vitor Hugo Lima,Núcleo de Barbosa,Vale Do Jatoba,da Mota de Oliveira,RS,Metformina Xarope 120ml - EMS (Genérico),Dermocosméticos
61.08,1,2024-12-14,Saturday ,14,12,4,2024,Gael Ramos,Setor de Peixoto,Cidade Jardim,Melo,MA,Condicionador Hidratação Nivea 50g,Fraldas e Infantis
566.04,4,2025-01-17,Friday   ,17,1,1,2025,Sra. Maria Vitória Nunes,Aeroporto Theodoro da Rosa,Jonas Veiga,da Mata dos Dourados,PR,Clonazepam Pomada 30g - Medley (Genérico),Homeopatia
436.89,3,2025-02-23,Sunday   ,23,2,1,2025,Carlos Eduardo Ribeiro,Rodovia Santos,Boa Viagem,Pires,AM,Losartana Potássica 50mg - 30 Comprimidos - Medley (Genérico),Antialérgicos
986.3,5,2025-09-20,Saturday ,20,9,3,2025,Helena Barbosa,Lago Sousa,Mariano De Abreu,Vieira de Minas,PB,Paracetamol Suspensão Oral 50ml - Bayer,Vitaminas e Suplementos
551.79,3,2025-09-19,Friday   ,19,9,3,2025,João Lucas Souza,Largo Moura,Cônego Pinheiro 2ª Seção,da Cruz da Mata,PB,Condicionador Hidratação Bepantol 90g,Produtos Ortopédicos
338.70000000000005,3,2024-12-14,Saturday ,14,12,4,2024,Sr. Juan Cardoso,Largo de Ramos,São João Batista,Andrade Alegre,DF,Ibuprofeno 1g - 10 Comprimidos - Neo Química (Genérico),Fraldas e Infantis
87.62,1,2025-03-19,Wednesday,19,3,1,2025,Zoe Costela,Esplanada Danilo Mendes,Sport Club,das Neves,MT,Sildenafila 25mg - 30 Comprimidos - Medley (Genérico),Antialérgicos
43.75,1,2025-02-12,Wednesday,12,2,1,2025,Gabrielly Lopes,Área de Lima,Vila Formosa,Machado da Serra,MS,Escitalopram 1g - 10 Comprimidos - Aché,Primeiros Socorros
960.4,4,2025-05-22,Thursday ,22,5,2,2025,Ravi Lucca Sales,Trecho Felipe Santos,Conjunto Floramar,Pacheco de Novaes,PR,Tadalafila 50mg - 30 Comprimidos - Neo Química (Genérico),Fitoterápicos
240.58,1,2026-06-02,Tuesday  ,2,6,2,2026,Luiz Felipe Albuquerque,Ladeira da Paz,Minas Caixa,Rios do Oeste,AP,Vacina contra Asma - Dose Única,Higiene Pessoal
322.04,2,2026-01-14,Wednesday,14,1,1,2026,Ágatha Viana,Ladeira Lopes,Cidade Jardim,Barros de Fernandes,RR,Escitalopram Gotas 20ml - Eurofarma,Antibióticos
129.89,1,2026-06-11,Thursday ,11,6,2,2026,Maitê Lima,Campo de Castro,Buraco Quente,Costela do Oeste,MA,Pomada para Assaduras G-Tech Tamanho M (40 un),Genéricos
125.4,4,2025-12-28,Sunday   ,28,12,4,2025,Yasmin Pereira,Área de Pastor,Vila Paris,Lopes de Mendes,AM,Azitromicina Xarope 120ml - Medley (Genérico),Antibióticos
52.39,1,2026-05-30,Saturday ,30,5,2,2026,Eloah Nogueira,Esplanada de da Conceição,Vila Formosa,da Paz,RJ,Condicionador Hidratação Dove 90g,Antitérmicos
296.1,5,2026-07-09,Thursday ,9,7,3,2026,Dra. Maria Cecília Oliveira,Largo Freitas,Lagoinha,Leão,RJ,Vacina contra Dengue - Reforço,Analgésicos
345.78,2,2025-11-19,Wednesday,19,11,4,2025,Antony Garcia,Feira Albuquerque,São Jorge 1ª Seção,Andrade Alegre,DF,Diclofenaco Suspensão Oral 50ml - Aché,Primeiros Socorros
78.28,1,2025-08-06,Wednesday,6,8,3,2025,Vinicius da Cruz,Vila Ana Ferreira,Vila Nova,Nunes do Sul,MA,Sinvastatina Xarope 120ml - EMS (Genérico),Antitérmicos
725.9399999999999,3,2025-10-23,Thursday ,23,10,4,2025,Letícia Fernandes,Trecho Rael Mendes,Custodinha,Rocha,PR,Escitalopram Suspensão Oral 50ml - Eurofarma,Vitaminas e Suplementos
703.2,4,2026-06-13,Saturday ,13,6,2,2026,Ísis da Mota,Conjunto Clarice da Conceição,Cabana Do Pai Tomás,das Neves,MT,Sertralina Suspensão Oral 50ml - Bayer,Antibióticos
340.09999999999997,5,2026-07-12,Sunday   ,12,7,3,2026,Dr. Gael Henrique Montenegro,Via Gomes,São Gonçalo,Jesus,ES,Loratadina 500mg - 20 Comprimidos - EMS (Genérico),Cuidados com o Cabelo
967.92,4,2026-05-04,Monday   ,4,5,2,2026,Mariah Cardoso,Distrito Kevin Guerra,Itapoa,Lopes dos Dourados,PB,Escitalopram Suspensão Oral 50ml - Eurofarma,Vitaminas e Suplementos
401.84,4,2026-03-01,Sunday   ,1,3,1,2026,Olivia Azevedo,Praça de Freitas,Conjunto Califórnia I,das Neves,MT,Pantoprazol 500mg - 20 Comprimidos - Medley (Genérico),Antialérgicos
119.43,3,2026-08-20,Thursday ,20,8,3,2026,Vinícius Garcia,Esplanada de Mendes,Marieta 3ª Seção,Câmara do Galho,RO,Tadalafila 25mg - 30 Comprimidos - Aché,Antitérmicos
153.85,5,2024-09-25,Wednesday,25,9,3,2024,Júlia das Neves,Estação Ana Carolina Vasconcelos,Senhor Dos Passos,Ferreira de Sampaio,PB,Fluoxetina Gotas 20ml - Medley (Genérico),Aparelhos Médicos
155.85000000000002,3,2025-05-01,Thursday ,1,5,2,2025,Maria Luiza Borges,Lago da Luz,Universitário,Câmara de Casa Grande,AM,Sabonete em Barra Aptamil 50 Metros,Higiene Pessoal
140.5,1,2025-08-18,Monday   ,18,8,3,2025,Dra. Ana Luiza Cavalcante,Favela de Campos,Suzana,Nunes do Sul,MA,Ibuprofeno 500mg - 20 Comprimidos - Bayer,Saúde Bucal
121.64,4,2025-11-20,Thursday ,20,11,4,2025,João Miguel Azevedo,Trevo Fonseca,Serra,Nogueira de Rios,PR,Sildenafila 25mg - 30 Comprimidos - EMS (Genérico),Primeiros Socorros
451.46,2,2025-03-26,Wednesday,26,3,1,2025,Diego da Rocha,Alameda Cardoso,Engenho Nogueira,Brito da Mata,BA,Fluoxetina 500mg - 20 Comprimidos - Neo Química (Genérico),Antitérmicos
928.3499999999999,5,2026-09-09,Wednesday,9,9,3,2026,Clara Pimenta,Pátio de Peixoto,Esperança,Almeida Grande,AP,Termômetro Digital Needs Tamanho M (40 un),Vitaminas e Suplementos
26.25,1,2025-07-22,Tuesday  ,22,7,3,2025,Melissa Barbosa,Via Azevedo,Coração De Jesus,Alves de da Conceição,AC,Sérum Vitamina C Aptamil Tamanho M (40 un),Antibióticos
287.56,2,2025-05-01,Thursday ,1,5,2,2025,Isadora Martins,Praia Marques,Grajaú,da Mota do Campo,CE,Tadalafila Pomada 30g - Neo Química (Genérico),Produtos Ortopédicos
31.35,1,2026-02-15,Sunday   ,15,2,1,2026,Pedro Mendonça,Aeroporto José Miguel Ramos,Santa Maria,da Conceição,DF,Azitromicina Xarope 120ml - Medley (Genérico),Antibióticos
208.84,4,2026-05-05,Tuesday  ,5,5,2,2026,Anna Liz Rocha,Rodovia de Castro,Vila Calafate,Silva de Minas,MA,Tadalafila Suspensão Oral 50ml - EMS (Genérico),Vacinas
169.88,2,2025-08-22,Friday   ,22,8,3,2025,Daniel Vargas,Colônia de Peixoto,Outro,Cavalcante,RR,Enalapril 500mg - 20 Comprimidos - Bayer,Nutrição Infantil
20.97,1,2025-08-01,Friday   ,1,8,3,2025,Aurora Macedo,Feira Dante Mendes,Granja De Freitas,Fogaça Alegre,PR,Fralda Descartável Nivea FPS 70,Homeopatia
39.45,1,2026-06-08,Monday   ,8,6,2,2026,Dr. Gael Henrique Montenegro,Via Gomes,São Gonçalo,Jesus,ES,Metformina 25mg - 30 Comprimidos - Eurofarma,Antibióticos
55.67999999999999,3,2026-01-24,Saturday ,24,1,1,2026,Ravi Lucca Pastor,Núcleo Maria Luísa Duarte,Vila Antena,Ferreira,AM,Enalapril Gotas 20ml - Medley (Genérico),Dermocosméticos
616.75,5,2025-05-23,Friday   ,23,5,2,2025,Heloísa Cassiano,Parque de Jesus,Vila Nossa Senhora Do Rosário,Nogueira,PA,Pantoprazol Pomada 30g - Neo Química (Genérico),Anti-inflamatórios
981.96,4,2024-10-16,Wednesday,16,10,4,2024,Lucas Moura,Vale de Ribeiro,Grota,Montenegro da Praia,PA,Tadalafila 50mg - 30 Comprimidos - EMS (Genérico),Antialérgicos
205.83,1,2026-04-29,Wednesday,29,4,2,2026,Liz Novais,Chácara Daniela Alves,Vila Nova Paraíso,Aragão da Serra,MT,Curativos (Band-Aid) Mió 200ml,Produtos Ortopédicos
1200.5,5,2025-07-13,Sunday   ,13,7,3,2025,Pedro Henrique Aragão,Recanto Aurora Oliveira,Vila Nova Dos Milionarios,Mendes das Flores,AL,Tadalafila 50mg - 30 Comprimidos - Neo Química (Genérico),Fitoterápicos
100.10999999999999,3,2026-02-04,Wednesday,4,2,1,2026,Maria Laura Pinto,Vale Vasconcelos,Comiteco,Cavalcanti de Correia,SP,Protetor Solar Corporal Needs Tamanho M (40 un),Antibióticos
45.54,2,2025-05-09,Friday   ,9,5,2,2025,Camila da Mata,Loteamento Lavínia Ferreira,Leonina,Freitas,RO,Omeprazol 500mg - 20 Comprimidos - Eurofarma,Produtos Ortopédicos
1072.95,5,2026-02-13,Friday   ,13,2,1,2026,Dra. Elisa Teixeira,Aeroporto Monteiro,Confisco,Casa Grande do Oeste,MT,Protetor Solar Corporal Needs 90g,Produtos Ortopédicos
729.04,4,2024-11-17,Sunday   ,17,11,4,2024,Francisco Cavalcanti,Praia Amanda Viana,Alto Das Antenas,Macedo do Sul,DF,Vacina contra Trombose - Reforço,Fitoterápicos
180.2,2,2025-01-13,Monday   ,13,1,1,2025,Maria Isis Mendonça,Núcleo de Gomes,Nova Cintra,Alves do Oeste,SP,Pantoprazol Pomada 30g - Eurofarma,Anti-inflamatórios
398.65000000000003,5,2024-10-24,Thursday ,24,10,4,2024,Liam Sales,Área Rafaela Costela,Baleia,Freitas Alegre,PB,Creme Dental Needs FPS 70,Antidepressivos
774.4,5,2025-12-09,Tuesday  ,9,12,4,2025,Eduardo Mendes,Feira de Teixeira,Estoril,Peixoto das Flores,RJ,Tadalafila 25mg - 30 Comprimidos - Neo Química (Genérico),Saúde Bucal
137.47,1,2024-10-02,Wednesday,2,10,4,2024,Srta. Isabelly Souza,Lago Antonella Novais,Conjunto Santa Maria,Gonçalves do Sul,RO,Paracetamol Gotas 20ml - Neo Química (Genérico),Anti-inflamatórios
362.48,2,2025-10-22,Wednesday,22,10,4,2025,Sra. Lorena Moura,Alameda Rodrigues,Vila Independencia 2ª Seção,da Conceição,DF,Cefalexina Suspensão Oral 50ml - Medley (Genérico),Vacinas
230.82,3,2026-06-19,Friday   ,19,6,2,2026,Ísis da Costa,Favela Liam Câmara,Minas Caixa,Sales,PE,Tadalafila Suspensão Oral 50ml - Medley (Genérico),Antialérgicos
423.15,5,2025-01-23,Thursday ,23,1,1,2025,João Guilherme Costela,Estação Rael Borges,Alto Caiçaras,da Rocha do Amparo,RN,Vacina contra Obesidade - Dose Única,Fraldas e Infantis
729.2,5,2026-06-13,Saturday ,13,6,2,2026,Yan Garcia,Passarela José Miguel Pinto,Nova Granada,da Paz de Sampaio,PE,Paracetamol 500mg - 20 Comprimidos - Neo Química (Genérico),Homeopatia
291.70000000000005,5,2025-11-22,Saturday ,22,11,4,2025,Isaque Gonçalves,Praça Yuri Aragão,Ipiranga,Duarte,DF,Tadalafila 25mg - 30 Comprimidos - EMS (Genérico),Dermocosméticos
616.6,4,2025-01-21,Tuesday  ,21,1,1,2025,Camila Cassiano,Sítio Nogueira,Minaslandia,Alves,BA,Soro Fisiológico Sempre Livre 500ml,Higiene Pessoal
727.3499999999999,3,2026-03-06,Friday   ,6,3,1,2026,Pietro da Rosa,Quadra de Câmara,Novo Ouro Preto,Rezende,DF,Ibuprofeno Suspensão Oral 50ml - Eurofarma,Anti-inflamatórios
33.13,1,2026-06-17,Wednesday,17,6,2,2026,Olívia Moraes,Lago de Ferreira,Goiania,Alves de da Conceição,AC,Creme Hidratante Colgate 50g,Antibióticos
370.44,3,2026-08-02,Sunday   ,2,8,3,2026,Carlos Eduardo Melo,Praia de Aparecida,Planalto,Macedo Alegre,RR,Sérum Vitamina C Mió 400ml,Antitérmicos
343.76,2,2025-11-24,Monday   ,24,11,4,2025,Mateus Mendonça,Estrada Calebe Farias,Vila São Dimas,Rocha,PR,Pantoprazol 50mg - 30 Comprimidos - Eurofarma,Nutrição Infantil
981.96,4,2026-05-06,Wednesday,6,5,2,2026,Esther Ramos,Travessa Hadassa Moura,Bonfim,Moura,PA,Tadalafila 50mg - 30 Comprimidos - EMS (Genérico),Antialérgicos
1035.35,5,2024-12-19,Thursday ,19,12,4,2024,Davi Lucas da Cruz,Jardim Helena Pinto,Nova Suíça,Gonçalves do Sul,RO,Hidroclorotiazida Xarope 120ml - Neo Química (Genérico),Antitérmicos
46.31,1,2025-05-02,Friday   ,2,5,2,2025,Benicio Cirino,Aeroporto Porto,Jardim São José,Albuquerque,MG,Metformina Xarope 120ml - Eurofarma,Antidepressivos
233.36,4,2026-03-22,Sunday   ,22,3,1,2026,Dr. Benicio Ramos,Pátio de Cavalcante,Vitoria Da Conquista,Farias da Prata,RN,Tadalafila 25mg - 30 Comprimidos - EMS (Genérico),Dermocosméticos
823.8,4,2025-06-27,Friday   ,27,6,2,2025,Dr. Ravi Lucca Novaes,Núcleo Cavalcante,Taquaril,da Conceição da Serra,RR,Cefalexina 1g - 10 Comprimidos - Eurofarma,Antialérgicos
84.64,2,2025-03-06,Thursday ,6,3,1,2025,Alana Sales,Vila de Leão,Palmares,Sampaio das Flores,CE,Metformina Suspensão Oral 50ml - Eurofarma,Cuidados com o Cabelo
135.36,4,2025-08-23,Saturday ,23,8,3,2025,Dra. Cecilia Borges,Esplanada Rodrigues,Universo,Machado,PB,Enalapril 500mg - 20 Comprimidos - Eurofarma,Anti-inflamatórios
90.07,1,2025-01-17,Friday   ,17,1,1,2025,Ana Pereira,Ladeira Cauã Aragão,Boa União 2ª Seção,da Conceição,DF,Cefalexina Xarope 120ml - Aché,Produtos Ortopédicos
60.12,4,2026-05-27,Wednesday,27,5,2,2026,Ester Alves,Alameda Ana Laura da Cunha,Vila Minaslandia,Albuquerque das Flores,RN,Vacina contra Pneumonia - Reforço,Produtos Ortopédicos
148.29,3,2026-02-07,Saturday ,7,2,1,2026,Samuel Teixeira,Campo Henry Gabriel Nunes,Santa Terezinha,das Neves,MT,Cefalexina Pomada 30g - Aché,Anti-inflamatórios
483.06000000000006,3,2024-10-22,Tuesday  ,22,10,4,2024,Sra. Isis Pimenta,Setor Noah Câmara,Candelaria,Brito,MT,Escitalopram Gotas 20ml - Eurofarma,Antibióticos
858.28,4,2026-08-23,Sunday   ,23,8,3,2026,João Pedro Barbosa,Sítio de Cunha,Alto Dos Pinheiros,da Mata de Pereira,RR,Escitalopram 25mg - 30 Comprimidos - Neo Química (Genérico),Fraldas e Infantis
348.9,3,2024-11-25,Monday   ,25,11,4,2024,Maitê Almeida,Travessa Freitas,Caetano Furquim,Rios do Oeste,AP,Diclofenaco 25mg - 30 Comprimidos - Aché,Anti-inflamatórios
22.97,1,2026-07-15,Wednesday,15,7,3,2026,Ana Clara Ferreira,Feira Sales,São João Batista,da Costa do Galho,CE,Termômetro Digital Mió FPS 70,Produtos Ortopédicos
476.13,3,2026-06-09,Tuesday  ,9,6,2,2026,Dra. Clarice Peixoto,Ladeira Duarte,Jardim Do Vale,Brito,MS,Absorvente com Abas Clear 150ml,Aparelhos Médicos
983.16,4,2025-08-17,Sunday   ,17,8,3,2025,Luara Aragão,Núcleo Milena Macedo,Conjunto Paulo Vi,da Costa do Galho,CE,Diclofenaco 500mg - 20 Comprimidos - Neo Química (Genérico),Antidepressivos
521.44,4,2025-12-07,Sunday   ,7,12,4,2025,Dr. Vitor Hugo da Cunha,Pátio Vinicius Rocha,Maravilha,Barros Grande,RJ,Loratadina Suspensão Oral 50ml - Neo Química (Genérico),Analgésicos
1029.75,5,2025-01-07,Tuesday  ,7,1,1,2025,Srta. Jade Borges,Fazenda Vargas,Andiroba,Sá,AC,Cefalexina 1g - 10 Comprimidos - Eurofarma,Antialérgicos
801.92,4,2025-07-21,Monday   ,21,7,3,2025,Catarina Nogueira,Morro Brito,Santa Rita De Cássia,Lopes de Mendes,AM,Metformina 25mg - 30 Comprimidos - EMS (Genérico),Cuidados com o Cabelo
488.32,4,2026-04-21,Tuesday  ,21,4,2,2026,Dra. Maria Clara da Rocha,Esplanada de Mendes,Xodo-Marize,Carvalho,MT,Vacina contra Dermatite - Reforço,Primeiros Socorros
399.56,2,2025-01-23,Thursday ,23,1,1,2025,Cecilia Guerra,Fazenda de da Paz,Candelaria,Lopes de Goiás,SE,Loratadina Xarope 120ml - EMS (Genérico),Homeopatia
224.2,4,2025-01-16,Thursday ,16,1,1,2025,Vicente Albuquerque,Morro Freitas,Vila Engenho Nogueira,Ferreira de Ferreira,AC,Amoxicilina 1g - 10 Comprimidos - EMS (Genérico),Antidepressivos
285.5,5,2026-07-21,Tuesday  ,21,7,3,2026,Vitória Ribeiro,Favela de Abreu,Santa Isabel,Silva de Minas,MA,Tadalafila 500mg - 20 Comprimidos - Aché,Aparelhos Médicos
351.6,2,2024-10-03,Thursday ,3,10,4,2024,Eduardo Costela,Lago de Albuquerque,Trevo,Ferreira do Amparo,AC,Sertralina Suspensão Oral 50ml - Bayer,Antibióticos
9.51,1,2024-11-09,Saturday ,9,11,4,2024,Maria Fonseca,Setor Sampaio,Cidade Jardim,Freitas,RO,Dipirona Sódica Gotas 20ml - EMS (Genérico),Aparelhos Médicos
310.98,3,2024-11-23,Saturday ,23,11,4,2024,Nicolas Moura,Sítio da Luz,Planalto,da Luz de Ramos,SC,Losartana Potássica Xarope 120ml - EMS (Genérico),Dermocosméticos
579.66,3,2025-03-30,Sunday   ,30,3,1,2025,Sra. Sophia Peixoto,Distrito Lara da Conceição,Morro Dos Macacos,da Mata,ES,Atenolol 25mg - 30 Comprimidos - Aché,Higiene Pessoal
19.38,1,2026-06-03,Wednesday,3,6,2,2026,Valentim Siqueira,Fazenda Freitas,Zilah Sposito,Pastor,MG,Amoxicilina Suspensão Oral 50ml - Medley (Genérico),Saúde Bucal
220.47,1,2026-02-22,Sunday   ,22,2,1,2026,Davi Miguel Cardoso,Praça Sarah da Costa,Gameleira,Costela do Oeste,MA,Sérum Vitamina C Huggies 50 Metros,Nutrição Infantil
641.46,3,2025-10-04,Saturday ,4,10,4,2025,Caroline Pires,Aeroporto Luísa Sales,Vila Engenho Nogueira,Rezende,GO,Nimesulida 500mg - 20 Comprimidos - Aché,Antidepressivos
109.22999999999999,3,2025-11-23,Sunday   ,23,11,4,2025,Arthur Miguel Araújo,Vereda Santos,Vila Nova Gameleira 2ª Seção,Jesus,RR,Pomada para Assaduras CeraVe 90g,Cuidados com o Cabelo
203.74,1,2026-08-16,Sunday   ,16,8,3,2026,Vitor Gabriel Campos,Parque de Vasconcelos,Flamengo,Rocha,PR,Leite em Pó Infantil Rexona 150ml,Analgésicos
437.52,2,2025-01-07,Tuesday  ,7,1,1,2025,Ester Alves,Alameda Ana Laura da Cunha,Vila Minaslandia,Albuquerque das Flores,RN,Soro Fisiológico Mió 90g,Analgésicos
108.05,1,2024-10-22,Tuesday  ,22,10,4,2024,Amanda Marques,Ladeira Porto,João Pinheiro,Marques Alegre,AL,Condicionador Hidratação G-Tech FPS 50,Produtos Ortopédicos
287.56,2,2024-10-23,Wednesday,23,10,4,2024,Rebeca Campos,Vereda Rafaela Sousa,Santa Branca,da Mota de Oliveira,RS,Tadalafila Pomada 30g - Neo Química (Genérico),Produtos Ortopédicos
246.26,2,2025-09-24,Wednesday,24,9,3,2025,Aurora Leão,Rua de Pastor,Vila Das Oliveiras,Moura,SP,Vacina contra Embolia - Dose Única,Antibióticos
520.2,5,2025-03-08,Saturday ,8,3,1,2025,Hellena Cunha,Núcleo Ian Rezende,Capitão Eduardo,Novaes de Minas,PE,Vacina contra Gripe - Dose Única,Dermocosméticos
877.04,4,2024-10-23,Wednesday,23,10,4,2024,Cauê Garcia,Jardim de Gonçalves,Bacurau,Barbosa,AP,Dipirona Sódica Pomada 30g - Medley (Genérico),Saúde Bucal
602.13,3,2026-06-15,Monday   ,15,6,2,2026,Zoe Costela,Esplanada Danilo Mendes,Sport Club,das Neves,MT,Clonazepam 1g - 10 Comprimidos - Neo Química (Genérico),Analgésicos
571.92,3,2026-04-06,Monday   ,6,4,2,2026,Dr. Bernardo da Cunha,Conjunto de Lopes,Floramar,Machado,PE,Sabonete em Barra Needs FPS 50,Cuidados com o Cabelo
562,4,2026-05-24,Sunday   ,24,5,2,2026,Sr. Davi Luiz Ramos,Núcleo Lopes,Vila Ecológica,Barros de Sousa,RS,Ibuprofeno 500mg - 20 Comprimidos - Bayer,Saúde Bucal
959.0999999999999,5,2026-08-21,Friday   ,21,8,3,2026,Luiz Gustavo Duarte,Via de Pinto,Jardim São José,Jesus,ES,Lenço Umedecido La Roche-Posay 50 Metros,Antidepressivos
326.65,5,2025-10-07,Tuesday  ,7,10,4,2025,Davi Miguel Cardoso,Praça Sarah da Costa,Gameleira,Costela do Oeste,MA,Atenolol 25mg - 30 Comprimidos - Neo Química (Genérico),Cuidados com o Cabelo
565.44,4,2025-02-04,Tuesday  ,4,2,1,2025,Ian Santos,Loteamento de Teixeira,Castanheira,Ferreira do Amparo,AC,Clonazepam Xarope 120ml - EMS (Genérico),Vacinas
185.04,4,2024-12-03,Tuesday  ,3,12,4,2024,Ana Liz Casa Grande,Lago Brenda Farias,Vila Copacabana,Gonçalves das Pedras,PR,Vacina contra Parkinson - Dose Única,Fraldas e Infantis
447.44,4,2025-08-08,Friday   ,8,8,3,2025,Julia Vargas,Núcleo Pires,Boa União 2ª Seção,Araújo da Prata,RR,Sabonete em Barra Dove FPS 70,Antibióticos
717.3000000000001,5,2025-02-12,Wednesday,12,2,1,2025,Dr. Antônio Lima,Viela de Costela,Vila Da Ária,Rios do Oeste,AP,Sinvastatina 500mg - 20 Comprimidos - Neo Química (Genérico),Fitoterápicos
90.62,2,2024-10-26,Saturday ,26,10,4,2024,Otávio Ribeiro,Fazenda de Silveira,Vila Da Paz,Alves,BA,Absorvente com Abas Bepantol 500ml,Analgésicos
223.36,2,2026-07-09,Thursday ,9,7,3,2026,Daniel Camargo,Via Vasconcelos,Beira Linha,da Rocha,PI,Hidroclorotiazida Xarope 120ml - EMS (Genérico),Antidepressivos
143.24,2,2026-07-10,Friday   ,10,7,3,2026,Ana Clara da Conceição,Feira Pinto,Tirol,da Cunha,AM,Desodorante Roll-on Nivea FPS 70,Anti-inflamatórios
158.7,3,2025-05-06,Tuesday  ,6,5,2,2025,Rhavi Ramos,Conjunto Macedo,São Francisco,Câmara de Casa Grande,AM,Fralda Descartável Vichy 150ml,Homeopatia
911.3,5,2025-07-18,Friday   ,18,7,3,2025,Ana Luiza Moura,Lago de da Mota,Alta Tensão 1ª Seção,Machado,PE,Vacina contra Trombose - Reforço,Fitoterápicos
607.59,3,2025-09-29,Monday   ,29,9,3,2025,Luiz Henrique da Mata,Esplanada Eduarda Cunha,Horto Florestal,Duarte,AL,Azitromicina 50mg - 30 Comprimidos - Medley (Genérico),Homeopatia
1021.25,5,2026-07-11,Saturday ,11,7,3,2026,Mariah Nunes,Condomínio Rezende,Grotinha,Araújo da Prata,RR,Vacina contra Zika - Dose Única,Primeiros Socorros
312.82,2,2026-01-05,Monday   ,5,1,1,2026,Julia Pimenta,Conjunto de da Mata,Providencia,da Paz das Flores,PR,Vacina contra Rinite - Dose Única,Aparelhos Médicos
524.9,5,2025-04-11,Friday   ,11,4,2,2025,Fernanda Cavalcanti,Chácara Sampaio,Vila Maria,Peixoto de Machado,RN,Água Micelar G-Tech FPS 70,Antibióticos
183.24,3,2025-03-28,Friday   ,28,3,1,2025,Gabriela Silva,Chácara Vargas,Flamengo,Caldeira,SE,Condicionador Hidratação Nivea 50g,Fraldas e Infantis
958.6,5,2025-11-10,Monday   ,10,11,4,2025,Lavínia Abreu,Lagoa de Silveira,Vila São Dimas,Martins,PA,Creme Hidratante Listerine 500ml,Saúde Bucal
49.41,1,2024-10-20,Sunday   ,20,10,4,2024,Heloísa Cassiano,Parque de Jesus,Vila Nossa Senhora Do Rosário,Nogueira,PA,Vacina contra Anemia - Reforço,Aparelhos Médicos
245.01,1,2025-04-18,Friday   ,18,4,2,2025,Cauã Monteiro,Setor Gael Henrique Barbosa,Jardim Dos Comerciarios,da Rosa,MS,Hidroclorotiazida 25mg - 30 Comprimidos - EMS (Genérico),Cuidados com o Cabelo
1174.8999999999999,5,2026-07-21,Tuesday  ,21,7,3,2026,Srta. Isabel Cunha,Praça Moreira,Independência,Ramos,AC,Enalapril Gotas 20ml - Bayer,Antitérmicos
199.66,2,2026-08-11,Tuesday  ,11,8,3,2026,Enzo Silva,Conjunto Gustavo Henrique da Rocha,Jardim Montanhês,Viana,TO,Sildenafila 1g - 10 Comprimidos - Eurofarma,Antidepressivos
229.85,1,2025-05-09,Friday   ,9,5,2,2025,Diego Fernandes,Feira Viana,Vila Paraíso,Moraes,DF,Álcool em Gel 70% CeraVe 150ml,Genéricos
946.1,5,2026-02-04,Wednesday,4,2,1,2026,Mariah Costela,Residencial Dante Monteiro,Vila Da Luz,da Costa,PE,Loratadina Gotas 20ml - EMS (Genérico),Antibióticos
282.65,5,2025-01-03,Friday   ,3,1,1,2025,Fernanda Cunha,Parque Vasconcelos,Camponesa 1ª Seção,Duarte Verde,RO,Enxaguante Bucal CeraVe 50g,Cuidados com o Cabelo
31.35,1,2024-10-07,Monday   ,7,10,4,2024,Ísis da Costa,Favela Liam Câmara,Minas Caixa,Sales,PE,Azitromicina Xarope 120ml - Medley (Genérico),Antibióticos
181.47,3,2025-08-22,Friday   ,22,8,3,2025,Otto Rocha,Rua Eduardo Pereira,Engenho Nogueira,Fernandes do Norte,RO,Lenço Umedecido CeraVe 400ml,Cuidados com o Cabelo
244.32,1,2025-03-13,Thursday ,13,3,1,2025,Dra. Larissa Dias,Distrito de Viana,Conjunto Lagoa,Farias da Prata,RN,Soro Fisiológico Johnson's Tamanho M (40 un),Primeiros Socorros
559.3,5,2026-05-27,Wednesday,27,5,2,2026,Ana Cecília Cavalcanti,Fazenda João Lucas da Mata,Conjunto Califórnia I,da Costa,PR,Sabonete em Barra Dove FPS 70,Antibióticos
610.4,5,2025-10-26,Sunday   ,26,10,4,2025,Paulo Rodrigues,Recanto de Gonçalves,Itaipu,Ribeiro,RS,Vacina contra Dermatite - Reforço,Primeiros Socorros
94.27,1,2026-06-15,Monday   ,15,6,2,2026,Eloah Leão,Área Benjamin Rios,Caiçara - Adelaide,Nogueira de Rios,PR,Enxaguante Bucal Panvel 90g,Aparelhos Médicos
416.16,4,2025-09-20,Saturday ,20,9,3,2025,Ana Clara Machado,Campo Heloisa Moura,São Paulo,Moura,SP,Vacina contra Gripe - Dose Única,Dermocosméticos
112.2,2,2025-07-11,Friday   ,11,7,3,2025,Isabelly Santos,Travessa Yago Porto,Betânia,Cirino,RJ,Atenolol 25mg - 30 Comprimidos - Medley (Genérico),Vacinas
610.4,5,2025-04-29,Tuesday  ,29,4,2,2025,Luara Aragão,Núcleo Milena Macedo,Conjunto Paulo Vi,da Costa do Galho,CE,Vacina contra Dermatite - Reforço,Primeiros Socorros
134.99,1,2025-12-27,Saturday ,27,12,4,2025,Thales Santos,Conjunto Câmara,Santa Rosa,da Mata dos Dourados,PR,Loratadina 25mg - 30 Comprimidos - Aché,Analgésicos
1122.95,5,2026-06-02,Tuesday  ,2,6,2,2026,Gael Henrique da Mata,Praça Ramos,Planalto,Montenegro Alegre,BA,Vacina contra Desnutrição - Dose Única,Homeopatia
174.77,1,2026-08-10,Monday   ,10,8,3,2026,João Guilherme Fernandes,Lagoa de Campos,Mariano De Abreu,Cavalcante da Serra,RJ,Losartana Potássica Suspensão Oral 50ml - Aché,Vitaminas e Suplementos
488.48,2,2025-05-20,Tuesday  ,20,5,2,2025,Luiz Gustavo Gomes,Chácara João Lucas Brito,Jatobá,da Rocha da Prata,RN,Sinvastatina Gotas 20ml - Medley (Genérico),Dermocosméticos
307.02,3,2025-09-17,Wednesday,17,9,3,2025,Igor da Cruz,Colônia Martins,Monsenhor Messias,Cavalcante da Serra,RJ,Sinvastatina Suspensão Oral 50ml - EMS (Genérico),Cuidados com o Cabelo
832.05,5,2025-01-28,Tuesday  ,28,1,1,2025,Pietro da Rosa,Quadra de Câmara,Novo Ouro Preto,Rezende,DF,Pomada para Assaduras Rexona 400ml,Nutrição Infantil
945.15,5,2026-03-09,Monday   ,9,3,1,2026,Heloisa Moura,Condomínio José Nascimento,Betânia,da Cruz da Mata,PB,Tadalafila Xarope 120ml - Aché,Antialérgicos
411.54,3,2025-12-12,Friday   ,12,12,4,2025,Larissa Martins,Vereda de das Neves,Vila De Sá,Cardoso,AL,Fluoxetina 1g - 10 Comprimidos - Bayer,Fraldas e Infantis
486.27,3,2026-08-29,Saturday ,29,8,3,2026,Sr. Gustavo Henrique Porto,Rua da Mota,Vila Inestan,Cirino,RJ,Vacina contra Hepatite B - Dose Única,Vacinas
483.06000000000006,3,2025-01-10,Friday   ,10,1,1,2025,José Vieira,Jardim Caio Araújo,Engenho Nogueira,Correia Grande,MA,Escitalopram Gotas 20ml - Eurofarma,Antibióticos
477.94,2,2025-04-01,Tuesday  ,1,4,2,2025,Dr. Juan Barros,Sítio de Andrade,Conjunto Novo Dom Bosco,Siqueira do Amparo,BA,Nimesulida 25mg - 30 Comprimidos - Aché,Dermocosméticos
695.52,3,2025-04-26,Saturday ,26,4,2,2025,Levi Almeida,Largo Castro,Flamengo,Cardoso,AL,Vacina contra Linfoma - Reforço,Nutrição Infantil
713.16,3,2025-09-17,Wednesday,17,9,3,2025,Yago Montenegro,Ladeira de Rocha,Vila Santa Monica 2ª Seção,Souza,ES,Dipirona Sódica 50mg - 30 Comprimidos - Medley (Genérico),Antibióticos
170.59,1,2025-11-15,Saturday ,15,11,4,2025,Benício Rezende,Recanto Campos,Prado,Pastor,MG,Omeprazol Xarope 120ml - Aché,Saúde Bucal
35.44,1,2026-01-02,Friday   ,2,1,1,2026,Maria Cecília da Rosa,Parque Rios,Vila Maloca,Rios,AP,Nimesulida Xarope 120ml - Eurofarma,Dermocosméticos
214.95,1,2026-05-18,Monday   ,18,5,2,2026,Sabrina Brito,Trevo Ana Julia Sá,Vale Do Jatoba,da Costa,PE,Hidroclorotiazida 1g - 10 Comprimidos - Aché,Analgésicos
105,4,2025-07-05,Saturday ,5,7,3,2025,Maria Araújo,Passarela Borges,Piraja,Nunes,AC,Sérum Vitamina C Aptamil Tamanho M (40 un),Antibióticos
532.65,5,2025-05-05,Monday   ,5,5,2,2025,Ana Carolina Câmara,Jardim Laís Cunha,Califórnia,Duarte,PI,Enalapril 50mg - 30 Comprimidos - Medley (Genérico),Higiene Pessoal
861.8,4,2026-01-03,Saturday ,3,1,1,2026,José Miguel Oliveira,Praça Josué Macedo,Jardim Guanabara,Cassiano,SE,Vacina contra Gota - Dose Única,Antidepressivos
888.08,4,2025-04-12,Saturday ,12,4,2,2025,Vitor Ramos,Vale Maria Sophia Novais,Pompéia,Cardoso,RO,Losartana Potássica 500mg - 20 Comprimidos - EMS (Genérico),Genéricos
232.41,3,2025-12-14,Sunday   ,14,12,4,2025,Bianca Farias,Alameda Maria Isis da Paz,Pousada Santo Antonio,Pereira do Oeste,MS,Curativos (Band-Aid) Huggies 150ml,Vitaminas e Suplementos
102.62,1,2026-05-20,Wednesday,20,5,2,2026,Leonardo Rodrigues,Estação de Mendes,Canadá,da Paz,RJ,Vacina contra Alzheimer - Dose Única,Antialérgicos
457.1,5,2024-11-18,Monday   ,18,11,4,2024,Sr. Murilo Macedo,Chácara de Teixeira,Das Industrias I,Aragão da Serra,MT,Losartana Potássica Pomada 30g - Bayer,Nutrição Infantil
104.98,1,2025-03-11,Tuesday  ,11,3,1,2025,Isabel Farias,Ladeira de Cavalcante,Jaqueline,Marques Alegre,AL,Água Micelar G-Tech FPS 70,Antibióticos
248.8,2,2025-12-03,Wednesday,3,12,4,2025,Melina Moura,Área de Novais,Aparecida,da Luz de Ramos,SC,Leite em Pó Infantil Sempre Livre 400ml,Antialérgicos
1018.7,5,2026-03-25,Wednesday,25,3,1,2026,Diego Moraes,Avenida Bruno Pastor,Buritis,Rocha,RS,Leite em Pó Infantil Rexona 150ml,Analgésicos
152.88,2,2025-11-01,Saturday ,1,11,4,2025,Pedro Henrique Costela,Residencial da Mota,Vila Batik,Carvalho,DF,Nimesulida 500mg - 20 Comprimidos - EMS (Genérico),Saúde Bucal
70.22,2,2026-07-26,Sunday   ,26,7,3,2026,Sabrina Fonseca,Largo Ana Carolina Albuquerque,Conjunto Santa Maria,Cavalcante,RR,Omeprazol 50mg - 30 Comprimidos - EMS (Genérico),Fitoterápicos
901.56,4,2024-10-14,Monday   ,14,10,4,2024,Marcela Peixoto,Campo Luara Rezende,Ventosa,Machado da Serra,MS,Soro Fisiológico Dove 150ml,Antidepressivos
169.17000000000002,3,2025-10-23,Thursday ,23,10,4,2025,Anna Liz Rodrigues,Estação de Peixoto,Vila Satélite,Rocha,RS,Diclofenaco 50mg - 30 Comprimidos - Eurofarma,Antidepressivos
270.48,4,2026-02-18,Wednesday,18,2,1,2026,Paulo Duarte,Loteamento da Mota,Pindura Saia,Sousa,CE,Vacina contra Osteoporose - Dose Única,Nutrição Infantil
67.12,2,2025-02-03,Monday   ,3,2,1,2025,Pedro Lucas Siqueira,Conjunto Machado,Vila Santo Antônio,Pacheco de Novaes,PR,Desodorante Roll-on Colgate 90g,Higiene Pessoal
54.54,1,2025-01-08,Wednesday,8,1,1,2025,Dr. Vitor Lopes,Loteamento Azevedo,Trevo,Barros de Fernandes,RR,Protetor Solar Facial Nivea 50 Metros,Aparelhos Médicos
864.4499999999999,5,2024-10-12,Saturday ,12,10,4,2024,Ana Sophia Castro,Alameda Teixeira,Ventosa,da Luz,RS,Diclofenaco Suspensão Oral 50ml - Aché,Primeiros Socorros
28.58,2,2025-07-06,Sunday   ,6,7,3,2025,Ana Pereira,Ladeira Cauã Aragão,Boa União 2ª Seção,da Conceição,DF,Enalapril Pomada 30g - Eurofarma,Anti-inflamatórios
926.8,4,2024-11-17,Sunday   ,17,11,4,2024,Pedro Lucas Pires,Lago Enzo Gabriel Silveira,Monte Azul,Freitas,RO,Losartana Potássica 50mg - 30 Comprimidos - EMS (Genérico),Vitaminas e Suplementos
569.8,5,2026-07-17,Friday   ,17,7,3,2026,Mateus da Conceição,Praça Lunna Freitas,Itaipu,Nunes do Sul,MA,Sildenafila 50mg - 30 Comprimidos - Aché,Antidepressivos
244,2,2025-05-17,Saturday ,17,5,2,2025,Sr. Vitor Hugo Costa,Ladeira de Garcia,Vila Santa Monica 1ª Seção,Carvalho,DF,Vacina contra Gripe - Reforço,Antidepressivos
179.55,1,2025-12-29,Monday   ,29,12,4,2025,Luísa Gomes,Campo de Cirino,Jardim Leblon,Barbosa,DF,Paracetamol 1g - 10 Comprimidos - Aché,Primeiros Socorros
321,5,2025-05-15,Thursday ,15,5,2,2025,Dr. João Miguel da Paz,Vale Ramos,Vila São Francisco,da Luz,RS,Condicionador Hidratação Johnson's FPS 50,Aparelhos Médicos
545.64,3,2025-08-16,Saturday ,16,8,3,2025,Caroline da Mata,Trecho Freitas,Cidade Jardim Taquaril,Pacheco,RR,Azitromicina Suspensão Oral 50ml - Neo Química (Genérico),Vacinas
13.22,2,2026-06-02,Tuesday  ,2,6,2,2026,Ana Beatriz Araújo,Estrada Araújo,Gutierrez,Aparecida,RS,Enalapril Xarope 120ml - Medley (Genérico),Primeiros Socorros
338.52,4,2026-03-06,Friday   ,6,3,1,2026,Rafaela Fernandes,Lago Campos,Copacabana,Alves,BA,Diclofenaco 25mg - 30 Comprimidos - Neo Química (Genérico),Anti-inflamatórios
199.78,1,2025-11-17,Monday   ,17,11,4,2025,Henry da Paz,Rodovia Rodrigues,São Gabriel,Nunes do Sul,MA,Loratadina Xarope 120ml - EMS (Genérico),Homeopatia
35.23,1,2025-11-12,Wednesday,12,11,4,2025,Theo Aparecida,Ladeira Guerra,Vila Nova Dos Milionarios,Cassiano Verde,SE,Condicionador Hidratação G-Tech Tamanho G (32 un),Analgésicos
186.98,1,2026-08-12,Wednesday,12,8,3,2026,Luiz Miguel Ribeiro,Lago Cardoso,Conjunto Taquaril,Moraes,DF,Enalapril Gotas 20ml - EMS (Genérico),Homeopatia
700.5600000000001,3,2025-04-12,Saturday ,12,4,2,2025,Rodrigo da Rocha,Viela Aylla Vieira,Cdi Jatoba,Moura,BA,Creme Hidratante Colgate 150ml,Anti-inflamatórios
535.15,5,2025-08-20,Wednesday,20,8,3,2025,Sr. Kaique Caldeira,Via de Albuquerque,Vila Santa Monica 2ª Seção,Cavalcanti,AL,Vacina contra Insuficiência Cardíaca - Dose Única,Antitérmicos
1137.35,5,2025-05-02,Friday   ,2,5,2,2025,Elisa Brito,Praia Maria Julia Cavalcanti,Ribeiro De Abreu,Moraes do Galho,PA,Absorvente com Abas Rexona FPS 70,Fitoterápicos
122,1,2025-03-14,Friday   ,14,3,1,2025,Valentim Leão,Pátio Mendes,Atila De Paiva,Araújo,MS,Vacina contra Gripe - Reforço,Antidepressivos
424.74,2,2025-06-10,Tuesday  ,10,6,2,2025,Kaique Nascimento,Esplanada Lima,Mantiqueira,Macedo de Costa,RJ,Fio Dental Listerine 200ml,Saúde Bucal
424.08000000000004,3,2025-09-05,Friday   ,5,9,3,2025,Pietro Pastor,Morro Viana,Vila Madre Gertrudes 4ª Seção,Câmara do Galho,RO,Clonazepam Xarope 120ml - EMS (Genérico),Vacinas
361.15000000000003,5,2025-05-21,Wednesday,21,5,2,2025,Otto Guerra,Distrito Machado,Minaslandia,Sousa,TO,Dipirona Sódica Gotas 20ml - Bayer,Antitérmicos
202.53,1,2025-05-19,Monday   ,19,5,2,2025,Fernanda Lima,Via Enzo da Conceição,Novo Aarão Reis,Marques Alegre,AL,Azitromicina 50mg - 30 Comprimidos - Medley (Genérico),Homeopatia
23.66,2,2025-09-12,Friday   ,12,9,3,2025,Benjamim Azevedo,Residencial Yuri Gomes,Santa Margarida,da Rocha do Amparo,RN,Protetor Solar Corporal CeraVe Tamanho G (32 un),Aparelhos Médicos
336.54,2,2026-04-05,Sunday   ,5,4,2,2026,Mathias Ferreira,Estação de Jesus,Barão Homem De Melo 3ª Seção,Pastor,MG,Pomada para Assaduras Mió 500ml,Vacinas
1074.75,5,2025-03-25,Tuesday  ,25,3,1,2025,Anna Liz Rodrigues,Estação de Peixoto,Vila Satélite,Rocha,RS,Hidroclorotiazida 1g - 10 Comprimidos - Aché,Analgésicos
334.53000000000003,3,2025-01-17,Friday   ,17,1,1,2025,José Pedro Albuquerque,Lago da Rocha,Floramar,Farias da Prata,RN,Vacina contra Insuficiência Renal - Reforço,Fitoterápicos
94.05000000000001,3,2025-12-23,Tuesday  ,23,12,4,2025,Manuela Aragão,Rodovia Gabriela Garcia,Zilah Sposito,da Mata de Pereira,RR,Azitromicina Xarope 120ml - Medley (Genérico),Antibióticos
204.2,1,2025-11-24,Monday   ,24,11,4,2025,Sophia Santos,Condomínio de da Rosa,Barão Homem De Melo 3ª Seção,Barros de Sousa,RS,Condicionador Hidratação Nivea 90g,Anti-inflamatórios
287,4,2024-11-12,Tuesday  ,12,11,4,2024,Mathias Costa,Área Ana Abreu,Álvaro Camargos,da Paz das Flores,PR,Vacina contra Cirrose - Dose Única,Aparelhos Médicos
328.54,2,2025-03-07,Friday   ,7,3,1,2025,Isabela Oliveira,Via Mendes,Paulo Vi,Albuquerque de Brito,GO,Azitromicina Gotas 20ml - Aché,Primeiros Socorros
470.58000000000004,3,2026-02-05,Thursday ,5,2,1,2026,Benicio Cunha,Chácara Maria Clara Jesus,São Luiz,Pastor,AP,Vacina contra Hepatite C - Reforço,Nutrição Infantil
1076.25,5,2026-04-18,Saturday ,18,4,2,2026,Luan Moreira,Vereda de Pereira,Conjunto Serra Verde,Martins de Gonçalves,RS,Lenço Umedecido Mió FPS 50,Saúde Bucal
180.26,2,2025-01-20,Monday   ,20,1,1,2025,Nicolas Castro,Ladeira de Ferreira,Santa Rosa,Sousa da Praia,RS,Desodorante Roll-on Sempre Livre 150ml,Vitaminas e Suplementos
1035.35,5,2024-11-30,Saturday ,30,11,4,2024,Ana Vitória Pinto,Rua Sampaio,São Vicente,Machado,PE,Hidroclorotiazida Xarope 120ml - Neo Química (Genérico),Antitérmicos
350.56,4,2025-01-08,Wednesday,8,1,1,2025,Sra. Heloisa Gomes,Vereda Bruna Mendes,Capitão Eduardo,Martins do Amparo,ES,Loratadina 25mg - 30 Comprimidos - Eurofarma,Nutrição Infantil
447.64,2,2026-04-19,Sunday   ,19,4,2,2026,Sr. Ian Guerra,Estrada de Pacheco,Marajó,Farias da Prata,RN,Vacina contra Chikungunya - Dose Única,Vacinas
79,2,2025-11-27,Thursday ,27,11,4,2025,Dr. Gael Marques,Conjunto Julia Ferreira,Silveira,Alves do Oeste,SP,Vacina contra Esquizofrenia - Dose Única,Antialérgicos
488.48,2,2026-03-21,Saturday ,21,3,1,2026,Dr. Benício Macedo,Ladeira Benjamin Farias,Vista Do Sol,Vasconcelos de Minas,PA,Sinvastatina Gotas 20ml - Medley (Genérico),Dermocosméticos
112.4,5,2026-07-07,Tuesday  ,7,7,3,2026,Dra. Isabela Monteiro,Residencial Correia,Bandeirantes,Jesus,ES,Fluoxetina 50mg - 30 Comprimidos - Medley (Genérico),Fraldas e Infantis
545.64,3,2026-02-10,Tuesday  ,10,2,1,2026,Hellena Siqueira,Favela Maria Sophia Freitas,Xangri-Lá,Casa Grande,AC,Azitromicina Suspensão Oral 50ml - Neo Química (Genérico),Vacinas
906.2,5,2024-12-18,Wednesday,18,12,4,2024,Dr. Pedro Lucas Costa,Residencial de Câmara,Mariquinhas,da Paz,RJ,Cefalexina Suspensão Oral 50ml - Medley (Genérico),Vacinas
233.21,1,2025-05-05,Monday   ,5,5,2,2025,Maria Julia Vargas,Avenida José Rezende,Vila Maloca,Sales,PE,Vacina contra Epilepsia - Dose Única,Fitoterápicos
296.08,2,2025-09-05,Friday   ,5,9,3,2025,João Miguel Pereira,Feira de Ramos,Oeste,Cirino,RJ,Vacina contra Lúpus - Dose Única,Antibióticos
181.88,1,2026-02-10,Tuesday  ,10,2,1,2026,Allana Machado,Viaduto de Vieira,Jardim Do Vale,Borges,PA,Azitromicina Suspensão Oral 50ml - Neo Química (Genérico),Vacinas
695.52,3,2026-09-03,Thursday ,3,9,3,2026,Gael Pereira,Colônia Sarah Jesus,Barão Homem De Melo 2ª Seção,Rios,ES,Vacina contra Linfoma - Reforço,Nutrição Infantil
465.68,4,2025-03-29,Saturday ,29,3,1,2025,Alana Melo,Aeroporto Beatriz Nascimento,Aguas Claras,Barros de Fernandes,RR,Fralda Descartável Aptamil 50 Metros,Dermocosméticos
285.5,5,2026-04-10,Friday   ,10,4,2,2026,Léo Sampaio,Vereda de Casa Grande,Carlos Prates,Cavalcante da Serra,RJ,Tadalafila 500mg - 20 Comprimidos - Aché,Aparelhos Médicos
618.5999999999999,3,2026-04-14,Tuesday  ,14,4,2,2026,Sofia da Paz,Vila de Lima,Vila Canto Do Sabiá,Martins,PA,Cefalexina 50mg - 30 Comprimidos - Aché,Aparelhos Médicos
933.68,4,2025-10-16,Thursday ,16,10,4,2025,Dr. Benicio Ramos,Pátio de Cavalcante,Vitoria Da Conquista,Farias da Prata,RN,Fralda Descartável G-Tech 200ml,Fitoterápicos
736.47,3,2025-09-28,Sunday   ,28,9,3,2025,João Felipe Mendes,Feira Rodrigues,Novo Santa Cecilia,Vasconcelos de Minas,PA,Tadalafila 50mg - 30 Comprimidos - EMS (Genérico),Antialérgicos
228.4,4,2024-10-26,Saturday ,26,10,4,2024,Emanuella Nascimento,Núcleo Mendonça,São João,Macedo de Costa,RJ,Tadalafila 500mg - 20 Comprimidos - Aché,Aparelhos Médicos
225.56,4,2025-01-21,Tuesday  ,21,1,1,2025,Cauê Fonseca,Parque Sales,Carlos Prates,Sales,PE,Diclofenaco 50mg - 30 Comprimidos - Eurofarma,Antidepressivos
460.54,2,2025-11-10,Monday   ,10,11,4,2025,Yasmin Macedo,Lagoa Jade da Paz,Pindura Saia,Barros,TO,Vacina contra Alzheimer - Reforço,Nutrição Infantil
340.09999999999997,5,2025-10-29,Wednesday,29,10,4,2025,Francisco Cavalcanti,Praia Amanda Viana,Alto Das Antenas,Macedo do Sul,DF,Loratadina 500mg - 20 Comprimidos - EMS (Genérico),Cuidados com o Cabelo
66.74,2,2026-08-25,Tuesday  ,25,8,3,2026,Guilherme Novais,Trevo Cauê Pires,Campo Alegre,Peixoto das Flores,RJ,Protetor Solar Corporal Needs Tamanho M (40 un),Antibióticos
571.83,3,2025-11-09,Sunday   ,9,11,4,2025,Lara Vargas,Sítio Casa Grande,Vila Santo Antônio,Araújo,MS,Fluoxetina 25mg - 30 Comprimidos - Eurofarma,Fitoterápicos
173.48,1,2025-08-03,Sunday   ,3,8,3,2025,Davi Silva,Vereda Nascimento,Barro Preto,Barbosa dos Dourados,RN,Fralda Descartável Clear FPS 50,Antibióticos
890.04,4,2025-12-26,Friday   ,26,12,4,2025,Dra. Ana Vitória Câmara,Conjunto Cavalcanti,Conjunto Lagoa,Machado,PE,Pomada para Assaduras Needs FPS 50,Antialérgicos
234.98,1,2025-10-04,Saturday ,4,10,4,2025,Benjamim Rios,Distrito Sabrina Caldeira,Barreiro,Machado da Serra,MS,Enalapril Gotas 20ml - Bayer,Antitérmicos
234.89,1,2024-09-14,Saturday ,14,9,3,2024,Dom Peixoto,Vereda de Moreira,Calafate,Borges,PA,Atenolol Xarope 120ml - Eurofarma,Fraldas e Infantis
350.56,4,2025-11-26,Wednesday,26,11,4,2025,Guilherme Novais,Trevo Cauê Pires,Campo Alegre,Peixoto das Flores,RJ,Loratadina 25mg - 30 Comprimidos - Eurofarma,Nutrição Infantil
983.9,5,2026-06-04,Thursday ,4,6,2,2026,Ana Jesus,Vale de Cunha,Leonina,Azevedo de Minas,RJ,Vacina contra Cirrose - Reforço,Analgésicos
131.12,2,2026-03-26,Thursday ,26,3,1,2026,Dr. Ravi Lucca Novaes,Núcleo Cavalcante,Taquaril,da Conceição da Serra,RR,Losartana Potássica Suspensão Oral 50ml - Bayer,Saúde Bucal
1093.8,5,2024-10-29,Tuesday  ,29,10,4,2024,José Pedro Albuquerque,Lago da Rocha,Floramar,Farias da Prata,RN,Soro Fisiológico Mió 90g,Analgésicos
92.49,1,2025-05-10,Saturday ,10,5,2,2025,João Miguel Viana,Praça da Paz,Vila Independencia 2ª Seção,Lopes dos Dourados,PB,Losartana Potássica Gotas 20ml - Medley (Genérico),Antitérmicos
269.76,2,2025-12-12,Friday   ,12,12,4,2025,João Lucas Mendes,Loteamento Campos,Sagrada Família,Gonçalves das Pedras,PR,Pomada para Assaduras G-Tech FPS 50,Higiene Pessoal
83.88,4,2025-10-18,Saturday ,18,10,4,2025,Calebe Souza,Aeroporto Benjamin Ribeiro,Vila Vista Alegre,Castro,RR,Fralda Descartável Nivea FPS 70,Homeopatia
349.45,5,2025-04-01,Tuesday  ,1,4,2,2025,Ana Sophia Vasconcelos,Avenida de Cassiano,Santa Rita,da Rocha,PI,Desodorante Aerosol G-Tech 400ml,Antidepressivos
393.3,2,2025-01-14,Tuesday  ,14,1,1,2025,José Miguel Vieira,Lagoa Julia Sampaio,Vitoria,Albuquerque do Norte,TO,Curativos (Band-Aid) G-Tech 90g,Aparelhos Médicos
723.68,4,2026-06-28,Sunday   ,28,6,2,2026,Sra. Heloisa Gomes,Vereda Bruna Mendes,Capitão Eduardo,Martins do Amparo,ES,Losartana Potássica 500mg - 20 Comprimidos - Medley (Genérico),Nutrição Infantil
398.65000000000003,5,2024-11-23,Saturday ,23,11,4,2024,Maria Clara Cirino,Esplanada de Cavalcanti,Vila Satélite,das Neves,MT,Creme Dental Needs FPS 70,Antidepressivos
437.4,2,2026-02-15,Sunday   ,15,2,1,2026,Benicio Novais,Lago Dias,Petropolis,da Cruz da Mata,PB,Vacina contra Infecção Urinária - Dose Única,Vitaminas e Suplementos
143.46,1,2024-09-15,Sunday   ,15,9,3,2024,Caio da Mata,Chácara Rezende,Ipe,Nogueira de Rios,PR,Sinvastatina 500mg - 20 Comprimidos - Neo Química (Genérico),Fitoterápicos
30.03,3,2024-10-18,Friday   ,18,10,4,2024,Thomas Duarte,Viaduto das Neves,Lagoinha Leblon,Cavalcante da Serra,RJ,Tadalafila Gotas 20ml - Medley (Genérico),Aparelhos Médicos
230.27,1,2025-09-24,Wednesday,24,9,3,2025,Maria Flor Caldeira,Via de Lima,Serra,Sampaio,SC,Vacina contra Alzheimer - Reforço,Nutrição Infantil
514.2,3,2025-08-24,Sunday   ,24,8,3,2025,Caio da Mata,Chácara Rezende,Ipe,Nogueira de Rios,PR,Shampoo Anticaspa Rexona 90g,Nutrição Infantil
385.24,4,2025-12-28,Sunday   ,28,12,4,2025,Breno Camargo,Campo Sarah das Neves,Boa União 2ª Seção,das Neves,MT,Azitromicina 25mg - 30 Comprimidos - Neo Química (Genérico),Higiene Pessoal
131.87,1,2025-03-31,Monday   ,31,3,1,2025,Dr. Guilherme Pimenta,Alameda João Gabriel Mendonça,Vila Minaslandia,Rezende,DF,Curativos (Band-Aid) Needs 400ml,Anti-inflamatórios
632.8499999999999,5,2025-06-05,Thursday ,5,6,2,2025,Nicolas da Mota,Parque Almeida,Nova Suíça,da Mata dos Dourados,PR,Enalapril 500mg - 20 Comprimidos - Medley (Genérico),Analgésicos
487.86,2,2025-11-15,Saturday ,15,11,4,2025,Léo Barbosa,Alameda da Cunha,Conjunto Minas Caixa,Pereira,SP,Curativos (Band-Aid) CeraVe FPS 50,Nutrição Infantil
454.44,2,2024-10-08,Tuesday  ,8,10,4,2024,Bella Correia,Morro Leão,Jonas Veiga,Souza,ES,Fluoxetina 500mg - 20 Comprimidos - Medley (Genérico),Dermocosméticos
84.72,4,2026-01-01,Thursday ,1,1,1,2026,Bryan Alves,Morro de da Cruz,Carlos Prates,Guerra de Minas,DF,Nimesulida 25mg - 30 Comprimidos - Bayer,Antitérmicos
50.05,5,2025-05-25,Sunday   ,25,5,2,2025,João Felipe Moreira,Aeroporto Barbosa,Dom Bosco,Pires,PE,Tadalafila Gotas 20ml - Medley (Genérico),Aparelhos Médicos
625.64,4,2024-09-22,Sunday   ,22,9,3,2024,Maria Julia Vargas,Avenida José Rezende,Vila Maloca,Sales,PE,Vacina contra Rinite - Dose Única,Aparelhos Médicos
1214.05,5,2025-07-28,Monday   ,28,7,3,2025,Elisa Vargas,Lagoa Jade da Paz,Suzana,da Costa de Melo,AL,Paracetamol 1g - 10 Comprimidos - Bayer,Vacinas
246.82,1,2025-07-22,Tuesday  ,22,7,3,2025,Srta. Maria Clara Aragão,Estrada de Carvalho,Coqueiros,Viana,TO,Vacina contra Esquizofrenia - Reforço,Cuidados com o Cabelo
190.61,1,2026-03-28,Saturday ,28,3,1,2026,Lara Freitas,Loteamento Dante Mendes,Vila Da Amizade,Freitas,RO,Fluoxetina 25mg - 30 Comprimidos - Eurofarma,Fitoterápicos
565.05,3,2025-12-24,Wednesday,24,12,4,2025,Joaquim Caldeira,Feira de Siqueira,Apolonia,Lopes de Mendes,AM,Omeprazol 500mg - 20 Comprimidos - EMS (Genérico),Vitaminas e Suplementos
216.06,3,2026-06-15,Monday   ,15,6,2,2026,Sra. Ayla Garcia,Esplanada de da Rosa,Jatobá,da Costa de Melo,AL,Cefalexina Gotas 20ml - Eurofarma,Saúde Bucal
49.66,2,2025-04-28,Monday   ,28,4,2,2025,Manuella Cirino,Travessa Pastor,Floresta,Cavalcanti,AL,Creme Dental Colgate 150ml,Vacinas
306,3,2026-03-11,Wednesday,11,3,1,2026,Nathan Guerra,Praça Sousa,Mantiqueira,Rios,AP,Absorvente com Abas Bepantol 50g,Fraldas e Infantis
1237.6000000000001,5,2025-03-05,Wednesday,5,3,1,2025,Manuella Cirino,Travessa Pastor,Floresta,Cavalcanti,AL,Metformina Pomada 30g - EMS (Genérico),Produtos Ortopédicos
98.5,2,2024-11-02,Saturday ,2,11,4,2024,Maria Vitória Porto,Distrito Heloisa Vargas,Santa Margarida,da Costa,PR,Hastes Flexíveis (Cotonetes) Pampers 500ml,Nutrição Infantil
1114.8,5,2025-01-29,Wednesday,29,1,1,2025,Henry Brito,Vale de da Rocha,Planalto,Sá,RR,Losartana Potássica Suspensão Oral 50ml - Eurofarma,Dermocosméticos
50.28,1,2025-11-29,Saturday ,29,11,4,2025,Dr. Cauã Câmara,Quadra de da Luz,Prado,Cassiano do Oeste,PB,Metformina Gotas 20ml - Bayer,Saúde Bucal
676.48,4,2025-09-29,Monday   ,29,9,3,2025,Lavínia Rezende,Vereda Cardoso,Maria Helena,Barbosa dos Dourados,RN,Vacina contra Diabetes Tipo 1 - Reforço,Analgésicos
705.5699999999999,3,2026-03-09,Monday   ,9,3,1,2026,Dr. Lucas Machado,Feira Rhavi Montenegro,Prado,Cirino,RJ,Leite em Pó Infantil Huggies 90g,Homeopatia
29.55,5,2025-06-19,Thursday ,19,6,2,2025,Camila Sampaio,Vila Nascimento,Santa Rita De Cássia,Gonçalves do Sul,RO,Omeprazol Suspensão Oral 50ml - EMS (Genérico),Saúde Bucal
423.6,2,2025-01-21,Tuesday  ,21,1,1,2025,Kevin Souza,Travessa de Porto,Cidade Nova,Ferreira de Ferreira,AC,Paracetamol Suspensão Oral 50ml - Aché,Antialérgicos
1171.55,5,2025-12-02,Tuesday  ,2,12,4,2025,Ana Carolina Rios,Vila Vieira,Saudade,Vieira de Minas,MT,Protetor Solar Facial Pampers 90g,Antialérgicos
27.57,3,2025-01-06,Monday   ,6,1,1,2025,Daniel Vargas,Colônia de Peixoto,Outro,Cavalcante,RR,Pantoprazol Gotas 20ml - Medley (Genérico),Fitoterápicos
888.45,5,2025-11-07,Friday   ,7,11,4,2025,Srta. Maria Clara Aragão,Estrada de Carvalho,Coqueiros,Viana,TO,Diclofenaco Xarope 120ml - Medley (Genérico),Primeiros Socorros
567.66,3,2025-05-24,Saturday ,24,5,2,2025,Helena Barbosa,Lago Sousa,Mariano De Abreu,Vieira de Minas,PB,Loratadina Gotas 20ml - EMS (Genérico),Antibióticos
293.85,5,2025-03-23,Sunday   ,23,3,1,2025,João Gabriel Rodrigues,Setor Luana Aragão,Manacas,Rios,AP,Loratadina 1g - 10 Comprimidos - Neo Química (Genérico),Primeiros Socorros
601.45,5,2025-08-29,Friday   ,29,8,3,2025,Pedro Miguel Carvalho,Conjunto Câmara,Dom Silverio,Rodrigues,TO,Dipirona Sódica Xarope 120ml - Medley (Genérico),Nutrição Infantil
68.06,2,2026-09-06,Sunday   ,6,9,3,2026,Igor da Cruz,Colônia Martins,Monsenhor Messias,Cavalcante da Serra,RJ,Pantoprazol Suspensão Oral 50ml - Neo Química (Genérico),Vitaminas e Suplementos
206.2,1,2026-07-28,Tuesday  ,28,7,3,2026,Leandro Pires,Praia de Fernandes,Cachoeirinha,Brito,MT,Cefalexina 50mg - 30 Comprimidos - Aché,Aparelhos Médicos
14.29,1,2026-08-04,Tuesday  ,4,8,3,2026,Luana Dias,Campo Daniela Caldeira,Vila Aeroporto,Fogaça do Amparo,PB,Enalapril Pomada 30g - Eurofarma,Anti-inflamatórios
350.15999999999997,3,2025-09-11,Thursday ,11,9,3,2025,Agatha da Mota,Área Andrade,Lagoinha,Nunes,SE,Clonazepam 25mg - 30 Comprimidos - Bayer,Higiene Pessoal
154.11,1,2026-01-09,Friday   ,9,1,1,2026,Evelyn Fonseca,Chácara Cunha,Lagoinha Leblon,da Cruz da Mata,PB,Clonazepam 1g - 10 Comprimidos - EMS (Genérico),Antitérmicos
458.18,2,2026-03-22,Sunday   ,22,3,1,2026,Léo Aparecida,Favela Camargo,São João Batista,Fonseca de Cavalcante,AP,Clonazepam 1g - 10 Comprimidos - Bayer,Antitérmicos
49.66,2,2026-06-10,Wednesday,10,6,2,2026,Ester Alves,Alameda Ana Laura da Cunha,Vila Minaslandia,Albuquerque das Flores,RN,Creme Dental Colgate 150ml,Vacinas
360.09999999999997,5,2026-03-09,Monday   ,9,3,1,2026,Dr. Bento Pinto,Via de Macedo,Tirol,Barbosa,DF,Cefalexina Gotas 20ml - Eurofarma,Saúde Bucal
42.36,2,2025-01-05,Sunday   ,5,1,1,2025,Juan Vargas,Aeroporto Matteo da Mata,Braúnas,da Conceição,DF,Nimesulida 25mg - 30 Comprimidos - Bayer,Antitérmicos
967.0999999999999,5,2025-08-30,Saturday ,30,8,3,2025,Eduarda Pacheco,Rodovia Enzo Martins,Conjunto Lagoa,Barbosa,AP,Enalapril Suspensão Oral 50ml - Eurofarma,Saúde Bucal
479.96,2,2026-04-30,Thursday ,30,4,2,2026,Sra. Ísis Sales,Lagoa Pastor,Funcionários,Monteiro,AP,Curativos (Band-Aid) Aptamil Tamanho G (32 un),Higiene Pessoal
652.56,4,2025-09-15,Monday   ,15,9,3,2025,Igor da Mota,Viaduto de Pimenta,Nova Floresta,Farias da Prata,RN,Creme Dental Clear 50g,Antidepressivos
220.85,1,2026-04-29,Wednesday,29,4,2,2026,Ravi Caldeira,Lago de Montenegro,Alípio De Melo,Rios do Oeste,AP,Água Micelar La Roche-Posay Tamanho M (40 un),Vitaminas e Suplementos
12.56,2,2025-06-03,Tuesday  ,3,6,2,2025,Liz Moraes,Vale Yago Andrade,Vila Mangueiras,Nunes,SP,Sinvastatina 1g - 10 Comprimidos - Eurofarma,Antidepressivos
583.6,5,2026-02-25,Wednesday,25,2,1,2026,Otávio Freitas,Passarela Larissa Lopes,Vila Nova Gameleira 3ª Seção,Cavalcante,RR,Clonazepam 25mg - 30 Comprimidos - Bayer,Higiene Pessoal
145.63,1,2024-12-27,Friday   ,27,12,4,2024,Ana Sophia Castro,Alameda Teixeira,Ventosa,da Luz,RS,Losartana Potássica 50mg - 30 Comprimidos - Medley (Genérico),Antialérgicos
808.92,4,2026-09-13,Sunday   ,13,9,3,2026,Maria Clara da Cruz,Parque Ana Sophia Aragão,Jaqueline,Gonçalves das Pedras,PR,Vacina contra Bipolaridade - Dose Única,Nutrição Infantil
425.6,2,2024-10-12,Saturday ,12,10,4,2024,Dra. Maria Clara da Rocha,Esplanada de Mendes,Xodo-Marize,Carvalho,MT,Desodorante Aerosol Panvel FPS 50,Vitaminas e Suplementos
203.37,1,2026-06-12,Friday   ,12,6,2,2026,João Mendonça,Via Julia Castro,Estrela Do Oriente,Cassiano,SE,Fluoxetina 1g - 10 Comprimidos - Medley (Genérico),Produtos Ortopédicos
1059,5,2025-04-18,Friday   ,18,4,2,2025,Sra. Allana Leão,Chácara Cassiano,Marajó,Rios do Oeste,AP,Paracetamol Suspensão Oral 50ml - Aché,Antialérgicos
214.86,3,2026-09-09,Wednesday,9,9,3,2026,Joana Câmara,Núcleo Ana Laura da Mota,Vila Vista Alegre,Sampaio,SC,Desodorante Roll-on Nivea FPS 70,Anti-inflamatórios
716.91,3,2024-12-13,Friday   ,13,12,4,2024,Sra. Cecilia Gomes,Vale Cavalcanti,Buritis,Duarte,AL,Nimesulida 25mg - 30 Comprimidos - Aché,Dermocosméticos
514.88,4,2025-05-22,Thursday ,22,5,2,2025,Dr. Brayan Barros,Conjunto Carvalho,Vila Mantiqueira,Monteiro,AP,Álcool em Gel 70% La Roche-Posay 50g,Antibióticos
78.75,3,2024-09-15,Sunday   ,15,9,3,2024,Vinícius da Luz,Trecho Nogueira,Bela Vitoria,Macedo de Costa,RJ,Sérum Vitamina C Aptamil Tamanho M (40 un),Antibióticos
191.82,1,2026-07-30,Thursday ,30,7,3,2026,Brayan Pires,Aeroporto da Rosa,Brasil Industrial,Machado,PE,Lenço Umedecido La Roche-Posay 50 Metros,Antidepressivos
1119.1,5,2026-05-22,Friday   ,22,5,2,2026,Erick Gomes,Chácara Barros,Xodo-Marize,Almeida das Pedras,PI,Vacina contra Chikungunya - Dose Única,Vacinas
150.58,1,2026-03-08,Sunday   ,8,3,1,2026,João Vitor Albuquerque,Viela de Ribeiro,São Jorge 1ª Seção,Nunes,SE,Ibuprofeno Xarope 120ml - Bayer,Higiene Pessoal
495.04,2,2025-08-20,Wednesday,20,8,3,2025,Yasmin Pereira,Área de Pastor,Vila Paris,Lopes de Mendes,AM,Metformina Pomada 30g - EMS (Genérico),Produtos Ortopédicos
21.18,1,2025-05-18,Sunday   ,18,5,2,2025,Daniel Azevedo,Distrito Nicole Casa Grande,Ambrosina,Araújo,MS,Nimesulida 25mg - 30 Comprimidos - Bayer,Antitérmicos
932.32,4,2025-02-16,Sunday   ,16,2,1,2025,Caroline Pires,Aeroporto Luísa Sales,Vila Engenho Nogueira,Rezende,GO,Omeprazol 50mg - 30 Comprimidos - Neo Química (Genérico),Anti-inflamatórios
67.62,1,2024-09-29,Sunday   ,29,9,3,2024,Fernanda Cavalcanti,Chácara Sampaio,Vila Maria,Peixoto de Machado,RN,Vacina contra Osteoporose - Dose Única,Nutrição Infantil
36.36,2,2024-09-29,Sunday   ,29,9,3,2024,Bruno Vieira,Vereda de Freitas,União,Nunes,SP,Termômetro Digital Vichy 50 Metros,Aparelhos Médicos
165.57,1,2026-06-20,Saturday ,20,6,2,2026,Ravy Gonçalves,Passarela Brito,Nossa Senhora Da Aparecida,Machado,PE,Clonazepam Pomada 30g - Aché,Fraldas e Infantis
172.89,1,2026-04-19,Sunday   ,19,4,2,2026,Sr. Danilo Sales,Travessa Cirino,Mineirão,Sampaio da Serra,MT,Diclofenaco Suspensão Oral 50ml - Aché,Primeiros Socorros
701.46,3,2026-07-25,Saturday ,25,7,3,2026,Pedro Henrique Fonseca,Praia Melo,Vila Jardim São José,Guerra de Minas,DF,Pantoprazol 50mg - 30 Comprimidos - Neo Química (Genérico),Vacinas
374.96999999999997,3,2025-04-30,Wednesday,30,4,2,2025,Arthur Gabriel Araújo,Praça de Souza,Aguas Claras,Casa Grande do Oeste,MT,Sérum Vitamina C Panvel FPS 70,Higiene Pessoal
56.92,2,2025-10-08,Wednesday,8,10,4,2025,Asafe Melo,Parque João Vitor Lopes,Guaratã,Sá,RR,Amoxicilina Gotas 20ml - Medley (Genérico),Antidepressivos
90.07,1,2025-05-01,Thursday ,1,5,2,2025,Leonardo da Conceição,Residencial de Nascimento,Vila Fumec,Vasconcelos do Campo,MG,Cefalexina Xarope 120ml - Aché,Produtos Ortopédicos
817,4,2025-10-22,Wednesday,22,10,4,2025,Dr. José Pacheco,Sítio Breno Rocha,Suzana,Machado,PE,Vacina contra Zika - Dose Única,Primeiros Socorros
87.5,2,2025-03-28,Friday   ,28,3,1,2025,Raquel Cavalcanti,Morro Moraes,Alto Caiçaras,da Rocha da Prata,RN,Escitalopram 1g - 10 Comprimidos - Aché,Primeiros Socorros
190.76,1,2025-10-13,Monday   ,13,10,4,2025,Sra. Ayla Garcia,Esplanada de da Rosa,Jatobá,da Costa de Melo,AL,Vacina contra Melanoma - Reforço,Antialérgicos
657.9000000000001,3,2024-12-04,Wednesday,4,12,4,2024,Letícia Costa,Sítio Bruno Moreira,Graça,Barros,TO,Clonazepam Gotas 20ml - Eurofarma,Antialérgicos
59.15,5,2025-01-23,Thursday ,23,1,1,2025,Otto Moreira,Ladeira de Vieira,Novo Tupi,Peixoto de Machado,RN,Protetor Solar Corporal CeraVe Tamanho G (32 un),Aparelhos Médicos
6.28,1,2025-10-22,Wednesday,22,10,4,2025,Pedro Lucas Pires,Lago Enzo Gabriel Silveira,Monte Azul,Freitas,RO,Sinvastatina 1g - 10 Comprimidos - Eurofarma,Antidepressivos
154.74,1,2025-03-09,Sunday   ,9,3,1,2025,Bento Martins,Morro de da Paz,Conjunto Bonsucesso,Gonçalves do Sul,RO,Escitalopram 1g - 10 Comprimidos - Medley (Genérico),Aparelhos Médicos
519.88,4,2026-05-03,Sunday   ,3,5,2,2026,Arthur Freitas,Lagoa Henry Caldeira,Barreiro,Albuquerque,MG,Losartana Potássica Pomada 30g - Medley (Genérico),Antialérgicos
495.59999999999997,3,2026-03-13,Friday   ,13,3,1,2026,Mateus Mendonça,Estrada Calebe Farias,Vila São Dimas,Rocha,PR,Atenolol Suspensão Oral 50ml - EMS (Genérico),Antidepressivos
346.64,2,2025-04-30,Wednesday,30,4,2,2025,Nina Nunes,Trecho Brito,Inconfidência,Moura,BA,Vacina contra Diabetes Tipo 1 - Dose Única,Antidepressivos
64.2,1,2025-04-30,Wednesday,30,4,2,2025,Dr. Brayan Barros,Conjunto Carvalho,Vila Mantiqueira,Monteiro,AP,Condicionador Hidratação Johnson's FPS 50,Aparelhos Médicos
324.92,2,2025-07-25,Friday   ,25,7,3,2025,Anthony da Paz,Praia de Sales,Betânia,Mendes das Flores,AL,Protetor Solar Corporal Sempre Livre 50 Metros,Aparelhos Médicos
72.85,5,2026-04-28,Tuesday  ,28,4,2,2026,Dr. Guilherme Pimenta,Alameda João Gabriel Mendonça,Vila Minaslandia,Rezende,DF,Cefalexina 500mg - 20 Comprimidos - Neo Química (Genérico),Produtos Ortopédicos
324.32,2,2024-10-02,Wednesday,2,10,4,2024,João Felipe Gomes,Núcleo Laura Leão,Corumbiara,Gomes,AM,Tadalafila Suspensão Oral 50ml - Bayer,Homeopatia
471.78,3,2025-06-19,Thursday ,19,6,2,2025,Vinicius Monteiro,Núcleo Cauã Rezende,Cônego Pinheiro 1ª Seção,da Paz das Flores,PR,Atenolol 50mg - 30 Comprimidos - Medley (Genérico),Anti-inflamatórios
205.24,2,2025-04-28,Monday   ,28,4,2,2025,Bruno da Rosa,Conjunto Vieira,Calafate,Lopes dos Dourados,PB,Vacina contra Alzheimer - Dose Única,Antialérgicos
675.08,4,2024-10-31,Thursday ,31,10,4,2024,Lavínia Caldeira,Ladeira de Guerra,Gutierrez,Pereira,SP,Tadalafila Xarope 120ml - Bayer,Antibióticos
630.5699999999999,3,2025-09-21,Sunday   ,21,9,3,2025,Bernardo Aragão,Morro Farias,Braúnas,Silveira das Flores,PE,Dipirona Sódica Pomada 30g - Bayer,Antidepressivos
200.92,2,2025-06-15,Sunday   ,15,6,2,2025,Sra. Mariah Vasconcelos,Feira Julia Sá,Barão Homem De Melo 3ª Seção,Marques Alegre,AL,Pantoprazol 500mg - 20 Comprimidos - Medley (Genérico),Antialérgicos
450.28,2,2025-09-01,Monday   ,1,9,3,2025,Dr. Vitor Gabriel Costela,Praia de da Mata,Gameleira,Monteiro,AP,Creme Hidratante Rexona 50 Metros,Saúde Bucal
483.06000000000006,3,2025-05-05,Monday   ,5,5,2,2025,Dr. Nicolas Novaes,Praia de da Costa,Dom Joaquim,da Costa,PR,Escitalopram Gotas 20ml - Eurofarma,Antibióticos
444.04,2,2024-11-25,Monday   ,25,11,4,2024,Isaac Brito,Sítio Maitê Cavalcanti,Vila Nova Cachoeirinha 1ª Seção,Rios,AP,Losartana Potássica 500mg - 20 Comprimidos - EMS (Genérico),Genéricos
169.26,2,2025-02-27,Thursday ,27,2,1,2025,Ester Souza,Setor Luiz Otávio Vieira,Tirol,Martins do Amparo,ES,Diclofenaco 25mg - 30 Comprimidos - Neo Química (Genérico),Anti-inflamatórios
141.08,4,2025-09-05,Friday   ,5,9,3,2025,Cauã Cavalcanti,Loteamento de Cardoso,Providencia,Borges,BA,Metformina Suspensão Oral 50ml - Medley (Genérico),Antidepressivos
412.4,2,2025-10-18,Saturday ,18,10,4,2025,Joana Câmara,Núcleo Ana Laura da Mota,Vila Vista Alegre,Sampaio,SC,Cefalexina 50mg - 30 Comprimidos - Aché,Aparelhos Médicos
48.76,1,2025-06-29,Sunday   ,29,6,2,2025,Ana Lívia Ferreira,Praça Vargas,Jardim Vitoria,Cavalcante,RR,Clonazepam 50mg - 30 Comprimidos - Aché,Vitaminas e Suplementos
366.24,3,2024-12-25,Wednesday,25,12,4,2024,Isaac Cavalcanti,Quadra João Vitor Monteiro,Alto Caiçaras,Moura,BA,Vacina contra Dermatite - Reforço,Primeiros Socorros
274.02,2,2025-02-25,Tuesday  ,25,2,1,2025,Rhavi Andrade,Viaduto Azevedo,Vila Independencia 3ª Seção,Alves,BA,Metformina Xarope 120ml - Bayer,Aparelhos Médicos
1034.2,5,2025-01-26,Sunday   ,26,1,1,2025,Sophia Santos,Condomínio de da Rosa,Barão Homem De Melo 3ª Seção,Barros de Sousa,RS,Paracetamol 25mg - 30 Comprimidos - Aché,Antibióticos
231.29999999999998,5,2025-05-22,Thursday ,22,5,2,2025,Maria Julia Vargas,Avenida José Rezende,Vila Maloca,Sales,PE,Vacina contra Parkinson - Dose Única,Fraldas e Infantis
106.58,1,2025-05-27,Tuesday  ,27,5,2,2025,Bruno Moraes,Trevo de Pereira,Flavio De Oliveira,Castro,CE,Água Micelar Colgate 50g,Fitoterápicos
236.61,1,2024-11-09,Saturday ,9,11,4,2024,Dom Costa,Loteamento Josué Oliveira,Ambrosina,Andrade Alegre,DF,Dipirona Sódica Xarope 120ml - Neo Química (Genérico),Antidepressivos
953.8,5,2025-02-03,Monday   ,3,2,1,2025,Ana Sophia Castro,Alameda Teixeira,Ventosa,da Luz,RS,Vacina contra Melanoma - Reforço,Antialérgicos
193.05,5,2026-05-23,Saturday ,23,5,2,2026,Leandro Fogaça,Via Enzo Gabriel Cavalcante,Santa Lúcia,Nunes,AC,Metformina Pomada 30g - Bayer,Genéricos
74.2,1,2025-07-14,Monday   ,14,7,3,2025,Sr. José Miguel Pimenta,Distrito de Marques,Coração Eucarístico,Cavalcanti de Correia,SP,Vacina contra Parkinson - Reforço,Fraldas e Infantis
467.12,2,2026-07-27,Monday   ,27,7,3,2026,Maria Laura Pinto,Vale Vasconcelos,Comiteco,Cavalcanti de Correia,SP,Ibuprofeno Suspensão Oral 50ml - Neo Química (Genérico),Dermocosméticos
44.14,2,2025-07-26,Saturday ,26,7,3,2025,Liz Moraes,Vale Yago Andrade,Vila Mangueiras,Nunes,SP,Azitromicina 500mg - 20 Comprimidos - Neo Química (Genérico),Antitérmicos
286.92,2,2025-08-30,Saturday ,30,8,3,2025,Liz Caldeira,Pátio Lucca Nunes,Mirtes,da Rosa de Nascimento,PR,Sinvastatina 500mg - 20 Comprimidos - Neo Química (Genérico),Fitoterápicos
215.25,3,2026-01-11,Sunday   ,11,1,1,2026,Dr. Pedro Lucas Costa,Residencial de Câmara,Mariquinhas,da Paz,RJ,Hidroclorotiazida 50mg - 30 Comprimidos - Eurofarma,Saúde Bucal
734.49,3,2025-06-27,Friday   ,27,6,2,2025,Diego Aragão,Estrada de Camargo,Providencia,da Luz,RS,Amoxicilina Xarope 120ml - Bayer,Antibióticos
338.52,4,2026-08-31,Monday   ,31,8,3,2026,Ana Oliveira,Pátio de Azevedo,Universo,Pastor,AP,Vacina contra Obesidade - Dose Única,Fraldas e Infantis
839.52,4,2025-05-17,Saturday ,17,5,2,2025,Fernanda Cunha,Parque Vasconcelos,Camponesa 1ª Seção,Duarte Verde,RO,Losartana Potássica Pomada 30g - Neo Química (Genérico),Dermocosméticos
1005.15,5,2025-07-08,Tuesday  ,8,7,3,2025,Ian Santos,Loteamento de Teixeira,Castanheira,Ferreira do Amparo,AC,Escitalopram Suspensão Oral 50ml - EMS (Genérico),Vitaminas e Suplementos
67.44,3,2026-02-23,Monday   ,23,2,1,2026,Fernanda Cavalcanti,Chácara Sampaio,Vila Maria,Peixoto de Machado,RN,Fluoxetina 50mg - 30 Comprimidos - Medley (Genérico),Fraldas e Infantis
63.25,1,2025-11-28,Friday   ,28,11,4,2025,Thales Cunha,Rua Araújo,Carlos Prates,Mendes das Flores,AL,Curativos (Band-Aid) La Roche-Posay 400ml,Antibióticos
499.15,5,2025-08-29,Friday   ,29,8,3,2025,Sr. Davi Novaes,Feira de Alves,Barão Homem De Melo 1ª Seção,Montenegro,SC,Sildenafila 1g - 10 Comprimidos - Eurofarma,Antidepressivos
134.24,4,2026-04-03,Friday   ,3,4,2,2026,Levi Caldeira,Conjunto Barros,Marmiteiros,Duarte Verde,RO,Desodorante Roll-on Colgate 90g,Higiene Pessoal
438.2,5,2024-10-11,Friday   ,11,10,4,2024,Valentim Moreira,Parque Heitor Leão,Virgínia,Cavalcante,RR,Loratadina 25mg - 30 Comprimidos - Eurofarma,Nutrição Infantil
802.1500000000001,5,2024-10-01,Tuesday  ,1,10,4,2024,Dr. Luiz Felipe Fogaça,Estrada de Moreira,Padre Eustáquio,Porto,GO,Omeprazol Suspensão Oral 50ml - Eurofarma,Anti-inflamatórios
655.84,4,2025-05-15,Thursday ,15,5,2,2025,Marina Nunes,Estação Lopes,Vila Nossa Senhora Do Rosário,da Cruz da Mata,PB,Hidroclorotiazida 500mg - 20 Comprimidos - Bayer,Primeiros Socorros
110.93,1,2026-07-04,Saturday ,4,7,3,2026,João Nogueira,Residencial de Leão,Vila Satélite,da Mota do Campo,CE,Dipirona Sódica 25mg - 30 Comprimidos - EMS (Genérico),Genéricos
463.68,2,2026-05-29,Friday   ,29,5,2,2026,Letícia Monteiro,Parque Otto Araújo,São Paulo,Almeida Grande,AP,Vacina contra Linfoma - Reforço,Nutrição Infantil
473.62,2,2026-03-19,Thursday ,19,3,1,2026,Henry Gabriel Siqueira,Trecho Laís Alves,Conjunto Jatoba,Rezende,DF,Atenolol Xarope 120ml - EMS (Genérico),Analgésicos
91.42,1,2026-08-10,Monday   ,10,8,3,2026,Eduardo Almeida,Quadra de Pereira,Horto,Dias,RR,Losartana Potássica Pomada 30g - Bayer,Nutrição Infantil
469.23,3,2025-02-16,Sunday   ,16,2,1,2025,Lucca Camargo,Estrada de Nascimento,Carlos Prates,Barbosa dos Dourados,RN,Vacina contra Rinite - Dose Única,Aparelhos Médicos
391.91999999999996,3,2024-11-22,Friday   ,22,11,4,2024,Dr. Bernardo da Cunha,Recanto de Macedo,Vila Primeiro De Maio,Rodrigues,TO,Cefalexina Gotas 20ml - EMS (Genérico),Vitaminas e Suplementos
323.24,2,2025-03-08,Saturday ,8,3,1,2025,Dra. Alícia Andrade,Via Albuquerque,Minaslandia,da Paz das Flores,PR,Atenolol Xarope 120ml - Aché,Fraldas e Infantis
237.39,3,2025-12-12,Friday   ,12,12,4,2025,Carlos Eduardo Melo,Praia de Aparecida,Planalto,Macedo Alegre,RR,Álcool em Gel 70% Vichy 150ml,Saúde Bucal
33.17,1,2024-10-03,Thursday ,3,10,4,2024,Mathias Guerra,Fazenda Kevin Sá,Aguas Claras,Sousa,PE,Paracetamol Pomada 30g - Bayer,Anti-inflamatórios
852.8499999999999,5,2025-05-19,Monday   ,19,5,2,2025,Joana da Rosa,Núcleo Fernandes,Nossa Senhora Da Aparecida,Pimenta,ES,Amoxicilina Suspensão Oral 50ml - Eurofarma,Vacinas
170.75,1,2024-11-30,Saturday ,30,11,4,2024,Olivia Sá,Jardim Gonçalves,Vila Novo São Lucas,Casa Grande,AC,Dipirona Sódica Pomada 30g - EMS (Genérico),Antitérmicos
337.54,2,2026-02-23,Monday   ,23,2,1,2026,Isabela Cassiano,Praça de Pinto,Silveira,da Paz das Flores,PR,Tadalafila Xarope 120ml - Bayer,Antibióticos
403.40999999999997,3,2025-10-21,Tuesday  ,21,10,4,2025,Sr. Thales Câmara,Núcleo Asafe Dias,Santa Rita,Cavalcanti de Correia,SP,Nimesulida 50mg - 30 Comprimidos - EMS (Genérico),Anti-inflamatórios
549.6500000000001,5,2026-06-22,Monday   ,22,6,2,2026,Maria Alice Viana,Estrada de Almeida,Estoril,Guerra de Minas,DF,Dipirona Sódica 1g - 10 Comprimidos - Bayer,Cuidados com o Cabelo
821.8,4,2025-03-21,Friday   ,21,3,1,2025,Ísis da Costa,Favela Liam Câmara,Minas Caixa,Sales,PE,Paracetamol Xarope 120ml - Medley (Genérico),Nutrição Infantil
309.76,2,2025-07-07,Monday   ,7,7,3,2025,Alexia Cavalcante,Distrito Viana,Vila Santa Rosa,Barbosa,CE,Tadalafila 25mg - 30 Comprimidos - Neo Química (Genérico),Saúde Bucal
464.64,3,2025-04-26,Saturday ,26,4,2,2025,Srta. Maria Flor Rezende,Fazenda Câmara,Maria Tereza,da Mata dos Dourados,PR,Tadalafila 25mg - 30 Comprimidos - Neo Química (Genérico),Saúde Bucal
424.08000000000004,3,2025-10-24,Friday   ,24,10,4,2025,Raquel Cavalcanti,Morro Moraes,Alto Caiçaras,da Rocha da Prata,RN,Clonazepam Xarope 120ml - EMS (Genérico),Vacinas
665.64,4,2025-06-29,Sunday   ,29,6,2,2025,Catarina Nogueira,Morro Brito,Santa Rita De Cássia,Lopes de Mendes,AM,Pomada para Assaduras Rexona 400ml,Nutrição Infantil
341.76,3,2026-01-01,Thursday ,1,1,1,2026,Maria Luísa Oliveira,Lagoa Lopes,Vila Oeste,Pereira,SP,Hidroclorotiazida 500mg - 20 Comprimidos - Medley (Genérico),Saúde Bucal
287.14,2,2025-04-08,Tuesday  ,8,4,2,2025,Alice Guerra,Lagoa de Fernandes,Boa União 2ª Seção,Brito da Mata,BA,Diclofenaco 50mg - 30 Comprimidos - Aché,Produtos Ortopédicos
38.04,4,2026-08-25,Tuesday  ,25,8,3,2026,Diogo Casa Grande,Condomínio Aurora Cardoso,Vila Copasa,Brito Alegre,MS,Dipirona Sódica Gotas 20ml - EMS (Genérico),Aparelhos Médicos
129.62,2,2025-01-15,Wednesday,15,1,1,2025,Srta. Ester da Mata,Chácara de Silva,Novo Ouro Preto,Sampaio da Serra,MT,Vacina contra Hipotensão - Reforço,Antidepressivos
400.96,2,2025-10-28,Tuesday  ,28,10,4,2025,Maria Julia Dias,Campo Vasconcelos,Mantiqueira,Sousa,TO,Metformina 25mg - 30 Comprimidos - EMS (Genérico),Cuidados com o Cabelo
1049,5,2025-10-02,Thursday ,2,10,4,2025,Caleb Correia,Praça Mendes,Silveira,da Rocha,PI,Termômetro Digital Nivea 50 Metros,Antidepressivos
50.5,1,2025-10-16,Thursday ,16,10,4,2025,Luigi Cassiano,Trevo Lara Teixeira,Santa Rita,Casa Grande,AC,Metformina Pomada 30g - Aché,Fraldas e Infantis
23.66,2,2026-03-19,Thursday ,19,3,1,2026,Emanuel Cavalcanti,Setor Pietro Cirino,Cruzeiro,da Rosa de Nascimento,PR,Protetor Solar Corporal CeraVe Tamanho G (32 un),Aparelhos Médicos
919.4,4,2026-04-13,Monday   ,13,4,2,2026,Helena Andrade,Aeroporto Camila Freitas,Vila Antena,Brito Alegre,MS,Álcool em Gel 70% CeraVe 150ml,Genéricos
145.83,1,2025-05-07,Wednesday,7,5,2,2025,Sofia Castro,Alameda Mendes,Universitário,Ramos,AC,Enxaguante Bucal Nivea 90g,Antibióticos
414.64,4,2025-01-04,Saturday ,4,1,1,2025,Ana Julia Pereira,Parque Benício Cassiano,Vila Piratininga,Leão,RJ,Losartana Potássica Xarope 120ml - EMS (Genérico),Dermocosméticos
135.32,2,2026-09-10,Thursday ,10,9,3,2026,Anthony Gabriel Siqueira,Trecho Cirino,Vila São Gabriel,Nunes do Sul,MA,Vacina contra Hipertensão - Dose Única,Vacinas
453.39,3,2025-12-21,Sunday   ,21,12,4,2025,Larissa Martins,Vereda de das Neves,Vila De Sá,Cardoso,AL,Água Micelar Sempre Livre 50g,Vacinas
223.26,3,2026-03-01,Sunday   ,1,3,1,2026,Sr. Kaique Caldeira,Via de Albuquerque,Vila Santa Monica 2ª Seção,Cavalcanti,AL,Dipirona Sódica 1g - 10 Comprimidos - EMS (Genérico),Antibióticos
121.22,1,2026-04-17,Friday   ,17,4,2,2026,Dante Vasconcelos,Favela de Mendes,Santa Rosa,Lopes dos Dourados,PB,Lenço Umedecido Rexona FPS 50,Antibióticos
571.36,4,2026-04-03,Friday   ,3,4,2,2026,Leandro Jesus,Núcleo Caleb Borges,Novo São Lucas,Nunes,AC,Losartana Potássica Gotas 20ml - Neo Química (Genérico),Analgésicos
288.08,4,2026-05-16,Saturday ,16,5,2,2026,Maitê Nunes,Vereda Garcia,Vila Puc,Pereira do Oeste,MS,Cefalexina Gotas 20ml - Eurofarma,Saúde Bucal
396.88,2,2025-01-05,Sunday   ,5,1,1,2025,Milena Sales,Loteamento Ana Beatriz Marques,São Gabriel,Montenegro Alegre,BA,Metformina 1g - 10 Comprimidos - Medley (Genérico),Antitérmicos
134.9,5,2024-10-28,Monday   ,28,10,4,2024,Mariane Fogaça,Vereda Bryan Ramos,Alta Tensão 1ª Seção,Barbosa,AP,Sabonete Líquido Huggies FPS 70,Antitérmicos
438.02,2,2025-11-04,Tuesday  ,4,11,4,2025,Isadora Martins,Praia Marques,Grajaú,da Mota do Campo,CE,Sérum Vitamina C Rexona 200ml,Vacinas
365.68,4,2026-05-26,Tuesday  ,26,5,2,2026,Ana Cecília Cavalcanti,Fazenda João Lucas da Mata,Conjunto Califórnia I,da Costa,PR,Losartana Potássica Pomada 30g - Bayer,Nutrição Infantil
646.3499999999999,3,2026-01-13,Tuesday  ,13,1,1,2026,Benjamim Rios,Distrito Sabrina Caldeira,Barreiro,Machado da Serra,MS,Vacina contra Gota - Dose Única,Antidepressivos
216.1,2,2025-10-05,Sunday   ,5,10,4,2025,Maria Julia Cavalcante,Lago Dom da Cruz,Vila Nova,Cirino,RJ,Condicionador Hidratação G-Tech FPS 50,Produtos Ortopédicos
68.31,3,2026-05-02,Saturday ,2,5,2,2026,Melissa Costa,Vale de Carvalho,Parque São Pedro,Farias da Prata,RN,Omeprazol 500mg - 20 Comprimidos - Eurofarma,Produtos Ortopédicos
985.3,5,2026-05-07,Thursday ,7,5,2,2026,Erick Fonseca,Travessa João Miguel Peixoto,Vila São Paulo,Cirino,RJ,Metformina 500mg - 20 Comprimidos - Bayer,Antitérmicos
735.66,3,2025-02-15,Saturday ,15,2,1,2025,Rael Dias,Feira da Luz,Vila São Gabriel Jacui,da Rosa,AP,Sertralina 50mg - 30 Comprimidos - Bayer,Antibióticos
427.64,2,2025-06-29,Sunday   ,29,6,2,2025,Brayan Almeida,Residencial Cunha,Mirante,Macedo Alegre,RR,Nimesulida 500mg - 20 Comprimidos - Aché,Antidepressivos
273.04,4,2025-08-24,Sunday   ,24,8,3,2025,Dr. Luan Mendes,Rodovia Cavalcante,Maria Virgínia,Martins,PA,Vacina contra Úlcera - Dose Única,Fraldas e Infantis
309.88,4,2025-07-30,Wednesday,30,7,3,2025,Dra. Cecilia Borges,Esplanada Rodrigues,Universo,Machado,PB,Curativos (Band-Aid) Huggies 150ml,Vitaminas e Suplementos
91.88,4,2025-09-02,Tuesday  ,2,9,3,2025,Liam Sales,Área Rafaela Costela,Baleia,Freitas Alegre,PB,Termômetro Digital Mió FPS 70,Produtos Ortopédicos
953.8,5,2025-07-21,Monday   ,21,7,3,2025,Srta. Maria Clara Aragão,Estrada de Carvalho,Coqueiros,Viana,TO,Vacina contra Melanoma - Reforço,Antialérgicos
809.08,4,2025-02-16,Sunday   ,16,2,1,2025,Lavínia Caldeira,Ladeira de Guerra,Gutierrez,Pereira,SP,Pantoprazol 1g - 10 Comprimidos - Bayer,Cuidados com o Cabelo
108.81,1,2025-01-05,Sunday   ,5,1,1,2025,Srta. Isabelly Borges,Campo de da Cruz,Vila Madre Gertrudes 4ª Seção,Duarte,PI,Metformina Xarope 120ml - EMS (Genérico),Dermocosméticos
475.14,3,2026-01-29,Thursday ,29,1,1,2026,Arthur Gabriel Araújo,Praça de Souza,Aguas Claras,Casa Grande do Oeste,MT,Vacina contra Hipertensão - Reforço,Antibióticos
132.52,4,2024-12-20,Friday   ,20,12,4,2024,Dra. Ana Beatriz Costa,Sítio de Montenegro,Castelo,das Neves,MT,Creme Hidratante Colgate 50g,Antibióticos
591.1800000000001,3,2026-03-02,Monday   ,2,3,1,2026,Ana Laura Machado,Loteamento Azevedo,Taquaril,da Rocha do Amparo,RN,Metformina 500mg - 20 Comprimidos - Bayer,Antitérmicos
144.48,1,2025-06-12,Thursday ,12,6,2,2025,Mathias Costa,Área Ana Abreu,Álvaro Camargos,da Paz das Flores,PR,Hidroclorotiazida 500mg - 20 Comprimidos - Aché,Antidepressivos
379.90000000000003,5,2026-03-29,Sunday   ,29,3,1,2026,Eloá Rocha,Campo Ribeiro,Vila Minaslandia,Nogueira de Rios,PR,Omeprazol 25mg - 30 Comprimidos - Bayer,Analgésicos
176.38,1,2024-10-13,Sunday   ,13,10,4,2024,Júlia Lopes,Passarela Casa Grande,Céu Azul,Vieira de Minas,MT,Shampoo Anticaspa Clear 90g,Antitérmicos
114.2,2,2025-11-12,Wednesday,12,11,4,2025,Luna Cardoso,Largo de Sá,Mangabeiras,Brito,MS,Tadalafila 500mg - 20 Comprimidos - Aché,Aparelhos Médicos
379.90000000000003,5,2024-09-29,Sunday   ,29,9,3,2024,Dra. Maria Vargas,Ladeira de Ramos,Paquetá,Cavalcante da Serra,RJ,Omeprazol 25mg - 30 Comprimidos - Bayer,Analgésicos
319.74,3,2026-08-22,Saturday ,22,8,3,2026,Sarah das Neves,Condomínio Emilly Andrade,Belmonte,Nogueira de Rios,PR,Água Micelar Colgate 50g,Fitoterápicos
426.12,4,2026-07-20,Monday   ,20,7,3,2026,Aurora Melo,Conjunto Raul Sampaio,Conjunto Serra Verde,Martins do Amparo,ES,Enalapril 50mg - 30 Comprimidos - Medley (Genérico),Higiene Pessoal
69.89,1,2024-09-13,Friday   ,13,9,3,2024,Ravi Lucca Pastor,Núcleo Maria Luísa Duarte,Vila Antena,Ferreira,AM,Desodorante Aerosol G-Tech 400ml,Antidepressivos
56.54,2,2026-09-06,Sunday   ,6,9,3,2026,Ravi Lucca da Cruz,Chácara Cunha,Vila Sumaré,da Rosa,MS,Soro Fisiológico Bepantol Tamanho M (40 un),Analgésicos
958.45,5,2026-01-23,Friday   ,23,1,1,2026,Dr. Yuri Moraes,Núcleo Gabriel Montenegro,Lourdes,Martins do Amparo,ES,Creme Dental Panvel 90g,Antitérmicos
318.75,5,2026-04-27,Monday   ,27,4,2,2026,Maitê Oliveira,Ladeira da Mata,Inconfidência,Fogaça,BA,Loratadina Xarope 120ml - Bayer,Cuidados com o Cabelo
287,4,2026-03-05,Thursday ,5,3,1,2026,Dra. Raquel Fernandes,Quadra Nina Cirino,Cdi Jatoba,Aragão do Galho,SC,Vacina contra Cirrose - Dose Única,Aparelhos Médicos
432.21,3,2024-11-29,Friday   ,29,11,4,2024,Valentim da Luz,Jardim Porto,Vila Inestan,Leão,RJ,Sérum Vitamina C Johnson's 150ml,Antibióticos
492.81000000000006,3,2026-01-10,Saturday ,10,1,1,2026,Diego Fernandes,Feira Viana,Vila Paraíso,Moraes,DF,Azitromicina Gotas 20ml - Aché,Primeiros Socorros
391.08000000000004,3,2025-06-23,Monday   ,23,6,2,2025,Sra. Isabela Machado,Jardim Sales,Santa Helena,Brito da Mata,BA,Loratadina Suspensão Oral 50ml - Neo Química (Genérico),Analgésicos
591.78,3,2024-10-17,Thursday ,17,10,4,2024,Vinicius Monteiro,Núcleo Cauã Rezende,Cônego Pinheiro 1ª Seção,da Paz das Flores,PR,Paracetamol Suspensão Oral 50ml - Bayer,Vitaminas e Suplementos
864.4499999999999,5,2025-05-30,Friday   ,30,5,2,2025,André da Cunha,Área Gael Cavalcanti,Vila Tirol,Aparecida,CE,Diclofenaco Suspensão Oral 50ml - Aché,Primeiros Socorros
215.16,3,2024-09-25,Wednesday,25,9,3,2024,Dr. Guilherme Pimenta,Alameda João Gabriel Mendonça,Vila Minaslandia,Rezende,DF,Álcool em Gel 70% Aptamil FPS 50,Antibióticos
319.68,4,2025-11-24,Monday   ,24,11,4,2025,Asafe Barbosa,Viaduto Alves,Alta Tensão 2ª Seção,Macedo do Sul,DF,Desodorante Aerosol Rexona FPS 70,Genéricos
1216.1499999999999,5,2026-04-29,Wednesday,29,4,2,2026,Fernanda Cunha,Parque Vasconcelos,Camponesa 1ª Seção,Duarte Verde,RO,Sertralina Gotas 20ml - Eurofarma,Cuidados com o Cabelo
748.9,5,2026-02-26,Thursday ,26,2,1,2026,Brayan Pires,Aeroporto da Rosa,Brasil Industrial,Machado,PE,Metformina 500mg - 20 Comprimidos - Eurofarma,Primeiros Socorros
225.73,1,2025-02-14,Friday   ,14,2,1,2025,Maria Vitória Fonseca,Ladeira de Sousa,Vila Canto Do Sabiá,Cavalcante da Serra,RJ,Fluoxetina 500mg - 20 Comprimidos - Neo Química (Genérico),Antitérmicos
489.41999999999996,3,2026-03-12,Thursday ,12,3,1,2026,Kevin Nunes,Parque Lunna Borges,Vila Madre Gertrudes 1ª Seção,Barbosa,DF,Creme Dental Clear 50g,Antidepressivos
299.56,2,2024-09-13,Friday   ,13,9,3,2024,Theo Aparecida,Ladeira Guerra,Vila Nova Dos Milionarios,Cassiano Verde,SE,Metformina 500mg - 20 Comprimidos - Eurofarma,Primeiros Socorros
475.14,3,2024-11-14,Thursday ,14,11,4,2024,Emilly Silva,Quadra de Melo,Novo Santa Cecilia,Melo,MA,Vacina contra Hipertensão - Reforço,Antibióticos
1160.6999999999998,5,2026-07-29,Wednesday,29,7,3,2026,Dra. Isabela Monteiro,Residencial Correia,Bandeirantes,Jesus,ES,Creme Hidratante G-Tech 400ml,Primeiros Socorros
672.35,5,2025-11-04,Tuesday  ,4,11,4,2025,Raquel Sousa,Residencial Ramos,Santa Rita,Montenegro,SC,Nimesulida 50mg - 30 Comprimidos - EMS (Genérico),Anti-inflamatórios
140.82,3,2025-09-09,Tuesday  ,9,9,3,2025,Davi Miguel Moreira,Travessa Costela,Cruzeiro,da Rosa,AP,Dipirona Sódica 50mg - 30 Comprimidos - EMS (Genérico),Saúde Bucal
87.32,2,2024-11-12,Tuesday  ,12,11,4,2024,Dr. Liam Fernandes,Viaduto Giovanna Guerra,Etelvina Carneiro,da Rosa de Nascimento,PR,Hidroclorotiazida Gotas 20ml - Medley (Genérico),Aparelhos Médicos
67.44,3,2025-12-06,Saturday ,6,12,4,2025,Thiago Mendes,Núcleo Moura,São Damião,Albuquerque de Brito,GO,Fluoxetina 50mg - 30 Comprimidos - Medley (Genérico),Fraldas e Infantis
385.25,5,2026-04-11,Saturday ,11,4,2,2026,Natália Barbosa,Trecho Vargas,Cruzeiro,Brito da Mata,BA,Sérum Vitamina C Pampers 400ml,Antidepressivos
216.1,2,2026-02-21,Saturday ,21,2,1,2026,Luiza Rezende,Feira Eloah Gonçalves,Chácara Leonina,Moraes do Galho,PA,Condicionador Hidratação G-Tech FPS 50,Produtos Ortopédicos
582.52,4,2026-02-23,Monday   ,23,2,1,2026,Ísis da Mota,Conjunto Clarice da Conceição,Cabana Do Pai Tomás,das Neves,MT,Losartana Potássica 50mg - 30 Comprimidos - Medley (Genérico),Antialérgicos
117.44,1,2026-02-21,Saturday ,21,2,1,2026,Bento Teixeira,Via Emanuel Ferreira,Vila Paris,Nunes do Sul,MA,Sabonete em Barra Colgate Tamanho G (32 un),Fraldas e Infantis
224.4,4,2026-03-01,Sunday   ,1,3,1,2026,Isis Pastor,Via de Machado,Santa Sofia,Marques Alegre,AL,Atenolol 25mg - 30 Comprimidos - Medley (Genérico),Vacinas
253.89,3,2026-04-26,Sunday   ,26,4,2,2026,Theo Aparecida,Ladeira Guerra,Vila Nova Dos Milionarios,Cassiano Verde,SE,Diclofenaco 25mg - 30 Comprimidos - Neo Química (Genérico),Anti-inflamatórios
668.88,3,2026-02-16,Monday   ,16,2,1,2026,Luna da Mota,Conjunto de Ramos,Vila São Geraldo,Cavalcante da Serra,RJ,Losartana Potássica Suspensão Oral 50ml - Eurofarma,Dermocosméticos
304.68,3,2026-08-06,Thursday ,6,8,3,2026,Rael Dias,Feira da Luz,Vila São Gabriel Jacui,da Rosa,AP,Nimesulida 25mg - 30 Comprimidos - Medley (Genérico),Antitérmicos
104.96,1,2024-09-19,Thursday ,19,9,3,2024,Milena Azevedo,Feira Ana Lívia Nogueira,Nova Cintra,Silveira,BA,Desodorante Aerosol Nivea 200ml,Primeiros Socorros
234.78,1,2025-01-22,Wednesday,22,1,1,2025,Liz Novais,Chácara Daniela Alves,Vila Nova Paraíso,Aragão da Serra,MT,Sabonete em Barra G-Tech 90g,Antibióticos
84.76,1,2026-06-22,Monday   ,22,6,2,2026,Rafael Silveira,Núcleo Luiz Miguel Fogaça,União,Rezende,DF,Atenolol 50mg - 30 Comprimidos - Neo Química (Genérico),Vitaminas e Suplementos
84.94,1,2026-07-03,Friday   ,3,7,3,2026,Sophia Sampaio,Vale José Miguel Lima,Nova Esperança,Castro,CE,Enalapril 500mg - 20 Comprimidos - Bayer,Nutrição Infantil
609.6899999999999,3,2026-04-13,Monday   ,13,4,2,2026,Alana Sales,Vila de Leão,Palmares,Sampaio das Flores,CE,Enxaguante Bucal Clear FPS 70,Saúde Bucal
312.4,4,2026-03-19,Thursday ,19,3,1,2026,Valentim da Luz,Jardim Porto,Vila Inestan,Leão,RJ,Diclofenaco Pomada 30g - Medley (Genérico),Dermocosméticos
440.85,5,2025-11-26,Wednesday,26,11,4,2025,Ayla Martins,Passarela de Almeida,Teixeira Dias,Ferreira do Amparo,AC,Curativos (Band-Aid) CeraVe 200ml,Nutrição Infantil
51.5,5,2025-08-26,Tuesday  ,26,8,3,2025,Maitê Andrade,Parque Erick Duarte,Pantanal,Fonseca de Cavalcante,AP,Água Micelar Nivea 500ml,Homeopatia
344.45,5,2025-02-01,Saturday ,1,2,1,2025,Isaque Gonçalves,Praça Yuri Aragão,Ipiranga,Duarte,DF,Nimesulida 1g - 10 Comprimidos - Aché,Vacinas
173.48,1,2026-05-19,Tuesday  ,19,5,2,2026,Noah Lima,Aeroporto Oliver Duarte,Vila Cloris,Alves,BA,Fralda Descartável Clear FPS 50,Antibióticos
907.88,4,2026-03-06,Friday   ,6,3,1,2026,Pedro Henrique Aragão,Recanto Aurora Oliveira,Vila Nova Dos Milionarios,Mendes das Flores,AL,Fluoxetina 50mg - 30 Comprimidos - EMS (Genérico),Vitaminas e Suplementos
176.04,4,2025-04-16,Wednesday,16,4,2,2025,Henry Dias,Área Pimenta,Cidade Jardim Taquaril,Lopes de Goiás,SE,Sertralina Gotas 20ml - Aché,Dermocosméticos
176.04,4,2025-06-30,Monday   ,30,6,2,2025,Jade da Conceição,Favela de Mendonça,Nossa Senhora Aparecida,Jesus,AP,Sertralina Gotas 20ml - Aché,Dermocosméticos
29.14,2,2025-04-22,Tuesday  ,22,4,2,2025,Ryan Vargas,Condomínio Diego Rezende,Conjunto Paulo Vi,Pimenta,ES,Cefalexina 500mg - 20 Comprimidos - Neo Química (Genérico),Produtos Ortopédicos
802.1500000000001,5,2025-09-19,Friday   ,19,9,3,2025,Anna Liz Rocha,Rodovia de Castro,Vila Calafate,Silva de Minas,MA,Omeprazol Suspensão Oral 50ml - Eurofarma,Anti-inflamatórios
244.98,2,2025-01-26,Sunday   ,26,1,1,2025,Vicente Fogaça,Travessa de Rios,Mirtes,Freitas,RO,Ibuprofeno Gotas 20ml - Aché,Vacinas
219.20000000000002,5,2025-06-27,Friday   ,27,6,2,2025,Dr. Antony Cavalcanti,Sítio Lorena Fernandes,Vila Da Luz,da Mata dos Dourados,PR,Azitromicina 1g - 10 Comprimidos - Eurofarma,Antitérmicos
178.46,2,2024-12-13,Friday   ,13,12,4,2024,Aurora Melo,Conjunto Raul Sampaio,Conjunto Serra Verde,Martins do Amparo,ES,Álcool em Gel 70% Mió 90g,Analgésicos
583.32,4,2024-11-13,Wednesday,13,11,4,2024,Kaique Nascimento,Esplanada Lima,Mantiqueira,Macedo de Costa,RJ,Enxaguante Bucal Nivea 90g,Antibióticos
568.6,4,2026-06-18,Thursday ,18,6,2,2026,Mariana Barros,Viaduto Ravy Correia,Vila Madre Gertrudes 4ª Seção,Montenegro,SC,Amoxicilina Pomada 30g - Eurofarma,Vitaminas e Suplementos
414.14,2,2025-07-06,Sunday   ,6,7,3,2025,Carlos Eduardo Mendonça,Praça de Peixoto,Belmonte,Siqueira do Campo,GO,Hidroclorotiazida Xarope 120ml - Neo Química (Genérico),Antitérmicos
229.09,1,2024-09-19,Thursday ,19,9,3,2024,Rebeca Gonçalves,Jardim Gomes,Palmeiras,Fogaça do Amparo,PB,Clonazepam 1g - 10 Comprimidos - Bayer,Antitérmicos
201.53,1,2024-09-20,Friday   ,20,9,3,2024,Vitor Ramos,Vale Maria Sophia Novais,Pompéia,Cardoso,RO,Sabonete em Barra Clear 50g,Analgésicos
704.0999999999999,3,2026-09-03,Thursday ,3,9,3,2026,Cecilia da Conceição,Praia de Teixeira,Flamengo,Viana,TO,Omeprazol Pomada 30g - Neo Química (Genérico),Primeiros Socorros
347.12,2,2024-12-24,Tuesday  ,24,12,4,2024,Marcela Novais,Rua Dante Fogaça,Lagoinha,da Costa,PE,Sérum Vitamina C Clear FPS 70,Fraldas e Infantis
233.32,4,2025-06-11,Wednesday,11,6,2,2025,Carlos Eduardo Macedo,Condomínio Castro,Guarani,Costela do Oeste,MA,Loratadina 25mg - 30 Comprimidos - Neo Química (Genérico),Nutrição Infantil
454.94,2,2025-02-13,Thursday ,13,2,1,2025,João Pedro Ferreira,Passarela de da Luz,Vitoria Da Conquista,Lopes de Goiás,SE,Absorvente com Abas Rexona FPS 70,Fitoterápicos
823.8,4,2025-01-24,Friday   ,24,1,1,2025,Ísis da Costa,Favela Liam Câmara,Minas Caixa,Sales,PE,Cefalexina 1g - 10 Comprimidos - Eurofarma,Antialérgicos
168.27,1,2025-07-12,Saturday ,12,7,3,2025,Maria Laura Mendonça,Passarela Stella Santos,Cidade Jardim Taquaril,Pinto dos Dourados,MT,Pomada para Assaduras Mió 500ml,Vacinas
128.58,2,2025-10-14,Tuesday  ,14,10,4,2025,Evelyn Silva,Vila de Pires,Das Industrias I,Barbosa,AP,Sérum Vitamina C Listerine FPS 70,Antialérgicos
742.5600000000001,3,2024-11-14,Thursday ,14,11,4,2024,Caroline Pires,Aeroporto Luísa Sales,Vila Engenho Nogueira,Rezende,GO,Metformina Pomada 30g - EMS (Genérico),Produtos Ortopédicos
909.88,4,2025-08-15,Friday   ,15,8,3,2025,Apollo Aparecida,Área Maria Eduarda Vargas,Barão Homem De Melo 1ª Seção,Dias,RR,Absorvente com Abas Rexona FPS 70,Fitoterápicos
239.19,3,2025-09-15,Monday   ,15,9,3,2025,Gael Peixoto,Via de Silveira,Urca,Almeida das Pedras,PI,Creme Dental Needs FPS 70,Antidepressivos
22.92,1,2025-11-10,Monday   ,10,11,4,2025,Vinícius Dias,Estrada Camargo,Vila Piratininga,Silva de Minas,MA,Diclofenaco Gotas 20ml - Eurofarma,Produtos Ortopédicos
902.4,4,2025-02-02,Sunday   ,2,2,1,2025,Alana Porto,Rodovia de da Cruz,Marieta 2ª Seção,Sousa,PE,Diclofenaco Xarope 120ml - Neo Química (Genérico),Primeiros Socorros
38.38,2,2026-07-03,Friday   ,3,7,3,2026,Luana Cardoso,Vila Maria Eduarda da Luz,João Pinheiro,Moura,BA,Nimesulida 1g - 10 Comprimidos - Eurofarma,Produtos Ortopédicos
35.23,1,2024-11-27,Wednesday,27,11,4,2024,Dra. Luiza Fogaça,Vila Léo Andrade,Primeiro De Maio,Câmara do Galho,RO,Condicionador Hidratação G-Tech Tamanho G (32 un),Analgésicos
301.84999999999997,5,2025-12-16,Tuesday  ,16,12,4,2025,Benjamin Nascimento,Chácara Moraes,Olaria,Rocha,RS,Hidroclorotiazida Xarope 120ml - Bayer,Cuidados com o Cabelo
826,5,2025-02-05,Wednesday,5,2,1,2025,Emanuel Aragão,Rodovia Jesus,Goiania,Almeida das Pedras,PI,Atenolol Suspensão Oral 50ml - EMS (Genérico),Antidepressivos
47.62,1,2025-09-03,Wednesday,3,9,3,2025,Vicente Fogaça,Travessa de Rios,Mirtes,Freitas,RO,Vacina contra Câncer de Mama - Dose Única,Cuidados com o Cabelo
91.42,1,2025-03-10,Monday   ,10,3,1,2025,Stephany Vargas,Jardim Manuella Andrade,Tupi B,Ramos,AC,Losartana Potássica Pomada 30g - Bayer,Nutrição Infantil
125.4,4,2025-11-07,Friday   ,7,11,4,2025,Sra. Allana Leão,Chácara Cassiano,Marajó,Rios do Oeste,AP,Azitromicina Xarope 120ml - Medley (Genérico),Antibióticos
573.3,3,2025-09-10,Wednesday,10,9,3,2025,Luiz Felipe da Cunha,Feira de Moreira,Confisco,Farias da Prata,RN,Diclofenaco Xarope 120ml - Eurofarma,Aparelhos Médicos
168.77,1,2026-07-12,Sunday   ,12,7,3,2026,Juliana Barbosa,Vila de Casa Grande,Vila Vista Alegre,Andrade Alegre,DF,Tadalafila Xarope 120ml - Bayer,Antibióticos
155.13,3,2026-03-20,Friday   ,20,3,1,2026,Giovanna Duarte,Vila Pietro da Conceição,Graça,da Mata de Pereira,RR,Metformina 25mg - 30 Comprimidos - Medley (Genérico),Higiene Pessoal
712.89,3,2024-12-26,Thursday ,26,12,4,2024,Dom Oliveira,Praça Amanda Pastor,Monsenhor Messias,da Luz de Ramos,SC,Vacina contra Arritmia - Reforço,Analgésicos
179.7,2,2025-07-20,Sunday   ,20,7,3,2025,José Miguel da Cunha,Esplanada de Ferreira,Conjunto Novo Dom Bosco,Macedo do Sul,DF,Sildenafila Pomada 30g - Aché,Higiene Pessoal
414.8,2,2025-05-15,Thursday ,15,5,2,2025,Vitor Hugo Almeida,Esplanada Anthony Gabriel Gonçalves,Buritis,Peixoto das Flores,RJ,Nimesulida 25mg - 30 Comprimidos - Neo Química (Genérico),Higiene Pessoal
637.11,3,2025-01-29,Wednesday,29,1,1,2025,Théo Monteiro,Rodovia de Gonçalves,Mirtes,da Mata dos Dourados,PR,Fio Dental Listerine 200ml,Saúde Bucal
909.4,5,2025-03-16,Sunday   ,16,3,1,2025,Luísa Cirino,Parque de Santos,Mangabeiras,Duarte Verde,RO,Azitromicina Suspensão Oral 50ml - Neo Química (Genérico),Vacinas
524.8,5,2024-10-23,Wednesday,23,10,4,2024,Emanuel Aragão,Rodovia Jesus,Goiania,Almeida das Pedras,PI,Desodorante Aerosol Nivea 200ml,Primeiros Socorros
415.5,3,2025-08-25,Monday   ,25,8,3,2025,Raquel Cirino,Quadra Juliana Leão,Salgado Filho,Carvalho,DF,Loratadina Suspensão Oral 50ml - Bayer,Homeopatia
512.25,3,2025-08-06,Wednesday,6,8,3,2025,Camila Sampaio,Vila Nascimento,Santa Rita De Cássia,Gonçalves do Sul,RO,Dipirona Sódica Pomada 30g - EMS (Genérico),Antitérmicos
139.78,2,2025-12-03,Wednesday,3,12,4,2025,Dr. José Pacheco,Sítio Breno Rocha,Suzana,Machado,PE,Desodorante Aerosol G-Tech 400ml,Antidepressivos
129.62,2,2026-01-08,Thursday ,8,1,1,2026,Maria Luísa Castro,Rua Pimenta,Jardim Atlântico,Cavalcante da Serra,RJ,Vacina contra Hipotensão - Reforço,Antidepressivos
985.3,5,2025-04-25,Friday   ,25,4,2,2025,Luísa da Mata,Passarela Vitor Hugo da Cruz,Mantiqueira,Machado,PE,Metformina 500mg - 20 Comprimidos - Bayer,Antitérmicos
91.42,1,2025-09-23,Tuesday  ,23,9,3,2025,Esther da Luz,Praça de Vargas,Senhor Dos Passos,Alves,BA,Losartana Potássica Pomada 30g - Bayer,Nutrição Infantil
117.32,4,2025-04-02,Wednesday,2,4,2,2025,Bryan Cavalcanti,Sítio Carvalho,Marilandia,Macedo de Costa,RJ,Condicionador Hidratação Huggies 400ml,Antialérgicos
470.15,5,2024-11-13,Wednesday,13,11,4,2024,Dr. Antony Cavalcanti,Sítio Lorena Fernandes,Vila Da Luz,da Mata dos Dourados,PR,Vacina contra COVID-19 - Reforço,Primeiros Socorros
332.52,2,2026-05-24,Sunday   ,24,5,2,2026,João Mendonça,Via Julia Castro,Estrela Do Oriente,Cassiano,SE,Sildenafila 1g - 10 Comprimidos - EMS (Genérico),Antitérmicos
547.92,3,2024-10-23,Wednesday,23,10,4,2024,Vitor Borges,Estação Bryan Ramos,Santa Rita,Moura,SP,Hastes Flexíveis (Cotonetes) Mió 150ml,Vitaminas e Suplementos
141.76,4,2025-01-21,Tuesday  ,21,1,1,2025,Luara Leão,Rua de Rodrigues,União,Leão,RJ,Nimesulida Xarope 120ml - Eurofarma,Dermocosméticos
35.11,1,2026-09-05,Saturday ,5,9,3,2026,Sra. Olivia Garcia,Quadra de Brito,Vila Santo Antônio Barroquinha,Siqueira do Amparo,BA,Omeprazol 50mg - 30 Comprimidos - EMS (Genérico),Fitoterápicos
227.94,3,2026-02-26,Thursday ,26,2,1,2026,Emilly Rodrigues,Morro Matheus Camargo,Santa Monica,Sampaio,SC,Omeprazol 25mg - 30 Comprimidos - Bayer,Analgésicos
426.45000000000005,3,2025-07-07,Monday   ,7,7,3,2025,Ana Cecília Souza,Chácara Maria Isis Araújo,Vila Paris,Lopes dos Dourados,PB,Amoxicilina Pomada 30g - Eurofarma,Vitaminas e Suplementos
263.09999999999997,5,2025-08-29,Friday   ,29,8,3,2025,Luiz Felipe da Cunha,Feira de Moreira,Confisco,Farias da Prata,RN,Amoxicilina 500mg - 20 Comprimidos - Eurofarma,Dermocosméticos
10.01,1,2024-09-13,Friday   ,13,9,3,2024,Maria Luiza das Neves,Ladeira de Rocha,Diamante,Duarte,MA,Tadalafila Gotas 20ml - Medley (Genérico),Aparelhos Médicos
107.74,2,2026-02-24,Tuesday  ,24,2,1,2026,Sra. Eloá Sousa,Lago de da Rosa,Vila Pinho,Araújo,MS,Azitromicina Suspensão Oral 50ml - Bayer,Vitaminas e Suplementos
976.96,4,2026-04-16,Thursday ,16,4,2,2026,Henry Gabriel Vieira,Largo Thiago Ramos,Vila Antena,Cardoso,RO,Sinvastatina Gotas 20ml - Medley (Genérico),Dermocosméticos
381.52,2,2025-04-29,Tuesday  ,29,4,2,2025,Laís da Rocha,Viela de Araújo,Confisco,Fernandes do Norte,RO,Vacina contra Melanoma - Reforço,Antialérgicos
133.03,1,2025-01-31,Friday   ,31,1,1,2025,Lucas Gabriel Almeida,Travessa Freitas,Vila Nova Cachoeirinha 1ª Seção,da Cruz da Mata,PB,Sertralina 1g - 10 Comprimidos - Aché,Primeiros Socorros
88.02,2,2025-01-01,Wednesday,1,1,1,2025,Alexia Cavalcanti,Vila de Duarte,Santa Amelia,Castro de Jesus,GO,Sertralina Gotas 20ml - Aché,Dermocosméticos
285.92,4,2025-04-24,Thursday ,24,4,2,2025,Maria Liz Cunha,Distrito Cavalcante,Santo André,Gomes,AM,Lenço Umedecido Sempre Livre Tamanho G (32 un),Anti-inflamatórios
103.94,1,2025-05-30,Friday   ,30,5,2,2025,Dr. Emanuel Barbosa,Distrito Cavalcante,Vila Calafate,da Rocha,PI,Clonazepam 500mg - 20 Comprimidos - Medley (Genérico),Dermocosméticos
33.17,1,2025-08-14,Thursday ,14,8,3,2025,Isaac Cavalcanti,Quadra João Vitor Monteiro,Alto Caiçaras,Moura,BA,Paracetamol Pomada 30g - Bayer,Anti-inflamatórios
829.6,4,2025-07-22,Tuesday  ,22,7,3,2025,Diego das Neves,Viela da Paz,Vila Santa Rosa,Souza,ES,Nimesulida 25mg - 30 Comprimidos - Neo Química (Genérico),Higiene Pessoal
174.64,4,2026-06-04,Thursday ,4,6,2,2026,Srta. Manuella Souza,Viela Maria Luiza Garcia,Mangabeiras,Fogaça Alegre,PR,Hidroclorotiazida Gotas 20ml - Medley (Genérico),Aparelhos Médicos
105.39000000000001,3,2025-01-03,Friday   ,3,1,1,2025,Dra. Alícia Andrade,Via Albuquerque,Minaslandia,da Paz das Flores,PR,Dipirona Sódica Xarope 120ml - EMS (Genérico),Aparelhos Médicos
157.17000000000002,3,2025-01-28,Tuesday  ,28,1,1,2025,Amanda Marques,Ladeira Porto,João Pinheiro,Marques Alegre,AL,Condicionador Hidratação Dove 90g,Antitérmicos
729.04,4,2026-07-14,Tuesday  ,14,7,3,2026,Dr. Liam Fernandes,Viaduto Giovanna Guerra,Etelvina Carneiro,da Rosa de Nascimento,PR,Vacina contra Trombose - Reforço,Fitoterápicos
454.35,5,2026-04-17,Friday   ,17,4,2,2026,João Miguel Azevedo,Trevo Fonseca,Serra,Nogueira de Rios,PR,Álcool em Gel 70% Pampers 50 Metros,Fraldas e Infantis
945.15,5,2026-05-31,Sunday   ,31,5,2,2026,Heloísa Cassiano,Parque de Jesus,Vila Nossa Senhora Do Rosário,Nogueira,PA,Tadalafila Xarope 120ml - Aché,Antialérgicos
81.8,4,2025-09-15,Monday   ,15,9,3,2025,Dr. João Miguel da Paz,Vale Ramos,Vila São Francisco,da Luz,RS,Vacina contra Enxaqueca - Dose Única,Antitérmicos
972.45,5,2025-10-05,Sunday   ,5,10,4,2025,Davi Lucas Barros,Aeroporto Maria Sophia Gomes,Vila Califórnia,Sales,PE,Hastes Flexíveis (Cotonetes) Listerine 200ml,Homeopatia
839.52,4,2025-03-12,Wednesday,12,3,1,2025,Srta. Sarah da Cruz,Alameda de Nunes,Conjunto Novo Dom Bosco,Barbosa,DF,Losartana Potássica Pomada 30g - Neo Química (Genérico),Dermocosméticos
980.88,4,2026-07-25,Saturday ,25,7,3,2026,Cecilia Lima,Morro Ferreira,Nova Suíça,Barros,SC,Sertralina 50mg - 30 Comprimidos - Bayer,Antibióticos
76.44,1,2025-04-11,Friday   ,11,4,2,2025,Sr. Anthony Rodrigues,Lagoa de Casa Grande,Tres Marias,Nogueira de Rios,PR,Nimesulida 500mg - 20 Comprimidos - EMS (Genérico),Saúde Bucal
981.96,4,2025-09-14,Sunday   ,14,9,3,2025,André da Cunha,Área Gael Cavalcanti,Vila Tirol,Aparecida,CE,Tadalafila 50mg - 30 Comprimidos - EMS (Genérico),Antialérgicos
84.03,3,2025-09-25,Thursday ,25,9,3,2025,Lívia Dias,Campo da Cruz,Nova Granada,Souza,ES,Vacina contra Hepatite C - Dose Única,Cuidados com o Cabelo
235.5,5,2025-06-03,Tuesday  ,3,6,2,2025,Sr. João Vitor Sá,Ladeira de Sales,Novo Ouro Preto,Ribeiro,RS,Amoxicilina 1g - 10 Comprimidos - Aché,Produtos Ortopédicos
959.92,4,2025-04-11,Friday   ,11,4,2,2025,Marcela da Cruz,Campo Santos,Belmonte,Siqueira do Amparo,BA,Curativos (Band-Aid) Aptamil Tamanho G (32 un),Higiene Pessoal
565.05,3,2025-03-13,Thursday ,13,3,1,2025,Amanda Marques,Ladeira Porto,João Pinheiro,Marques Alegre,AL,Omeprazol 500mg - 20 Comprimidos - EMS (Genérico),Vitaminas e Suplementos
439.36,4,2025-09-05,Friday   ,5,9,3,2025,Evelyn Fonseca,Chácara Cunha,Lagoinha Leblon,da Cruz da Mata,PB,Loratadina 50mg - 30 Comprimidos - Eurofarma,Higiene Pessoal
386.44,2,2025-10-12,Sunday   ,12,10,4,2025,Bento Teixeira,Via Emanuel Ferreira,Vila Paris,Nunes do Sul,MA,Atenolol 25mg - 30 Comprimidos - Aché,Higiene Pessoal
41.099999999999994,3,2026-08-09,Sunday   ,9,8,3,2026,Alexia Cavalcanti,Vila de Duarte,Santa Amelia,Castro de Jesus,GO,Ibuprofeno 50mg - 30 Comprimidos - Eurofarma,Antitérmicos
104.12,1,2025-07-11,Friday   ,11,7,3,2025,Heloísa Machado,Feira Bárbara Rodrigues,Conjunto Floramar,Correia Grande,MA,Pomada para Assaduras Panvel 200ml,Primeiros Socorros
207.07,1,2025-10-03,Friday   ,3,10,4,2025,Dr. Carlos Eduardo Câmara,Sítio de Nunes,Lindéia,Brito,MT,Hidroclorotiazida Xarope 120ml - Neo Química (Genérico),Antitérmicos
286.92,2,2026-04-14,Tuesday  ,14,4,2,2026,Isaque Nascimento,Lago Heitor Gomes,Belvedere,Pacheco,RR,Sinvastatina 500mg - 20 Comprimidos - Neo Química (Genérico),Fitoterápicos
296.8,4,2026-04-23,Thursday ,23,4,2,2026,Srta. Esther da Conceição,Trecho Breno das Neves,Leonina,Cavalcanti de Correia,SP,Vacina contra Parkinson - Reforço,Fraldas e Infantis
461.08,4,2025-01-05,Sunday   ,5,1,1,2025,Evelyn Gomes,Fazenda Lívia Caldeira,Vila Nova Cachoeirinha 3ª Seção,Martins do Amparo,ES,Escitalopram 50mg - 30 Comprimidos - Eurofarma,Cuidados com o Cabelo
244.32,1,2026-03-16,Monday   ,16,3,1,2026,Maria Luiza das Neves,Ladeira de Rocha,Diamante,Duarte,MA,Soro Fisiológico Johnson's Tamanho M (40 un),Primeiros Socorros
100.56,2,2026-09-11,Friday   ,11,9,3,2026,Anthony Melo,Via Benjamim Cassiano,Vila Havaí,Siqueira do Campo,GO,Metformina Gotas 20ml - Bayer,Saúde Bucal
222.84,3,2025-09-23,Tuesday  ,23,9,3,2025,Allana Machado,Esplanada Maria Vitória Nunes,Marajó,Fogaça,BA,Vacina contra Depressão - Reforço,Dermocosméticos
194.43,3,2026-08-27,Thursday ,27,8,3,2026,Ester Alves,Alameda Ana Laura da Cunha,Vila Minaslandia,Albuquerque das Flores,RN,Vacina contra Hipotensão - Reforço,Antidepressivos
161.92,1,2025-01-23,Thursday ,23,1,1,2025,Caroline Pacheco,Pátio Rafael Fonseca,Vila Betânia,Albuquerque das Flores,RN,Creme Hidratante Panvel FPS 50,Genéricos
314.68,2,2026-04-13,Monday   ,13,4,2,2026,Srta. Isabelly Souza,Lago Antonella Novais,Conjunto Santa Maria,Gonçalves do Sul,RO,Hastes Flexíveis (Cotonetes) Johnson's 200ml,Higiene Pessoal
844.6,4,2025-11-29,Saturday ,29,11,4,2025,Bruno Vieira,Vereda de Freitas,União,Nunes,SP,Clonazepam 25mg - 30 Comprimidos - Aché,Antialérgicos
672.3,3,2025-01-24,Friday   ,24,1,1,2025,Mariah Cardoso,Distrito Kevin Guerra,Itapoa,Lopes dos Dourados,PB,Água Micelar Needs FPS 50,Genéricos
53.87,1,2024-10-20,Sunday   ,20,10,4,2024,Sr. Dante da Mota,Núcleo João Miguel Casa Grande,Palmares,Casa Grande do Oeste,MT,Azitromicina Suspensão Oral 50ml - Bayer,Vitaminas e Suplementos
947.8,4,2026-08-17,Monday   ,17,8,3,2026,Sra. Maria da Rosa,Vila Bella Cassiano,Canaa,Silva de Minas,MA,Metformina Pomada 30g - Medley (Genérico),Saúde Bucal
152.05,5,2024-11-29,Friday   ,29,11,4,2024,João Miguel Cunha,Morro de Fernandes,Conjunto Novo Dom Bosco,da Cunha,AM,Sildenafila 25mg - 30 Comprimidos - EMS (Genérico),Primeiros Socorros
15.62,1,2025-03-24,Monday   ,24,3,1,2025,Erick Fonseca,Travessa João Miguel Peixoto,Vila São Paulo,Cirino,RJ,Diclofenaco 50mg - 30 Comprimidos - Medley (Genérico),Vitaminas e Suplementos
575.16,3,2025-03-06,Thursday ,6,3,1,2025,Pedro Miguel da Costa,Trevo Barbosa,Vila Dos Anjos,Alves de da Conceição,AC,Creme Hidratante Listerine 500ml,Saúde Bucal
213.16,2,2024-12-12,Thursday ,12,12,4,2024,Alana Peixoto,Vereda de Aragão,Glória,da Costa,PE,Água Micelar Colgate 50g,Fitoterápicos
433.43999999999994,3,2026-02-20,Friday   ,20,2,1,2026,Luiz Fernando Cassiano,Viela Aparecida,Nossa Senhora Da Conceição,Andrade Alegre,DF,Hidroclorotiazida 500mg - 20 Comprimidos - Aché,Antidepressivos
114.6,2,2026-07-08,Wednesday,8,7,3,2026,Mariana Barros,Viaduto Ravy Correia,Vila Madre Gertrudes 4ª Seção,Montenegro,SC,Pantoprazol Gotas 20ml - Eurofarma,Primeiros Socorros
45.94,2,2024-10-08,Tuesday  ,8,10,4,2024,Ana Clara da Conceição,Feira Pinto,Tirol,da Cunha,AM,Termômetro Digital Mió FPS 70,Produtos Ortopédicos
911.3,5,2025-01-04,Saturday ,4,1,1,2025,Ester Porto,Rodovia de Pastor,São João,Borges,BA,Vacina contra Trombose - Reforço,Fitoterápicos
254.76,2,2025-08-25,Monday   ,25,8,3,2025,Davi Lucca Lopes,Vila Maitê Novaes,Boa União 2ª Seção,Vieira de Minas,PB,Vacina contra Insônia - Reforço,Homeopatia
488.72,4,2026-01-04,Sunday   ,4,1,1,2026,Breno Mendonça,Esplanada Albuquerque,Tres Marias,Brito,MS,Escitalopram Gotas 20ml - Neo Química (Genérico),Vitaminas e Suplementos
406.86,2,2026-06-27,Saturday ,27,6,2,2026,Ana Clara Machado,Campo Heloisa Moura,São Paulo,Moura,SP,Loratadina 1g - 10 Comprimidos - Aché,Dermocosméticos
244.82,1,2025-05-16,Friday   ,16,5,2,2025,Antonella Silva,Travessa Brito,Camponesa 2ª Seção,Nogueira de Rios,PR,Enalapril 500mg - 20 Comprimidos - EMS (Genérico),Saúde Bucal
969.44,4,2025-03-03,Monday   ,3,3,1,2025,Hellena Cunha,Núcleo Ian Rezende,Capitão Eduardo,Novaes de Minas,PE,Atenolol 50mg - 30 Comprimidos - EMS (Genérico),Dermocosméticos
33.56,1,2026-08-29,Saturday ,29,8,3,2026,Helena Carvalho,Parque de Costela,Braúnas,Borges,BA,Desodorante Roll-on Colgate 90g,Higiene Pessoal
171.88,1,2024-12-05,Thursday ,5,12,4,2024,Sr. Ian Guerra,Estrada de Pacheco,Marajó,Farias da Prata,RN,Pantoprazol 50mg - 30 Comprimidos - Eurofarma,Nutrição Infantil
163.62,3,2026-08-09,Sunday   ,9,8,3,2026,Felipe Pinto,Sítio Correia,Vila Nova Paraíso,Martins,PA,Protetor Solar Facial Nivea 50 Metros,Aparelhos Médicos
183.22,1,2025-08-31,Sunday   ,31,8,3,2025,Isabella Cavalcanti,Praia Barros,João Pinheiro,da Paz das Pedras,BA,Metformina 1g - 10 Comprimidos - Bayer,Genéricos
713.16,3,2026-02-03,Tuesday  ,3,2,1,2026,Mathias Freitas,Rua Luiz Gustavo Viana,Jardim Alvorada,Cassiano,SE,Dipirona Sódica 50mg - 30 Comprimidos - Medley (Genérico),Antibióticos
157.8,4,2025-09-24,Wednesday,24,9,3,2025,Paulo Rocha,Lago Aparecida,Nossa Senhora De Fátima,Campos,PE,Metformina 25mg - 30 Comprimidos - Eurofarma,Antibióticos
111.06,1,2026-01-31,Saturday ,31,1,1,2026,Danilo Teixeira,Residencial de Macedo,São Geraldo,Macedo Alegre,RR,Azitromicina Gotas 20ml - Eurofarma,Anti-inflamatórios
116.64,4,2026-08-01,Saturday ,1,8,3,2026,Thomas Câmara,Chácara de Moraes,Vila São Dimas,da Paz das Flores,PR,Sertralina 50mg - 30 Comprimidos - Neo Química (Genérico),Higiene Pessoal
308.2,4,2025-03-18,Tuesday  ,18,3,1,2025,Luana Gonçalves,Lago de Duarte,Vila Nova Gameleira 1ª Seção,Jesus,ES,Sérum Vitamina C Pampers 400ml,Antidepressivos
236.81,1,2025-05-28,Wednesday,28,5,2,2025,Bruna Sales,Lagoa de Cavalcante,Novo Tupi,Cavalcanti,AL,Atenolol Xarope 120ml - EMS (Genérico),Analgésicos
583.36,4,2026-07-15,Wednesday,15,7,3,2026,João Felipe Silveira,Aeroporto Fernandes,Camponesa 1ª Seção,Sampaio das Flores,CE,Paracetamol 500mg - 20 Comprimidos - Neo Química (Genérico),Homeopatia
208.36,1,2026-09-11,Friday   ,11,9,3,2026,Yasmin Pereira,Área de Pastor,Vila Paris,Lopes de Mendes,AM,Vacina contra Câncer de Pulmão - Dose Única,Antialérgicos
1216.1499999999999,5,2025-09-25,Thursday ,25,9,3,2025,Milena Azevedo,Feira Ana Lívia Nogueira,Nova Cintra,Silveira,BA,Sertralina Gotas 20ml - Eurofarma,Cuidados com o Cabelo
777.6,5,2025-06-27,Friday   ,27,6,2,2025,Sabrina Guerra,Trecho de Oliveira,Alta Tensão 1ª Seção,Aragão da Serra,MT,Sinvastatina 1g - 10 Comprimidos - Aché,Produtos Ortopédicos
169.20000000000002,5,2025-02-15,Saturday ,15,2,1,2025,Danilo Pinto,Trecho Brayan Rezende,Conjunto Minas Caixa,Macedo de Costa,RJ,Enalapril 500mg - 20 Comprimidos - Eurofarma,Anti-inflamatórios
14.88,1,2024-11-14,Thursday ,14,11,4,2024,Dr. Vinícius Moura,Vila de Sá,Vila Havaí,da Mota do Campo,CE,Clonazepam Suspensão Oral 50ml - EMS (Genérico),Saúde Bucal
460.54,2,2026-04-09,Thursday ,9,4,2,2026,Brayan Pires,Aeroporto da Rosa,Brasil Industrial,Machado,PE,Vacina contra Alzheimer - Reforço,Nutrição Infantil
111.13,1,2025-01-17,Friday   ,17,1,1,2025,Ana Lívia Vasconcelos,Travessa Emanuella das Neves,Leticia,Pacheco de Novaes,PR,Fluoxetina Xarope 120ml - Bayer,Antialérgicos
121.82,2,2025-03-05,Wednesday,5,3,1,2025,José Pedro Albuquerque,Lago da Rocha,Floramar,Farias da Prata,RN,Azitromicina 1g - 10 Comprimidos - EMS (Genérico),Dermocosméticos
93.88,2,2026-07-31,Friday   ,31,7,3,2026,Henry da Paz,Rodovia Rodrigues,São Gabriel,Nunes do Sul,MA,Dipirona Sódica 50mg - 30 Comprimidos - EMS (Genérico),Saúde Bucal
338.52,4,2025-12-23,Tuesday  ,23,12,4,2025,Srta. Luísa Souza,Sítio de Moura,Vila Nova Cachoeirinha 3ª Seção,Cirino,RJ,Vacina contra Obesidade - Dose Única,Fraldas e Infantis
280.88,4,2026-02-05,Thursday ,5,2,1,2026,Emanuella Nascimento,Núcleo Mendonça,São João,Macedo de Costa,RJ,Pantoprazol 1g - 10 Comprimidos - EMS (Genérico),Antialérgicos
124.99,1,2026-01-21,Wednesday,21,1,1,2026,Juan Mendonça,Loteamento Valentina Andrade,Gutierrez,Nogueira,PA,Sérum Vitamina C Panvel FPS 70,Higiene Pessoal
74.4,5,2026-03-03,Tuesday  ,3,3,1,2026,Letícia Albuquerque,Vale Ramos,Milionario,Siqueira do Campo,GO,Clonazepam Suspensão Oral 50ml - EMS (Genérico),Saúde Bucal
800.48,4,2025-10-31,Friday   ,31,10,4,2025,Vitória Ribeiro,Favela de Abreu,Santa Isabel,Silva de Minas,MA,Vacina contra Artrite - Dose Única,Produtos Ortopédicos
27.4,4,2026-05-12,Tuesday  ,12,5,2,2026,Dr. Benicio Ramos,Pátio de Cavalcante,Vitoria Da Conquista,Farias da Prata,RN,Omeprazol 50mg - 30 Comprimidos - Bayer,Vitaminas e Suplementos
234.31,1,2025-12-16,Tuesday  ,16,12,4,2025,Matheus Brito,Avenida da Conceição,Rio Branco,Duarte Verde,RO,Protetor Solar Facial Pampers 90g,Antialérgicos
101.19,3,2026-03-22,Sunday   ,22,3,1,2026,Maria Clara Freitas,Rodovia da Mota,Vila Satélite,Montenegro Alegre,BA,Paracetamol Xarope 120ml - Neo Química (Genérico),Higiene Pessoal
213.16,2,2025-04-08,Tuesday  ,8,4,2,2025,Davi Lucca Lopes,Vila Maitê Novaes,Boa União 2ª Seção,Vieira de Minas,PB,Água Micelar Colgate 50g,Fitoterápicos
812.92,4,2026-02-10,Tuesday  ,10,2,1,2026,Luiz Gustavo Macedo,Trevo de Cirino,Flamengo,Alves de da Conceição,AC,Enxaguante Bucal Clear FPS 70,Saúde Bucal
20.02,2,2026-06-16,Tuesday  ,16,6,2,2026,Maria Vitória Fonseca,Ladeira de Sousa,Vila Canto Do Sabiá,Cavalcante da Serra,RJ,Tadalafila Gotas 20ml - Medley (Genérico),Aparelhos Médicos
916.1,5,2026-06-29,Monday   ,29,6,2,2026,Sr. Dante da Mota,Núcleo João Miguel Casa Grande,Palmares,Casa Grande do Oeste,MT,Metformina 1g - 10 Comprimidos - Bayer,Genéricos
255.96,2,2025-08-05,Tuesday  ,5,8,3,2025,Diego Fernandes,Feira Viana,Vila Paraíso,Moraes,DF,Protetor Solar Corporal Huggies 50 Metros,Homeopatia
789.04,4,2025-03-12,Wednesday,12,3,1,2025,Antonella Silva,Travessa Brito,Camponesa 2ª Seção,Nogueira de Rios,PR,Paracetamol Suspensão Oral 50ml - Bayer,Vitaminas e Suplementos
496.16,4,2026-03-29,Sunday   ,29,3,1,2026,Camila da Mata,Loteamento Lavínia Ferreira,Leonina,Freitas,RO,Cefalexina 25mg - 30 Comprimidos - Neo Química (Genérico),Antitérmicos
12.56,2,2025-09-06,Saturday ,6,9,3,2025,Maria Abreu,Vila Luiz Miguel Aparecida,Horto,da Luz de Ramos,SC,Sinvastatina 1g - 10 Comprimidos - Eurofarma,Antidepressivos
519.88,4,2025-02-16,Sunday   ,16,2,1,2025,Letícia Albuquerque,Vale Ramos,Milionario,Siqueira do Campo,GO,Losartana Potássica Pomada 30g - Medley (Genérico),Antialérgicos
245.78,2,2026-01-07,Wednesday,7,1,1,2026,João Gabriel Moreira,Conjunto Gustavo Henrique das Neves,Santa Lúcia,Marques Alegre,AL,Paracetamol 50mg - 30 Comprimidos - Medley (Genérico),Nutrição Infantil
27.32,1,2025-09-21,Sunday   ,21,9,3,2025,Gustavo Barbosa,Estrada Benício Gomes,Conjunto Califórnia Ii,Pacheco de Novaes,PR,Sabonete Líquido Vichy 500ml,Antitérmicos
1167.6000000000001,5,2025-04-07,Monday   ,7,4,2,2025,Dr. Kevin Pacheco,Conjunto de Teixeira,Confisco,da Mata dos Dourados,PR,Creme Hidratante Colgate 150ml,Anti-inflamatórios
231.7,1,2025-12-02,Tuesday  ,2,12,4,2025,Laura Rezende,Pátio Montenegro,Nova Pampulha,Borges,PA,Losartana Potássica 50mg - 30 Comprimidos - EMS (Genérico),Vitaminas e Suplementos
129.89,1,2025-04-14,Monday   ,14,4,2,2025,Benicio Ribeiro,Ladeira Jesus,Bernadete,Gomes,AM,Pomada para Assaduras G-Tech Tamanho M (40 un),Genéricos
124.36,2,2026-03-15,Sunday   ,15,3,1,2026,Dra. Manuela Vargas,Distrito de Borges,Vila São Gabriel,Silveira,BA,Pantoprazol 500mg - 20 Comprimidos - Bayer,Fitoterápicos
64.29,1,2025-03-01,Saturday ,1,3,1,2025,Esther Ramos,Travessa Hadassa Moura,Bonfim,Moura,PA,Sérum Vitamina C Listerine FPS 70,Antialérgicos
438.33000000000004,3,2024-10-02,Wednesday,2,10,4,2024,João Vitor Pereira,Pátio de Carvalho,Brasil Industrial,Fogaça Alegre,PR,Lenço Umedecido Colgate 50g,Homeopatia
78.28,1,2026-04-20,Monday   ,20,4,2,2026,Sra. Eduarda Leão,Lago de Martins,São Vicente,Rios,AP,Sinvastatina Xarope 120ml - EMS (Genérico),Antitérmicos
114.9,1,2025-01-21,Tuesday  ,21,1,1,2025,Pietra das Neves,Núcleo Anna Liz Andrade,Santa Cecilia,Viana,TO,Creme Hidratante Listerine 90g,Homeopatia
926.56,4,2025-06-26,Thursday ,26,6,2,2025,Ravi Martins,Fazenda de Costela,Acaiaca,Aragão de Goiás,GO,Diclofenaco 1g - 10 Comprimidos - Eurofarma,Anti-inflamatórios
602.13,3,2026-05-01,Friday   ,1,5,2,2026,Cauê da Luz,Trevo Rios,Tupi A,Pacheco,RR,Clonazepam 1g - 10 Comprimidos - Neo Química (Genérico),Analgésicos
859.05,5,2026-08-12,Wednesday,12,8,3,2026,Carlos Eduardo Castro,Rodovia de Pires,Varzea Da Palma,Pires,AM,Enxaguante Bucal Sempre Livre 400ml,Genéricos
18.56,1,2026-04-16,Thursday ,16,4,2,2026,Sofia Andrade,Jardim de Cavalcanti,Conjunto Santa Maria,Albuquerque das Flores,RN,Enalapril Gotas 20ml - Medley (Genérico),Dermocosméticos
170.55,3,2024-11-10,Sunday   ,10,11,4,2024,Noah Pereira,Estação de Marques,Vila Petropolis,da Costa,PE,Fluoxetina Xarope 120ml - Medley (Genérico),Dermocosméticos
831.3,5,2025-08-16,Saturday ,16,8,3,2025,Gael Henrique da Mata,Praça Ramos,Planalto,Montenegro Alegre,BA,Sildenafila 1g - 10 Comprimidos - EMS (Genérico),Antitérmicos
426.32,4,2026-01-22,Thursday ,22,1,1,2026,Dr. Vitor Lopes,Loteamento Azevedo,Trevo,Barros de Fernandes,RR,Água Micelar Colgate 50g,Fitoterápicos
154.88,1,2026-04-24,Friday   ,24,4,2,2026,Ísis da Mota,Conjunto Clarice da Conceição,Cabana Do Pai Tomás,das Neves,MT,Tadalafila 25mg - 30 Comprimidos - Neo Química (Genérico),Saúde Bucal
317,4,2024-12-25,Wednesday,25,12,4,2024,Thiago Nascimento,Sítio Alexia Cirino,Pompéia,Rezende,GO,Diclofenaco Pomada 30g - EMS (Genérico),Produtos Ortopédicos
143.99,1,2024-12-28,Saturday ,28,12,4,2024,Ana Sophia Vasconcelos,Avenida de Cassiano,Santa Rita,da Rocha,PI,Condicionador Hidratação Johnson's FPS 70,Fitoterápicos
122.08,1,2025-03-13,Thursday ,13,3,1,2025,Maitê Lima,Campo de Castro,Buraco Quente,Costela do Oeste,MA,Vacina contra Dermatite - Reforço,Primeiros Socorros
453.39,3,2025-12-21,Sunday   ,21,12,4,2025,Isabelly Santos,Travessa Yago Porto,Betânia,Cirino,RJ,Água Micelar Sempre Livre 50g,Vacinas
836.08,4,2025-12-11,Thursday ,11,12,4,2025,Valentim Andrade,Estação Davi Teixeira,Conjunto Paulo Vi,Moraes do Galho,PA,Creme Hidratante Mió 90g,Nutrição Infantil
525.68,4,2025-11-14,Friday   ,14,11,4,2025,Srta. Stella Araújo,Quadra de Sampaio,Santa Amelia,Pacheco,RR,Sérum Vitamina C Listerine Tamanho M (40 un),Genéricos
194.6,2,2026-01-24,Saturday ,24,1,1,2026,Heitor Dias,Lago de da Rosa,Centro,da Rosa de Nascimento,PR,Fluoxetina Suspensão Oral 50ml - Medley (Genérico),Antidepressivos
393.56,2,2026-06-13,Saturday ,13,6,2,2026,Daniel Camargo,Via Vasconcelos,Beira Linha,da Rocha,PI,Vacina contra Cirrose - Reforço,Analgésicos
54.8,4,2026-08-01,Saturday ,1,8,3,2026,Sr. José Miguel Pimenta,Distrito de Marques,Coração Eucarístico,Cavalcanti de Correia,SP,Ibuprofeno 50mg - 30 Comprimidos - Eurofarma,Antitérmicos
168.77,1,2025-02-26,Wednesday,26,2,1,2025,Gabrielly Dias,Largo Pacheco,Parque São José,Gonçalves,MT,Tadalafila Xarope 120ml - Bayer,Antibióticos
174.51,3,2026-07-18,Saturday ,18,7,3,2026,Bruno Vieira,Vereda de Freitas,União,Nunes,SP,Protetor Solar Corporal Bepantol 50 Metros,Vitaminas e Suplementos
913.04,4,2025-08-04,Monday   ,4,8,3,2025,Valentim Leão,Pátio Mendes,Atila De Paiva,Araújo,MS,Curativos (Band-Aid) Pampers 400ml,Aparelhos Médicos
45.089999999999996,3,2025-11-15,Saturday ,15,11,4,2025,Diego Alves,Área Maria Albuquerque,Jardim América,Barbosa dos Dourados,RN,Vacina contra Pneumonia - Reforço,Produtos Ortopédicos
28.46,1,2026-08-09,Sunday   ,9,8,3,2026,Diogo Casa Grande,Condomínio Aurora Cardoso,Vila Copasa,Brito Alegre,MS,Amoxicilina Gotas 20ml - Medley (Genérico),Antidepressivos
934.9,5,2026-08-20,Thursday ,20,8,3,2026,Sra. Carolina Brito,Conjunto Lunna Borges,Vila São Dimas,Albuquerque,MG,Enalapril Gotas 20ml - EMS (Genérico),Homeopatia
38.04,4,2026-05-18,Monday   ,18,5,2,2026,André Azevedo,Viela João Pires,Esperança,Nunes,SP,Dipirona Sódica Gotas 20ml - EMS (Genérico),Aparelhos Médicos
983.16,4,2025-07-22,Tuesday  ,22,7,3,2025,Maya Cirino,Avenida de Fogaça,Vila Maria,Nunes do Sul,MA,Diclofenaco 500mg - 20 Comprimidos - Neo Química (Genérico),Antidepressivos
366,3,2026-08-04,Tuesday  ,4,8,3,2026,Sr. Enzo Moraes,Sítio João Felipe Gomes,Vila Satélite,Nunes,AC,Vacina contra Gripe - Reforço,Antidepressivos
164.67000000000002,3,2026-06-20,Saturday ,20,6,2,2026,Ian Santos,Loteamento de Teixeira,Castanheira,Ferreira do Amparo,AC,Nimesulida 1g - 10 Comprimidos - Neo Química (Genérico),Nutrição Infantil
316.25,5,2025-07-26,Saturday ,26,7,3,2025,Sr. Cauã Garcia,Aeroporto Alexia Barros,Mineirão,Pereira do Oeste,MS,Curativos (Band-Aid) La Roche-Posay 400ml,Antibióticos
127,5,2025-10-31,Friday   ,31,10,4,2025,Dr. Gael Marques,Conjunto Julia Ferreira,Silveira,Alves do Oeste,SP,Curativos (Band-Aid) Vichy FPS 70,Fraldas e Infantis
192.87,3,2025-09-12,Friday   ,12,9,3,2025,Manuela Monteiro,Favela Pereira,Paraíso,Martins,PA,Sérum Vitamina C Listerine FPS 70,Antialérgicos
101.19,3,2025-01-29,Wednesday,29,1,1,2025,Noah Castro,Distrito de Gonçalves,Esperança,Ramos,AC,Paracetamol Xarope 120ml - Neo Química (Genérico),Higiene Pessoal
556.05,5,2025-03-09,Sunday   ,9,3,1,2025,Benjamin Nascimento,Estrada da Paz,Capitão Eduardo,Fernandes do Norte,RO,Sérum Vitamina C Huggies 90g,Saúde Bucal
51.71,1,2026-08-24,Monday   ,24,8,3,2026,Dra. Ana Lívia Cavalcante,Favela de Ferreira,Nova Esperança,Cavalcanti de Correia,SP,Metformina 25mg - 30 Comprimidos - Medley (Genérico),Higiene Pessoal
143.44,2,2025-06-13,Friday   ,13,6,2,2025,Caroline Pacheco,Pátio Rafael Fonseca,Vila Betânia,Albuquerque das Flores,RN,Álcool em Gel 70% Aptamil FPS 50,Antibióticos
431.61,3,2025-10-25,Saturday ,25,10,4,2025,Bianca Gonçalves,Núcleo de da Cruz,Lagoa,Cassiano do Oeste,PB,Creme Hidratante Dove 400ml,Higiene Pessoal
183.93,1,2025-12-12,Friday   ,12,12,4,2025,Ravy Fogaça,Largo da Mata,São Jorge 1ª Seção,Costela,AP,Condicionador Hidratação Bepantol 90g,Produtos Ortopédicos
209.56,4,2025-05-06,Tuesday  ,6,5,2,2025,Luísa Pires,Viaduto Luiz Gustavo Siqueira,Conjunto Serra Verde,Ribeiro,RS,Condicionador Hidratação Dove 90g,Antitérmicos
113.85,5,2025-04-11,Friday   ,11,4,2,2025,Maria Liz Ferreira,Vereda de da Conceição,Vila Nova Dos Milionarios,da Cruz da Mata,PB,Omeprazol 500mg - 20 Comprimidos - Eurofarma,Produtos Ortopédicos
70.22,2,2025-11-05,Wednesday,5,11,4,2025,Davi Lucca Macedo,Praia Pereira,Alta Tensão 2ª Seção,das Neves,MT,Omeprazol 50mg - 30 Comprimidos - EMS (Genérico),Fitoterápicos
186.1,2,2025-02-01,Saturday ,1,2,1,2025,Vitor Monteiro,Setor Ribeiro,São Gabriel,Rios,ES,Escitalopram Gotas 20ml - EMS (Genérico),Antialérgicos
297.8,5,2025-12-08,Monday   ,8,12,4,2025,Isaac Jesus,Trecho de Guerra,Esplanada,Gonçalves do Sul,RO,Vacina contra Câncer de Próstata - Dose Única,Dermocosméticos
1169.55,5,2025-05-23,Friday   ,23,5,2,2025,Sophia Santos,Condomínio de da Rosa,Barão Homem De Melo 3ª Seção,Barros de Sousa,RS,Pantoprazol Pomada 30g - Medley (Genérico),Dermocosméticos
646.24,4,2025-09-13,Saturday ,13,9,3,2025,Cecília Aragão,Condomínio de Melo,Prado,Brito,MS,Soro Fisiológico Nivea 50 Metros,Homeopatia
672.3,3,2025-01-03,Friday   ,3,1,1,2025,Eloah Nogueira,Esplanada de da Conceição,Vila Formosa,da Paz,RJ,Água Micelar Needs FPS 50,Genéricos
755.65,5,2025-01-10,Friday   ,10,1,1,2025,Dra. Laís Andrade,Praça Maria Alice Aparecida,Conjunto Novo Dom Bosco,Moura,SP,Água Micelar Sempre Livre 50g,Vacinas
125.4,4,2026-07-14,Tuesday  ,14,7,3,2026,João Lucas Melo,Passarela Sabrina Guerra,Virgínia,da Rocha Alegre,RJ,Azitromicina Xarope 120ml - Medley (Genérico),Antibióticos
14.54,1,2026-01-09,Friday   ,9,1,1,2026,Sr. Davi Novaes,Feira de Alves,Barão Homem De Melo 1ª Seção,Montenegro,SC,Amoxicilina Gotas 20ml - Aché,Aparelhos Médicos
256.70000000000005,5,2026-01-19,Monday   ,19,1,1,2026,Nicolas Moura,Sítio da Luz,Planalto,da Luz de Ramos,SC,Losartana Potássica 500mg - 20 Comprimidos - Bayer,Saúde Bucal
514.2,3,2026-03-30,Monday   ,30,3,1,2026,Olívia Moraes,Lago de Ferreira,Goiania,Alves de da Conceição,AC,Shampoo Anticaspa Rexona 90g,Nutrição Infantil
239.98,1,2025-07-03,Thursday ,3,7,3,2025,Igor Machado,Estação Leão,Floramar,Casa Grande do Oeste,MT,Curativos (Band-Aid) Aptamil Tamanho G (32 un),Higiene Pessoal
238.1,5,2024-09-29,Sunday   ,29,9,3,2024,Hadassa Costa,Campo Albuquerque,Floresta,Andrade Alegre,DF,Vacina contra Câncer de Mama - Dose Única,Cuidados com o Cabelo
683,4,2026-02-24,Tuesday  ,24,2,1,2026,Dr. José Pacheco,Sítio Breno Rocha,Suzana,Machado,PE,Dipirona Sódica Pomada 30g - EMS (Genérico),Antitérmicos
264.5,5,2024-11-19,Tuesday  ,19,11,4,2024,Henry da Paz,Rodovia Rodrigues,São Gabriel,Nunes do Sul,MA,Fralda Descartável Vichy 150ml,Homeopatia
208.08,2,2024-11-06,Wednesday,6,11,4,2024,Hellena Silveira,Chácara Marcelo Viana,Glória,Castro,CE,Vacina contra Gripe - Dose Única,Dermocosméticos
623.2,5,2025-07-19,Saturday ,19,7,3,2025,Manuella Guerra,Praça Vitor Garcia,Juliana,Araújo,MS,Escitalopram 25mg - 30 Comprimidos - Aché,Anti-inflamatórios
362.48,4,2024-11-22,Friday   ,22,11,4,2024,Maria Sophia Moreira,Lagoa Rhavi Albuquerque,Juliana,da Rocha do Amparo,RN,Amoxicilina Suspensão Oral 50ml - EMS (Genérico),Vacinas
60.82,2,2025-08-16,Saturday ,16,8,3,2025,Léo Mendonça,Lagoa de Farias,Vila Jardim Montanhes,Rocha,RS,Sildenafila 25mg - 30 Comprimidos - EMS (Genérico),Primeiros Socorros
245.22,1,2026-03-06,Friday   ,6,3,1,2026,Nicolas Ribeiro,Trevo Duarte,Conjunto Novo Dom Bosco,Albuquerque de Brito,GO,Sertralina 50mg - 30 Comprimidos - Bayer,Antibióticos
168.64999999999998,5,2024-11-05,Tuesday  ,5,11,4,2024,Camila Cassiano,Sítio Nogueira,Minaslandia,Alves,BA,Paracetamol Xarope 120ml - Neo Química (Genérico),Higiene Pessoal
140.92,4,2026-03-16,Monday   ,16,3,1,2026,Julia Pimenta,Conjunto de da Mata,Providencia,da Paz das Flores,PR,Condicionador Hidratação G-Tech Tamanho G (32 un),Analgésicos
700.6800000000001,3,2025-03-11,Tuesday  ,11,3,1,2025,Bruna Cassiano,Conjunto de da Paz,São Jorge 1ª Seção,Jesus,ES,Ibuprofeno Suspensão Oral 50ml - Neo Química (Genérico),Dermocosméticos
873.85,5,2025-10-18,Saturday ,18,10,4,2025,Melissa Costa,Vale de Carvalho,Parque São Pedro,Farias da Prata,RN,Losartana Potássica Suspensão Oral 50ml - Aché,Vitaminas e Suplementos
1072.85,5,2025-06-11,Wednesday,11,6,2,2025,Cauã Gomes,Vale de Casa Grande,Liberdade,Rodrigues,TO,Escitalopram 25mg - 30 Comprimidos - Neo Química (Genérico),Fraldas e Infantis
438.2,5,2025-10-09,Thursday ,9,10,4,2025,Alana Sales,Vila de Leão,Palmares,Sampaio das Flores,CE,Loratadina 25mg - 30 Comprimidos - Eurofarma,Nutrição Infantil
62.7,2,2025-06-07,Saturday ,7,6,2,2025,Srta. Maria Flor Rezende,Fazenda Câmara,Maria Tereza,da Mata dos Dourados,PR,Azitromicina Xarope 120ml - Medley (Genérico),Antibióticos
525.68,4,2026-06-30,Tuesday  ,30,6,2,2026,Dr. Carlos Eduardo Câmara,Sítio de Nunes,Lindéia,Brito,MT,Sérum Vitamina C Listerine Tamanho M (40 un),Genéricos
1188.6,5,2025-09-19,Friday   ,19,9,3,2025,Dra. Lívia Cirino,Parque Pinto,Garças,Gonçalves das Pedras,PR,Dipirona Sódica 50mg - 30 Comprimidos - Medley (Genérico),Antibióticos
266.06,2,2026-08-30,Sunday   ,30,8,3,2026,Raquel Sousa,Residencial Ramos,Santa Rita,Montenegro,SC,Sertralina 1g - 10 Comprimidos - Aché,Primeiros Socorros
624.9499999999999,5,2025-03-10,Monday   ,10,3,1,2025,Vitor Aragão,Passarela da Rosa,Conjunto Minas Caixa,Cavalcante,RR,Sérum Vitamina C Panvel FPS 70,Higiene Pessoal
629.4000000000001,3,2024-09-29,Sunday   ,29,9,3,2024,Maria Clara Freitas,Rodovia da Mota,Vila Satélite,Montenegro Alegre,BA,Termômetro Digital Nivea 50 Metros,Antidepressivos
692.5,5,2026-02-23,Monday   ,23,2,1,2026,Nicolas Moura,Sítio da Luz,Planalto,da Luz de Ramos,SC,Loratadina Suspensão Oral 50ml - Bayer,Homeopatia
341.3,5,2026-03-07,Saturday ,7,3,1,2026,Srta. Isabelly Souza,Lago Antonella Novais,Conjunto Santa Maria,Gonçalves do Sul,RO,Vacina contra Úlcera - Dose Única,Fraldas e Infantis
195.8,2,2025-02-01,Saturday ,1,2,1,2025,Ana Lívia Vasconcelos,Travessa Emanuella das Neves,Leticia,Pacheco de Novaes,PR,Metformina Gotas 20ml - Aché,Antidepressivos
106.56,2,2024-09-26,Thursday ,26,9,3,2024,Lavínia Silva,Trevo Léo Nunes,Vila Nova,Vargas,AL,Hidroclorotiazida 50mg - 30 Comprimidos - Neo Química (Genérico),Cuidados com o Cabelo
694.92,3,2026-03-09,Monday   ,9,3,1,2026,Noah Pereira,Estação de Marques,Vila Petropolis,da Costa,PE,Diclofenaco 1g - 10 Comprimidos - Eurofarma,Anti-inflamatórios
120.98,2,2024-11-18,Monday   ,18,11,4,2024,Theo Cavalcanti,Trevo de Vieira,Garças,Montenegro Alegre,BA,Lenço Umedecido CeraVe 400ml,Cuidados com o Cabelo
236.88,4,2024-10-06,Sunday   ,6,10,4,2024,Dra. Raquel Fernandes,Quadra Nina Cirino,Cdi Jatoba,Aragão do Galho,SC,Vacina contra Dengue - Reforço,Analgésicos
167.8,5,2026-06-04,Thursday ,4,6,2,2026,Sr. Fernando Mendonça,Núcleo Pastor,Eymard,Vasconcelos de Minas,PA,Desodorante Roll-on Colgate 90g,Higiene Pessoal
10.48,1,2026-01-06,Tuesday  ,6,1,1,2026,Sophia Pacheco,Núcleo de Silveira,Salgado Filho,Cassiano do Oeste,PB,Condicionador Hidratação Vichy 90g,Vacinas
344.70000000000005,3,2026-06-25,Thursday ,25,6,2,2026,Davi Lucca Lopes,Vila Maitê Novaes,Boa União 2ª Seção,Vieira de Minas,PB,Creme Hidratante Listerine 90g,Homeopatia
74.49,3,2026-05-28,Thursday ,28,5,2,2026,Eduardo Vasconcelos,Esplanada de Viana,João Alfredo,Moraes,DF,Creme Dental Colgate 150ml,Vacinas
143.78,1,2025-09-03,Wednesday,3,9,3,2025,Otávio Freitas,Passarela Larissa Lopes,Vila Nova Gameleira 3ª Seção,Cavalcante,RR,Tadalafila Pomada 30g - Neo Química (Genérico),Produtos Ortopédicos
309.48,2,2025-01-13,Monday   ,13,1,1,2025,Cauã Monteiro,Setor Gael Henrique Barbosa,Jardim Dos Comerciarios,da Rosa,MS,Escitalopram 1g - 10 Comprimidos - Medley (Genérico),Aparelhos Médicos
725.9399999999999,3,2025-02-11,Tuesday  ,11,2,1,2025,Isabela Oliveira,Via Mendes,Paulo Vi,Albuquerque de Brito,GO,Escitalopram Suspensão Oral 50ml - Eurofarma,Vitaminas e Suplementos
460.54,2,2025-06-11,Wednesday,11,6,2,2025,Lorenzo Vargas,Vale Francisco Cardoso,Vila Jardim Montanhes,Pereira,SP,Vacina contra Alzheimer - Reforço,Nutrição Infantil
31.44,3,2025-07-31,Thursday ,31,7,3,2025,Rhavi Ramos,Conjunto Macedo,São Francisco,Câmara de Casa Grande,AM,Condicionador Hidratação Vichy 90g,Vacinas
602.32,4,2025-02-28,Friday   ,28,2,1,2025,Pedro Miguel Carvalho,Conjunto Câmara,Dom Silverio,Rodrigues,TO,Ibuprofeno Xarope 120ml - Bayer,Higiene Pessoal
403.06,2,2026-08-15,Saturday ,15,8,3,2026,Diogo da Costa,Lago Pereira,Independência,Sampaio das Flores,CE,Sabonete em Barra Clear 50g,Analgésicos
176.53,1,2025-12-30,Tuesday  ,30,12,4,2025,Sra. Rafaela Mendes,Rua Pimenta,Betânia,Macedo,AC,Loratadina Xarope 120ml - Aché,Fraldas e Infantis
175.28,2,2024-12-20,Friday   ,20,12,4,2024,Luiz Felipe Vieira,Chácara Alana da Mota,Pongelupe,Caldeira,SE,Loratadina 25mg - 30 Comprimidos - Eurofarma,Nutrição Infantil
929.75,5,2026-07-30,Thursday ,30,7,3,2026,Nathan Aparecida,Fazenda Alícia Abreu,Fazendinha,Fogaça,BA,Soro Fisiológico Panvel 200ml,Dermocosméticos
485.62,2,2025-05-26,Monday   ,26,5,2,2025,Sr. Ryan Brito,Morro de da Conceição,Palmeiras,Vargas,AL,Paracetamol 1g - 10 Comprimidos - Bayer,Vacinas
680.91,3,2025-02-06,Thursday ,6,2,1,2025,Henry Gabriel da Rosa,Lagoa Caldeira,Zilah Sposito,Carvalho,DF,Fluoxetina 50mg - 30 Comprimidos - EMS (Genérico),Vitaminas e Suplementos
173.32,1,2025-01-19,Sunday   ,19,1,1,2025,João Guilherme Jesus,Rodovia Sampaio,São Tomaz,da Costa,PE,Vacina contra Diabetes Tipo 1 - Dose Única,Antidepressivos
292.22,2,2024-10-18,Friday   ,18,10,4,2024,Henrique Monteiro,Passarela Barros,Baleia,Aparecida,CE,Lenço Umedecido Colgate 50g,Homeopatia
113.92,1,2024-12-26,Thursday ,26,12,4,2024,Ana Rodrigues,Passarela João Felipe Silva,Prado,Mendes das Flores,AL,Hidroclorotiazida 500mg - 20 Comprimidos - Medley (Genérico),Saúde Bucal
141.08,4,2026-05-07,Thursday ,7,5,2,2026,Anna Liz Cassiano,Lagoa de Jesus,Casa Branca,Pacheco,RR,Metformina Suspensão Oral 50ml - Medley (Genérico),Antidepressivos
263.09999999999997,5,2025-09-19,Friday   ,19,9,3,2025,Dr. Antônio Lima,Viela de Costela,Vila Da Ária,Rios do Oeste,AP,Amoxicilina 500mg - 20 Comprimidos - Eurofarma,Dermocosméticos
408,4,2024-12-29,Sunday   ,29,12,4,2024,Emanuel Nogueira,Favela de Melo,Estrela Do Oriente,Sousa,TO,Absorvente com Abas Bepantol 50g,Fraldas e Infantis
51.72,2,2026-01-06,Tuesday  ,6,1,1,2026,Luara Sampaio,Trevo Marina Montenegro,Itapoa,da Rosa,MS,Cefalexina 25mg - 30 Comprimidos - Eurofarma,Primeiros Socorros
31.24,2,2025-02-17,Monday   ,17,2,1,2025,Marcela Silva,Viaduto Ester Lopes,Conjunto Celso Machado,Lopes de Goiás,SE,Diclofenaco 50mg - 30 Comprimidos - Medley (Genérico),Vitaminas e Suplementos
92.15,5,2025-08-23,Saturday ,23,8,3,2025,Luna Barros,Conjunto Sara Silveira,Vila Betânia,Moura,BA,Cefalexina 50mg - 30 Comprimidos - EMS (Genérico),Antitérmicos
254.76,2,2025-04-11,Friday   ,11,4,2,2025,Dr. Benício Guerra,Estação de Cavalcanti,Universo,da Rocha,PI,Vacina contra Insônia - Reforço,Homeopatia
867.4,5,2026-07-08,Wednesday,8,7,3,2026,Ana Beatriz Porto,Vila Câmara,Vera Cruz,Pimenta,ES,Fralda Descartável Clear FPS 50,Antibióticos
504.8,4,2025-10-01,Wednesday,1,10,4,2025,Luiz Felipe da Cunha,Feira de Moreira,Confisco,Farias da Prata,RN,Pantoprazol 1g - 10 Comprimidos - Medley (Genérico),Analgésicos
43.84,1,2025-11-21,Friday   ,21,11,4,2025,Gustavo Silva,Sítio André Teixeira,Vila São João Batista,Vieira de Minas,MT,Azitromicina 1g - 10 Comprimidos - Eurofarma,Antitérmicos
401.95,5,2025-08-10,Sunday   ,10,8,3,2025,Dr. Lucas Gabriel Guerra,Favela Silva,Monte Azul,Albuquerque de Brito,GO,Vacina contra Embolia - Reforço,Anti-inflamatórios
180.31,1,2024-12-20,Friday   ,20,12,4,2024,Clara Andrade,Vereda Ana Luiza da Paz,Monte Azul,Montenegro,SC,Protetor Solar Facial La Roche-Posay FPS 70,Antitérmicos
839.2,4,2025-05-23,Friday   ,23,5,2,2025,Maitê Lima,Campo de Castro,Buraco Quente,Costela do Oeste,MA,Termômetro Digital Nivea 50 Metros,Antidepressivos
24.83,1,2026-02-11,Wednesday,11,2,1,2026,Isabela Oliveira,Via Mendes,Paulo Vi,Albuquerque de Brito,GO,Creme Dental Colgate 150ml,Vacinas
705.52,4,2025-10-21,Tuesday  ,21,10,4,2025,Isabel Cardoso,Condomínio Siqueira,Conjunto Bonsucesso,Pastor,MG,Shampoo Anticaspa Clear 90g,Antitérmicos
977.28,4,2025-08-05,Tuesday  ,5,8,3,2025,Sr. Pietro Moura,Favela Vitória Marques,Vila Da Luz,Fogaça do Amparo,PB,Soro Fisiológico Johnson's Tamanho M (40 un),Primeiros Socorros
493.64,2,2025-02-01,Saturday ,1,2,1,2025,Otto Barbosa,Parque Ana Luiza Sampaio,João Pinheiro,Machado,PB,Vacina contra Esquizofrenia - Reforço,Cuidados com o Cabelo
270.29999999999995,3,2024-11-24,Sunday   ,24,11,4,2024,Lucca Moura,Rua de Dias,Nossa Senhora Do Rosário,Jesus,ES,Pantoprazol Pomada 30g - Eurofarma,Anti-inflamatórios
242.36,1,2026-04-13,Monday   ,13,4,2,2026,Rhavi Ramos,Conjunto Macedo,São Francisco,Câmara de Casa Grande,AM,Atenolol 50mg - 30 Comprimidos - EMS (Genérico),Dermocosméticos
548.04,4,2025-09-14,Sunday   ,14,9,3,2025,Lara Vargas,Sítio Casa Grande,Vila Santo Antônio,Araújo,MS,Metformina Xarope 120ml - Bayer,Aparelhos Médicos
1234.1,5,2026-01-30,Friday   ,30,1,1,2026,Oliver Jesus,Lago Melo,Rio Branco,Alves,BA,Vacina contra Esquizofrenia - Reforço,Cuidados com o Cabelo
356.92,4,2026-08-05,Wednesday,5,8,3,2026,Sra. Bruna das Neves,Avenida de Caldeira,Xangri-Lá,Porto,GO,Álcool em Gel 70% Mió 90g,Analgésicos
332.82,2,2026-08-29,Saturday ,29,8,3,2026,Isaque Gonçalves,Praça Yuri Aragão,Ipiranga,Duarte,DF,Pomada para Assaduras Rexona 400ml,Nutrição Infantil
373.92,3,2025-11-13,Thursday ,13,11,4,2025,Daniel Azevedo,Distrito Nicole Casa Grande,Ambrosina,Araújo,MS,Escitalopram 25mg - 30 Comprimidos - Aché,Anti-inflamatórios
215.16,3,2025-04-16,Wednesday,16,4,2,2025,Cauã da Cunha,Jardim Yago Duarte,Vila Batik,Silveira das Flores,PE,Álcool em Gel 70% Aptamil FPS 50,Antibióticos
90.42,2,2025-06-12,Thursday ,12,6,2,2025,Liz Caldeira,Pátio Lucca Nunes,Mirtes,da Rosa de Nascimento,PR,Vacina contra Osteoporose - Reforço,Antibióticos
105.8,2,2026-07-01,Wednesday,1,7,3,2026,Davi Luiz Pastor,Rodovia Aragão,Vila Santa Monica 1ª Seção,Pacheco,RR,Fralda Descartável Vichy 150ml,Homeopatia
449.18999999999994,3,2026-03-06,Friday   ,6,3,1,2026,Rodrigo da Rocha,Viela Aylla Vieira,Cdi Jatoba,Moura,BA,Condicionador Hidratação Vichy FPS 50,Saúde Bucal
134.92,4,2024-11-07,Thursday ,7,11,4,2024,Dra. Lara Caldeira,Feira Freitas,Vila Barragem Santa Lúcia,Sousa,TO,Paracetamol Xarope 120ml - Neo Química (Genérico),Higiene Pessoal
22.48,1,2024-12-30,Monday   ,30,12,4,2024,Mateus Nunes,Sítio de Machado,Petropolis,Barbosa,DF,Fluoxetina 50mg - 30 Comprimidos - Medley (Genérico),Fraldas e Infantis
169.88,2,2024-09-28,Saturday ,28,9,3,2024,Nathan Aparecida,Fazenda Alícia Abreu,Fazendinha,Fogaça,BA,Enalapril 500mg - 20 Comprimidos - Bayer,Nutrição Infantil
902.4,4,2025-04-10,Thursday ,10,4,2,2025,Sr. Fernando Mendonça,Núcleo Pastor,Eymard,Vasconcelos de Minas,PA,Diclofenaco Xarope 120ml - Neo Química (Genérico),Primeiros Socorros
529.14,3,2025-10-31,Friday   ,31,10,4,2025,Felipe Pinto,Sítio Correia,Vila Nova Paraíso,Martins,PA,Shampoo Anticaspa Clear 90g,Antitérmicos
182.73,3,2025-11-24,Monday   ,24,11,4,2025,Bárbara Gomes,Viela Caldeira,Baleia,Brito da Mata,BA,Azitromicina 1g - 10 Comprimidos - EMS (Genérico),Dermocosméticos
107.03,1,2026-08-06,Thursday ,6,8,3,2026,Lorenzo Ferreira,Campo Renan da Paz,Alípio De Melo,da Costa,PE,Vacina contra Insuficiência Cardíaca - Dose Única,Antitérmicos
62.48,4,2025-01-26,Sunday   ,26,1,1,2025,Fernando da Rocha,Ladeira de Costa,Conjunto Serra Verde,Brito,MT,Diclofenaco 50mg - 30 Comprimidos - Medley (Genérico),Vitaminas e Suplementos
426.45000000000005,3,2024-11-25,Monday   ,25,11,4,2024,Lorenzo Barbosa,Lagoa Catarina Alves,Vila Jardim Alvorada,Cardoso,RO,Amoxicilina Pomada 30g - Eurofarma,Vitaminas e Suplementos
1074.75,5,2025-12-21,Sunday   ,21,12,4,2025,Dr. Pedro Lucas Costa,Residencial de Câmara,Mariquinhas,da Paz,RJ,Hidroclorotiazida 1g - 10 Comprimidos - Aché,Analgésicos
267.06,3,2025-11-05,Wednesday,5,11,4,2025,Gael Pastor,Parque da Cruz,Flavio De Oliveira,Oliveira Verde,CE,Lenço Umedecido Aptamil FPS 50,Dermocosméticos
134.53,1,2024-11-21,Thursday ,21,11,4,2024,Maitê da Paz,Jardim Santos,São Francisco Das Chagas,Cavalcante da Serra,RJ,Ibuprofeno Gotas 20ml - Medley (Genérico),Antitérmicos
202.98,3,2025-04-27,Sunday   ,27,4,2,2025,Calebe Souza,Aeroporto Benjamin Ribeiro,Vila Vista Alegre,Castro,RR,Vacina contra Hipertensão - Dose Única,Vacinas
496.71,3,2026-06-14,Sunday   ,14,6,2,2026,Davi Lucas Barros,Aeroporto Maria Sophia Gomes,Vila Califórnia,Sales,PE,Clonazepam Pomada 30g - Aché,Fraldas e Infantis
1128,5,2026-09-09,Wednesday,9,9,3,2026,Ravi Lucca da Conceição,Morro Rezende,Universo,Duarte,AL,Diclofenaco Xarope 120ml - Neo Química (Genérico),Primeiros Socorros
748.65,5,2025-09-22,Monday   ,22,9,3,2025,Lucas Moura,Vale de Ribeiro,Grota,Montenegro da Praia,PA,Condicionador Hidratação Vichy FPS 50,Saúde Bucal
68.11,1,2025-06-09,Monday   ,9,6,2,2025,Maria Júlia Casa Grande,Avenida Albuquerque,Conjunto Califórnia Ii,Melo,MA,Omeprazol 25mg - 30 Comprimidos - Eurofarma,Higiene Pessoal
259.78,2,2026-08-14,Friday   ,14,8,3,2026,Dra. Isabel Gomes,Lago de Dias,Céu Azul,Aragão da Serra,MT,Pomada para Assaduras G-Tech Tamanho M (40 un),Genéricos
876.04,4,2025-12-25,Thursday ,25,12,4,2025,Dr. José Miguel Alves,Lago Hadassa da Mota,São Jorge 2ª Seção,Borges,BA,Sérum Vitamina C Rexona 200ml,Vacinas
409.1,2,2024-09-27,Friday   ,27,9,3,2024,Pietro da Rosa,Quadra de Câmara,Novo Ouro Preto,Rezende,DF,Escitalopram Xarope 120ml - Neo Química (Genérico),Vitaminas e Suplementos
493.92,4,2025-10-22,Wednesday,22,10,4,2025,Dr. José Fogaça,Sítio de Pastor,Vila Santo Antônio,Duarte,MA,Sérum Vitamina C Mió 400ml,Antitérmicos
815.6999999999999,5,2025-10-29,Wednesday,29,10,4,2025,Dra. Ana Lívia da Mota,Residencial de da Cruz,Vila Nova Paraíso,Siqueira do Norte,RO,Creme Dental Clear 50g,Antidepressivos
488,4,2025-06-23,Monday   ,23,6,2,2025,Sr. Cauã Garcia,Aeroporto Alexia Barros,Mineirão,Pereira do Oeste,MS,Vacina contra Gripe - Reforço,Antidepressivos
729.48,4,2025-06-08,Sunday   ,8,6,2,2025,Sr. Lorenzo Barros,Condomínio de Barros,Vila Copacabana,Vasconcelos do Campo,MG,Protetor Solar Corporal Bepantol FPS 70,Homeopatia
49.41,1,2024-12-29,Sunday   ,29,12,4,2024,Aurora Macedo,Feira Dante Mendes,Granja De Freitas,Fogaça Alegre,PR,Vacina contra Anemia - Reforço,Aparelhos Médicos
11.82,2,2026-06-11,Thursday ,11,6,2,2026,Theo Aparecida,Ladeira Guerra,Vila Nova Dos Milionarios,Cassiano Verde,SE,Omeprazol Suspensão Oral 50ml - EMS (Genérico),Saúde Bucal
372.12,3,2026-05-23,Saturday ,23,5,2,2026,Sophia Pacheco,Núcleo de Silveira,Salgado Filho,Cassiano do Oeste,PB,Cefalexina 25mg - 30 Comprimidos - Neo Química (Genérico),Antitérmicos
456.52,2,2025-03-23,Sunday   ,23,3,1,2025,Dra. Maria Vargas,Ladeira de Ramos,Paquetá,Cavalcante da Serra,RJ,Curativos (Band-Aid) Pampers 400ml,Aparelhos Médicos
225.73,1,2026-05-07,Thursday ,7,5,2,2026,Pedro Mendonça,Aeroporto José Miguel Ramos,Santa Maria,da Conceição,DF,Fluoxetina 500mg - 20 Comprimidos - Neo Química (Genérico),Antitérmicos
166.85,5,2025-06-10,Tuesday  ,10,6,2,2025,Júlia Barros,Conjunto de Ribeiro,Capitão Eduardo,Brito da Mata,BA,Protetor Solar Corporal Needs Tamanho M (40 un),Antibióticos
312.12,3,2026-08-12,Wednesday,12,8,3,2026,Dra. Bella Moura,Núcleo Erick Carvalho,Vila Coqueiral,das Neves,MT,Vacina contra Gripe - Dose Única,Dermocosméticos
146.2,1,2025-12-07,Sunday   ,7,12,4,2025,Sra. Lorena Moura,Alameda Rodrigues,Vila Independencia 2ª Seção,da Conceição,DF,Fio Dental Sempre Livre FPS 70,Saúde Bucal
428.66999999999996,3,2026-04-27,Monday   ,27,4,2,2026,Benjamim Azevedo,Residencial Yuri Gomes,Santa Margarida,da Rocha do Amparo,RN,Escitalopram 25mg - 30 Comprimidos - Bayer,Aparelhos Médicos
1110.95,5,2026-03-28,Saturday ,28,3,1,2026,Agatha da Mota,Área Andrade,Lagoinha,Nunes,SE,Amoxicilina Suspensão Oral 50ml - Neo Química (Genérico),Anti-inflamatórios
727.3499999999999,3,2025-03-26,Wednesday,26,3,1,2025,Dr. Vitor Hugo da Cunha,Pátio Vinicius Rocha,Maravilha,Barros Grande,RJ,Ibuprofeno Suspensão Oral 50ml - Eurofarma,Anti-inflamatórios
55.29,3,2025-03-28,Friday   ,28,3,1,2025,Dr. Nicolas Novaes,Praia de da Costa,Dom Joaquim,da Costa,PR,Cefalexina 50mg - 30 Comprimidos - EMS (Genérico),Antitérmicos
401.84,4,2025-07-11,Friday   ,11,7,3,2025,Luiz Felipe Pires,Aeroporto Aragão,Paulo Vi,Sampaio,SC,Pantoprazol 500mg - 20 Comprimidos - Medley (Genérico),Antialérgicos
171.88,1,2026-05-07,Thursday ,7,5,2,2026,Noah Lima,Aeroporto Oliver Duarte,Vila Cloris,Alves,BA,Pantoprazol 50mg - 30 Comprimidos - Eurofarma,Nutrição Infantil
90.13,1,2025-12-27,Saturday ,27,12,4,2025,Rhavi Alves,Praça Costa,Pompéia,Barros,TO,Desodorante Roll-on Sempre Livre 150ml,Vitaminas e Suplementos
1093.5,5,2026-04-18,Saturday ,18,4,2,2026,Milena da Mota,Parque Davi Lucca Brito,Barroca,Nascimento de Azevedo,GO,Vacina contra Infecção Urinária - Dose Única,Vitaminas e Suplementos
138.93,3,2025-06-08,Sunday   ,8,6,2,2025,Caroline Pacheco,Pátio Rafael Fonseca,Vila Betânia,Albuquerque das Flores,RN,Metformina Xarope 120ml - Eurofarma,Antidepressivos
91.42,1,2026-03-27,Friday   ,27,3,1,2026,Calebe Rocha,Viela Oliver Gomes,João Alfredo,Castro,CE,Losartana Potássica Pomada 30g - Bayer,Nutrição Infantil
236.61,1,2024-12-03,Tuesday  ,3,12,4,2024,Dr. Leandro Moreira,Esplanada de Dias,Cidade Jardim,Câmara de Casa Grande,AM,Dipirona Sódica Xarope 120ml - Neo Química (Genérico),Antidepressivos
428.12,4,2026-04-05,Sunday   ,5,4,2,2026,Isabel Pereira,Favela Benicio Barros,Mineirão,Aparecida,CE,Vacina contra Insuficiência Cardíaca - Dose Única,Antitérmicos
984.7,5,2025-10-18,Saturday ,18,10,4,2025,Benicio Novais,Lago Dias,Petropolis,da Cruz da Mata,PB,Desodorante Aerosol G-Tech 150ml,Antidepressivos
156.6,2,2026-07-20,Monday   ,20,7,3,2026,Cecilia Lima,Morro Ferreira,Nova Suíça,Barros,SC,Fluoxetina 50mg - 30 Comprimidos - Bayer,Saúde Bucal
149.73,1,2025-05-13,Tuesday  ,13,5,2,2025,Sra. Cecilia Gomes,Vale Cavalcanti,Buritis,Duarte,AL,Condicionador Hidratação Vichy FPS 50,Saúde Bucal
297.12,4,2025-12-07,Sunday   ,7,12,4,2025,Ana Julia Oliveira,Largo Manuela da Mota,Primeiro De Maio,da Paz das Flores,PR,Vacina contra Depressão - Reforço,Dermocosméticos
141.36,1,2026-02-04,Wednesday,4,2,1,2026,Sra. Bruna das Neves,Avenida de Caldeira,Xangri-Lá,Porto,GO,Clonazepam Xarope 120ml - EMS (Genérico),Vacinas
883.4,4,2025-11-05,Wednesday,5,11,4,2025,Pedro Henrique Aragão,Recanto Aurora Oliveira,Vila Nova Dos Milionarios,Mendes das Flores,AL,Água Micelar La Roche-Posay Tamanho M (40 un),Vitaminas e Suplementos
76.76,4,2024-12-25,Wednesday,25,12,4,2024,Ravy Aragão,Rua Ravi Lucca Carvalho,Cidade Jardim,Ferreira de Ferreira,AC,Nimesulida 1g - 10 Comprimidos - Eurofarma,Produtos Ortopédicos
178.68,3,2024-11-25,Monday   ,25,11,4,2024,João Gabriel Guerra,Jardim Isaac Fonseca,Jardim Montanhês,da Costa de Melo,AL,Vacina contra Câncer de Próstata - Dose Única,Dermocosméticos
594.16,4,2025-09-07,Sunday   ,7,9,3,2025,João Miguel Cunha,Morro de Fernandes,Conjunto Novo Dom Bosco,da Cunha,AM,Atenolol Gotas 20ml - Neo Química (Genérico),Nutrição Infantil
1110.1000000000001,5,2026-03-01,Sunday   ,1,3,1,2026,Pedro Henrique Cunha,Chácara Benjamim Rezende,Vila Trinta E Um De Março,Nogueira,PA,Losartana Potássica 500mg - 20 Comprimidos - EMS (Genérico),Genéricos
908.88,4,2024-10-01,Tuesday  ,1,10,4,2024,Isaac Jesus,Trecho de Guerra,Esplanada,Gonçalves do Sul,RO,Fluoxetina 500mg - 20 Comprimidos - Medley (Genérico),Dermocosméticos
629.04,4,2025-12-02,Tuesday  ,2,12,4,2025,Sr. Ian Guerra,Estrada de Pacheco,Marajó,Farias da Prata,RN,Atenolol 50mg - 30 Comprimidos - Medley (Genérico),Anti-inflamatórios
662.55,3,2026-03-14,Saturday ,14,3,1,2026,Eduardo Vasconcelos,Esplanada de Viana,João Alfredo,Moraes,DF,Água Micelar La Roche-Posay Tamanho M (40 un),Vitaminas e Suplementos
77.47,1,2024-12-09,Monday   ,9,12,4,2024,Noah Castro,Distrito de Gonçalves,Esperança,Ramos,AC,Curativos (Band-Aid) Huggies 150ml,Vitaminas e Suplementos
341.70000000000005,3,2026-04-21,Tuesday  ,21,4,2,2026,Eduardo Cassiano,Vereda de Vasconcelos,Bonfim,da Rocha Alegre,RJ,Shampoo Anticaspa Johnson's FPS 70,Dermocosméticos
983.9,5,2026-01-16,Friday   ,16,1,1,2026,Juliana Cavalcante,Chácara de Ramos,Vila Boa Vista,Albuquerque,MG,Vacina contra Cirrose - Reforço,Analgésicos
652.56,4,2026-07-05,Sunday   ,5,7,3,2026,Luísa Rios,Sítio Cunha,Pantanal,Melo,MA,Creme Dental Clear 50g,Antidepressivos
1143.7,5,2025-01-15,Wednesday,15,1,1,2025,Leandro Garcia,Conjunto Maria Isis Azevedo,Itaipu,Duarte,DF,Escitalopram Pomada 30g - Eurofarma,Anti-inflamatórios
437.49,3,2025-01-18,Saturday ,18,1,1,2025,Vicente Fogaça,Travessa de Rios,Mirtes,Freitas,RO,Enxaguante Bucal Nivea 90g,Antibióticos
661.41,3,2025-02-20,Thursday ,20,2,1,2025,Bento Campos,Largo Freitas,Vila Calafate,Rodrigues,TO,Sérum Vitamina C Huggies 50 Metros,Nutrição Infantil
675.42,3,2025-12-20,Saturday ,20,12,4,2025,Cecilia Guerra,Fazenda de da Paz,Candelaria,Lopes de Goiás,SE,Creme Hidratante Rexona 50 Metros,Saúde Bucal
97.52,2,2026-08-08,Saturday ,8,8,3,2026,Gustavo Silva,Sítio André Teixeira,Vila São João Batista,Vieira de Minas,MT,Clonazepam 50mg - 30 Comprimidos - Aché,Vitaminas e Suplementos
786.0500000000001,5,2025-01-29,Wednesday,29,1,1,2025,Vitor Hugo Azevedo,Recanto Agatha Freitas,Custodinha,Rocha das Pedras,AP,Vacina contra Psoríase - Dose Única,Higiene Pessoal
259.24,4,2024-11-10,Sunday   ,10,11,4,2024,Luiz Henrique da Mata,Esplanada Eduarda Cunha,Horto Florestal,Duarte,AL,Vacina contra Hipotensão - Reforço,Antidepressivos
164.85,1,2026-01-05,Monday   ,5,1,1,2026,Sr. José Miguel Pimenta,Distrito de Marques,Coração Eucarístico,Cavalcanti de Correia,SP,Escitalopram 500mg - 20 Comprimidos - Bayer,Produtos Ortopédicos
1034.2,5,2025-10-25,Saturday ,25,10,4,2025,Samuel Teixeira,Campo Henry Gabriel Nunes,Santa Terezinha,das Neves,MT,Paracetamol 25mg - 30 Comprimidos - Aché,Antibióticos
992.2,5,2025-11-02,Sunday   ,2,11,4,2025,Carlos Eduardo Nascimento,Lago Barbosa,Vila Nova Paraíso,Macedo de Martins,PR,Metformina 1g - 10 Comprimidos - Medley (Genérico),Antitérmicos
122.32,4,2025-10-15,Wednesday,15,10,4,2025,Ana Lívia Ferreira,Praça Vargas,Jardim Vitoria,Cavalcante,RR,Fralda Descartável Colgate 50 Metros,Antidepressivos
175.24,4,2026-08-04,Tuesday  ,4,8,3,2026,Sra. Ayla Garcia,Esplanada de da Rosa,Jatobá,da Costa de Melo,AL,Lenço Umedecido Colgate FPS 50,Analgésicos
883.4,4,2026-04-24,Friday   ,24,4,2,2026,Emilly Araújo,Distrito de Marques,Alta Tensão 1ª Seção,Barbosa,CE,Água Micelar La Roche-Posay Tamanho M (40 un),Vitaminas e Suplementos
539.52,4,2025-03-31,Monday   ,31,3,1,2025,Manuella Camargo,Campo Borges,Fazendinha,Rocha,RS,Pomada para Assaduras G-Tech FPS 50,Higiene Pessoal
115.42,1,2025-10-25,Saturday ,25,10,4,2025,Otávio Freitas,Passarela Larissa Lopes,Vila Nova Gameleira 3ª Seção,Cavalcante,RR,Creme Dental Sempre Livre FPS 50,Analgésicos
909.88,4,2024-09-16,Monday   ,16,9,3,2024,Enzo Pereira,Rodovia Rocha,São Gonçalo,Albuquerque,MG,Absorvente com Abas Rexona FPS 70,Fitoterápicos
291.68,2,2025-08-09,Saturday ,9,8,3,2025,Dra. Cecilia Aragão,Campo Maria Isis Barros,Nossa Senhora Da Aparecida,Sá,RR,Paracetamol 500mg - 20 Comprimidos - Neo Química (Genérico),Homeopatia
719.35,5,2025-11-21,Friday   ,21,11,4,2025,Luiz Felipe Albuquerque,Ladeira da Paz,Minas Caixa,Rios do Oeste,AP,Creme Hidratante Dove 400ml,Higiene Pessoal
256.34,2,2026-03-27,Friday   ,27,3,1,2026,Ana Clara da Conceição,Feira Pinto,Tirol,da Cunha,AM,Losartana Potássica Gotas 20ml - Aché,Antidepressivos
136,5,2025-01-29,Wednesday,29,1,1,2025,Isabelly Abreu,Distrito Carvalho,Santa Tereza,Porto,GO,Condicionador Hidratação Rexona 90g,Vitaminas e Suplementos
686.22,3,2026-05-04,Monday   ,4,5,2,2026,Caroline da Rosa,Núcleo de Cavalcanti,Vila São Francisco,Oliveira Verde,CE,Escitalopram Pomada 30g - Eurofarma,Anti-inflamatórios
179.55,1,2025-09-10,Wednesday,10,9,3,2025,Yan Garcia,Passarela José Miguel Pinto,Nova Granada,da Paz de Sampaio,PE,Paracetamol 1g - 10 Comprimidos - Aché,Primeiros Socorros
358.75,5,2025-10-07,Tuesday  ,7,10,4,2025,Srta. Elisa Mendes,Distrito de Vieira,Braúnas,Ferreira de Sampaio,PB,Vacina contra Cirrose - Dose Única,Aparelhos Médicos
449.34000000000003,3,2025-07-15,Tuesday  ,15,7,3,2025,João Lucas Santos,Viaduto de Farias,Vila Real 1ª Seção,Borges,PA,Metformina 500mg - 20 Comprimidos - Eurofarma,Primeiros Socorros
630.5699999999999,3,2024-11-01,Friday   ,1,11,4,2024,Srta. Marina Cunha,Alameda Brenda Martins,São Benedito,Albuquerque de Brito,GO,Dipirona Sódica Pomada 30g - Bayer,Antidepressivos
729.1500000000001,5,2025-07-22,Tuesday  ,22,7,3,2025,Cecilia Barbosa,Distrito de Nascimento,Paquetá,Moraes,DF,Enxaguante Bucal Nivea 90g,Antibióticos
524.8,5,2026-06-03,Wednesday,3,6,2,2026,Sofia Garcia,Passarela Camargo,Madri,Costela do Oeste,MA,Desodorante Aerosol Nivea 200ml,Primeiros Socorros
30.900000000000002,3,2026-08-02,Sunday   ,2,8,3,2026,Maria Luísa da Cunha,Ladeira Câmara,Esplanada,Gonçalves das Pedras,PR,Água Micelar Nivea 500ml,Homeopatia
859.8,4,2024-12-16,Monday   ,16,12,4,2024,Gael Pacheco,Pátio Enrico Almeida,Vila Nova Gameleira 2ª Seção,Azevedo de Minas,RJ,Hidroclorotiazida 1g - 10 Comprimidos - Aché,Analgésicos
164.27,1,2024-11-28,Thursday ,28,11,4,2024,Aurora Macedo,Feira Dante Mendes,Granja De Freitas,Fogaça Alegre,PR,Azitromicina Gotas 20ml - Aché,Primeiros Socorros
274.6,4,2026-07-28,Tuesday  ,28,7,3,2026,Samuel Teixeira,Campo Henry Gabriel Nunes,Santa Terezinha,das Neves,MT,Fralda Descartável Vichy 400ml,Produtos Ortopédicos
666.0600000000001,3,2025-12-10,Wednesday,10,12,4,2025,Dr. Mathias Araújo,Morro de Novaes,Cabana Do Pai Tomás,da Costa de Melo,AL,Losartana Potássica 500mg - 20 Comprimidos - EMS (Genérico),Genéricos
116.42,1,2025-05-16,Friday   ,16,5,2,2025,Josué Lima,Aeroporto Macedo,Santa Rosa,Pastor,AP,Fralda Descartável Aptamil 50 Metros,Dermocosméticos
224.1,1,2026-02-17,Tuesday  ,17,2,1,2026,Bruna Sales,Lagoa de Cavalcante,Novo Tupi,Cavalcanti,AL,Água Micelar Needs FPS 50,Genéricos
921.08,4,2026-05-28,Thursday ,28,5,2,2026,Maitê Souza,Aeroporto de Sá,Barão Homem De Melo 2ª Seção,Montenegro,SC,Vacina contra Alzheimer - Reforço,Nutrição Infantil
231.64,1,2024-12-28,Saturday ,28,12,4,2024,Caio Barbosa,Lago de Pacheco,Vila Madre Gertrudes 4ª Seção,Barbosa,CE,Diclofenaco 1g - 10 Comprimidos - Eurofarma,Anti-inflamatórios
426.32,4,2026-04-02,Thursday ,2,4,2,2026,Srta. Kamilly Aragão,Viela Martins,Bonfim,Cardoso,RO,Água Micelar Colgate 50g,Fitoterápicos
105.69,3,2026-05-08,Friday   ,8,5,2,2026,Sofia Andrade,Jardim de Cavalcanti,Conjunto Santa Maria,Albuquerque das Flores,RN,Condicionador Hidratação G-Tech Tamanho G (32 un),Analgésicos
67.46,2,2026-05-09,Saturday ,9,5,2,2026,Dra. Ayla Borges,Chácara Heloisa da Paz,Vila Satélite,Ferreira de Sampaio,PB,Paracetamol Xarope 120ml - Neo Química (Genérico),Higiene Pessoal
50.8,2,2025-09-14,Sunday   ,14,9,3,2025,Mariah Cardoso,Distrito Kevin Guerra,Itapoa,Lopes dos Dourados,PB,Curativos (Band-Aid) Vichy FPS 70,Fraldas e Infantis
57.16,4,2026-01-07,Wednesday,7,1,1,2026,Sra. Eduarda Leão,Lago de Martins,São Vicente,Rios,AP,Enalapril Pomada 30g - Eurofarma,Anti-inflamatórios
346.64,2,2024-11-09,Saturday ,9,11,4,2024,Paulo Novais,Praia Leão,Mangabeiras,Araújo,MS,Vacina contra Diabetes Tipo 1 - Dose Única,Antidepressivos
230.8,4,2026-04-04,Saturday ,4,4,2,2026,Pietro Pastor,Morro Viana,Vila Madre Gertrudes 4ª Seção,Câmara do Galho,RO,Pantoprazol Xarope 120ml - Aché,Nutrição Infantil
640.8499999999999,5,2025-10-05,Sunday   ,5,10,4,2025,Srta. Heloísa da Cruz,Via de Moreira,Vila Maria,Cavalcante,RR,Losartana Potássica Gotas 20ml - Aché,Antidepressivos
705.52,4,2025-05-18,Sunday   ,18,5,2,2025,Davi Miguel Moreira,Travessa Costela,Cruzeiro,da Rosa,AP,Shampoo Anticaspa Clear 90g,Antitérmicos
136.12,4,2025-09-24,Wednesday,24,9,3,2025,Eloah Caldeira,Campo Vargas,Vila São João Batista,Vargas,AL,Pantoprazol Suspensão Oral 50ml - Neo Química (Genérico),Vitaminas e Suplementos
159.24,4,2025-02-19,Wednesday,19,2,1,2025,Mariah Nunes,Condomínio Rezende,Grotinha,Araújo da Prata,RR,Tadalafila 25mg - 30 Comprimidos - Aché,Antitérmicos
176.46,1,2026-04-14,Tuesday  ,14,4,2,2026,Mariane Castro,Feira de da Mata,Vila Da Ária,Barros,SC,Sabonete Líquido CeraVe 500ml,Fitoterápicos
1194.85,5,2024-11-03,Sunday   ,3,11,4,2024,Luiz Felipe Casa Grande,Fazenda Ferreira,Bom Jesus,Pastor,MG,Nimesulida 25mg - 30 Comprimidos - Aché,Dermocosméticos
657.5999999999999,3,2026-05-04,Monday   ,4,5,2,2026,Antônio Garcia,Rodovia de da Conceição,Nova Suíça,Pires,AM,Cefalexina 500mg - 20 Comprimidos - Bayer,Antialérgicos
680.91,3,2024-12-15,Sunday   ,15,12,4,2024,Henry Dias,Área Pimenta,Cidade Jardim Taquaril,Lopes de Goiás,SE,Fluoxetina 50mg - 30 Comprimidos - EMS (Genérico),Vitaminas e Suplementos
219.26,1,2025-01-18,Saturday ,18,1,1,2025,Josué Viana,Travessa de Souza,Alta Tensão 2ª Seção,Fonseca de Cavalcante,AP,Dipirona Sódica Pomada 30g - Medley (Genérico),Saúde Bucal
160.77,1,2025-05-26,Monday   ,26,5,2,2025,Raquel Cavalcanti,Morro Moraes,Alto Caiçaras,da Rocha da Prata,RN,Vacina contra Hepatite A - Dose Única,Analgésicos
152.73,3,2024-11-26,Tuesday  ,26,11,4,2024,Apollo Aparecida,Área Maria Eduarda Vargas,Barão Homem De Melo 1ª Seção,Dias,RR,Nimesulida Xarope 120ml - Medley (Genérico),Antidepressivos
162.46,1,2026-01-05,Monday   ,5,1,1,2026,Ana Lívia Ferreira,Praça Vargas,Jardim Vitoria,Cavalcante,RR,Protetor Solar Corporal Sempre Livre 50 Metros,Aparelhos Médicos
312.4,4,2024-09-20,Friday   ,20,9,3,2024,Augusto Novaes,Núcleo Vieira,Nova America,Gomes,AM,Diclofenaco Pomada 30g - Medley (Genérico),Dermocosméticos
198.44,1,2026-05-06,Wednesday,6,5,2,2026,Dra. Clarice Peixoto,Ladeira Duarte,Jardim Do Vale,Brito,MS,Metformina 1g - 10 Comprimidos - Medley (Genérico),Antitérmicos
344.70000000000005,3,2026-03-27,Friday   ,27,3,1,2026,Dr. Cauã Mendes,Lagoa de Barros,Petropolis,Duarte,DF,Creme Hidratante Listerine 90g,Homeopatia
676.16,4,2025-11-04,Tuesday  ,4,11,4,2025,Dr. Luiz Felipe Fogaça,Estrada de Moreira,Padre Eustáquio,Porto,GO,Diclofenaco 25mg - 30 Comprimidos - Medley (Genérico),Dermocosméticos
62.91,3,2025-11-01,Saturday ,1,11,4,2025,Ravi da Costa,Setor Benício Gonçalves,Vila Santa Monica 2ª Seção,Barbosa,DF,Fralda Descartável Nivea FPS 70,Homeopatia
49.43,1,2026-05-18,Monday   ,18,5,2,2026,Pedro Nunes,Praça de Barbosa,Vale Do Jatoba,Câmara do Galho,RO,Cefalexina Pomada 30g - Aché,Anti-inflamatórios
827.36,4,2025-02-28,Friday   ,28,2,1,2025,Matheus Brito,Avenida da Conceição,Rio Branco,Duarte Verde,RO,Paracetamol 25mg - 30 Comprimidos - Aché,Antibióticos
245.37,3,2025-12-15,Monday   ,15,12,4,2025,Enzo Martins,Feira Manuela Sampaio,Vila Da Paz,Brito,MT,Vacina contra Hipertireoidismo - Reforço,Antidepressivos
173.32,1,2026-09-09,Wednesday,9,9,3,2026,Sr. Thomas Vasconcelos,Viela Pedro Miguel da Paz,Maria Tereza,Cardoso,AL,Vacina contra Diabetes Tipo 1 - Dose Única,Antidepressivos
618.96,4,2026-04-27,Monday   ,27,4,2,2026,Esther Machado,Vila Lucca Jesus,Cidade Jardim Taquaril,Nunes,SE,Escitalopram 1g - 10 Comprimidos - Medley (Genérico),Aparelhos Médicos
10.48,1,2025-11-10,Monday   ,10,11,4,2025,Nathan Sousa,Alameda Helena da Mota,Jonas Veiga,da Conceição,DF,Condicionador Hidratação Vichy 90g,Vacinas
126.2,1,2026-01-01,Thursday ,1,1,1,2026,Francisco Pinto,Morro João Miguel Andrade,São Luiz,Cassiano,SE,Pantoprazol 1g - 10 Comprimidos - Medley (Genérico),Analgésicos
699.63,3,2025-02-14,Friday   ,14,2,1,2025,Gustavo Henrique Campos,Avenida Cecilia Garcia,Alto Caiçaras,Lopes dos Dourados,PB,Vacina contra Epilepsia - Dose Única,Fitoterápicos
772.88,4,2025-12-18,Thursday ,18,12,4,2025,Isaac Jesus,Trecho de Guerra,Esplanada,Gonçalves do Sul,RO,Atenolol 25mg - 30 Comprimidos - Aché,Higiene Pessoal
505.56000000000006,3,2024-12-29,Sunday   ,29,12,4,2024,Dra. Laís Andrade,Praça Maria Alice Aparecida,Conjunto Novo Dom Bosco,Moura,SP,Creme Hidratante Johnson's Tamanho G (32 un),Antibióticos
763.04,4,2024-11-07,Thursday ,7,11,4,2024,Alana Duarte,Favela Castro,Gutierrez,Albuquerque de Brito,GO,Vacina contra Melanoma - Reforço,Antialérgicos
126.21000000000001,3,2024-09-13,Friday   ,13,9,3,2024,Marcelo Santos,Residencial Evelyn Monteiro,Vila Das Oliveiras,Rios do Oeste,AP,Pantoprazol Xarope 120ml - Eurofarma,Cuidados com o Cabelo
368.67,3,2025-01-11,Saturday ,11,1,1,2025,Olivia Câmara,Viaduto de Pires,Vila São Rafael,Duarte,MA,Paracetamol 50mg - 30 Comprimidos - Medley (Genérico),Nutrição Infantil
1049.4,5,2024-10-29,Tuesday  ,29,10,4,2024,Levi Câmara,Favela de Mendes,Funcionários,Nascimento de Azevedo,GO,Losartana Potássica Pomada 30g - Neo Química (Genérico),Dermocosméticos
130.98,3,2025-06-11,Wednesday,11,6,2,2025,Luiz Gustavo Gonçalves,Aeroporto Nogueira,Chácara Leonina,Almeida Grande,AP,Hidroclorotiazida Gotas 20ml - Medley (Genérico),Aparelhos Médicos
1173.9,5,2026-04-04,Saturday ,4,4,2,2026,Gael Ramos,Setor de Peixoto,Cidade Jardim,Melo,MA,Sabonete em Barra G-Tech 90g,Antibióticos
519.7,5,2025-06-09,Monday   ,9,6,2,2025,Maria Fernanda Rodrigues,Passarela Castro,Tirol,Pires,PE,Clonazepam 500mg - 20 Comprimidos - Medley (Genérico),Dermocosméticos
154.88,1,2024-11-10,Sunday   ,10,11,4,2024,Letícia Costa,Sítio Bruno Moreira,Graça,Barros,TO,Tadalafila 25mg - 30 Comprimidos - Neo Química (Genérico),Saúde Bucal
331.14,2,2025-09-08,Monday   ,8,9,3,2025,João Gabriel Garcia,Fazenda Aragão,Jaqueline,Fogaça do Amparo,PB,Clonazepam Pomada 30g - Aché,Fraldas e Infantis
84.72,4,2025-10-21,Tuesday  ,21,10,4,2025,Mathias Freitas,Rua Luiz Gustavo Viana,Jardim Alvorada,Cassiano,SE,Nimesulida 25mg - 30 Comprimidos - Bayer,Antitérmicos
438.1,5,2026-06-07,Sunday   ,7,6,2,2026,Bella Sampaio,Avenida Pacheco,Marieta 3ª Seção,Monteiro,AP,Sildenafila 25mg - 30 Comprimidos - Medley (Genérico),Antialérgicos
902.5,5,2024-09-19,Thursday ,19,9,3,2024,Emilly Costela,Passarela Monteiro,Conjunto Califórnia I,Siqueira do Norte,RO,Enalapril 50mg - 30 Comprimidos - Eurofarma,Analgésicos
95.24,2,2026-06-28,Sunday   ,28,6,2,2026,João Miguel Cunha,Morro de Fernandes,Conjunto Novo Dom Bosco,da Cunha,AM,Vacina contra Câncer de Mama - Dose Única,Cuidados com o Cabelo
106.32,3,2025-08-05,Tuesday  ,5,8,3,2025,Enzo Pereira,Rodovia Rocha,São Gonçalo,Albuquerque,MG,Nimesulida Xarope 120ml - Eurofarma,Dermocosméticos
615.8100000000001,3,2025-01-06,Monday   ,6,1,1,2025,Otto Montenegro,Largo Borges,Monte Azul,Moura,SP,Vacina contra Epilepsia - Reforço,Antitérmicos
199.78,1,2025-06-10,Tuesday  ,10,6,2,2025,Danilo Cunha,Vale Novais,Vila Nova Cachoeirinha 2ª Seção,Pires,AM,Loratadina Xarope 120ml - EMS (Genérico),Homeopatia
732.72,3,2025-04-27,Sunday   ,27,4,2,2025,Luiz Felipe Casa Grande,Fazenda Ferreira,Bom Jesus,Pastor,MG,Sinvastatina Gotas 20ml - Medley (Genérico),Dermocosméticos
626.73,3,2024-12-08,Sunday   ,8,12,4,2024,João Pedro Barbosa,Sítio de Cunha,Alto Dos Pinheiros,da Mata de Pereira,RR,Hastes Flexíveis (Cotonetes) Huggies 150ml,Antibióticos
44.14,2,2025-06-19,Thursday ,19,6,2,2025,Bruna Cassiano,Conjunto de da Paz,São Jorge 1ª Seção,Jesus,ES,Azitromicina 500mg - 20 Comprimidos - Neo Química (Genérico),Antitérmicos
247.15,5,2026-02-06,Friday   ,6,2,1,2026,Diego das Neves,Viela da Paz,Vila Santa Rosa,Souza,ES,Cefalexina Pomada 30g - Aché,Anti-inflamatórios
515.4300000000001,3,2024-12-17,Tuesday  ,17,12,4,2024,Oliver Jesus,Lago Melo,Rio Branco,Alves,BA,Enxaguante Bucal Sempre Livre 400ml,Genéricos
54.4,2,2025-12-27,Saturday ,27,12,4,2025,Marcela da Cruz,Campo Santos,Belmonte,Siqueira do Amparo,BA,Condicionador Hidratação Rexona 90g,Vitaminas e Suplementos
113.08,4,2025-01-27,Monday   ,27,1,1,2025,Sra. Yasmin Fogaça,Sítio Vasconcelos,Jardim Atlântico,Sousa,TO,Soro Fisiológico Bepantol Tamanho M (40 un),Analgésicos
253,4,2026-03-31,Tuesday  ,31,3,1,2026,Amanda Monteiro,Conjunto de Barros,Tupi B,Duarte,DF,Curativos (Band-Aid) La Roche-Posay 400ml,Antibióticos
142.84,1,2025-10-02,Thursday ,2,10,4,2025,Asafe Barbosa,Viaduto Alves,Alta Tensão 2ª Seção,Macedo do Sul,DF,Losartana Potássica Gotas 20ml - Neo Química (Genérico),Analgésicos
144.04,2,2024-09-18,Wednesday,18,9,3,2024,Clara Andrade,Vereda Ana Luiza da Paz,Monte Azul,Montenegro,SC,Cefalexina Gotas 20ml - Eurofarma,Saúde Bucal
641.4000000000001,3,2025-07-08,Tuesday  ,8,7,3,2025,Ísis Casa Grande,Lago de Mendes,Camponesa 1ª Seção,Caldeira,SE,Hidroclorotiazida 500mg - 20 Comprimidos - Eurofarma,Anti-inflamatórios
469.96,2,2025-10-14,Tuesday  ,14,10,4,2025,Luana Cardoso,Vila Maria Eduarda da Luz,João Pinheiro,Moura,BA,Enalapril Gotas 20ml - Bayer,Antitérmicos
371.9,2,2025-12-15,Monday   ,15,12,4,2025,Erick Fonseca,Travessa João Miguel Peixoto,Vila São Paulo,Cirino,RJ,Soro Fisiológico Panvel 200ml,Dermocosméticos
61.16,2,2025-08-11,Monday   ,11,8,3,2025,Benjamim Pires,Aeroporto de da Cruz,Chácara Leonina,Nunes,AC,Fralda Descartável Colgate 50 Metros,Antidepressivos
1188.15,5,2024-10-23,Wednesday,23,10,4,2024,Sra. Yasmin Fogaça,Sítio Vasconcelos,Jardim Atlântico,Sousa,TO,Vacina contra Arritmia - Reforço,Analgésicos
1228.95,5,2026-03-09,Monday   ,9,3,1,2026,Emilly Araújo,Distrito de Marques,Alta Tensão 1ª Seção,Barbosa,CE,Diclofenaco 500mg - 20 Comprimidos - Neo Química (Genérico),Antidepressivos
360.12,4,2024-12-29,Sunday   ,29,12,4,2024,Srta. Elisa Almeida,Parque Nina Costa,Silveira,Castro,CE,Sérum Vitamina C Needs FPS 50,Vitaminas e Suplementos
18.84,3,2025-12-22,Monday   ,22,12,4,2025,Diogo Casa Grande,Condomínio Aurora Cardoso,Vila Copasa,Brito Alegre,MS,Sinvastatina 1g - 10 Comprimidos - Eurofarma,Antidepressivos
444.84000000000003,3,2026-04-07,Tuesday  ,7,4,2,2026,Ana Clara da Conceição,Feira Pinto,Tirol,da Cunha,AM,Pantoprazol 50mg - 30 Comprimidos - Bayer,Saúde Bucal
972.3000000000001,5,2025-09-09,Tuesday  ,9,9,3,2025,Antony Garcia,Feira Albuquerque,São Jorge 1ª Seção,Andrade Alegre,DF,Clonazepam Suspensão Oral 50ml - Medley (Genérico),Vitaminas e Suplementos
357.94,2,2026-04-03,Friday   ,3,4,2,2026,Dr. Arthur Miguel Machado,Aeroporto de Pacheco,Santa Monica,Montenegro,SC,Losartana Potássica 500mg - 20 Comprimidos - Neo Química (Genérico),Aparelhos Médicos
787.76,4,2025-03-01,Saturday ,1,3,1,2025,Luiza da Cruz,Largo Alícia Cassiano,Vila Nova,Azevedo de Leão,MS,Desodorante Aerosol G-Tech 150ml,Antidepressivos
220.47,1,2024-10-07,Monday   ,7,10,4,2024,Ana Lívia Cardoso,Jardim de Costa,Santa Cecilia,Almeida das Pedras,PI,Sérum Vitamina C Huggies 50 Metros,Nutrição Infantil
136.6,5,2025-08-19,Tuesday  ,19,8,3,2025,Helena Barbosa,Lago Sousa,Mariano De Abreu,Vieira de Minas,PB,Sabonete Líquido Vichy 500ml,Antitérmicos
133.1,2,2025-07-29,Tuesday  ,29,7,3,2025,Dra. Isabel Cavalcanti,Feira de Vargas,Bela Vitoria,Souza,ES,Ibuprofeno 1g - 10 Comprimidos - Bayer,Anti-inflamatórios
411.66,2,2025-07-27,Sunday   ,27,7,3,2025,Srta. Júlia Cassiano,Pátio Cunha,Penha,da Mota de Oliveira,RS,Curativos (Band-Aid) Mió 200ml,Produtos Ortopédicos
131.25,3,2025-09-21,Sunday   ,21,9,3,2025,Gael Pereira,Colônia Sarah Jesus,Barão Homem De Melo 2ª Seção,Rios,ES,Escitalopram 1g - 10 Comprimidos - Aché,Primeiros Socorros
181.24,2,2025-06-22,Sunday   ,22,6,2,2025,Jade Rios,Fazenda de Azevedo,Santo Agostinho,Vieira de Minas,MT,Amoxicilina Suspensão Oral 50ml - EMS (Genérico),Vacinas
156.56,2,2025-12-14,Sunday   ,14,12,4,2025,Nathan Sousa,Alameda Helena da Mota,Jonas Veiga,da Conceição,DF,Sinvastatina Xarope 120ml - EMS (Genérico),Antitérmicos
66.55,1,2026-05-24,Sunday   ,24,5,2,2026,Bianca Andrade,Favela Moraes,Universitário,Gonçalves do Sul,RO,Ibuprofeno 1g - 10 Comprimidos - Bayer,Anti-inflamatórios
1000.6,5,2026-07-25,Saturday ,25,7,3,2026,Helena Carvalho,Parque de Costela,Braúnas,Borges,BA,Vacina contra Artrite - Dose Única,Produtos Ortopédicos
158.5,2,2026-04-03,Friday   ,3,4,2,2026,Maria Luiza Borges,Lago da Luz,Universitário,Câmara de Casa Grande,AM,Diclofenaco Pomada 30g - EMS (Genérico),Produtos Ortopédicos
23.18,2,2024-11-26,Tuesday  ,26,11,4,2024,Samuel Câmara,Recanto Luiz Gustavo Freitas,Vila Batik,Casa Grande,AC,Sildenafila 500mg - 20 Comprimidos - Eurofarma,Analgésicos
574.48,4,2025-05-28,Wednesday,28,5,2,2025,Srta. Kamilly Aragão,Viela Martins,Bonfim,Cardoso,RO,Protetor Solar Corporal La Roche-Posay 90g,Aparelhos Médicos
176.34,2,2025-10-05,Sunday   ,5,10,4,2025,Sra. Eloá Sousa,Lago de da Rosa,Vila Pinho,Araújo,MS,Curativos (Band-Aid) CeraVe 200ml,Nutrição Infantil
116.19999999999999,5,2026-07-27,Monday   ,27,7,3,2026,Maria Laura Dias,Recanto Guerra,Conjunto Lagoa,Siqueira do Norte,RO,Diclofenaco Suspensão Oral 50ml - Eurofarma,Higiene Pessoal
448.2,2,2024-10-05,Saturday ,5,10,4,2024,Nicolas da Mota,Parque Almeida,Nova Suíça,da Mata dos Dourados,PR,Água Micelar Needs FPS 50,Genéricos
699.24,3,2025-03-30,Sunday   ,30,3,1,2025,Zoe Costela,Esplanada Danilo Mendes,Sport Club,das Neves,MT,Omeprazol 50mg - 30 Comprimidos - Neo Química (Genérico),Anti-inflamatórios
72.85,5,2026-09-03,Thursday ,3,9,3,2026,Maria Luiza das Neves,Ladeira de Rocha,Diamante,Duarte,MA,Cefalexina 500mg - 20 Comprimidos - Neo Química (Genérico),Produtos Ortopédicos
259.94,2,2025-04-17,Thursday ,17,4,2,2025,Gael Pastor,Parque da Cruz,Flavio De Oliveira,Oliveira Verde,CE,Losartana Potássica Pomada 30g - Medley (Genérico),Antialérgicos
36.86,2,2026-04-19,Sunday   ,19,4,2,2026,Nicolas Moura,Sítio da Luz,Planalto,da Luz de Ramos,SC,Cefalexina 50mg - 30 Comprimidos - EMS (Genérico),Antitérmicos
158.38,1,2026-04-30,Thursday ,30,4,2,2026,Gael Albuquerque,Chácara Ana Carolina Ribeiro,Bom Jesus,Câmara de Casa Grande,AM,Vacina contra Hipertensão - Reforço,Antibióticos
321.54,2,2026-06-27,Saturday ,27,6,2,2026,João Felipe Silveira,Aeroporto Fernandes,Camponesa 1ª Seção,Sampaio das Flores,CE,Vacina contra Hepatite A - Dose Única,Analgésicos
977.48,4,2026-02-16,Monday   ,16,2,1,2026,Ester Souza,Setor Luiz Otávio Vieira,Tirol,Martins do Amparo,ES,Shampoo Anticaspa CeraVe 500ml,Saúde Bucal
92.15,5,2025-10-27,Monday   ,27,10,4,2025,Isabel Farias,Ladeira de Cavalcante,Jaqueline,Marques Alegre,AL,Cefalexina 50mg - 30 Comprimidos - EMS (Genérico),Antitérmicos
135.36,4,2025-04-27,Sunday   ,27,4,2,2025,Ana Clara Ferreira,Feira Sales,São João Batista,da Costa do Galho,CE,Enalapril 500mg - 20 Comprimidos - Eurofarma,Anti-inflamatórios
270.48,4,2024-12-13,Friday   ,13,12,4,2024,Otto Guerra,Distrito Machado,Minaslandia,Sousa,TO,Vacina contra Osteoporose - Dose Única,Nutrição Infantil
827.8499999999999,5,2025-05-26,Monday   ,26,5,2,2025,Ravi Lucca da Conceição,Morro Rezende,Universo,Duarte,AL,Clonazepam Pomada 30g - Aché,Fraldas e Infantis
22.26,2,2026-05-18,Monday   ,18,5,2,2026,Amanda Monteiro,Conjunto de Barros,Tupi B,Duarte,DF,Enalapril Suspensão Oral 50ml - Neo Química (Genérico),Cuidados com o Cabelo
727.52,4,2025-11-15,Saturday ,15,11,4,2025,Clara Borges,Pátio de Albuquerque,Pilar,Câmara de Casa Grande,AM,Azitromicina Suspensão Oral 50ml - Neo Química (Genérico),Vacinas
136.12,4,2025-11-14,Friday   ,14,11,4,2025,Sabrina Brito,Trevo Ana Julia Sá,Vale Do Jatoba,da Costa,PE,Pantoprazol Suspensão Oral 50ml - Neo Química (Genérico),Vitaminas e Suplementos
233.52,1,2025-05-25,Sunday   ,25,5,2,2025,Isabel Aragão,Lago de Martins,Marmiteiros,Brito,MS,Creme Hidratante Colgate 150ml,Anti-inflamatórios
140.05,5,2026-08-18,Tuesday  ,18,8,3,2026,Bianca Andrade,Lago de Martins,Lajedo,Carvalho,MT,Vacina contra Hepatite C - Dose Única,Cuidados com o Cabelo
481.16,4,2025-03-09,Sunday   ,9,3,1,2025,Agatha da Mota,Área Andrade,Lagoinha,Nunes,SE,Dipirona Sódica Xarope 120ml - Medley (Genérico),Nutrição Infantil
6.19,1,2024-12-09,Monday   ,9,12,4,2024,Paulo Rodrigues,Recanto de Gonçalves,Itaipu,Ribeiro,RS,Tadalafila 1g - 10 Comprimidos - Aché,Primeiros Socorros
152.89999999999998,5,2024-09-16,Monday   ,16,9,3,2024,Sr. Murilo Macedo,Chácara de Teixeira,Das Industrias I,Aragão da Serra,MT,Fralda Descartável Colgate 50 Metros,Antidepressivos
323.12,2,2026-01-10,Saturday ,10,1,1,2026,Otto Barbosa,Parque Ana Luiza Sampaio,João Pinheiro,Machado,PB,Soro Fisiológico Nivea 50 Metros,Homeopatia
174.96,2,2025-07-07,Monday   ,7,7,3,2025,João Lucas Caldeira,Setor de Farias,São Gabriel,Borges,BA,Fralda Descartável Aptamil 200ml,Anti-inflamatórios
667.53,3,2025-03-20,Thursday ,20,3,1,2025,Cauê Fonseca,Parque Sales,Carlos Prates,Sales,PE,Pomada para Assaduras Needs FPS 50,Antialérgicos
35.23,1,2025-03-23,Sunday   ,23,3,1,2025,Matheus Jesus,Parque Isabela da Conceição,Aparecida,Silveira,BA,Condicionador Hidratação G-Tech Tamanho G (32 un),Analgésicos
445.82,2,2024-10-27,Sunday   ,27,10,4,2024,Amanda Pimenta,Conjunto de Casa Grande,Grota,Jesus,ES,Nimesulida Suspensão Oral 50ml - Medley (Genérico),Saúde Bucal
459.7,2,2024-12-19,Thursday ,19,12,4,2024,Elisa Brito,Praia Maria Julia Cavalcanti,Ribeiro De Abreu,Moraes do Galho,PA,Álcool em Gel 70% CeraVe 150ml,Genéricos
99.39000000000001,3,2026-05-28,Thursday ,28,5,2,2026,Sra. Ana Lívia Porto,Passarela da Rosa,Palmeiras,Sá,RR,Creme Hidratante Colgate 50g,Antibióticos
1141.3,5,2026-06-17,Wednesday,17,6,2,2026,Srta. Stella Araújo,Quadra de Sampaio,Santa Amelia,Pacheco,RR,Curativos (Band-Aid) Pampers 400ml,Aparelhos Médicos
557.5500000000001,5,2025-06-18,Wednesday,18,6,2,2025,Dra. Luana Jesus,Fazenda Maria Cecília da Luz,Palmeiras,Cassiano,SE,Vacina contra Insuficiência Renal - Reforço,Fitoterápicos
345.34,2,2025-01-09,Thursday ,9,1,1,2025,Rafael Ribeiro,Quadra Fogaça,Novo Das Industrias,Monteiro,AP,Escitalopram 25mg - 30 Comprimidos - EMS (Genérico),Homeopatia
784.3000000000001,5,2025-02-17,Monday   ,17,2,1,2025,Cauã da Cunha,Jardim Yago Duarte,Vila Batik,Silveira das Flores,PE,Vacina contra Hepatite C - Reforço,Nutrição Infantil
690.8100000000001,3,2024-10-08,Tuesday  ,8,10,4,2024,Ravy Sampaio,Praia Ana Clara Guerra,Minas Brasil,da Conceição,DF,Vacina contra Alzheimer - Reforço,Nutrição Infantil
57.3,1,2026-08-02,Sunday   ,2,8,3,2026,João Miguel da Mata,Largo Davi Luiz Silva,Boa União 2ª Seção,Marques Alegre,AL,Pantoprazol Gotas 20ml - Eurofarma,Primeiros Socorros
159.46,2,2025-10-16,Thursday ,16,10,4,2025,Maria Fernanda Castro,Condomínio Cauã Brito,Vila Puc,Correia Grande,MA,Creme Dental Needs FPS 70,Antidepressivos
148.54,1,2025-05-10,Saturday ,10,5,2,2025,Ana Melo,Área Juan Macedo,Renascença,Silva de Minas,MA,Atenolol Gotas 20ml - Neo Química (Genérico),Nutrição Infantil
712.89,3,2024-12-18,Wednesday,18,12,4,2024,Mathias Silveira,Recanto da Paz,Beija Flor,Pereira,SP,Condicionador Hidratação Panvel Tamanho G (32 un),Nutrição Infantil
144.51,3,2026-09-13,Sunday   ,13,9,3,2026,Stephany Castro,Chácara Dom Freitas,Zilah Sposito,Montenegro,SC,Paracetamol Gotas 20ml - Bayer,Genéricos
20.02,2,2025-07-08,Tuesday  ,8,7,3,2025,Camila Martins,Ladeira Eduardo Novais,Serrano,Duarte Verde,RO,Tadalafila Gotas 20ml - Medley (Genérico),Aparelhos Médicos
27.4,4,2025-05-28,Wednesday,28,5,2,2025,Srta. Heloísa da Cruz,Via de Moreira,Vila Maria,Cavalcante,RR,Omeprazol 50mg - 30 Comprimidos - Bayer,Vitaminas e Suplementos
79,2,2025-09-13,Saturday ,13,9,3,2025,Benício Garcia,Alameda Gonçalves,Vitoria Da Conquista,Almeida das Pedras,PI,Vacina contra Esquizofrenia - Dose Única,Antialérgicos
84.03,3,2025-03-20,Thursday ,20,3,1,2025,Bianca Gonçalves,Núcleo de da Cruz,Lagoa,Cassiano do Oeste,PB,Vacina contra Hepatite C - Dose Única,Cuidados com o Cabelo
645.5,5,2025-10-29,Wednesday,29,10,4,2025,Isabel Lopes,Loteamento da Rocha,Santo Agostinho,Ferreira do Amparo,AC,Metformina 1g - 10 Comprimidos - Aché,Fraldas e Infantis
748.65,5,2026-06-08,Monday   ,8,6,2,2026,Sra. Clarice Fernandes,Viela de Silveira,Luxemburgo,Ferreira de Sampaio,PB,Condicionador Hidratação Vichy FPS 50,Saúde Bucal
1175.95,5,2025-01-12,Sunday   ,12,1,1,2025,Srta. Isabelly Borges,Campo de da Cruz,Vila Madre Gertrudes 4ª Seção,Duarte,PI,Leite em Pó Infantil Huggies 90g,Homeopatia
446.15000000000003,5,2024-11-24,Sunday   ,24,11,4,2024,João Mendonça,Via Julia Castro,Estrela Do Oriente,Cassiano,SE,Álcool em Gel 70% Mió 90g,Analgésicos
326.3,5,2024-09-13,Friday   ,13,9,3,2024,Dra. Ana Lívia da Mota,Residencial de da Cruz,Vila Nova Paraíso,Siqueira do Norte,RO,Hidroclorotiazida 1g - 10 Comprimidos - Medley (Genérico),Saúde Bucal
732.72,3,2025-01-19,Sunday   ,19,1,1,2025,Bárbara Oliveira,Fazenda Ramos,Mantiqueira,Macedo de Costa,RJ,Sinvastatina Gotas 20ml - Medley (Genérico),Dermocosméticos
200.12,1,2025-09-14,Sunday   ,14,9,3,2025,Bárbara Oliveira,Fazenda Ramos,Mantiqueira,Macedo de Costa,RJ,Vacina contra Artrite - Dose Única,Produtos Ortopédicos
1174.8999999999999,5,2025-06-10,Tuesday  ,10,6,2,2025,Esther Ramos,Travessa Hadassa Moura,Bonfim,Moura,PA,Enalapril Gotas 20ml - Bayer,Antitérmicos
234.7,5,2024-12-22,Sunday   ,22,12,4,2024,Brayan Aparecida,Parque Costa,Vila Ecológica,Ferreira,AM,Dipirona Sódica 50mg - 30 Comprimidos - EMS (Genérico),Saúde Bucal
128.72,1,2025-12-02,Tuesday  ,2,12,4,2025,Thomas Câmara,Chácara de Moraes,Vila São Dimas,da Paz das Flores,PR,Álcool em Gel 70% La Roche-Posay 50g,Antibióticos
301.16,2,2025-01-31,Friday   ,31,1,1,2025,Apollo Sousa,Rodovia de Dias,São José,Campos,PE,Ibuprofeno Xarope 120ml - Bayer,Higiene Pessoal
478.1,5,2025-04-16,Wednesday,16,4,2,2025,Raul Sampaio,Núcleo Carvalho,Vila Madre Gertrudes 1ª Seção,da Costa,PR,Sabonete em Barra Huggies 200ml,Antitérmicos
202.53,1,2026-05-28,Thursday ,28,5,2,2026,Sra. Cecília Gonçalves,Esplanada Leão,Belmonte,Almeida das Pedras,PI,Azitromicina 50mg - 30 Comprimidos - Medley (Genérico),Homeopatia
114.2,2,2025-11-16,Sunday   ,16,11,4,2025,Apollo Sousa,Rodovia de Dias,São José,Campos,PE,Tadalafila 500mg - 20 Comprimidos - Aché,Aparelhos Médicos
516,4,2026-05-06,Wednesday,6,5,2,2026,Pedro Miguel da Paz,Fazenda Barbosa,Vitoria Da Conquista,Rios,ES,Paracetamol 50mg - 30 Comprimidos - Bayer,Antibióticos
117.54,2,2026-03-08,Sunday   ,8,3,1,2026,João Vitor Costa,Condomínio Antony Farias,Liberdade,Sá,AC,Loratadina 1g - 10 Comprimidos - Neo Química (Genérico),Primeiros Socorros
651.48,4,2025-05-27,Tuesday  ,27,5,2,2025,Antony Nogueira,Rua de Monteiro,Acaiaca,Fonseca de Cavalcante,AP,Metformina 50mg - 30 Comprimidos - Bayer,Antialérgicos
651.8000000000001,5,2026-06-27,Saturday ,27,6,2,2026,Antonella Silva,Travessa Brito,Camponesa 2ª Seção,Nogueira de Rios,PR,Loratadina Suspensão Oral 50ml - Neo Química (Genérico),Analgésicos
232.6,2,2025-11-02,Sunday   ,2,11,4,2025,Caleb da Cunha,Parque Camila Pires,Ouro Minas,Porto,GO,Diclofenaco 25mg - 30 Comprimidos - Aché,Anti-inflamatórios
852.8499999999999,5,2025-09-24,Wednesday,24,9,3,2025,Luiz Felipe Pastor,Rodovia Macedo,Jardim Do Vale,Castro,RR,Amoxicilina Suspensão Oral 50ml - Eurofarma,Vacinas
219.26,1,2025-11-05,Wednesday,5,11,4,2025,Isabel Cardoso,Condomínio Siqueira,Conjunto Bonsucesso,Pastor,MG,Dipirona Sódica Pomada 30g - Medley (Genérico),Saúde Bucal
56.53,1,2026-07-01,Wednesday,1,7,3,2026,Carlos Eduardo Mendonça,Praça de Peixoto,Belmonte,Siqueira do Campo,GO,Enxaguante Bucal CeraVe 50g,Cuidados com o Cabelo
317,4,2024-10-29,Tuesday  ,29,10,4,2024,Isabelly Santos,Travessa Yago Porto,Betânia,Cirino,RJ,Diclofenaco Pomada 30g - EMS (Genérico),Produtos Ortopédicos
518.67,3,2025-03-22,Saturday ,22,3,1,2025,Rhavi Andrade,Viaduto Azevedo,Vila Independencia 3ª Seção,Alves,BA,Diclofenaco Suspensão Oral 50ml - Aché,Primeiros Socorros
56.02,2,2024-10-06,Sunday   ,6,10,4,2024,Sra. Sophia Peixoto,Distrito Lara da Conceição,Morro Dos Macacos,da Mata,ES,Vacina contra Hepatite C - Dose Única,Cuidados com o Cabelo
208.08,2,2025-11-05,Wednesday,5,11,4,2025,Maria Isis Castro,Rua Oliveira,Vila Coqueiral,Andrade Alegre,DF,Vacina contra Gripe - Dose Única,Dermocosméticos
147.63,3,2026-04-29,Wednesday,29,4,2,2026,Léo Ferreira,Quadra de Moura,Lagoa,Fonseca de Cavalcante,AP,Vacina contra Câncer de Próstata - Reforço,Nutrição Infantil
1104.25,5,2025-05-29,Thursday ,29,5,2,2025,Dr. Lucas Machado,Feira Rhavi Montenegro,Prado,Cirino,RJ,Água Micelar La Roche-Posay Tamanho M (40 un),Vitaminas e Suplementos
56.1,1,2025-03-14,Friday   ,14,3,1,2025,Caleb da Cunha,Parque Camila Pires,Ouro Minas,Porto,GO,Atenolol 25mg - 30 Comprimidos - Medley (Genérico),Vacinas
449.18,2,2025-11-03,Monday   ,3,11,4,2025,Aurora Leão,Rua de Pastor,Vila Das Oliveiras,Moura,SP,Vacina contra Desnutrição - Dose Única,Homeopatia
17.85,1,2025-11-16,Sunday   ,16,11,4,2025,Lara Teixeira,Favela de Pires,Vila Pinho,Nunes do Sul,MA,Pomada para Assaduras Dove FPS 70,Fraldas e Infantis
124.14999999999999,5,2025-04-18,Friday   ,18,4,2,2025,Luiza Barbosa,Travessa Theodoro Vasconcelos,Madri,Rios,ES,Creme Dental Colgate 150ml,Vacinas
193.22,1,2025-01-05,Sunday   ,5,1,1,2025,Isabella Cavalcanti,Praia Barros,João Pinheiro,da Paz das Pedras,BA,Atenolol 25mg - 30 Comprimidos - Aché,Higiene Pessoal
271.20000000000005,3,2026-05-28,Thursday ,28,5,2,2026,Aurora Guerra,Colônia Ana Liz da Rocha,Boa União 1ª Seção,Fogaça do Amparo,PB,Fluoxetina Gotas 20ml - Aché,Fraldas e Infantis
92.96,4,2025-12-24,Wednesday,24,12,4,2025,Juan Ramos,Chácara Viana,Universo,Barros Grande,RJ,Diclofenaco Suspensão Oral 50ml - Eurofarma,Higiene Pessoal
272.7,5,2024-12-15,Sunday   ,15,12,4,2024,Diogo das Neves,Praça da Conceição,Nova Vista,Barros,SC,Protetor Solar Facial Nivea 50 Metros,Aparelhos Médicos
106.53,1,2024-12-14,Saturday ,14,12,4,2024,Antony Nogueira,Rua de Monteiro,Acaiaca,Fonseca de Cavalcante,AP,Enalapril 50mg - 30 Comprimidos - Medley (Genérico),Higiene Pessoal
623.2,5,2024-09-27,Friday   ,27,9,3,2024,Zoe Correia,Loteamento de Machado,Vila Da Amizade,da Mota do Campo,CE,Escitalopram 25mg - 30 Comprimidos - Aché,Anti-inflamatórios
316.76,2,2026-09-02,Wednesday,2,9,3,2026,Elisa Vargas,Lagoa Jade da Paz,Suzana,da Costa de Melo,AL,Vacina contra Hipertensão - Reforço,Antibióticos
245.79,1,2026-02-15,Sunday   ,15,2,1,2026,Thiago Nascimento,Sítio Alexia Cirino,Pompéia,Rezende,GO,Diclofenaco 500mg - 20 Comprimidos - Neo Química (Genérico),Antidepressivos
499.15,5,2025-02-15,Saturday ,15,2,1,2025,Benjamin Nascimento,Estrada da Paz,Capitão Eduardo,Fernandes do Norte,RO,Sildenafila 1g - 10 Comprimidos - Eurofarma,Antidepressivos
349.54,2,2025-03-16,Sunday   ,16,3,1,2025,Paulo Rezende,Núcleo Letícia Sampaio,Grajaú,Cirino,RJ,Losartana Potássica Suspensão Oral 50ml - Aché,Vitaminas e Suplementos
129.73,1,2026-03-22,Sunday   ,22,3,1,2026,Dra. Ana Beatriz Costa,Sítio de Montenegro,Castelo,das Neves,MT,Losartana Potássica 500mg - 20 Comprimidos - Eurofarma,Primeiros Socorros
33.17,1,2026-07-18,Saturday ,18,7,3,2026,Luna Barros,Conjunto Sara Silveira,Vila Betânia,Moura,BA,Paracetamol Pomada 30g - Bayer,Anti-inflamatórios
569.5,5,2025-11-09,Sunday   ,9,11,4,2025,Danilo Teixeira,Residencial de Macedo,São Geraldo,Macedo Alegre,RR,Shampoo Anticaspa Johnson's FPS 70,Dermocosméticos
160.43,1,2025-06-06,Friday   ,6,6,2,2025,Calebe Mendes,Alameda Maria Alice Novais,Nova Vista,da Paz das Pedras,BA,Omeprazol Suspensão Oral 50ml - Eurofarma,Anti-inflamatórios
251.12,2,2025-11-15,Saturday ,15,11,4,2025,Isabelly Farias,Parque da Luz,Cidade Nova,Montenegro da Praia,PA,Metformina 25mg - 30 Comprimidos - Aché,Fraldas e Infantis
230.54,2,2025-11-24,Monday   ,24,11,4,2025,Dra. Raquel Correia,Vale de Ferreira,Lindéia,da Mota de Oliveira,RS,Escitalopram 50mg - 30 Comprimidos - Eurofarma,Cuidados com o Cabelo
230.53,1,2025-09-17,Wednesday,17,9,3,2025,Bianca Gonçalves,Núcleo de da Cruz,Lagoa,Cassiano do Oeste,PB,Fluoxetina Suspensão Oral 50ml - Aché,Vacinas
353.06,2,2024-10-30,Wednesday,30,10,4,2024,Milena Sales,Loteamento Ana Beatriz Marques,São Gabriel,Montenegro Alegre,BA,Loratadina Xarope 120ml - Aché,Fraldas e Infantis
284.3,2,2026-07-11,Saturday ,11,7,3,2026,Maria Clara Araújo,Distrito de Cirino,Minas Caixa,da Cunha,AM,Amoxicilina Pomada 30g - Eurofarma,Vitaminas e Suplementos
491.56,4,2026-01-07,Wednesday,7,1,1,2026,André Pastor,Jardim Clara Dias,Acaiaca,Pastor,AP,Paracetamol 50mg - 30 Comprimidos - Medley (Genérico),Nutrição Infantil
940.44,4,2025-07-19,Saturday ,19,7,3,2025,Srta. Eloá Nascimento,Residencial Cassiano,Heliopolis,Vieira de Minas,PB,Cefalexina 500mg - 20 Comprimidos - Medley (Genérico),Antitérmicos
100.56,2,2025-04-06,Sunday   ,6,4,2,2025,Apollo Aparecida,Área Maria Eduarda Vargas,Barão Homem De Melo 1ª Seção,Dias,RR,Metformina Gotas 20ml - Bayer,Saúde Bucal
464.28,2,2025-08-31,Sunday   ,31,8,3,2025,Dra. Bárbara da Luz,Viela de Pastor,Ermelinda,Peixoto das Flores,RJ,Creme Hidratante G-Tech 400ml,Primeiros Socorros
735.72,4,2025-04-11,Friday   ,11,4,2,2025,José Miguel Vieira,Lagoa Julia Sampaio,Vitoria,Albuquerque do Norte,TO,Condicionador Hidratação Bepantol 90g,Produtos Ortopédicos
91.74,3,2026-01-31,Saturday ,31,1,1,2026,Ravi da Costa,Setor Benício Gonçalves,Vila Santa Monica 2ª Seção,Barbosa,DF,Fralda Descartável Colgate 50 Metros,Antidepressivos
173.51,1,2025-03-05,Wednesday,5,3,1,2025,Kaique Cassiano,Viela Azevedo,São Vicente,Cavalcanti de Correia,SP,Sertralina Xarope 120ml - EMS (Genérico),Saúde Bucal
90.9,5,2026-02-02,Monday   ,2,2,1,2026,Otto Castro,Vale de Rodrigues,Independência,Porto,GO,Termômetro Digital Vichy 50 Metros,Aparelhos Médicos
268.94,2,2025-11-24,Monday   ,24,11,4,2025,Dra. Isabel Cavalcanti,Feira de Vargas,Bela Vitoria,Souza,ES,Nimesulida 50mg - 30 Comprimidos - EMS (Genérico),Anti-inflamatórios
137.47,1,2025-08-02,Saturday ,2,8,3,2025,Thales Cunha,Rua Araújo,Carlos Prates,Mendes das Flores,AL,Paracetamol Gotas 20ml - Neo Química (Genérico),Anti-inflamatórios
493.64,2,2025-08-29,Friday   ,29,8,3,2025,Stella Barbosa,Vale de Pereira,Campo Alegre,Duarte,DF,Vacina contra Esquizofrenia - Reforço,Cuidados com o Cabelo
376.12,4,2026-04-15,Wednesday,15,4,2,2026,Letícia Monteiro,Parque Otto Araújo,São Paulo,Almeida Grande,AP,Vacina contra COVID-19 - Reforço,Primeiros Socorros
56.39,1,2025-04-24,Thursday ,24,4,2,2025,Rhavi Oliveira,Passarela Vitor Gabriel Dias,Braúnas,Moura,SP,Diclofenaco 50mg - 30 Comprimidos - Eurofarma,Antidepressivos
122.89999999999999,5,2025-05-24,Saturday ,24,5,2,2025,Vinicius da Conceição,Largo de Duarte,Ermelinda,Machado,PE,Protetor Solar Facial G-Tech Tamanho M (40 un),Cuidados com o Cabelo
99.39000000000001,3,2025-05-12,Monday   ,12,5,2,2025,Mariane Fogaça,Vereda Bryan Ramos,Alta Tensão 1ª Seção,Barbosa,AP,Creme Hidratante Colgate 50g,Antibióticos
185.67,1,2026-02-08,Sunday   ,8,2,1,2026,Hadassa Costa,Campo Albuquerque,Floresta,Andrade Alegre,DF,Termômetro Digital Needs Tamanho M (40 un),Vitaminas e Suplementos
104.56,2,2026-04-27,Monday   ,27,4,2,2026,Ana Rodrigues,Passarela João Felipe Silva,Prado,Mendes das Flores,AL,Atenolol 50mg - 30 Comprimidos - Eurofarma,Higiene Pessoal
917.9000000000001,5,2025-10-14,Tuesday  ,14,10,4,2025,Dra. Alícia Andrade,Via Albuquerque,Minaslandia,da Paz das Flores,PR,Protetor Solar Corporal Rexona 150ml,Antibióticos
695.0999999999999,3,2025-02-03,Monday   ,3,2,1,2025,Ana Julia Oliveira,Largo Manuela da Mota,Primeiro De Maio,da Paz das Flores,PR,Losartana Potássica 50mg - 30 Comprimidos - EMS (Genérico),Vitaminas e Suplementos
979.32,4,2025-11-09,Sunday   ,9,11,4,2025,Bento Teixeira,Via Emanuel Ferreira,Vila Paris,Nunes do Sul,MA,Amoxicilina Xarope 120ml - Bayer,Antibióticos
487.38,3,2026-05-31,Sunday   ,31,5,2,2026,Dr. Marcelo Freitas,Ladeira de Cunha,Acaba Mundo,da Cunha,AM,Protetor Solar Corporal Sempre Livre 50 Metros,Aparelhos Médicos
732.88,4,2024-11-15,Friday   ,15,11,4,2024,Milena da Mota,Parque Davi Lucca Brito,Barroca,Nascimento de Azevedo,GO,Metformina 1g - 10 Comprimidos - Bayer,Genéricos
30.03,3,2026-08-28,Friday   ,28,8,3,2026,Olívia Moraes,Lago de Ferreira,Goiania,Alves de da Conceição,AC,Tadalafila Gotas 20ml - Medley (Genérico),Aparelhos Médicos
22.77,1,2026-03-09,Monday   ,9,3,1,2026,Leonardo Freitas,Trevo Noah Monteiro,Conjunto Paulo Vi,Viana,TO,Omeprazol 500mg - 20 Comprimidos - Eurofarma,Produtos Ortopédicos
65.26,1,2025-07-01,Tuesday  ,1,7,3,2025,Kevin Nunes,Parque Lunna Borges,Vila Madre Gertrudes 1ª Seção,Barbosa,DF,Hidroclorotiazida 1g - 10 Comprimidos - Medley (Genérico),Saúde Bucal
266.76,3,2025-01-10,Friday   ,10,1,1,2025,Maria Luísa Oliveira,Lagoa Lopes,Vila Oeste,Pereira,SP,Dipirona Sódica Gotas 20ml - Eurofarma,Produtos Ortopédicos
384.7,5,2026-06-06,Saturday ,6,6,2,2026,Srta. Kamilly Aragão,Viela Martins,Bonfim,Cardoso,RO,Tadalafila Suspensão Oral 50ml - Medley (Genérico),Antialérgicos
1219.65,5,2025-10-16,Thursday ,16,10,4,2025,Maysa Fogaça,Viaduto Bruno Moreira,Jardim Felicidade,Aparecida,RS,Curativos (Band-Aid) CeraVe FPS 50,Nutrição Infantil
143.5,2,2024-10-01,Tuesday  ,1,10,4,2024,Sra. Mariah Vasconcelos,Feira Julia Sá,Barão Homem De Melo 3ª Seção,Marques Alegre,AL,Vacina contra Cirrose - Dose Única,Aparelhos Médicos
406.86,2,2026-04-08,Wednesday,8,4,2,2026,Henry Gabriel Siqueira,Trecho Laís Alves,Conjunto Jatoba,Rezende,DF,Loratadina 1g - 10 Comprimidos - Aché,Dermocosméticos
110.93,1,2024-10-11,Friday   ,11,10,4,2024,Dra. Heloisa Leão,Vila Moraes,Heliopolis,Martins de Gonçalves,RS,Dipirona Sódica 25mg - 30 Comprimidos - EMS (Genérico),Genéricos
89.85,1,2025-05-17,Saturday ,17,5,2,2025,Leonardo Freitas,Trevo Noah Monteiro,Conjunto Paulo Vi,Viana,TO,Sildenafila Pomada 30g - Aché,Higiene Pessoal
254.28000000000003,3,2025-05-29,Thursday ,29,5,2,2025,Kevin Guerra,Recanto Julia Pinto,São Bernardo,Macedo,AC,Atenolol 50mg - 30 Comprimidos - Neo Química (Genérico),Vitaminas e Suplementos
166.41,1,2026-01-08,Thursday ,8,1,1,2026,Vitor Gabriel Lima,Condomínio de Marques,Palmeiras,Montenegro da Praia,PA,Pomada para Assaduras Rexona 400ml,Nutrição Infantil
132.81,3,2026-01-08,Thursday ,8,1,1,2026,Mathias Camargo,Recanto José Pedro Rodrigues,Vila Antena Montanhês,Nogueira,PA,Enalapril 1g - 10 Comprimidos - Aché,Homeopatia
213.16,2,2025-11-18,Tuesday  ,18,11,4,2025,Théo Monteiro,Rodovia de Gonçalves,Mirtes,da Mata dos Dourados,PR,Água Micelar Colgate 50g,Fitoterápicos
725.9399999999999,3,2026-04-11,Saturday ,11,4,2,2026,Alice Ramos,Lagoa Freitas,Distrito Industrial Do Jatoba,Fogaça do Amparo,PB,Escitalopram Suspensão Oral 50ml - Eurofarma,Vitaminas e Suplementos
710.8499999999999,3,2025-03-31,Monday   ,31,3,1,2025,Benjamin Nascimento,Chácara Moraes,Olaria,Rocha,RS,Metformina Pomada 30g - Medley (Genérico),Saúde Bucal
215.25,3,2024-11-13,Wednesday,13,11,4,2024,Cecília Cardoso,Passarela Lima,Colégio Batista,Nunes,SE,Hidroclorotiazida 50mg - 30 Comprimidos - Eurofarma,Saúde Bucal
229.72,4,2025-03-25,Tuesday  ,25,3,1,2025,Srta. Ana Cecília Pires,Avenida Ryan Pacheco,Aparecida 7ª Seção,Aragão do Galho,SC,Azitromicina 50mg - 30 Comprimidos - Aché,Saúde Bucal
60.91,1,2026-07-09,Thursday ,9,7,3,2026,Dra. Rebeca Melo,Esplanada Ayla Carvalho,Vila Boa Vista,da Conceição,DF,Azitromicina 1g - 10 Comprimidos - EMS (Genérico),Dermocosméticos
199.66,2,2025-12-18,Thursday ,18,12,4,2025,José Viana,Lago Sales,Vila Rica,Ramos,AC,Sildenafila 1g - 10 Comprimidos - Eurofarma,Antidepressivos
335.58,3,2026-08-17,Monday   ,17,8,3,2026,Ana Pereira,Ladeira Cauã Aragão,Boa União 2ª Seção,da Conceição,DF,Sabonete em Barra Dove FPS 70,Antibióticos
450.65,5,2024-12-30,Monday   ,30,12,4,2024,Juan Vargas,Aeroporto Matteo da Mata,Braúnas,da Conceição,DF,Desodorante Roll-on Sempre Livre 150ml,Vitaminas e Suplementos
606.6899999999999,3,2024-09-18,Wednesday,18,9,3,2024,Juan Mendonça,Loteamento Valentina Andrade,Gutierrez,Nogueira,PA,Vacina contra Bipolaridade - Dose Única,Nutrição Infantil
202.98,3,2025-02-08,Saturday ,8,2,1,2025,Samuel Câmara,Recanto Luiz Gustavo Freitas,Vila Batik,Casa Grande,AC,Vacina contra Hipertensão - Dose Única,Vacinas
680.91,3,2025-10-14,Tuesday  ,14,10,4,2025,Maria Isis Castro,Rua Oliveira,Vila Coqueiral,Andrade Alegre,DF,Fluoxetina 50mg - 30 Comprimidos - EMS (Genérico),Vitaminas e Suplementos
51.5,5,2025-09-16,Tuesday  ,16,9,3,2025,Sr. Matheus Ribeiro,Área de Mendes,Monte São José,Barros Grande,RJ,Água Micelar Nivea 500ml,Homeopatia
31.400000000000002,5,2025-08-08,Friday   ,8,8,3,2025,Ana Laura Rios,Lagoa Camargo,Salgado Filho,Fogaça do Amparo,PB,Sinvastatina 1g - 10 Comprimidos - Eurofarma,Antidepressivos
622,5,2026-09-06,Sunday   ,6,9,3,2026,Valentim da Luz,Jardim Porto,Vila Inestan,Leão,RJ,Leite em Pó Infantil Sempre Livre 400ml,Antialérgicos
489.41999999999996,3,2025-08-18,Monday   ,18,8,3,2025,Esther Machado,Vila Lucca Jesus,Cidade Jardim Taquaril,Nunes,SE,Creme Dental Clear 50g,Antidepressivos
189.85,1,2026-06-25,Thursday ,25,6,2,2026,Dr. Thomas Abreu,Campo Gomes,Minaslandia,Macedo de Martins,PR,Dipirona Sódica Xarope 120ml - Aché,Cuidados com o Cabelo
646.48,4,2026-09-06,Sunday   ,6,9,3,2026,Rebeca Melo,Quadra de das Neves,Vila Nova Dos Milionarios,Machado,PE,Atenolol Xarope 120ml - Aché,Fraldas e Infantis
242.28,2,2026-08-31,Monday   ,31,8,3,2026,Levi Cardoso,Chácara Alana Farias,Cidade Jardim,Campos,PE,Vacina contra Dengue - Dose Única,Vacinas
582.1,5,2024-12-04,Wednesday,4,12,4,2024,Sr. Nathan Mendonça,Aeroporto Peixoto,Vila Antena Montanhês,Fogaça do Amparo,PB,Fralda Descartável Aptamil 50 Metros,Dermocosméticos
916.36,4,2025-01-09,Thursday ,9,1,1,2025,Isabela Cassiano,Praça de Pinto,Silveira,da Paz das Flores,PR,Clonazepam 1g - 10 Comprimidos - Bayer,Antitérmicos
701.46,3,2026-09-04,Friday   ,4,9,3,2026,Otávio Duarte,Ladeira Abreu,Santo Antônio,Ferreira de Ferreira,AC,Pantoprazol 50mg - 30 Comprimidos - Neo Química (Genérico),Vacinas
640.8499999999999,5,2026-04-05,Sunday   ,5,4,2,2026,Alana Porto,Rodovia de da Cruz,Marieta 2ª Seção,Sousa,PE,Losartana Potássica Gotas 20ml - Aché,Antidepressivos
1184.75,5,2025-11-16,Sunday   ,16,11,4,2025,Leonardo Cardoso,Feira de Câmara,Pirineus,Viana,TO,Metformina Pomada 30g - Medley (Genérico),Saúde Bucal
323.12,2,2025-11-02,Sunday   ,2,11,4,2025,João Mendonça,Via Julia Castro,Estrela Do Oriente,Cassiano,SE,Soro Fisiológico Nivea 50 Metros,Homeopatia
616.44,4,2025-07-04,Friday   ,4,7,3,2025,Carlos Eduardo Melo,Praia de Aparecida,Planalto,Macedo Alegre,RR,Clonazepam 1g - 10 Comprimidos - EMS (Genérico),Antitérmicos
419.84,4,2025-03-15,Saturday ,15,3,1,2025,João Pedro Caldeira,Aeroporto Pastor,Vila Madre Gertrudes 4ª Seção,Pimenta da Praia,AL,Desodorante Aerosol Nivea 200ml,Primeiros Socorros
152.89999999999998,5,2024-09-19,Thursday ,19,9,3,2024,Matheus Cassiano,Viela Ravy Moreira,Etelvina Carneiro,Aparecida,CE,Fralda Descartável Colgate 50 Metros,Antidepressivos
671.46,3,2025-02-26,Wednesday,26,2,1,2025,Carlos Eduardo Castro,Rodovia de Pires,Varzea Da Palma,Pires,AM,Vacina contra Chikungunya - Dose Única,Vacinas
135.24,2,2025-06-16,Monday   ,16,6,2,2025,Carlos Eduardo Ribeiro,Rodovia Santos,Boa Viagem,Pires,AM,Vacina contra Osteoporose - Dose Única,Nutrição Infantil
254.76,2,2026-02-20,Friday   ,20,2,1,2026,Apollo Aparecida,Área Maria Eduarda Vargas,Barão Homem De Melo 1ª Seção,Dias,RR,Vacina contra Insônia - Reforço,Homeopatia
313.72,2,2025-03-04,Tuesday  ,4,3,1,2025,Joaquim Moreira,Morro Jesus,Santa Terezinha,Castro,RR,Vacina contra Hepatite C - Reforço,Nutrição Infantil
102.68,2,2024-11-06,Wednesday,6,11,4,2024,Alexandre da Conceição,Vereda Maria Eduarda Moura,Pongelupe,Porto,GO,Losartana Potássica 500mg - 20 Comprimidos - Bayer,Saúde Bucal
42.32,1,2026-02-09,Monday   ,9,2,1,2026,Ester Porto,Rodovia de Pastor,São João,Borges,BA,Metformina Suspensão Oral 50ml - Eurofarma,Cuidados com o Cabelo
932.84,4,2025-11-27,Thursday ,27,11,4,2025,Luana Gonçalves,Lago de Duarte,Vila Nova Gameleira 1ª Seção,Jesus,ES,Vacina contra Epilepsia - Dose Única,Fitoterápicos
637.11,3,2025-10-09,Thursday ,9,10,4,2025,Srta. Esther da Conceição,Trecho Breno das Neves,Leonina,Cavalcanti de Correia,SP,Fio Dental Listerine 200ml,Saúde Bucal
1122.95,5,2026-03-23,Monday   ,23,3,1,2026,Gael Henrique da Mata,Praça Ramos,Planalto,Montenegro Alegre,BA,Vacina contra Desnutrição - Dose Única,Homeopatia
234.84,3,2024-11-13,Wednesday,13,11,4,2024,Maria Fernanda Rodrigues,Passarela Castro,Tirol,Pires,PE,Sinvastatina Xarope 120ml - EMS (Genérico),Antitérmicos
315.69,3,2026-06-13,Saturday ,13,6,2,2026,Dr. Gael Marques,Conjunto Julia Ferreira,Silveira,Alves do Oeste,SP,Protetor Solar Facial Panvel 200ml,Primeiros Socorros
176.14999999999998,5,2025-02-19,Wednesday,19,2,1,2025,Rhavi Guerra,Residencial de Sales,Pindura Saia,Carvalho,DF,Condicionador Hidratação G-Tech Tamanho G (32 un),Analgésicos
861,4,2025-08-17,Sunday   ,17,8,3,2025,Francisco Cavalcanti,Praia Amanda Viana,Alto Das Antenas,Macedo do Sul,DF,Lenço Umedecido Mió FPS 50,Saúde Bucal
492.52,4,2024-10-12,Saturday ,12,10,4,2024,Raquel Novais,Viela Alana Carvalho,Alto Caiçaras,Martins,PA,Vacina contra Embolia - Dose Única,Antibióticos
68.02,1,2025-09-24,Wednesday,24,9,3,2025,Stephany Castro,Chácara Dom Freitas,Zilah Sposito,Montenegro,SC,Loratadina 500mg - 20 Comprimidos - EMS (Genérico),Cuidados com o Cabelo
181.24,2,2025-10-12,Sunday   ,12,10,4,2025,Valentim da Luz,Jardim Porto,Vila Inestan,Leão,RJ,Amoxicilina Suspensão Oral 50ml - EMS (Genérico),Vacinas
1125.25,5,2025-01-19,Sunday   ,19,1,1,2025,Matheus Brito,Avenida da Conceição,Rio Branco,Duarte Verde,RO,Vacina contra Diabetes Tipo 2 - Reforço,Primeiros Socorros
424.7,5,2025-05-08,Thursday ,8,5,2,2025,Caroline Fonseca,Colônia Borges,Goiania,Duarte,AL,Enalapril 500mg - 20 Comprimidos - Bayer,Nutrição Infantil
540.25,5,2026-01-10,Saturday ,10,1,1,2026,Sr. Dante da Mota,Núcleo João Miguel Casa Grande,Palmares,Casa Grande do Oeste,MT,Condicionador Hidratação G-Tech FPS 50,Produtos Ortopédicos
996.64,4,2026-05-29,Friday   ,29,5,2,2026,Ana Sophia Araújo,Parque Heitor Vieira,Vila Jardim Montanhes,Cavalcante da Serra,RJ,Curativos (Band-Aid) Colgate FPS 50,Antibióticos
645.75,3,2026-02-14,Saturday ,14,2,1,2026,Henry da Paz,Rodovia Rodrigues,São Gabriel,Nunes do Sul,MA,Lenço Umedecido Mió FPS 50,Saúde Bucal
9.19,1,2025-04-03,Thursday ,3,4,2,2025,Cecilia Lima,Morro Ferreira,Nova Suíça,Barros,SC,Pantoprazol Gotas 20ml - Medley (Genérico),Fitoterápicos
429.14,2,2025-06-04,Wednesday,4,6,2,2025,Theo Aparecida,Ladeira Guerra,Vila Nova Dos Milionarios,Cassiano Verde,SE,Escitalopram 25mg - 30 Comprimidos - Neo Química (Genérico),Fraldas e Infantis
863.3499999999999,5,2026-07-04,Saturday ,4,7,3,2026,João Vitor Pereira,Pátio de Carvalho,Brasil Industrial,Fogaça Alegre,PR,Escitalopram 25mg - 30 Comprimidos - EMS (Genérico),Homeopatia
349.26,3,2025-07-22,Tuesday  ,22,7,3,2025,Bella Fernandes,Loteamento da Mota,Maria Tereza,Jesus,RR,Fralda Descartável Aptamil 50 Metros,Dermocosméticos
583.47,3,2026-03-11,Wednesday,11,3,1,2026,Léo Aparecida,Favela Camargo,São João Batista,Fonseca de Cavalcante,AP,Hastes Flexíveis (Cotonetes) Listerine 200ml,Homeopatia
469.91999999999996,3,2025-09-04,Thursday ,4,9,3,2025,Diego Aragão,Estrada de Camargo,Providencia,da Luz,RS,Creme Hidratante G-Tech 150ml,Antidepressivos
245.01,1,2025-02-04,Tuesday  ,4,2,1,2025,Julia Pimenta,Conjunto de da Mata,Providencia,da Paz das Flores,PR,Hidroclorotiazida 25mg - 30 Comprimidos - EMS (Genérico),Cuidados com o Cabelo
25.12,4,2025-12-31,Wednesday,31,12,4,2025,Dr. Benício Macedo,Ladeira Benjamin Farias,Vista Do Sol,Vasconcelos de Minas,PA,Sinvastatina 1g - 10 Comprimidos - Eurofarma,Antidepressivos
124.99,1,2025-06-01,Sunday   ,1,6,2,2025,Rafaela Fernandes,Condomínio Maria Sophia Moura,Conjunto Lagoa,Rezende,DF,Sérum Vitamina C Panvel FPS 70,Higiene Pessoal
1018.7,5,2025-06-15,Sunday   ,15,6,2,2025,Emanuel Aragão,Rodovia Jesus,Goiania,Almeida das Pedras,PI,Leite em Pó Infantil Rexona 150ml,Analgésicos
953.0500000000001,5,2025-08-15,Friday   ,15,8,3,2025,Otto Guerra,Distrito Machado,Minaslandia,Sousa,TO,Fluoxetina 25mg - 30 Comprimidos - Eurofarma,Fitoterápicos
67.66,1,2025-08-11,Monday   ,11,8,3,2025,João Pedro Caldeira,Aeroporto Pastor,Vila Madre Gertrudes 4ª Seção,Pimenta da Praia,AL,Vacina contra Hipertensão - Dose Única,Vacinas
103.44,4,2025-01-23,Thursday ,23,1,1,2025,Vinicius Melo,Estação Diogo Rodrigues,Dom Cabral,Pimenta da Praia,AL,Cefalexina 25mg - 30 Comprimidos - Eurofarma,Primeiros Socorros
559.3,5,2025-03-27,Thursday ,27,3,1,2025,Ísis da Costa,Favela Liam Câmara,Minas Caixa,Sales,PE,Sabonete em Barra Dove FPS 70,Antibióticos
148.28,1,2025-07-02,Wednesday,2,7,3,2025,Liz Caldeira,Pátio Lucca Nunes,Mirtes,da Rosa de Nascimento,PR,Pantoprazol 50mg - 30 Comprimidos - Bayer,Saúde Bucal
107.03,1,2024-11-26,Tuesday  ,26,11,4,2024,Larissa da Rosa,Residencial de Farias,Novo Ouro Preto,Alves,BA,Vacina contra Insuficiência Cardíaca - Dose Única,Antitérmicos
106.56,2,2026-02-19,Thursday ,19,2,1,2026,Manuela Monteiro,Favela Pereira,Paraíso,Martins,PA,Hidroclorotiazida 50mg - 30 Comprimidos - Neo Química (Genérico),Cuidados com o Cabelo
313.12,4,2024-12-22,Sunday   ,22,12,4,2024,Gael Freitas,Vereda Léo Nogueira,Vila Maria,Porto,GO,Sinvastatina Xarope 120ml - EMS (Genérico),Antitérmicos
285.5,5,2025-09-03,Wednesday,3,9,3,2025,Sra. Milena Pires,Jardim Zoe Barbosa,Etelvina Carneiro,Barbosa,CE,Tadalafila 500mg - 20 Comprimidos - Aché,Aparelhos Médicos
55.82,1,2026-08-28,Friday   ,28,8,3,2026,Mateus Aparecida,Colônia Pacheco,Pompéia,Ferreira do Amparo,AC,Nimesulida Pomada 30g - Bayer,Antibióticos
89.25,5,2024-12-23,Monday   ,23,12,4,2024,Danilo Pinto,Trecho Brayan Rezende,Conjunto Minas Caixa,Macedo de Costa,RJ,Pomada para Assaduras Dove FPS 70,Fraldas e Infantis
248.6,1,2026-07-14,Tuesday  ,14,7,3,2026,Srta. Eloá Nascimento,Residencial Cassiano,Heliopolis,Vieira de Minas,PB,Sertralina Xarope 120ml - Medley (Genérico),Anti-inflamatórios
301.16,2,2025-03-30,Sunday   ,30,3,1,2025,Carlos Eduardo Nascimento,Lago Barbosa,Vila Nova Paraíso,Macedo de Martins,PR,Ibuprofeno Xarope 120ml - Bayer,Higiene Pessoal
28.58,2,2024-11-02,Saturday ,2,11,4,2024,José Pedro Alves,Travessa de Barros,Santa Cruz,Pimenta da Praia,AL,Enalapril Pomada 30g - Eurofarma,Anti-inflamatórios
601.4399999999999,3,2025-08-18,Monday   ,18,8,3,2025,Maria Clara Cirino,Esplanada de Cavalcanti,Vila Satélite,das Neves,MT,Metformina 25mg - 30 Comprimidos - EMS (Genérico),Cuidados com o Cabelo
248.07,3,2024-11-20,Wednesday,20,11,4,2024,Ana Sophia Araújo,Parque Heitor Vieira,Vila Jardim Montanhes,Cavalcante da Serra,RJ,Paracetamol Pomada 30g - Medley (Genérico),Antitérmicos
226.12,4,2024-11-07,Thursday ,7,11,4,2024,Ana Lívia Ferreira,Praça Vargas,Jardim Vitoria,Cavalcante,RR,Enxaguante Bucal CeraVe 50g,Cuidados com o Cabelo
955.5,5,2026-01-10,Saturday ,10,1,1,2026,Lorenzo Vargas,Vale Francisco Cardoso,Vila Jardim Montanhes,Pereira,SP,Diclofenaco Xarope 120ml - Eurofarma,Aparelhos Médicos
655.23,3,2025-10-04,Saturday ,4,10,4,2025,Maria Luísa Castro,Rua Pimenta,Jardim Atlântico,Cavalcante da Serra,RJ,Creme Hidratante La Roche-Posay FPS 50,Vacinas
296.8,4,2026-06-02,Tuesday  ,2,6,2,2026,Esther Machado,Vila Lucca Jesus,Cidade Jardim Taquaril,Nunes,SE,Vacina contra Parkinson - Reforço,Fraldas e Infantis
151.95,3,2025-11-01,Saturday ,1,11,4,2025,Caio Abreu,Via Pedro Barros,Jardim Guanabara,Nogueira,PA,Sertralina Xarope 120ml - Neo Química (Genérico),Produtos Ortopédicos
378.6,3,2025-04-19,Saturday ,19,4,2,2025,Henry Brito,Vale de da Rocha,Planalto,Sá,RR,Pantoprazol 1g - 10 Comprimidos - Medley (Genérico),Analgésicos
438.6,2,2026-05-10,Sunday   ,10,5,2,2026,Dr. Carlos Eduardo Câmara,Sítio de Nunes,Lindéia,Brito,MT,Clonazepam Gotas 20ml - Eurofarma,Antialérgicos
205.45,1,2024-11-10,Sunday   ,10,11,4,2024,Bruna Cassiano,Conjunto de da Paz,São Jorge 1ª Seção,Jesus,ES,Paracetamol Xarope 120ml - Medley (Genérico),Nutrição Infantil
349.92,4,2025-06-26,Thursday ,26,6,2,2025,Sra. Maria da Rosa,Vila Bella Cassiano,Canaa,Silva de Minas,MA,Fralda Descartável Aptamil 200ml,Anti-inflamatórios
228.74,1,2025-07-15,Tuesday  ,15,7,3,2025,Benicio Cunha,Chácara Maria Clara Jesus,São Luiz,Pastor,AP,Escitalopram Pomada 30g - Eurofarma,Anti-inflamatórios
58.95,1,2026-04-26,Sunday   ,26,4,2,2026,Ana Luiza Silveira,Rua de Sampaio,Pilar,Vieira de Minas,PB,Diclofenaco Suspensão Oral 50ml - EMS (Genérico),Higiene Pessoal
962.4,5,2024-12-14,Saturday ,14,12,4,2024,Joaquim Andrade,Núcleo Luiz Fernando Nascimento,Barro Preto,Siqueira do Amparo,BA,Atenolol 500mg - 20 Comprimidos - Eurofarma,Primeiros Socorros
27.57,3,2026-04-13,Monday   ,13,4,2,2026,Juan Silveira,Praia Cirino,Céu Azul,Ferreira,AM,Pantoprazol Gotas 20ml - Medley (Genérico),Fitoterápicos
140.82,3,2026-06-01,Monday   ,1,6,2,2026,Apollo Pastor,Setor de da Mata,Cenaculo,Barros,SC,Dipirona Sódica 50mg - 30 Comprimidos - EMS (Genérico),Saúde Bucal
102.09,3,2026-06-17,Wednesday,17,6,2,2026,Nicolas Pereira,Estrada de da Cunha,Candelaria,Aragão da Serra,MT,Pantoprazol Suspensão Oral 50ml - Neo Química (Genérico),Vitaminas e Suplementos
706.8000000000001,5,2025-04-30,Wednesday,30,4,2,2025,Antônio Rios,Rodovia de Farias,Vila Fumec,Ramos,AC,Clonazepam Xarope 120ml - EMS (Genérico),Vacinas
457.48,2,2025-02-20,Thursday ,20,2,1,2025,Dr. Gael Henrique Montenegro,Via Gomes,São Gonçalo,Jesus,ES,Escitalopram Pomada 30g - Eurofarma,Anti-inflamatórios
418.1,5,2025-06-21,Saturday ,21,6,2,2025,Ayla da Paz,Vale Felipe Casa Grande,União,Macedo do Sul,DF,Nimesulida Suspensão Oral 50ml - Neo Química (Genérico),Produtos Ortopédicos
742.65,5,2024-12-02,Monday   ,2,12,4,2024,Benicio Cunha,Chácara Maria Clara Jesus,São Luiz,Pastor,AP,Amoxicilina 500mg - 20 Comprimidos - EMS (Genérico),Saúde Bucal
1086.8000000000002,5,2024-12-16,Monday   ,16,12,4,2024,Sophia Pacheco,Núcleo de Silveira,Salgado Filho,Cassiano do Oeste,PB,Vacina contra Gastrite - Reforço,Antibióticos
151.13,1,2025-10-19,Sunday   ,19,10,4,2025,Levi Caldeira,Conjunto Barros,Marmiteiros,Duarte Verde,RO,Água Micelar Sempre Livre 50g,Vacinas
259.78,2,2026-07-20,Monday   ,20,7,3,2026,Eloá Andrade,Conjunto de Nunes,São Gabriel,Novaes de Minas,PE,Pomada para Assaduras G-Tech Tamanho M (40 un),Genéricos
819.8000000000001,5,2025-08-28,Thursday ,28,8,3,2025,Dr. Guilherme Teixeira,Rua Felipe Peixoto,Nova Granada,Macedo do Sul,DF,Hidroclorotiazida 500mg - 20 Comprimidos - Bayer,Primeiros Socorros
612.75,3,2025-08-05,Tuesday  ,5,8,3,2025,Maria Cecília da Rosa,Parque Rios,Vila Maloca,Rios,AP,Vacina contra Zika - Dose Única,Primeiros Socorros
928.3499999999999,5,2025-01-24,Friday   ,24,1,1,2025,Dr. Vitor Gabriel Costela,Praia de da Mata,Gameleira,Monteiro,AP,Termômetro Digital Needs Tamanho M (40 un),Vitaminas e Suplementos
745.8,3,2025-08-07,Thursday ,7,8,3,2025,Sr. Otto Barbosa,Lago de Ramos,Sagrada Família,Lopes de Goiás,SE,Sertralina Xarope 120ml - Medley (Genérico),Anti-inflamatórios
215.48,4,2025-05-24,Saturday ,24,5,2,2025,Vinícius Garcia,Esplanada de Mendes,Marieta 3ª Seção,Câmara do Galho,RO,Azitromicina Suspensão Oral 50ml - Bayer,Vitaminas e Suplementos
732.96,3,2026-04-28,Tuesday  ,28,4,2,2026,Theo Cavalcanti,Trevo de Vieira,Garças,Montenegro Alegre,BA,Soro Fisiológico Johnson's Tamanho M (40 un),Primeiros Socorros
749.36,4,2024-10-23,Wednesday,23,10,4,2024,Maria Abreu,Vila Luiz Miguel Aparecida,Horto,da Luz de Ramos,SC,Atenolol 1g - 10 Comprimidos - Neo Química (Genérico),Analgésicos
80.94,3,2025-07-31,Thursday ,31,7,3,2025,Larissa Correia,Chácara da Mata,Alto Caiçaras,Ferreira do Amparo,AC,Sabonete Líquido Huggies FPS 70,Antitérmicos
162.16,1,2025-06-18,Wednesday,18,6,2,2025,Cauã da Cunha,Jardim Yago Duarte,Vila Batik,Silveira das Flores,PE,Tadalafila Suspensão Oral 50ml - Bayer,Homeopatia
319.32,4,2026-06-13,Saturday ,13,6,2,2026,Marcelo da Rocha,Recanto de Moreira,Vila Tirol,Pastor,MG,Protetor Solar Facial Bepantol 150ml,Vacinas
700.6800000000001,3,2025-04-14,Monday   ,14,4,2,2025,Diogo das Neves,Praça da Conceição,Nova Vista,Barros,SC,Ibuprofeno Suspensão Oral 50ml - Neo Química (Genérico),Dermocosméticos
767.84,4,2025-01-18,Saturday ,18,1,1,2025,Maria Julia Viana,Sítio de Sampaio,Dom Silverio,Caldeira,SE,Hidroclorotiazida 25mg - 30 Comprimidos - Medley (Genérico),Antitérmicos
135.05,5,2024-11-27,Wednesday,27,11,4,2024,Alexia Cavalcante,Distrito Viana,Vila Santa Rosa,Barbosa,CE,Ibuprofeno 25mg - 30 Comprimidos - Bayer,Dermocosméticos
1173.5,5,2025-03-28,Friday   ,28,3,1,2025,Caleb da Cunha,Parque Camila Pires,Ouro Minas,Porto,GO,Omeprazol Pomada 30g - Neo Química (Genérico),Primeiros Socorros
219.68,2,2025-11-28,Friday   ,28,11,4,2025,Maria Julia Vargas,Avenida José Rezende,Vila Maloca,Sales,PE,Loratadina 50mg - 30 Comprimidos - Eurofarma,Higiene Pessoal
97.83,1,2026-03-09,Monday   ,9,3,1,2026,Maria Eduarda Monteiro,Rua de Caldeira,Jatobá,Barros,TO,Pantoprazol 25mg - 30 Comprimidos - Aché,Homeopatia
717.8499999999999,5,2025-06-05,Thursday ,5,6,2,2025,Davi Lucas da Cruz,Jardim Helena Pinto,Nova Suíça,Gonçalves do Sul,RO,Diclofenaco 50mg - 30 Comprimidos - Aché,Produtos Ortopédicos
175.34,2,2025-01-25,Saturday ,25,1,1,2025,Fernanda Cavalcanti,Chácara Sampaio,Vila Maria,Peixoto de Machado,RN,Vacina contra Colesterol Alto - Dose Única,Higiene Pessoal
124.4,1,2025-06-10,Tuesday  ,10,6,2,2025,Ana Beatriz Araújo,Estrada Araújo,Gutierrez,Aparecida,RS,Leite em Pó Infantil Sempre Livre 400ml,Antialérgicos
414.14,2,2025-09-05,Friday   ,5,9,3,2025,Ravi Lucca da Cruz,Chácara Cunha,Vila Sumaré,da Rosa,MS,Hidroclorotiazida Xarope 120ml - Neo Química (Genérico),Antitérmicos
569.6,5,2026-04-18,Saturday ,18,4,2,2026,Yago Souza,Vereda Rafaela Teixeira,Olhos D'água,Moraes do Galho,PA,Hidroclorotiazida 500mg - 20 Comprimidos - Medley (Genérico),Saúde Bucal
467.82,2,2025-02-07,Friday   ,7,2,1,2025,Théo Camargo,Rodovia Ferreira,Serra Verde,Barros de Fernandes,RR,Pantoprazol Pomada 30g - Medley (Genérico),Dermocosméticos
229.85,1,2024-11-17,Sunday   ,17,11,4,2024,Dra. Pietra Moraes,Pátio Carvalho,Braúnas,Brito Alegre,MS,Álcool em Gel 70% CeraVe 150ml,Genéricos
818,5,2025-10-08,Wednesday,8,10,4,2025,Maitê da Paz,Jardim Santos,São Francisco Das Chagas,Cavalcante da Serra,RJ,Enalapril Suspensão Oral 50ml - Aché,Vitaminas e Suplementos
180.2,2,2026-07-09,Thursday ,9,7,3,2026,Gael Freitas,Vereda Léo Nogueira,Vila Maria,Porto,GO,Pantoprazol Pomada 30g - Eurofarma,Anti-inflamatórios
536.91,3,2025-06-27,Friday   ,27,6,2,2025,Dr. Bernardo da Cunha,Recanto de Macedo,Vila Primeiro De Maio,Rodrigues,TO,Losartana Potássica 500mg - 20 Comprimidos - Neo Química (Genérico),Aparelhos Médicos
261.28,2,2025-11-28,Friday   ,28,11,4,2025,Maitê Oliveira,Ladeira da Mata,Inconfidência,Fogaça,BA,Cefalexina Gotas 20ml - EMS (Genérico),Vitaminas e Suplementos
109.84,1,2025-11-18,Tuesday  ,18,11,4,2025,João Vitor Aragão,Distrito Mendes,Nova Suíça,Câmara do Galho,RO,Loratadina 50mg - 30 Comprimidos - Eurofarma,Higiene Pessoal
946.44,4,2026-06-07,Sunday   ,7,6,2,2026,Dra. Ayla Borges,Chácara Heloisa da Paz,Vila Satélite,Ferreira de Sampaio,PB,Dipirona Sódica Xarope 120ml - Neo Química (Genérico),Antidepressivos
691.59,3,2025-07-05,Saturday ,5,7,3,2025,Julia Ramos,Campo de Freitas,Castanheira,Nunes,SP,Fluoxetina Suspensão Oral 50ml - Aché,Vacinas
602.13,3,2025-03-08,Saturday ,8,3,1,2025,Luiza Barros,Condomínio Isabel Pacheco,Marmiteiros,Barros de Fernandes,RR,Clonazepam 1g - 10 Comprimidos - Neo Química (Genérico),Analgésicos
315.69,3,2025-01-04,Saturday ,4,1,1,2025,Dr. José Miguel Alves,Lago Hadassa da Mota,São Jorge 2ª Seção,Borges,BA,Protetor Solar Facial Panvel 200ml,Primeiros Socorros
338.29999999999995,5,2026-04-02,Thursday ,2,4,2,2026,Agatha da Mota,Área Andrade,Lagoinha,Nunes,SE,Vacina contra Hipertensão - Dose Única,Vacinas
358.74,3,2025-11-25,Tuesday  ,25,11,4,2025,Dr. Bernardo da Cunha,Recanto de Macedo,Vila Primeiro De Maio,Rodrigues,TO,Tadalafila Pomada 30g - EMS (Genérico),Anti-inflamatórios
469.76,4,2025-01-16,Thursday ,16,1,1,2025,Arthur Gabriel Cardoso,Setor da Cunha,São Geraldo,Jesus,ES,Sabonete em Barra Colgate Tamanho G (32 un),Fraldas e Infantis
694.92,3,2025-10-16,Thursday ,16,10,4,2025,Mathias Guerra,Fazenda Kevin Sá,Aguas Claras,Sousa,PE,Diclofenaco 1g - 10 Comprimidos - Eurofarma,Anti-inflamatórios
242.45,1,2026-06-06,Saturday ,6,6,2,2026,Sr. Luiz Gustavo Jesus,Lago Pinto,São José,Pereira do Oeste,MS,Ibuprofeno Suspensão Oral 50ml - Eurofarma,Anti-inflamatórios
914.96,4,2025-03-17,Monday   ,17,3,1,2025,Levi Cardoso,Chácara Alana Farias,Cidade Jardim,Campos,PE,Escitalopram Pomada 30g - Eurofarma,Anti-inflamatórios
205.45,1,2026-08-13,Thursday ,13,8,3,2026,Eloah Caldeira,Campo Vargas,Vila São João Batista,Vargas,AL,Paracetamol Xarope 120ml - Medley (Genérico),Nutrição Infantil
31.24,2,2025-12-05,Friday   ,5,12,4,2025,Ágatha Viana,Ladeira Lopes,Cidade Jardim,Barros de Fernandes,RR,Diclofenaco 50mg - 30 Comprimidos - Medley (Genérico),Vitaminas e Suplementos
1143.3,5,2025-08-26,Tuesday  ,26,8,3,2025,Levi Câmara,Favela de Mendes,Funcionários,Nascimento de Azevedo,GO,Pomada para Assaduras Listerine 400ml,Fitoterápicos
79.83,1,2026-07-27,Monday   ,27,7,3,2026,Letícia Araújo,Conjunto Ana Julia Câmara,São Vicente,Aparecida,RS,Protetor Solar Facial Bepantol 150ml,Vacinas
33.84,1,2025-05-11,Sunday   ,11,5,2,2025,Kaique Cassiano,Viela Azevedo,São Vicente,Cavalcanti de Correia,SP,Enalapril 500mg - 20 Comprimidos - Eurofarma,Anti-inflamatórios
643.6,5,2026-05-23,Saturday ,23,5,2,2026,Dra. Emanuelly Monteiro,Trevo Alves,Santa Margarida,Casa Grande do Oeste,MT,Álcool em Gel 70% La Roche-Posay 50g,Antibióticos
514.2,3,2026-04-21,Tuesday  ,21,4,2,2026,Sr. Benjamim Caldeira,Vila de Aragão,Santa Efigênia,Silveira,BA,Shampoo Anticaspa Rexona 90g,Nutrição Infantil
127.5,2,2026-03-23,Monday   ,23,3,1,2026,Heloísa Machado,Feira Bárbara Rodrigues,Conjunto Floramar,Correia Grande,MA,Loratadina Xarope 120ml - Bayer,Cuidados com o Cabelo
131.25,5,2024-12-26,Thursday ,26,12,4,2024,Sra. Allana Leão,Chácara Cassiano,Marajó,Rios do Oeste,AP,Sérum Vitamina C Aptamil Tamanho M (40 un),Antibióticos
727.08,3,2026-03-31,Tuesday  ,31,3,1,2026,Murilo da Cunha,Colônia Heloísa Siqueira,Caiçara - Adelaide,Lopes dos Dourados,PB,Atenolol 50mg - 30 Comprimidos - EMS (Genérico),Dermocosméticos
898.36,4,2025-12-04,Thursday ,4,12,4,2025,Natália Barbosa,Trecho Vargas,Cruzeiro,Brito da Mata,BA,Vacina contra Desnutrição - Dose Única,Homeopatia
444.38,2,2025-08-25,Monday   ,25,8,3,2025,Eloah Leão,Área Benjamin Rios,Caiçara - Adelaide,Nogueira de Rios,PR,Amoxicilina Suspensão Oral 50ml - Neo Química (Genérico),Anti-inflamatórios
935.64,4,2024-12-24,Tuesday  ,24,12,4,2024,Dr. Vitor Gabriel Costela,Praia de da Mata,Gameleira,Monteiro,AP,Pantoprazol Pomada 30g - Medley (Genérico),Dermocosméticos
162.87,1,2024-10-22,Tuesday  ,22,10,4,2024,Gael Albuquerque,Chácara Ana Carolina Ribeiro,Bom Jesus,Câmara de Casa Grande,AM,Metformina 50mg - 30 Comprimidos - Bayer,Antialérgicos
286.48,4,2025-03-20,Thursday ,20,3,1,2025,Mariana Casa Grande,Campo de Mendes,Dona Clara,Rodrigues,TO,Desodorante Roll-on Nivea FPS 70,Anti-inflamatórios
321,5,2025-12-10,Wednesday,10,12,4,2025,Ísis Casa Grande,Lago de Mendes,Camponesa 1ª Seção,Caldeira,SE,Condicionador Hidratação Johnson's FPS 50,Aparelhos Médicos
174.51,3,2025-08-11,Monday   ,11,8,3,2025,Daniel Moreira,Feira Amanda das Neves,Havaí,da Rocha da Prata,RN,Protetor Solar Corporal Bepantol 50 Metros,Vitaminas e Suplementos
601.59,3,2025-12-10,Wednesday,10,12,4,2025,Júlia Barros,Conjunto de Ribeiro,Capitão Eduardo,Brito da Mata,BA,Vacina contra Conjuntivite - Dose Única,Antidepressivos
740.1999999999999,5,2025-06-08,Sunday   ,8,6,2,2025,Gabrielly da Rosa,Travessa de da Mata,Taquaril,Sampaio das Flores,CE,Vacina contra Lúpus - Dose Única,Antibióticos
171.89999999999998,3,2024-12-18,Wednesday,18,12,4,2024,Dra. Isabel Gomes,Lago de Dias,Céu Azul,Aragão da Serra,MT,Pantoprazol Gotas 20ml - Eurofarma,Primeiros Socorros
70.88,2,2024-12-28,Saturday ,28,12,4,2024,Dr. Marcelo Melo,Vale Nathan Albuquerque,Tirol,Cavalcanti,AL,Nimesulida Xarope 120ml - Eurofarma,Dermocosméticos
252.4,2,2026-08-15,Saturday ,15,8,3,2026,Larissa Martins,Vereda de das Neves,Vila De Sá,Cardoso,AL,Pantoprazol 1g - 10 Comprimidos - Medley (Genérico),Analgésicos
577.1,5,2025-05-24,Saturday ,24,5,2,2025,Ester Alves,Alameda Ana Laura da Cunha,Vila Minaslandia,Albuquerque das Flores,RN,Creme Dental Sempre Livre FPS 50,Analgésicos
940.76,4,2025-11-29,Saturday ,29,11,4,2025,Vinicius Cirino,Lago Carvalho,Nossa Senhora Da Conceição,Borges,PA,Leite em Pó Infantil Huggies 90g,Homeopatia
314.52,2,2026-06-04,Thursday ,4,6,2,2026,Henry Gabriel Vieira,Largo Thiago Ramos,Vila Antena,Cardoso,RO,Atenolol 50mg - 30 Comprimidos - Medley (Genérico),Anti-inflamatórios
444.04,2,2026-07-09,Thursday ,9,7,3,2026,João Lucas Melo,Área de Porto,Vila Califórnia,Carvalho,MT,Losartana Potássica 500mg - 20 Comprimidos - EMS (Genérico),Genéricos
160.78,2,2026-07-15,Wednesday,15,7,3,2026,Dr. Luan Mendes,Rodovia Cavalcante,Maria Virgínia,Martins,PA,Vacina contra Embolia - Reforço,Anti-inflamatórios
114.6,2,2025-05-30,Friday   ,30,5,2,2025,Sra. Allana Leão,Chácara Cassiano,Marajó,Rios do Oeste,AP,Pantoprazol Gotas 20ml - Eurofarma,Primeiros Socorros
40.12,1,2024-11-09,Saturday ,9,11,4,2024,Samuel Teixeira,Campo Henry Gabriel Nunes,Santa Terezinha,das Neves,MT,Soro Fisiológico Panvel Tamanho M (40 un),Fitoterápicos
91.68,4,2025-01-09,Thursday ,9,1,1,2025,Srta. Stella Araújo,Quadra de Sampaio,Santa Amelia,Pacheco,RR,Diclofenaco Gotas 20ml - Eurofarma,Produtos Ortopédicos
122.08,1,2025-02-23,Sunday   ,23,2,1,2025,Marcela Novais,Rua Dante Fogaça,Lagoinha,da Costa,PE,Vacina contra Dermatite - Reforço,Primeiros Socorros
618.96,4,2025-12-20,Saturday ,20,12,4,2025,Fernanda Lima,Via Enzo da Conceição,Novo Aarão Reis,Marques Alegre,AL,Escitalopram 1g - 10 Comprimidos - Medley (Genérico),Aparelhos Médicos
24.76,4,2026-06-29,Monday   ,29,6,2,2026,Stephany Viana,Esplanada de Vargas,Olaria,Albuquerque,MG,Tadalafila 1g - 10 Comprimidos - Aché,Primeiros Socorros
437.4,2,2025-04-06,Sunday   ,6,4,2,2025,Bryan Azevedo,Vereda de Rios,Mangabeiras,Melo,MA,Vacina contra Infecção Urinária - Dose Única,Vitaminas e Suplementos
649.4499999999999,5,2025-06-02,Monday   ,2,6,2,2025,João Pedro Caldeira,Aeroporto Pastor,Vila Madre Gertrudes 4ª Seção,Pimenta da Praia,AL,Pomada para Assaduras G-Tech Tamanho M (40 un),Genéricos
631,5,2026-05-25,Monday   ,25,5,2,2026,Lavínia Rezende,Vereda Cardoso,Maria Helena,Barbosa dos Dourados,RN,Pantoprazol 1g - 10 Comprimidos - Medley (Genérico),Analgésicos
137.47,1,2026-01-22,Thursday ,22,1,1,2026,Maria Eduarda Monteiro,Rua de Caldeira,Jatobá,Barros,TO,Paracetamol Gotas 20ml - Neo Química (Genérico),Anti-inflamatórios
102.09,3,2026-01-24,Saturday ,24,1,1,2026,Bianca Gonçalves,Núcleo de da Cruz,Lagoa,Cassiano do Oeste,PB,Pantoprazol Suspensão Oral 50ml - Neo Química (Genérico),Vitaminas e Suplementos
938.8,4,2025-04-02,Wednesday,2,4,2,2025,Olívia Mendonça,Quadra de Silveira,Jardim América,Sousa,TO,Omeprazol Pomada 30g - Neo Química (Genérico),Primeiros Socorros
566.04,4,2026-07-13,Monday   ,13,7,3,2026,Srta. Ana Sophia Albuquerque,Viela de Vasconcelos,Nossa Senhora Da Conceição,Macedo de Costa,RJ,Clonazepam Pomada 30g - Medley (Genérico),Homeopatia
45.94,2,2024-11-18,Monday   ,18,11,4,2024,Maria Eduarda Dias,Avenida Stella Dias,Vila Jardim São José,Sousa,TO,Termômetro Digital Mió FPS 70,Produtos Ortopédicos
400.96,2,2025-07-18,Friday   ,18,7,3,2025,Enzo Pereira,Rodovia Rocha,São Gonçalo,Albuquerque,MG,Metformina 25mg - 30 Comprimidos - EMS (Genérico),Cuidados com o Cabelo
464.22,3,2025-10-16,Thursday ,16,10,4,2025,Amanda Pimenta,Conjunto de Casa Grande,Grota,Jesus,ES,Escitalopram 1g - 10 Comprimidos - Medley (Genérico),Aparelhos Médicos
583.38,3,2025-02-08,Saturday ,8,2,1,2025,Ester Vasconcelos,Favela de da Rocha,Corumbiara,Castro de Jesus,GO,Clonazepam Suspensão Oral 50ml - Medley (Genérico),Vitaminas e Suplementos
237.63,1,2026-07-29,Wednesday,29,7,3,2026,Sabrina Fonseca,Largo Ana Carolina Albuquerque,Conjunto Santa Maria,Cavalcante,RR,Vacina contra Arritmia - Reforço,Analgésicos
115.83,3,2026-04-30,Thursday ,30,4,2,2026,Sr. Noah Moraes,Fazenda Rezende,Boa União 2ª Seção,Rezende,DF,Metformina Pomada 30g - Bayer,Genéricos
219.3,1,2025-03-10,Monday   ,10,3,1,2025,Maria Vitória Porto,Distrito Heloisa Vargas,Santa Margarida,da Costa,PR,Clonazepam Gotas 20ml - Eurofarma,Antialérgicos
273.04,4,2026-04-05,Sunday   ,5,4,2,2026,Aurora Leão,Rua de Pastor,Vila Das Oliveiras,Moura,SP,Vacina contra Úlcera - Dose Única,Fraldas e Infantis
1221.85,5,2025-04-01,Tuesday  ,1,4,2,2025,Davi Lucca Lopes,Vila Maitê Novaes,Boa União 2ª Seção,Vieira de Minas,PB,Shampoo Anticaspa CeraVe 500ml,Saúde Bucal
377.79,3,2025-05-08,Thursday ,8,5,2,2025,Otto Castro,Vale de Rodrigues,Independência,Porto,GO,Soro Fisiológico CeraVe 150ml,Homeopatia
169.52,2,2025-07-25,Friday   ,25,7,3,2025,Sr. Ian Guerra,Estrada de Pacheco,Marajó,Farias da Prata,RN,Atenolol 50mg - 30 Comprimidos - Neo Química (Genérico),Vitaminas e Suplementos
622.2,3,2024-11-18,Monday   ,18,11,4,2024,Dra. Raquel Fernandes,Quadra Nina Cirino,Cdi Jatoba,Aragão do Galho,SC,Nimesulida 25mg - 30 Comprimidos - Neo Química (Genérico),Higiene Pessoal
174.96,2,2026-05-27,Wednesday,27,5,2,2026,Maria Isis Cunha,Favela Antony Pastor,Santa Terezinha,da Luz de Ramos,SC,Fralda Descartável Aptamil 200ml,Anti-inflamatórios
83.62,1,2026-09-05,Saturday ,5,9,3,2026,Maria Helena Camargo,Estrada Cassiano,Ambrosina,Novaes de Minas,PE,Nimesulida Suspensão Oral 50ml - Neo Química (Genérico),Produtos Ortopédicos
505.56000000000006,3,2026-04-10,Friday   ,10,4,2,2026,João Lucas Santos,Viaduto de Farias,Vila Real 1ª Seção,Borges,PA,Creme Hidratante Johnson's Tamanho G (32 un),Antibióticos
148.04,1,2025-07-19,Saturday ,19,7,3,2025,Luara Aragão,Núcleo Milena Macedo,Conjunto Paulo Vi,da Costa do Galho,CE,Vacina contra Lúpus - Dose Única,Antibióticos
145.8,5,2025-10-04,Saturday ,4,10,4,2025,Sra. Isabela Machado,Jardim Sales,Santa Helena,Brito da Mata,BA,Sertralina 50mg - 30 Comprimidos - Neo Química (Genérico),Higiene Pessoal
64.2,1,2026-07-09,Thursday ,9,7,3,2026,Lucca Camargo,Estrada de Nascimento,Carlos Prates,Barbosa dos Dourados,RN,Condicionador Hidratação Johnson's FPS 50,Aparelhos Médicos
123.13,1,2025-03-24,Monday   ,24,3,1,2025,Henrique Monteiro,Passarela Barros,Baleia,Aparecida,CE,Vacina contra Embolia - Dose Única,Antibióticos
626.73,3,2024-11-30,Saturday ,30,11,4,2024,Sra. Luana Jesus,Recanto de Novaes,Pompéia,da Rocha do Amparo,RN,Hastes Flexíveis (Cotonetes) Huggies 150ml,Antibióticos
125.93,1,2026-06-20,Saturday ,20,6,2,2026,Thales Cunha,Rua Araújo,Carlos Prates,Mendes das Flores,AL,Soro Fisiológico CeraVe 150ml,Homeopatia
82.69,1,2026-07-01,Wednesday,1,7,3,2026,Heloísa Rezende,Aeroporto da Conceição,Indaiá,Vieira de Minas,MT,Paracetamol Pomada 30g - Medley (Genérico),Antitérmicos
52.400000000000006,5,2025-10-16,Thursday ,16,10,4,2025,Sr. Rafael Gonçalves,Passarela Noah Nogueira,Vila Jardim Leblon,da Rocha,PI,Condicionador Hidratação Vichy 90g,Vacinas
206.84,4,2025-10-11,Saturday ,11,10,4,2025,Sr. João Vitor Sá,Ladeira de Sales,Novo Ouro Preto,Ribeiro,RS,Metformina 25mg - 30 Comprimidos - Medley (Genérico),Higiene Pessoal
209.84,2,2025-01-11,Saturday ,11,1,1,2025,Srta. Eloá Nascimento,Residencial Cassiano,Heliopolis,Vieira de Minas,PB,Protetor Solar Corporal CeraVe Tamanho M (40 un),Fitoterápicos
467.12,2,2025-03-21,Friday   ,21,3,1,2025,José Pedro Vargas,Condomínio Pacheco,Cruzeiro,Machado,PB,Ibuprofeno Suspensão Oral 50ml - Neo Química (Genérico),Dermocosméticos
332.79,3,2025-08-01,Friday   ,1,8,3,2025,Danilo Pinto,Trecho Brayan Rezende,Conjunto Minas Caixa,Macedo de Costa,RJ,Dipirona Sódica 25mg - 30 Comprimidos - EMS (Genérico),Genéricos
92.52,2,2025-03-14,Friday   ,14,3,1,2025,João Felipe Novais,Rua Isabella Porto,Pantanal,Nunes,AC,Vacina contra Parkinson - Dose Única,Fraldas e Infantis
131.87,1,2026-05-14,Thursday ,14,5,2,2026,Mariane Marques,Colônia Maria Alice Cassiano,Vila São Rafael,da Mata dos Dourados,PR,Curativos (Band-Aid) Needs 400ml,Anti-inflamatórios
453.39,3,2025-03-30,Sunday   ,30,3,1,2025,Pietro Pastor,Morro Viana,Vila Madre Gertrudes 4ª Seção,Câmara do Galho,RO,Água Micelar Sempre Livre 50g,Vacinas
640.8499999999999,5,2026-02-22,Sunday   ,22,2,1,2026,Igor Gonçalves,Favela Bento Macedo,Tiradentes,Dias,RR,Losartana Potássica Gotas 20ml - Aché,Antidepressivos
852.8499999999999,5,2026-02-28,Saturday ,28,2,1,2026,Ravi Lucca da Cruz,Chácara Cunha,Vila Sumaré,da Rosa,MS,Amoxicilina Suspensão Oral 50ml - Eurofarma,Vacinas
293.85,5,2025-10-21,Tuesday  ,21,10,4,2025,Ana Lívia Cardoso,Jardim de Costa,Santa Cecilia,Almeida das Pedras,PI,Loratadina 1g - 10 Comprimidos - Neo Química (Genérico),Primeiros Socorros
130.52,2,2025-01-16,Thursday ,16,1,1,2025,Leandro Fogaça,Via Enzo Gabriel Cavalcante,Santa Lúcia,Nunes,AC,Hidroclorotiazida 1g - 10 Comprimidos - Medley (Genérico),Saúde Bucal
980.04,4,2025-08-13,Wednesday,13,8,3,2025,Anthony Gabriel Siqueira,Trecho Cirino,Vila São Gabriel,Nunes do Sul,MA,Hidroclorotiazida 25mg - 30 Comprimidos - EMS (Genérico),Cuidados com o Cabelo
833.44,4,2025-08-08,Friday   ,8,8,3,2025,Calebe Moreira,Morro de da Cruz,Vila Jardim Montanhes,Albuquerque de Brito,GO,Vacina contra Câncer de Pulmão - Dose Única,Antialérgicos
202.27,1,2026-02-11,Wednesday,11,2,1,2026,Ana Cecília Cavalcanti,Fazenda João Lucas da Mata,Conjunto Califórnia I,da Costa,PR,Pantoprazol 1g - 10 Comprimidos - Bayer,Cuidados com o Cabelo
242.81,1,2025-08-12,Tuesday  ,12,8,3,2025,Maria Eduarda Monteiro,Rua de Caldeira,Jatobá,Barros,TO,Paracetamol 1g - 10 Comprimidos - Bayer,Vacinas
209.84,2,2026-08-25,Tuesday  ,25,8,3,2026,Valentim Andrade,Estação Davi Teixeira,Conjunto Paulo Vi,Moraes do Galho,PA,Protetor Solar Corporal CeraVe Tamanho M (40 un),Fitoterápicos
709.83,3,2026-04-28,Tuesday  ,28,4,2,2026,Ana Clara da Conceição,Feira Pinto,Tirol,da Cunha,AM,Dipirona Sódica Xarope 120ml - Neo Química (Genérico),Antidepressivos
143.44,2,2026-04-13,Monday   ,13,4,2,2026,Juliana Barbosa,Vila de Casa Grande,Vila Vista Alegre,Andrade Alegre,DF,Álcool em Gel 70% Aptamil FPS 50,Antibióticos
163.62,3,2025-04-08,Tuesday  ,8,4,2,2025,Luiza Rezende,Feira Eloah Gonçalves,Chácara Leonina,Moraes do Galho,PA,Protetor Solar Facial Nivea 50 Metros,Aparelhos Médicos
234.88,2,2024-12-10,Tuesday  ,10,12,4,2024,Maitê Nunes,Vereda Garcia,Vila Puc,Pereira do Oeste,MS,Sabonete em Barra Colgate Tamanho G (32 un),Fraldas e Infantis
24.83,1,2025-08-25,Monday   ,25,8,3,2025,Anthony Melo,Via Benjamim Cassiano,Vila Havaí,Siqueira do Campo,GO,Creme Dental Colgate 150ml,Vacinas
93.05,1,2026-01-06,Tuesday  ,6,1,1,2026,Srta. Ana Sophia Albuquerque,Viela de Vasconcelos,Nossa Senhora Da Conceição,Macedo de Costa,RJ,Escitalopram Gotas 20ml - EMS (Genérico),Antialérgicos
224.2,4,2025-12-03,Wednesday,3,12,4,2025,Maria Helena Camargo,Estrada Cassiano,Ambrosina,Novaes de Minas,PE,Amoxicilina 1g - 10 Comprimidos - EMS (Genérico),Antidepressivos
1001.35,5,2025-01-19,Sunday   ,19,1,1,2025,Julia Vargas,Núcleo Pires,Boa União 2ª Seção,Araújo da Prata,RR,Hastes Flexíveis (Cotonetes) Nivea 50 Metros,Fitoterápicos
219.31,1,2024-09-29,Sunday   ,29,9,3,2024,Murilo Cassiano,Esplanada Luísa Melo,Parque São Pedro,Castro,CE,Fio Dental Listerine Tamanho M (40 un),Cuidados com o Cabelo
205.24,2,2025-03-21,Friday   ,21,3,1,2025,Rafaela Gomes,Morro Gonçalves,Parque São José,Souza,ES,Vacina contra Alzheimer - Dose Única,Antialérgicos
524.6,5,2026-06-22,Monday   ,22,6,2,2026,Joaquim Andrade,Núcleo Luiz Fernando Nascimento,Barro Preto,Siqueira do Amparo,BA,Protetor Solar Corporal CeraVe Tamanho M (40 un),Fitoterápicos
285.78,2,2026-07-19,Sunday   ,19,7,3,2026,Zoe Costela,Esplanada Danilo Mendes,Sport Club,das Neves,MT,Escitalopram 25mg - 30 Comprimidos - Bayer,Aparelhos Médicos
1212.25,5,2026-07-20,Monday   ,20,7,3,2026,Valentim Cunha,Rodovia de Fonseca,Parque São José,Macedo Alegre,RR,Ibuprofeno Suspensão Oral 50ml - Eurofarma,Anti-inflamatórios
360.52,4,2026-03-26,Thursday ,26,3,1,2026,Dr. Gael Marques,Conjunto Julia Ferreira,Silveira,Alves do Oeste,SP,Desodorante Roll-on Sempre Livre 150ml,Vitaminas e Suplementos
235.19,1,2026-08-14,Friday   ,14,8,3,2026,Erick Gomes,Chácara Barros,Xodo-Marize,Almeida das Pedras,PI,Leite em Pó Infantil Huggies 90g,Homeopatia
467.82,2,2025-06-02,Monday   ,2,6,2,2025,Ísis Cassiano,Sítio de da Paz,Corumbiara,Duarte,PI,Pantoprazol Pomada 30g - Medley (Genérico),Dermocosméticos
463.68,2,2025-06-15,Sunday   ,15,6,2,2025,Aurora Macedo,Feira Dante Mendes,Granja De Freitas,Fogaça Alegre,PR,Vacina contra Linfoma - Reforço,Nutrição Infantil
82.32000000000001,3,2026-02-01,Sunday   ,1,2,1,2026,Pedro Henrique Duarte,Rodovia de Freitas,Vila Da Luz,Guerra de Minas,DF,Curativos (Band-Aid) Sempre Livre 90g,Antitérmicos
81.03,3,2025-07-03,Thursday ,3,7,3,2025,Joaquim Caldeira,Feira de Siqueira,Apolonia,Lopes de Mendes,AM,Ibuprofeno 25mg - 30 Comprimidos - Bayer,Dermocosméticos
719.35,5,2025-07-01,Tuesday  ,1,7,3,2025,Henry Gabriel da Rosa,Chácara de Abreu,Universo,Pinto dos Dourados,MT,Creme Hidratante Dove 400ml,Higiene Pessoal
352.32,3,2026-09-08,Tuesday  ,8,9,3,2026,Ravi Lucca Sales,Trecho Felipe Santos,Conjunto Floramar,Pacheco de Novaes,PR,Sabonete em Barra Colgate Tamanho G (32 un),Fraldas e Infantis
696.42,3,2025-11-18,Tuesday  ,18,11,4,2025,João Vitor Pereira,Pátio de Carvalho,Brasil Industrial,Fogaça Alegre,PR,Creme Hidratante G-Tech 400ml,Primeiros Socorros
674.08,4,2025-11-14,Friday   ,14,11,4,2025,Ravi Lucca Pastor,Núcleo Maria Luísa Duarte,Vila Antena,Ferreira,AM,Creme Hidratante Johnson's Tamanho G (32 un),Antibióticos
466.16,2,2025-01-11,Saturday ,11,1,1,2025,Benicio Ribeiro,Ladeira Jesus,Bernadete,Gomes,AM,Omeprazol 50mg - 30 Comprimidos - Neo Química (Genérico),Anti-inflamatórios
545.64,3,2026-01-10,Saturday ,10,1,1,2026,Melina Moura,Área de Novais,Aparecida,da Luz de Ramos,SC,Azitromicina Suspensão Oral 50ml - Neo Química (Genérico),Vacinas
407.48,2,2026-03-26,Thursday ,26,3,1,2026,Isaac Cavalcanti,Quadra João Vitor Monteiro,Alto Caiçaras,Moura,BA,Leite em Pó Infantil Rexona 150ml,Analgésicos
803.85,5,2024-10-02,Wednesday,2,10,4,2024,Arthur Miguel Cunha,Conjunto de Vargas,Nova Vista,Freitas Alegre,PB,Vacina contra Hepatite A - Dose Única,Analgésicos
159.84,2,2025-03-27,Thursday ,27,3,1,2025,Maria Julia da Costa,Área Pires,São Marcos,Rocha,RS,Desodorante Aerosol Rexona FPS 70,Genéricos
386.84,2,2026-06-26,Friday   ,26,6,2,2026,Sr. Thomas Vasconcelos,Viela Pedro Miguel da Paz,Maria Tereza,Cardoso,AL,Enalapril Suspensão Oral 50ml - Eurofarma,Saúde Bucal
345.81,3,2025-01-16,Thursday ,16,1,1,2025,Luísa Pires,Viaduto Luiz Gustavo Siqueira,Conjunto Serra Verde,Ribeiro,RS,Escitalopram 50mg - 30 Comprimidos - Eurofarma,Cuidados com o Cabelo
222.60000000000002,3,2026-04-24,Friday   ,24,4,2,2026,Eloá Rodrigues,Vereda Carolina Porto,Vila Calafate,Alves de da Conceição,AC,Vacina contra Parkinson - Reforço,Fraldas e Infantis
43.81,1,2025-02-14,Friday   ,14,2,1,2025,Dra. Emanuelly Monteiro,Trevo Alves,Santa Margarida,Casa Grande do Oeste,MT,Lenço Umedecido Colgate FPS 50,Analgésicos
253.89,3,2025-04-20,Sunday   ,20,4,2,2025,Sr. Thomas Pires,Residencial de Azevedo,Vila Santo Antônio Barroquinha,Siqueira do Norte,RO,Diclofenaco 25mg - 30 Comprimidos - Neo Química (Genérico),Anti-inflamatórios
274.36,2,2026-08-03,Monday   ,3,8,3,2026,Letícia Albuquerque,Ladeira de Campos,Santa Amelia,da Costa de Melo,AL,Fluoxetina 1g - 10 Comprimidos - Bayer,Fraldas e Infantis
955.5,5,2026-08-04,Tuesday  ,4,8,3,2026,Sr. Noah Moraes,Fazenda Rezende,Boa União 2ª Seção,Rezende,DF,Diclofenaco Xarope 120ml - Eurofarma,Aparelhos Médicos
23.18,2,2024-10-07,Monday   ,7,10,4,2024,Dra. Elisa Teixeira,Aeroporto Monteiro,Confisco,Casa Grande do Oeste,MT,Sildenafila 500mg - 20 Comprimidos - Eurofarma,Analgésicos
223.82,1,2025-03-28,Friday   ,28,3,1,2025,Alana Sales,Vila de Leão,Palmares,Sampaio das Flores,CE,Vacina contra Chikungunya - Dose Única,Vacinas
449.25,5,2025-09-14,Sunday   ,14,9,3,2025,Calebe Souza,Aeroporto Benjamin Ribeiro,Vila Vista Alegre,Castro,RR,Sildenafila Pomada 30g - Aché,Higiene Pessoal
128.4,2,2024-09-14,Saturday ,14,9,3,2024,Sr. Asafe Aragão,Lago Garcia,Jardim Guanabara,Machado,PB,Condicionador Hidratação Johnson's FPS 50,Aparelhos Médicos
710.76,4,2026-04-29,Wednesday,29,4,2,2026,João Miguel Cunha,Morro de Fernandes,Conjunto Novo Dom Bosco,da Cunha,AM,Diclofenaco Xarope 120ml - Medley (Genérico),Primeiros Socorros
675.1500000000001,3,2025-07-17,Thursday ,17,7,3,2025,Raquel Sousa,Residencial Ramos,Santa Rita,Montenegro,SC,Vacina contra Diabetes Tipo 2 - Reforço,Primeiros Socorros
36.75,1,2025-11-10,Monday   ,10,11,4,2025,João Miguel Azevedo,Trevo Fonseca,Serra,Nogueira de Rios,PR,Tadalafila Pomada 30g - Aché,Vitaminas e Suplementos
350.56,4,2026-07-13,Monday   ,13,7,3,2026,Sofia Garcia,Passarela Camargo,Madri,Costela do Oeste,MA,Loratadina 25mg - 30 Comprimidos - Eurofarma,Nutrição Infantil
154.02,3,2025-01-08,Wednesday,8,1,1,2025,Jade Rios,Fazenda de Azevedo,Santo Agostinho,Vieira de Minas,MT,Losartana Potássica 500mg - 20 Comprimidos - Bayer,Saúde Bucal
27.32,1,2025-06-23,Monday   ,23,6,2,2025,Mariah Cardoso,Distrito Kevin Guerra,Itapoa,Lopes dos Dourados,PB,Sabonete Líquido Vichy 500ml,Antitérmicos
223.02,2,2026-07-22,Wednesday,22,7,3,2026,Letícia Costa,Sítio Bruno Moreira,Graça,Barros,TO,Vacina contra Insuficiência Renal - Reforço,Fitoterápicos
1221.2,5,2026-06-09,Tuesday  ,9,6,2,2026,Diego Alves,Área Maria Albuquerque,Jardim América,Barbosa dos Dourados,RN,Sinvastatina Gotas 20ml - Medley (Genérico),Dermocosméticos
232.6,2,2026-05-20,Wednesday,20,5,2,2026,Srta. Larissa Moura,Vale Vargas,Pousada Santo Antonio,Mendes das Flores,AL,Diclofenaco 25mg - 30 Comprimidos - Aché,Anti-inflamatórios
710.4300000000001,3,2025-09-12,Friday   ,12,9,3,2025,Bianca Andrade,Favela Moraes,Universitário,Gonçalves do Sul,RO,Atenolol Xarope 120ml - EMS (Genérico),Analgésicos
445.09999999999997,5,2025-10-29,Wednesday,29,10,4,2025,Pedro Henrique Fonseca,Praia Melo,Vila Jardim São José,Guerra de Minas,DF,Lenço Umedecido Aptamil FPS 50,Dermocosméticos
866.35,5,2025-09-05,Friday   ,5,9,3,2025,Luiz Miguel Ribeiro,Lago Cardoso,Conjunto Taquaril,Moraes,DF,Escitalopram 500mg - 20 Comprimidos - Medley (Genérico),Fitoterápicos
263.01,3,2026-08-19,Wednesday,19,8,3,2026,Bruna Sales,Lagoa de Cavalcante,Novo Tupi,Cavalcanti,AL,Vacina contra Colesterol Alto - Dose Única,Higiene Pessoal
550.74,3,2025-06-22,Sunday   ,22,6,2,2025,Ana Cecília Souza,Chácara Maria Isis Araújo,Vila Paris,Lopes dos Dourados,PB,Protetor Solar Corporal Rexona 150ml,Antibióticos
557.5500000000001,5,2025-12-05,Friday   ,5,12,4,2025,Dra. Manuela da Mota,Lago de Casa Grande,Conjunto Taquaril,Barros de Fernandes,RR,Vacina contra Insuficiência Renal - Reforço,Fitoterápicos
291.66,2,2024-12-08,Sunday   ,8,12,4,2024,João Vitor Pereira,Pátio de Carvalho,Brasil Industrial,Fogaça Alegre,PR,Enxaguante Bucal Nivea 90g,Antibióticos
53.87,1,2026-08-17,Monday   ,17,8,3,2026,Luan Moreira,Vereda de Pereira,Conjunto Serra Verde,Martins de Gonçalves,RS,Azitromicina Suspensão Oral 50ml - Bayer,Vitaminas e Suplementos
591.85,5,2026-03-27,Friday   ,27,3,1,2026,Breno Moura,Vereda de Cavalcanti,Varzea Da Palma,Pereira do Oeste,MS,Curativos (Band-Aid) Nivea 150ml,Anti-inflamatórios
326.43,3,2026-07-18,Saturday ,18,7,3,2026,Sr. Juan Cardoso,Largo de Ramos,São João Batista,Andrade Alegre,DF,Metformina Xarope 120ml - EMS (Genérico),Dermocosméticos
321.54,2,2025-08-19,Tuesday  ,19,8,3,2025,Sr. Lorenzo Barros,Condomínio de Barros,Vila Copacabana,Vasconcelos do Campo,MG,Vacina contra Hepatite A - Dose Única,Analgésicos
95.62,1,2025-05-14,Wednesday,14,5,2,2025,Guilherme Novais,Trevo Cauê Pires,Campo Alegre,Peixoto das Flores,RJ,Sabonete em Barra Huggies 200ml,Antitérmicos
65.14,2,2026-08-03,Monday   ,3,8,3,2026,Joana Aragão,Quadra de Cavalcante,Mantiqueira,da Rosa,AP,Paracetamol 500mg - 20 Comprimidos - Eurofarma,Fitoterápicos
873.85,5,2024-12-17,Tuesday  ,17,12,4,2024,Leandro Jesus,Núcleo Caleb Borges,Novo São Lucas,Nunes,AC,Losartana Potássica Suspensão Oral 50ml - Aché,Vitaminas e Suplementos
124.64,1,2025-08-31,Sunday   ,31,8,3,2025,Calebe Rocha,Viela Oliver Gomes,João Alfredo,Castro,CE,Escitalopram 25mg - 30 Comprimidos - Aché,Anti-inflamatórios
46.48,2,2026-07-30,Thursday ,30,7,3,2026,Stephany Vargas,Jardim Manuella Andrade,Tupi B,Ramos,AC,Diclofenaco Suspensão Oral 50ml - Eurofarma,Higiene Pessoal
145.8,5,2025-12-26,Friday   ,26,12,4,2025,Lavínia Moreira,Trevo de Martins,Conjunto Floramar,Rocha das Pedras,AP,Sertralina 50mg - 30 Comprimidos - Neo Química (Genérico),Higiene Pessoal
411.9,2,2025-06-08,Sunday   ,8,6,2,2025,Ana Oliveira,Pátio de Azevedo,Universo,Pastor,AP,Cefalexina 1g - 10 Comprimidos - Eurofarma,Antialérgicos
131.25,5,2025-09-21,Sunday   ,21,9,3,2025,Ana Cecília Souza,Chácara Maria Isis Araújo,Vila Paris,Lopes dos Dourados,PB,Sérum Vitamina C Aptamil Tamanho M (40 un),Antibióticos
428.52,3,2026-02-02,Monday   ,2,2,1,2026,Sr. Henrique Alves,Jardim de Moreira,Minas Brasil,Pires,PE,Losartana Potássica Gotas 20ml - Neo Química (Genérico),Analgésicos
117.9,2,2026-02-12,Thursday ,12,2,1,2026,Cecília Pires,Fazenda Theodoro da Luz,Vila São Rafael,Rezende,DF,Diclofenaco Suspensão Oral 50ml - EMS (Genérico),Higiene Pessoal
175.65,5,2025-11-10,Monday   ,10,11,4,2025,Levi Câmara,Favela de Mendes,Funcionários,Nascimento de Azevedo,GO,Dipirona Sódica Xarope 120ml - EMS (Genérico),Aparelhos Médicos
418.1,5,2026-03-28,Saturday ,28,3,1,2026,Maria Alice Albuquerque,Chácara da Costa,Jardim Atlântico,da Rocha,PI,Nimesulida Suspensão Oral 50ml - Neo Química (Genérico),Produtos Ortopédicos
901.56,4,2026-01-16,Friday   ,16,1,1,2026,Ana Vitória Gomes,Campo de Araújo,Saudade,Ferreira,AM,Soro Fisiológico Dove 150ml,Antidepressivos
919.4,4,2025-12-11,Thursday ,11,12,4,2025,Dom Oliveira,Praça Amanda Pastor,Monsenhor Messias,da Luz de Ramos,SC,Álcool em Gel 70% CeraVe 150ml,Genéricos
461.08,4,2026-01-04,Sunday   ,4,1,1,2026,Aurora Leão,Rua de Pastor,Vila Das Oliveiras,Moura,SP,Escitalopram 50mg - 30 Comprimidos - Eurofarma,Cuidados com o Cabelo
131.87,1,2026-03-30,Monday   ,30,3,1,2026,Isabelly Souza,Jardim de Camargo,Leonina,Aragão do Galho,SC,Curativos (Band-Aid) Needs 400ml,Anti-inflamatórios
1175.5500000000002,5,2025-06-09,Monday   ,9,6,2,2025,Emanuella Nascimento,Núcleo Mendonça,São João,Macedo de Costa,RJ,Cefalexina 500mg - 20 Comprimidos - Medley (Genérico),Antitérmicos
230.8,4,2026-05-27,Wednesday,27,5,2,2026,Ana Cecília Gonçalves,Aeroporto Marcela Correia,Céu Azul,Costela do Oeste,MA,Pantoprazol Xarope 120ml - Aché,Nutrição Infantil
172.67,1,2025-08-21,Thursday ,21,8,3,2025,Sophia Sampaio,Vale José Miguel Lima,Nova Esperança,Castro,CE,Escitalopram 25mg - 30 Comprimidos - EMS (Genérico),Homeopatia
314.52,2,2026-01-10,Saturday ,10,1,1,2026,Sra. Fernanda Costela,Estação Camargo,Venda Nova,Azevedo de Leão,MS,Atenolol 50mg - 30 Comprimidos - Medley (Genérico),Anti-inflamatórios
104.96,1,2026-01-04,Sunday   ,4,1,1,2026,Alexia Cavalcante,Distrito Viana,Vila Santa Rosa,Barbosa,CE,Desodorante Aerosol Nivea 200ml,Primeiros Socorros
5.91,1,2025-08-20,Wednesday,20,8,3,2025,Sr. José Miguel Pimenta,Distrito de Marques,Coração Eucarístico,Cavalcanti de Correia,SP,Omeprazol Suspensão Oral 50ml - EMS (Genérico),Saúde Bucal
73.74,3,2024-09-17,Tuesday  ,17,9,3,2024,Maria Cecília Casa Grande,Loteamento Marques,Santa Terezinha,Machado,PE,Protetor Solar Facial G-Tech Tamanho M (40 un),Cuidados com o Cabelo
518.92,4,2025-11-07,Friday   ,7,11,4,2025,Breno Camargo,Campo Sarah das Neves,Boa União 2ª Seção,das Neves,MT,Losartana Potássica 500mg - 20 Comprimidos - Eurofarma,Primeiros Socorros
169.77,1,2026-04-02,Thursday ,2,4,2,2026,Cauã da Cunha,Jardim Yago Duarte,Vila Batik,Silveira das Flores,PE,Enxaguante Bucal Rexona FPS 50,Dermocosméticos
157.72,2,2025-07-23,Wednesday,23,7,3,2025,Milena Sales,Loteamento Ana Beatriz Marques,São Gabriel,Montenegro Alegre,BA,Vacina contra Resfriado - Dose Única,Cuidados com o Cabelo
674.95,5,2025-12-26,Friday   ,26,12,4,2025,Rhavi Andrade,Viaduto Azevedo,Vila Independencia 3ª Seção,Alves,BA,Loratadina 25mg - 30 Comprimidos - Aché,Analgésicos
146.2,1,2025-08-22,Friday   ,22,8,3,2025,Otto Barbosa,Parque Ana Luiza Sampaio,João Pinheiro,Machado,PB,Fio Dental Sempre Livre FPS 70,Saúde Bucal
762.44,4,2024-09-23,Monday   ,23,9,3,2024,Raquel Sousa,Residencial Ramos,Santa Rita,Montenegro,SC,Fluoxetina 25mg - 30 Comprimidos - Eurofarma,Fitoterápicos
275.7,5,2026-04-21,Tuesday  ,21,4,2,2026,Raul Sampaio,Núcleo Carvalho,Vila Madre Gertrudes 1ª Seção,da Costa,PR,Vacina contra Tuberculose - Reforço,Fitoterápicos
230.54,2,2026-03-12,Thursday ,12,3,1,2026,Antônio das Neves,Praia de Almeida,Bandeirantes,Duarte,MA,Escitalopram 50mg - 30 Comprimidos - Eurofarma,Cuidados com o Cabelo
89.02,1,2024-11-30,Saturday ,30,11,4,2024,Cecilia da Conceição,Praia de Teixeira,Flamengo,Viana,TO,Lenço Umedecido Aptamil FPS 50,Dermocosméticos
219.31,1,2025-09-02,Tuesday  ,2,9,3,2025,Antonella Silva,Travessa Brito,Camponesa 2ª Seção,Nogueira de Rios,PR,Fio Dental Listerine Tamanho M (40 un),Cuidados com o Cabelo
163.62,3,2024-12-15,Sunday   ,15,12,4,2024,Benicio Cirino,Aeroporto Porto,Jardim São José,Albuquerque,MG,Protetor Solar Facial Nivea 50 Metros,Aparelhos Médicos
371.34,2,2025-01-13,Monday   ,13,1,1,2025,Daniel Vargas,Rua Noah Pastor,Jonas Veiga,Duarte,MA,Termômetro Digital Needs Tamanho M (40 un),Vitaminas e Suplementos
612.4499999999999,5,2025-01-03,Friday   ,3,1,1,2025,Paulo Rodrigues,Recanto de Gonçalves,Itaipu,Ribeiro,RS,Ibuprofeno Gotas 20ml - Aché,Vacinas
867.4,5,2024-09-21,Saturday ,21,9,3,2024,Srta. Sarah da Cruz,Alameda de Nunes,Conjunto Novo Dom Bosco,Barbosa,DF,Fralda Descartável Clear FPS 50,Antibióticos
121.94,1,2025-05-22,Thursday ,22,5,2,2025,Dra. Isabel Cavalcanti,Feira de Vargas,Bela Vitoria,Souza,ES,Sinvastatina Pomada 30g - EMS (Genérico),Cuidados com o Cabelo
810.45,5,2025-04-02,Wednesday,2,4,2,2025,Ana Rodrigues,Passarela João Felipe Silva,Prado,Mendes das Flores,AL,Vacina contra Hepatite B - Dose Única,Vacinas
821.35,5,2025-06-08,Sunday   ,8,6,2,2025,Maria Liz Cunha,Distrito Cavalcante,Santo André,Gomes,AM,Azitromicina Gotas 20ml - Aché,Primeiros Socorros
387.29999999999995,3,2025-01-08,Wednesday,8,1,1,2025,João Lucas Melo,Área de Porto,Vila Califórnia,Carvalho,MT,Metformina 1g - 10 Comprimidos - Aché,Fraldas e Infantis
141.76,4,2025-10-22,Wednesday,22,10,4,2025,Maitê Montenegro,Residencial Fogaça,Vila Copacabana,Cassiano Verde,SE,Nimesulida Xarope 120ml - Eurofarma,Dermocosméticos
53.87,1,2024-11-02,Saturday ,2,11,4,2024,Alícia da Cruz,Estrada Pastor,Braúnas,Barros de Sousa,RS,Azitromicina Suspensão Oral 50ml - Bayer,Vitaminas e Suplementos
143.87,1,2024-10-25,Friday   ,25,10,4,2024,Ravi Lucca Pastor,Núcleo Maria Luísa Duarte,Vila Antena,Ferreira,AM,Creme Hidratante Dove 400ml,Higiene Pessoal
82.69,1,2025-09-03,Wednesday,3,9,3,2025,Isabel Farias,Ladeira de Cavalcante,Jaqueline,Marques Alegre,AL,Paracetamol Pomada 30g - Medley (Genérico),Antitérmicos
148.84,2,2024-11-19,Tuesday  ,19,11,4,2024,Srta. Maria Flor Rezende,Fazenda Câmara,Maria Tereza,da Mata dos Dourados,PR,Dipirona Sódica 1g - 10 Comprimidos - EMS (Genérico),Antibióticos
461.06,2,2025-11-22,Saturday ,22,11,4,2025,Apollo da Paz,Vereda de Fernandes,Madri,Silveira,BA,Fluoxetina Suspensão Oral 50ml - Aché,Vacinas
122.16,2,2026-03-13,Friday   ,13,3,1,2026,Luiza Andrade,Largo Cavalcante,Fernão Dias,Moraes,DF,Condicionador Hidratação Nivea 50g,Fraldas e Infantis
574.48,4,2024-11-11,Monday   ,11,11,4,2024,Eduardo Mendes,Feira de Teixeira,Estoril,Peixoto das Flores,RJ,Protetor Solar Corporal La Roche-Posay 90g,Aparelhos Médicos
258.55,5,2025-09-08,Monday   ,8,9,3,2025,Mathias Ferreira,Estação de Jesus,Barão Homem De Melo 3ª Seção,Pastor,MG,Metformina 25mg - 30 Comprimidos - Medley (Genérico),Higiene Pessoal
225.56,4,2024-09-17,Tuesday  ,17,9,3,2024,Emilly Silva,Quadra de Melo,Novo Santa Cecilia,Melo,MA,Diclofenaco 50mg - 30 Comprimidos - Eurofarma,Antidepressivos
230.27,1,2025-12-27,Saturday ,27,12,4,2025,Nicole Gomes,Favela de Vasconcelos,Mantiqueira,Pires,AM,Vacina contra Alzheimer - Reforço,Nutrição Infantil
178.68,3,2024-12-18,Wednesday,18,12,4,2024,Cauã Cavalcanti,Loteamento de Cardoso,Providencia,Borges,BA,Vacina contra Câncer de Próstata - Dose Única,Dermocosméticos
614.45,5,2025-12-13,Saturday ,13,12,4,2025,Dr. João Miguel da Paz,Vale Ramos,Vila São Francisco,da Luz,RS,Paracetamol 50mg - 30 Comprimidos - Medley (Genérico),Nutrição Infantil
624.9499999999999,5,2025-04-10,Thursday ,10,4,2,2025,Rael Montenegro,Trecho de Teixeira,Xodo-Marize,Moura,SP,Sérum Vitamina C Panvel FPS 70,Higiene Pessoal
203.23,1,2025-10-28,Tuesday  ,28,10,4,2025,André Azevedo,Viela João Pires,Esperança,Nunes,SP,Enxaguante Bucal Clear FPS 70,Saúde Bucal
165.38,2,2025-07-10,Thursday ,10,7,3,2025,Lorenzo Ferreira,Campo Renan da Paz,Alípio De Melo,da Costa,PE,Paracetamol Pomada 30g - Medley (Genérico),Antitérmicos
290.85,5,2025-04-26,Saturday ,26,4,2,2025,Isabelly Farias,Parque da Luz,Cidade Nova,Montenegro da Praia,PA,Protetor Solar Corporal Bepantol 50 Metros,Vitaminas e Suplementos
135.05,5,2025-07-01,Tuesday  ,1,7,3,2025,Dr. Kevin Pacheco,Conjunto de Teixeira,Confisco,da Mata dos Dourados,PR,Ibuprofeno 25mg - 30 Comprimidos - Bayer,Dermocosméticos
324.92,2,2026-06-15,Monday   ,15,6,2,2026,Isabel Aragão,Lago de Martins,Marmiteiros,Brito,MS,Protetor Solar Corporal Sempre Livre 50 Metros,Aparelhos Médicos
233.63,1,2026-03-17,Tuesday  ,17,3,1,2026,Sra. Milena Pires,Jardim Zoe Barbosa,Etelvina Carneiro,Barbosa,CE,Azitromicina 500mg - 20 Comprimidos - Bayer,Vacinas
873.64,4,2025-09-16,Tuesday  ,16,9,3,2025,Dom Oliveira,Praça Amanda Pastor,Monsenhor Messias,da Luz de Ramos,SC,Creme Hidratante La Roche-Posay FPS 50,Vacinas
725.9399999999999,3,2025-06-16,Monday   ,16,6,2,2025,Maria Julia Viana,Sítio de Sampaio,Dom Silverio,Caldeira,SE,Escitalopram Suspensão Oral 50ml - Eurofarma,Vitaminas e Suplementos
386.44,2,2026-02-26,Thursday ,26,2,1,2026,Lorenzo Ferreira,Campo Renan da Paz,Alípio De Melo,da Costa,PE,Atenolol 25mg - 30 Comprimidos - Aché,Higiene Pessoal
293.85,5,2026-02-24,Tuesday  ,24,2,1,2026,Ágatha Viana,Ladeira Lopes,Cidade Jardim,Barros de Fernandes,RR,Loratadina 1g - 10 Comprimidos - Neo Química (Genérico),Primeiros Socorros
306.48,3,2026-02-28,Saturday ,28,2,1,2026,Daniel Moreira,Feira Amanda das Neves,Havaí,da Rocha da Prata,RN,Atenolol Pomada 30g - Medley (Genérico),Aparelhos Médicos
802.12,4,2026-07-04,Saturday ,4,7,3,2026,Vitor Hugo Fogaça,Passarela Novaes,Cinquentenário,Freitas Alegre,PB,Vacina contra Conjuntivite - Dose Única,Antidepressivos
652.56,4,2025-05-14,Wednesday,14,5,2,2025,Alana Duarte,Favela Castro,Gutierrez,Albuquerque de Brito,GO,Creme Dental Clear 50g,Antidepressivos
519.8100000000001,3,2025-05-31,Saturday ,31,5,2,2025,Mariah Cardoso,Distrito Kevin Guerra,Itapoa,Lopes dos Dourados,PB,Escitalopram 500mg - 20 Comprimidos - Medley (Genérico),Fitoterápicos
108.05,1,2025-09-15,Monday   ,15,9,3,2025,Dr. Theodoro Rodrigues,Núcleo de Araújo,São Vicente,Almeida das Pedras,PI,Condicionador Hidratação G-Tech FPS 50,Produtos Ortopédicos
142.3,5,2026-07-22,Wednesday,22,7,3,2026,Gabriel Costa,Colônia João Gabriel Carvalho,São Geraldo,Duarte Verde,RO,Amoxicilina Gotas 20ml - Medley (Genérico),Antidepressivos
762.44,4,2025-07-04,Friday   ,4,7,3,2025,Lorenzo Ferreira,Campo Renan da Paz,Alípio De Melo,da Costa,PE,Fluoxetina 25mg - 30 Comprimidos - Eurofarma,Fitoterápicos
227.22,1,2025-06-07,Saturday ,7,6,2,2025,Luiz Gustavo Duarte,Via de Pinto,Jardim São José,Jesus,ES,Fluoxetina 500mg - 20 Comprimidos - Medley (Genérico),Dermocosméticos
459.7,2,2024-10-24,Thursday ,24,10,4,2024,Francisco Pinto,Morro João Miguel Andrade,São Luiz,Cassiano,SE,Álcool em Gel 70% CeraVe 150ml,Genéricos
25.12,4,2026-01-31,Saturday ,31,1,1,2026,João Felipe Novais,Rua Isabella Porto,Pantanal,Nunes,AC,Omeprazol Gotas 20ml - Bayer,Antidepressivos
384.51,3,2025-03-31,Monday   ,31,3,1,2025,Gabriela Peixoto,Via de Ribeiro,Lagoa,Caldeira,SE,Losartana Potássica Gotas 20ml - Aché,Antidepressivos
538.12,4,2024-12-01,Sunday   ,1,12,4,2024,Brenda Novaes,Avenida de Pastor,Satelite,Rezende,GO,Ibuprofeno Gotas 20ml - Medley (Genérico),Antitérmicos
352.32,3,2026-03-02,Monday   ,2,3,1,2026,Hellena Viana,Fazenda de Ferreira,Santa Tereza,Jesus,ES,Sabonete em Barra Colgate Tamanho G (32 un),Fraldas e Infantis
459.7,2,2026-01-29,Thursday ,29,1,1,2026,Francisco Pinto,Morro João Miguel Andrade,São Luiz,Cassiano,SE,Álcool em Gel 70% CeraVe 150ml,Genéricos
344.70000000000005,3,2024-11-07,Thursday ,7,11,4,2024,Srta. Isabel Cunha,Praça Moreira,Independência,Ramos,AC,Creme Hidratante Listerine 90g,Homeopatia
65.02,1,2026-08-28,Friday   ,28,8,3,2026,Bruna Cassiano,Conjunto de da Paz,São Jorge 1ª Seção,Jesus,ES,Fluoxetina 1g - 10 Comprimidos - Eurofarma,Cuidados com o Cabelo
655.23,3,2024-10-10,Thursday ,10,10,4,2024,Sr. Diego Rezende,Vila Juan da Cruz,Corumbiara,Duarte,AL,Creme Hidratante La Roche-Posay FPS 50,Vacinas
19.02,2,2026-05-03,Sunday   ,3,5,2,2026,Luiz Gustavo Macedo,Trevo de Cirino,Flamengo,Alves de da Conceição,AC,Dipirona Sódica Gotas 20ml - EMS (Genérico),Aparelhos Médicos
363.42,3,2025-07-19,Saturday ,19,7,3,2025,Maria da Conceição,Rua Ravi Cavalcante,Vila Canto Do Sabiá,Moraes do Galho,PA,Vacina contra Dengue - Dose Única,Vacinas
84.63,1,2026-01-13,Tuesday  ,13,1,1,2026,Anthony Gabriel Siqueira,Trecho Cirino,Vila São Gabriel,Nunes do Sul,MA,Vacina contra Obesidade - Dose Única,Fraldas e Infantis
6.28,1,2025-06-09,Monday   ,9,6,2,2025,Gustavo Barbosa,Estrada Benício Gomes,Conjunto Califórnia Ii,Pacheco de Novaes,PR,Sinvastatina 1g - 10 Comprimidos - Eurofarma,Antidepressivos
202.23,1,2025-04-02,Wednesday,2,4,2,2025,Sr. Vitor Hugo Costa,Ladeira de Garcia,Vila Santa Monica 1ª Seção,Carvalho,DF,Vacina contra Bipolaridade - Dose Única,Nutrição Infantil
685.98,3,2026-03-25,Wednesday,25,3,1,2026,Valentim Sousa,Conjunto Fonseca,Madri,Vieira de Minas,PB,Pomada para Assaduras Listerine 400ml,Fitoterápicos
154.94,2,2026-07-04,Saturday ,4,7,3,2026,Srta. Larissa Rios,Esplanada de da Paz,São Luiz,Moura,SP,Curativos (Band-Aid) Huggies 150ml,Vitaminas e Suplementos
560.9399999999999,3,2025-03-06,Thursday ,6,3,1,2025,Sr. Danilo Sales,Travessa Cirino,Mineirão,Sampaio da Serra,MT,Enalapril Gotas 20ml - EMS (Genérico),Homeopatia
90.13,1,2025-08-26,Tuesday  ,26,8,3,2025,Sr. Murilo Macedo,Chácara de Teixeira,Das Industrias I,Aragão da Serra,MT,Desodorante Roll-on Sempre Livre 150ml,Vitaminas e Suplementos
520.53,3,2025-10-08,Wednesday,8,10,4,2025,Sofia Andrade,Jardim de Cavalcanti,Conjunto Santa Maria,Albuquerque das Flores,RN,Sertralina Xarope 120ml - EMS (Genérico),Saúde Bucal
209.56,4,2025-01-05,Sunday   ,5,1,1,2025,Matheus Dias,Sítio de Casa Grande,Santa Sofia,Lopes dos Dourados,PB,Condicionador Hidratação Dove 90g,Antitérmicos
205.24,2,2025-11-24,Monday   ,24,11,4,2025,Emanuel Nogueira,Favela de Melo,Estrela Do Oriente,Sousa,TO,Vacina contra Alzheimer - Dose Única,Antialérgicos
223.72,2,2025-06-17,Tuesday  ,17,6,2,2025,Pedro Lucas Costela,Morro Alexia Duarte,Vila De Sá,Jesus,RR,Sabonete em Barra Dove FPS 70,Antibióticos
72.23,1,2024-10-07,Monday   ,7,10,4,2024,Eduarda Pacheco,Rodovia Enzo Martins,Conjunto Lagoa,Barbosa,AP,Dipirona Sódica Gotas 20ml - Bayer,Antitérmicos
52.28,1,2025-04-16,Wednesday,16,4,2,2025,Nathan Aparecida,Fazenda Alícia Abreu,Fazendinha,Fogaça,BA,Atenolol 50mg - 30 Comprimidos - Eurofarma,Higiene Pessoal
625.64,4,2025-02-24,Monday   ,24,2,1,2025,João Miguel Viana,Praça da Paz,Vila Independencia 2ª Seção,Lopes dos Dourados,PB,Vacina contra Rinite - Dose Única,Aparelhos Médicos
430.5,2,2026-05-14,Thursday ,14,5,2,2026,Sophia Pacheco,Núcleo de Silveira,Salgado Filho,Cassiano do Oeste,PB,Lenço Umedecido Mió FPS 50,Saúde Bucal
1110.95,5,2025-10-31,Friday   ,31,10,4,2025,Bryan Azevedo,Vereda de Rios,Mangabeiras,Melo,MA,Amoxicilina Suspensão Oral 50ml - Neo Química (Genérico),Anti-inflamatórios
44.01,1,2026-04-17,Friday   ,17,4,2,2026,Ravi Lucca da Mota,Recanto Ana Carolina Santos,Bandeirantes,Brito da Mata,BA,Sertralina Gotas 20ml - Aché,Dermocosméticos
169.28,4,2025-04-29,Tuesday  ,29,4,2,2025,Maitê Souza,Aeroporto de Sá,Barão Homem De Melo 2ª Seção,Montenegro,SC,Metformina Suspensão Oral 50ml - Eurofarma,Cuidados com o Cabelo
413.45,5,2026-08-06,Thursday ,6,8,3,2026,Dr. Nicolas Novaes,Praia de da Costa,Dom Joaquim,da Costa,PR,Paracetamol Pomada 30g - Medley (Genérico),Antitérmicos
81.96000000000001,3,2024-10-31,Thursday ,31,10,4,2024,Isabella Cavalcanti,Praia Barros,João Pinheiro,da Paz das Pedras,BA,Sabonete Líquido Vichy 500ml,Antitérmicos
206.84,1,2025-12-01,Monday   ,1,12,4,2025,Thales Cunha,Rua Araújo,Carlos Prates,Mendes das Flores,AL,Paracetamol 25mg - 30 Comprimidos - Aché,Antibióticos
105.33,3,2024-09-15,Sunday   ,15,9,3,2024,Bianca Farias,Alameda Maria Isis da Paz,Pousada Santo Antonio,Pereira do Oeste,MS,Omeprazol 50mg - 30 Comprimidos - EMS (Genérico),Fitoterápicos
202.6,4,2026-02-08,Sunday   ,8,2,1,2026,Ana Lívia Ferreira,Praça Vargas,Jardim Vitoria,Cavalcante,RR,Sertralina Xarope 120ml - Neo Química (Genérico),Produtos Ortopédicos
1041.8000000000002,5,2025-12-20,Saturday ,20,12,4,2025,Maria Isis Cunha,Favela Antony Pastor,Santa Terezinha,da Luz de Ramos,SC,Vacina contra Câncer de Pulmão - Dose Única,Antialérgicos
38.38,2,2026-05-03,Sunday   ,3,5,2,2026,Sra. Yasmin Fogaça,Sítio Vasconcelos,Jardim Atlântico,Sousa,TO,Nimesulida 1g - 10 Comprimidos - Eurofarma,Produtos Ortopédicos
372.2,4,2025-08-04,Monday   ,4,8,3,2025,Sr. Diego Rezende,Vila Juan da Cruz,Corumbiara,Duarte,AL,Escitalopram Gotas 20ml - EMS (Genérico),Antialérgicos
454.94,2,2026-07-05,Sunday   ,5,7,3,2026,João Gabriel Gonçalves,Esplanada de da Rocha,Vila Copasa,Sales,PE,Absorvente com Abas Rexona FPS 70,Fitoterápicos
584.44,4,2025-01-23,Thursday ,23,1,1,2025,Isabelly Santos,Travessa Yago Porto,Betânia,Cirino,RJ,Lenço Umedecido Colgate 50g,Homeopatia
35.11,1,2024-10-07,Monday   ,7,10,4,2024,Dra. Lívia Cirino,Parque Pinto,Garças,Gonçalves das Pedras,PR,Omeprazol 50mg - 30 Comprimidos - EMS (Genérico),Fitoterápicos
88.17,1,2026-05-01,Friday   ,1,5,2,2026,Diogo Casa Grande,Condomínio Aurora Cardoso,Vila Copasa,Brito Alegre,MS,Curativos (Band-Aid) CeraVe 200ml,Nutrição Infantil
275.56,4,2025-04-03,Thursday ,3,4,2,2025,Srta. Esther da Conceição,Trecho Breno das Neves,Leonina,Cavalcanti de Correia,SP,Nimesulida 1g - 10 Comprimidos - Aché,Vacinas
44.64,3,2026-02-08,Sunday   ,8,2,1,2026,Thales Santos,Colônia Clarice Costa,Nova America,Ferreira de Sampaio,PB,Clonazepam Suspensão Oral 50ml - EMS (Genérico),Saúde Bucal
481.29,3,2025-02-09,Sunday   ,9,2,1,2025,Ravi Lucca da Mota,Recanto Ana Carolina Santos,Bandeirantes,Brito da Mata,BA,Omeprazol Suspensão Oral 50ml - Eurofarma,Anti-inflamatórios
69.89,1,2025-01-18,Saturday ,18,1,1,2025,José Pedro da Luz,Trecho Isaque Cavalcante,Céu Azul,Cardoso,RO,Desodorante Aerosol G-Tech 400ml,Antidepressivos
51.65,1,2026-04-26,Sunday   ,26,4,2,2026,Kevin Guerra,Conjunto de Cirino,Vila São Gabriel,Brito,MT,Azitromicina Gotas 20ml - Bayer,Fitoterápicos
54.8,4,2025-07-22,Tuesday  ,22,7,3,2025,Théo Cardoso,Núcleo Mendes,Ipe,Duarte,DF,Ibuprofeno 50mg - 30 Comprimidos - Eurofarma,Antitérmicos
231.14999999999998,3,2024-10-02,Wednesday,2,10,4,2024,João Lucas Brito,Passarela de Farias,Madri,Brito da Mata,BA,Sérum Vitamina C Pampers 400ml,Antidepressivos
519.8100000000001,3,2025-07-06,Sunday   ,6,7,3,2025,Maria Eduarda Andrade,Setor de Mendonça,Aparecida 7ª Seção,Moraes,DF,Escitalopram 500mg - 20 Comprimidos - Medley (Genérico),Fitoterápicos
648.36,4,2025-09-29,Monday   ,29,9,3,2025,Dr. Kevin Pacheco,Conjunto de Teixeira,Confisco,da Mata dos Dourados,PR,Vacina contra Hepatite B - Dose Única,Vacinas
59.56,1,2025-12-13,Saturday ,13,12,4,2025,Pedro Henrique Duarte,Rodovia de Freitas,Vila Da Luz,Guerra de Minas,DF,Vacina contra Câncer de Próstata - Dose Única,Dermocosméticos
806.12,4,2025-08-17,Sunday   ,17,8,3,2025,Isadora Martins,Praia Marques,Grajaú,da Mota do Campo,CE,Sabonete em Barra Clear 50g,Analgésicos
174.99,3,2025-11-21,Friday   ,21,11,4,2025,Davi Nunes,Rua Gabrielly das Neves,Boa Esperança,Castro,CE,Loratadina 25mg - 30 Comprimidos - Neo Química (Genérico),Nutrição Infantil
926.56,4,2025-07-26,Saturday ,26,7,3,2025,Paulo Rocha,Lago Aparecida,Nossa Senhora De Fátima,Campos,PE,Diclofenaco 1g - 10 Comprimidos - Eurofarma,Anti-inflamatórios
450.15,5,2025-05-13,Tuesday  ,13,5,2,2025,Dr. Ryan Cavalcante,Parque Luigi Borges,Alta Tensão 1ª Seção,da Rocha Alegre,RJ,Sérum Vitamina C Needs FPS 50,Vitaminas e Suplementos
813.9,5,2024-12-14,Saturday ,14,12,4,2024,Emilly Araújo,Distrito de Marques,Alta Tensão 1ª Seção,Barbosa,CE,Atenolol 500mg - 20 Comprimidos - Medley (Genérico),Aparelhos Médicos
176.38,1,2024-11-01,Friday   ,1,11,4,2024,Maya das Neves,Jardim de Oliveira,Vila Atila De Paiva,Vasconcelos do Campo,MG,Shampoo Anticaspa Clear 90g,Antitérmicos
934.9,5,2025-02-19,Wednesday,19,2,1,2025,Nicolas Ribeiro,Trevo Duarte,Conjunto Novo Dom Bosco,Albuquerque de Brito,GO,Enalapril Gotas 20ml - EMS (Genérico),Homeopatia
406.86,2,2025-09-23,Tuesday  ,23,9,3,2025,João Pedro Caldeira,Aeroporto Pastor,Vila Madre Gertrudes 4ª Seção,Pimenta da Praia,AL,Loratadina 1g - 10 Comprimidos - Aché,Dermocosméticos
175.8,1,2025-12-14,Sunday   ,14,12,4,2025,Vitor Hugo Almeida,Esplanada Anthony Gabriel Gonçalves,Buritis,Peixoto das Flores,RJ,Sertralina Suspensão Oral 50ml - Bayer,Antibióticos
90.87,1,2026-05-19,Tuesday  ,19,5,2,2026,Maria Julia da Costa,Área Pires,São Marcos,Rocha,RS,Álcool em Gel 70% Pampers 50 Metros,Fraldas e Infantis
676.48,4,2026-04-01,Wednesday,1,4,2,2026,Enrico Sales,Área Lorena Nogueira,São Gabriel,Sá,RR,Vacina contra Diabetes Tipo 1 - Reforço,Analgésicos
110.35,5,2026-08-29,Saturday ,29,8,3,2026,Kaique Cassiano,Viela Azevedo,São Vicente,Cavalcanti de Correia,SP,Azitromicina 500mg - 20 Comprimidos - Neo Química (Genérico),Antitérmicos
191.96,1,2026-09-04,Friday   ,4,9,3,2026,Cecilia Sousa,Aeroporto Vicente Fernandes,Cônego Pinheiro 1ª Seção,Machado,PB,Hidroclorotiazida 25mg - 30 Comprimidos - Medley (Genérico),Antitérmicos
122,1,2025-08-28,Thursday ,28,8,3,2025,Laura Rezende,Pátio Montenegro,Nova Pampulha,Borges,PA,Vacina contra Gripe - Reforço,Antidepressivos
247.04999999999998,5,2026-03-16,Monday   ,16,3,1,2026,Maitê Pires,Passarela de Fonseca,Andiroba,Duarte,AL,Vacina contra Anemia - Reforço,Aparelhos Médicos
210.74,2,2024-12-30,Monday   ,30,12,4,2024,Eloá Andrade,Conjunto de Nunes,São Gabriel,Novaes de Minas,PE,Hidroclorotiazida 50mg - 30 Comprimidos - EMS (Genérico),Analgésicos
350.48,4,2024-12-14,Saturday ,14,12,4,2024,João Mendonça,Via Julia Castro,Estrela Do Oriente,Cassiano,SE,Sildenafila 25mg - 30 Comprimidos - Medley (Genérico),Antialérgicos
72.72,4,2026-02-21,Saturday ,21,2,1,2026,Cauã da Mota,Área Caleb Borges,Piraja,Araújo da Prata,RR,Termômetro Digital Vichy 50 Metros,Aparelhos Médicos
858.36,4,2024-11-09,Saturday ,9,11,4,2024,Maria Fonseca,Setor Sampaio,Cidade Jardim,Freitas,RO,Protetor Solar Corporal Needs 90g,Produtos Ortopédicos
521.44,4,2025-12-23,Tuesday  ,23,12,4,2025,Isadora Martins,Praia Marques,Grajaú,da Mota do Campo,CE,Loratadina Suspensão Oral 50ml - Neo Química (Genérico),Analgésicos
402.06,2,2025-03-09,Sunday   ,9,3,1,2025,Dra. Ana Cecília Cavalcanti,Chácara de Moraes,Vila Nova Cachoeirinha 2ª Seção,Gonçalves do Sul,RO,Escitalopram Suspensão Oral 50ml - EMS (Genérico),Vitaminas e Suplementos
119.58,1,2025-12-24,Wednesday,24,12,4,2025,Maria Laura Cavalcanti,Área Machado,Alpes,Albuquerque das Flores,RN,Tadalafila Pomada 30g - EMS (Genérico),Anti-inflamatórios
148.53,1,2025-05-26,Monday   ,26,5,2,2025,Antony Carvalho,Viela Siqueira,Vila São Geraldo,Pastor,MG,Amoxicilina 500mg - 20 Comprimidos - EMS (Genérico),Saúde Bucal
270.39,3,2026-03-30,Monday   ,30,3,1,2026,Isabel Pereira,Favela Benicio Barros,Mineirão,Aparecida,CE,Desodorante Roll-on Sempre Livre 150ml,Vitaminas e Suplementos
30.58,1,2025-08-08,Friday   ,8,8,3,2025,Aurora Guerra,Colônia Ana Liz da Rocha,Boa União 1ª Seção,Fogaça do Amparo,PB,Fralda Descartável Colgate 50 Metros,Antidepressivos
722.4,5,2026-07-07,Tuesday  ,7,7,3,2026,Yago Montenegro,Ladeira de Rocha,Vila Santa Monica 2ª Seção,Souza,ES,Hidroclorotiazida 500mg - 20 Comprimidos - Aché,Antidepressivos
640.8499999999999,5,2024-12-17,Tuesday  ,17,12,4,2024,Mateus da Conceição,Praça Lunna Freitas,Itaipu,Nunes do Sul,MA,Losartana Potássica Gotas 20ml - Aché,Antidepressivos
747.36,3,2026-06-09,Tuesday  ,9,6,2,2026,Pietra Fonseca,Praça de Azevedo,Luxemburgo,Cavalcante,RR,Tadalafila 25mg - 30 Comprimidos - Eurofarma,Antialérgicos
471.78,3,2026-08-26,Wednesday,26,8,3,2026,Ravi Lucca Sales,Trecho Felipe Santos,Conjunto Floramar,Pacheco de Novaes,PR,Atenolol 50mg - 30 Comprimidos - Medley (Genérico),Anti-inflamatórios
104.92,1,2026-03-05,Thursday ,5,3,1,2026,Cauê Fonseca,Parque Sales,Carlos Prates,Sales,PE,Protetor Solar Corporal CeraVe Tamanho M (40 un),Fitoterápicos
97.3,1,2026-08-11,Tuesday  ,11,8,3,2026,Dr. Guilherme Pimenta,Alameda João Gabriel Mendonça,Vila Minaslandia,Rezende,DF,Fluoxetina Suspensão Oral 50ml - Medley (Genérico),Antidepressivos
162.87,1,2024-10-19,Saturday ,19,10,4,2024,Srta. Ester da Mata,Chácara de Silva,Novo Ouro Preto,Sampaio da Serra,MT,Metformina 50mg - 30 Comprimidos - Bayer,Antialérgicos
363.42,3,2025-10-28,Tuesday  ,28,10,4,2025,Juan Azevedo,Feira Fernandes,Vitoria Da Conquista,Machado,PB,Vacina contra Dengue - Dose Única,Vacinas
707.55,5,2025-06-27,Friday   ,27,6,2,2025,Fernando Pereira,Setor Santos,Novo São Lucas,Vargas,AL,Clonazepam Pomada 30g - Medley (Genérico),Homeopatia
31.24,2,2026-08-23,Sunday   ,23,8,3,2026,Cecilia Lima,Morro Ferreira,Nova Suíça,Barros,SC,Diclofenaco 50mg - 30 Comprimidos - Medley (Genérico),Vitaminas e Suplementos
934.24,4,2025-05-11,Sunday   ,11,5,2,2025,Caroline Pacheco,Pátio Rafael Fonseca,Vila Betânia,Albuquerque das Flores,RN,Ibuprofeno Suspensão Oral 50ml - Neo Química (Genérico),Dermocosméticos
131.25,5,2025-03-29,Saturday ,29,3,1,2025,Isaac Brito,Sítio Maitê Cavalcanti,Vila Nova Cachoeirinha 1ª Seção,Rios,AP,Sérum Vitamina C Aptamil Tamanho M (40 un),Antibióticos
548.72,4,2025-07-05,Saturday ,5,7,3,2025,Sarah Fogaça,Morro Danilo Guerra,Aparecida 7ª Seção,Rezende,DF,Fluoxetina 1g - 10 Comprimidos - Bayer,Fraldas e Infantis
148.29,3,2026-03-16,Monday   ,16,3,1,2026,Léo da Rosa,Rodovia Leandro da Mata,Primeiro De Maio,Cirino,RJ,Cefalexina Pomada 30g - Aché,Anti-inflamatórios
512.25,3,2026-05-13,Wednesday,13,5,2,2026,João Rios,Lago Maria Luísa da Rocha,Jardim América,Rodrigues,TO,Dipirona Sódica Pomada 30g - EMS (Genérico),Antitérmicos
290.85,5,2025-10-17,Friday   ,17,10,4,2025,Dra. Isabel Cavalcanti,Feira de Vargas,Bela Vitoria,Souza,ES,Protetor Solar Corporal Bepantol 50 Metros,Vitaminas e Suplementos
1211.8000000000002,5,2026-02-22,Sunday   ,22,2,1,2026,Marcelo da Rocha,Recanto de Moreira,Vila Tirol,Pastor,MG,Atenolol 50mg - 30 Comprimidos - EMS (Genérico),Dermocosméticos
953.0500000000001,5,2026-08-09,Sunday   ,9,8,3,2026,Maitê Silva,Esplanada Juliana Abreu,Buritis,Fogaça,BA,Fluoxetina 25mg - 30 Comprimidos - Eurofarma,Fitoterápicos
71.44999999999999,5,2026-01-06,Tuesday  ,6,1,1,2026,Vitor Hugo Azevedo,Recanto Agatha Freitas,Custodinha,Rocha das Pedras,AP,Enalapril Pomada 30g - Eurofarma,Anti-inflamatórios
646.3499999999999,3,2025-08-14,Thursday ,14,8,3,2025,Mariah Jesus,Área Vicente Melo,Vila Santo Antônio Barroquinha,Machado,PB,Vacina contra Gota - Dose Única,Antidepressivos
240.96,1,2025-07-21,Monday   ,21,7,3,2025,Marcela Silva,Viaduto Ester Lopes,Conjunto Celso Machado,Lopes de Goiás,SE,Metformina Suspensão Oral 50ml - EMS (Genérico),Fraldas e Infantis
1169.55,5,2026-02-05,Thursday ,5,2,1,2026,Dr. Luan Mendes,Rodovia Cavalcante,Maria Virgínia,Martins,PA,Pantoprazol Pomada 30g - Medley (Genérico),Dermocosméticos
890.04,4,2024-09-20,Friday   ,20,9,3,2024,Sr. Pietro Moura,Favela Vitória Marques,Vila Da Luz,Fogaça do Amparo,PB,Pomada para Assaduras Needs FPS 50,Antialérgicos
888.08,4,2025-12-01,Monday   ,1,12,4,2025,Vicente Rocha,Vale Joana Dias,Minaslandia,Ramos,AC,Losartana Potássica 500mg - 20 Comprimidos - EMS (Genérico),Genéricos
38.85,1,2025-10-25,Saturday ,25,10,4,2025,Benicio Novais,Lago Dias,Petropolis,da Cruz da Mata,PB,Clonazepam 25mg - 30 Comprimidos - Eurofarma,Cuidados com o Cabelo
541.5,3,2026-05-15,Friday   ,15,5,2,2026,José Pedro da Rosa,Rodovia Anthony Gabriel Ramos,Alta Tensão 1ª Seção,Sousa,CE,Enalapril 50mg - 30 Comprimidos - Eurofarma,Analgésicos
84.76,1,2025-09-17,Wednesday,17,9,3,2025,Esther Ramos,Travessa Hadassa Moura,Bonfim,Moura,PA,Atenolol 50mg - 30 Comprimidos - Neo Química (Genérico),Vitaminas e Suplementos
50.8,2,2026-06-10,Wednesday,10,6,2,2026,Manuela Aragão,Rodovia Gabriela Garcia,Zilah Sposito,da Mata de Pereira,RR,Curativos (Band-Aid) Vichy FPS 70,Fraldas e Infantis
77.47,1,2025-03-09,Sunday   ,9,3,1,2025,Davi Lucca Macedo,Praia Pereira,Alta Tensão 2ª Seção,das Neves,MT,Curativos (Band-Aid) Huggies 150ml,Vitaminas e Suplementos
580.26,3,2026-07-18,Saturday ,18,7,3,2026,Daniel Vargas,Rua Noah Pastor,Jonas Veiga,Duarte,MA,Enalapril Suspensão Oral 50ml - Eurofarma,Saúde Bucal
1125.6999999999998,5,2025-04-28,Monday   ,28,4,2,2025,Ana Cecília Gonçalves,Aeroporto Marcela Correia,Céu Azul,Costela do Oeste,MA,Creme Hidratante Rexona 50 Metros,Saúde Bucal
97.02,2,2025-04-10,Thursday ,10,4,2,2025,Sra. Lorena Moura,Alameda Rodrigues,Vila Independencia 2ª Seção,da Conceição,DF,Sérum Vitamina C Panvel 400ml,Fitoterápicos
158.7,3,2025-09-27,Saturday ,27,9,3,2025,Joana Novais,Lago de Moraes,Manacas,Sá,RR,Fralda Descartável Vichy 150ml,Homeopatia
659.35,5,2025-10-01,Wednesday,1,10,4,2025,Yasmin Macedo,Lagoa Jade da Paz,Pindura Saia,Barros,TO,Curativos (Band-Aid) Needs 400ml,Anti-inflamatórios
704.0999999999999,3,2026-05-28,Thursday ,28,5,2,2026,Larissa Martins,Vereda de das Neves,Vila De Sá,Cardoso,AL,Omeprazol Pomada 30g - Neo Química (Genérico),Primeiros Socorros
24.76,4,2024-10-23,Wednesday,23,10,4,2024,Milena Azevedo,Feira Ana Lívia Nogueira,Nova Cintra,Silveira,BA,Tadalafila 1g - 10 Comprimidos - Aché,Primeiros Socorros
351.1,5,2025-05-31,Saturday ,31,5,2,2025,Stella Barbosa,Vale de Pereira,Campo Alegre,Duarte,DF,Pantoprazol 1g - 10 Comprimidos - EMS (Genérico),Antialérgicos
740.1999999999999,5,2025-11-02,Sunday   ,2,11,4,2025,Brayan Pires,Aeroporto da Rosa,Brasil Industrial,Machado,PE,Vacina contra Lúpus - Dose Única,Antibióticos
106.58,1,2026-02-27,Friday   ,27,2,1,2026,Maria Laura Dias,Recanto Guerra,Conjunto Lagoa,Siqueira do Norte,RO,Água Micelar Colgate 50g,Fitoterápicos
1225.05,5,2025-09-10,Wednesday,10,9,3,2025,Sophie Sampaio,Fazenda Jesus,Tupi A,da Luz,RS,Hidroclorotiazida 25mg - 30 Comprimidos - EMS (Genérico),Cuidados com o Cabelo
420.04,4,2026-07-06,Monday   ,6,7,3,2026,Rafaela Fernandes,Lago Campos,Copacabana,Alves,BA,Lenço Umedecido Huggies Tamanho G (32 un),Dermocosméticos
227.92,2,2025-08-26,Tuesday  ,26,8,3,2025,Maria Laura Mendonça,Passarela Stella Santos,Cidade Jardim Taquaril,Pinto dos Dourados,MT,Sildenafila 50mg - 30 Comprimidos - Aché,Antidepressivos
706.8000000000001,5,2024-12-29,Sunday   ,29,12,4,2024,Bruno da Rosa,Conjunto Vieira,Calafate,Lopes dos Dourados,PB,Clonazepam Xarope 120ml - EMS (Genérico),Vacinas
66.74,2,2024-10-16,Wednesday,16,10,4,2024,Diogo das Neves,Praça da Conceição,Nova Vista,Barros,SC,Protetor Solar Corporal Needs Tamanho M (40 un),Antibióticos
1174.8999999999999,5,2025-01-31,Friday   ,31,1,1,2025,Carlos Eduardo Macedo,Condomínio Castro,Guarani,Costela do Oeste,MA,Enalapril Gotas 20ml - Bayer,Antitérmicos
35.11,1,2025-05-15,Thursday ,15,5,2,2025,Davi Lucas da Cruz,Jardim Helena Pinto,Nova Suíça,Gonçalves do Sul,RO,Omeprazol 50mg - 30 Comprimidos - EMS (Genérico),Fitoterápicos
11.83,1,2025-12-15,Monday   ,15,12,4,2025,Joaquim Moreira,Morro Jesus,Santa Terezinha,Castro,RR,Protetor Solar Corporal CeraVe Tamanho G (32 un),Aparelhos Médicos
654.4,4,2025-11-05,Wednesday,5,11,4,2025,Luna da Mota,Conjunto de Ramos,Vila São Geraldo,Cavalcante da Serra,RJ,Enalapril Suspensão Oral 50ml - Aché,Vitaminas e Suplementos
130.98,3,2024-11-11,Monday   ,11,11,4,2024,Brayan Almeida,Residencial Cunha,Mirante,Macedo Alegre,RR,Hidroclorotiazida Gotas 20ml - Medley (Genérico),Aparelhos Médicos
462.45000000000005,3,2024-10-28,Monday   ,28,10,4,2024,Dr. Vitor Lopes,Loteamento Azevedo,Trevo,Barros de Fernandes,RR,Soro Fisiológico Sempre Livre 500ml,Higiene Pessoal
210.35,5,2025-01-19,Sunday   ,19,1,1,2025,Srta. Olívia Souza,Viaduto de Pacheco,Alto Barroca,Cirino,RJ,Pantoprazol Xarope 120ml - Eurofarma,Cuidados com o Cabelo
774.4,5,2026-03-03,Tuesday  ,3,3,1,2026,Rodrigo da Rocha,Viela Aylla Vieira,Cdi Jatoba,Moura,BA,Tadalafila 25mg - 30 Comprimidos - Neo Química (Genérico),Saúde Bucal
1072.85,5,2025-01-13,Monday   ,13,1,1,2025,Joana Aragão,Quadra de Cavalcante,Mantiqueira,da Rosa,AP,Escitalopram 25mg - 30 Comprimidos - Neo Química (Genérico),Fraldas e Infantis
574.48,4,2025-03-04,Tuesday  ,4,3,1,2025,Breno Mendonça,Esplanada Albuquerque,Tres Marias,Brito,MS,Protetor Solar Corporal La Roche-Posay 90g,Aparelhos Médicos
51.72,2,2026-04-11,Saturday ,11,4,2,2026,Gael Ramos,Setor de Peixoto,Cidade Jardim,Melo,MA,Cefalexina 25mg - 30 Comprimidos - Eurofarma,Primeiros Socorros
980.04,4,2025-07-02,Wednesday,2,7,3,2025,Davi Lucas da Cruz,Jardim Helena Pinto,Nova Suíça,Gonçalves do Sul,RO,Hidroclorotiazida 25mg - 30 Comprimidos - EMS (Genérico),Cuidados com o Cabelo
562,4,2025-07-05,Saturday ,5,7,3,2025,Rhavi Fogaça,Conjunto Apollo Nascimento,Pindorama,Viana,TO,Ibuprofeno 500mg - 20 Comprimidos - Bayer,Saúde Bucal
668.5500000000001,5,2026-08-23,Sunday   ,23,8,3,2026,Isabelly Souza,Jardim de Camargo,Leonina,Aragão do Galho,SC,Sildenafila 1g - 10 Comprimidos - Neo Química (Genérico),Anti-inflamatórios
54.02,2,2025-03-13,Thursday ,13,3,1,2025,Dra. Maria Vargas,Ladeira de Ramos,Paquetá,Cavalcante da Serra,RJ,Ibuprofeno 25mg - 30 Comprimidos - Bayer,Dermocosméticos
208.08,2,2025-08-03,Sunday   ,3,8,3,2025,Gabriel Costa,Colônia João Gabriel Carvalho,São Geraldo,Duarte Verde,RO,Vacina contra Gripe - Dose Única,Dermocosméticos
19.38,1,2026-04-21,Tuesday  ,21,4,2,2026,Caleb da Cunha,Parque Camila Pires,Ouro Minas,Porto,GO,Amoxicilina Suspensão Oral 50ml - Medley (Genérico),Saúde Bucal
116.64,4,2025-08-07,Thursday ,7,8,3,2025,Helena Andrade,Aeroporto Camila Freitas,Vila Antena,Brito Alegre,MS,Sertralina 50mg - 30 Comprimidos - Neo Química (Genérico),Higiene Pessoal
205.27,1,2026-01-08,Thursday ,8,1,1,2026,Diego Alves,Área Maria Albuquerque,Jardim América,Barbosa dos Dourados,RN,Vacina contra Epilepsia - Reforço,Antitérmicos
115.27,1,2025-07-12,Saturday ,12,7,3,2025,Dra. Alícia Andrade,Via Albuquerque,Minaslandia,da Paz das Flores,PR,Escitalopram 50mg - 30 Comprimidos - Eurofarma,Cuidados com o Cabelo
207.4,1,2025-07-11,Friday   ,11,7,3,2025,Maria Clara Andrade,Área Lucca Pinto,Serra,Viana,TO,Nimesulida 25mg - 30 Comprimidos - Neo Química (Genérico),Higiene Pessoal
939.56,4,2025-10-03,Friday   ,3,10,4,2025,Ana Siqueira,Campo Pietra Garcia,Unidas,Pacheco,RR,Atenolol Xarope 120ml - Eurofarma,Fraldas e Infantis
643.6,5,2026-07-03,Friday   ,3,7,3,2026,Ravi Lucca Pastor,Núcleo Maria Luísa Duarte,Vila Antena,Ferreira,AM,Álcool em Gel 70% La Roche-Posay 50g,Antibióticos
34.03,1,2025-08-28,Thursday ,28,8,3,2025,Danilo Pinto,Trecho Brayan Rezende,Conjunto Minas Caixa,Macedo de Costa,RJ,Pantoprazol Suspensão Oral 50ml - Neo Química (Genérico),Vitaminas e Suplementos
74.2,1,2026-03-22,Sunday   ,22,3,1,2026,Murilo da Cunha,Colônia Heloísa Siqueira,Caiçara - Adelaide,Lopes dos Dourados,PB,Vacina contra Parkinson - Reforço,Fraldas e Infantis
23.24,1,2025-12-08,Monday   ,8,12,4,2025,Cecília Pires,Fazenda Theodoro da Luz,Vila São Rafael,Rezende,DF,Diclofenaco Suspensão Oral 50ml - Eurofarma,Higiene Pessoal
147,4,2024-12-17,Tuesday  ,17,12,4,2024,Marcos Vinicius Jesus,Distrito Leão,Xangri-Lá,da Mata dos Dourados,PR,Tadalafila Pomada 30g - Aché,Vitaminas e Suplementos
204.25,1,2025-01-17,Friday   ,17,1,1,2025,Bruno Moraes,Trevo de Pereira,Flavio De Oliveira,Castro,CE,Vacina contra Zika - Dose Única,Primeiros Socorros
901.56,4,2026-01-17,Saturday ,17,1,1,2026,Arthur Miguel Cunha,Conjunto de Vargas,Nova Vista,Freitas Alegre,PB,Soro Fisiológico Dove 150ml,Antidepressivos
111.86,1,2025-11-05,Wednesday,5,11,4,2025,Rael Montenegro,Trecho de Teixeira,Xodo-Marize,Moura,SP,Sabonete em Barra Dove FPS 70,Antibióticos
448.2,2,2025-01-10,Friday   ,10,1,1,2025,Luna Cardoso,Largo de Sá,Mangabeiras,Brito,MS,Água Micelar Needs FPS 50,Genéricos
986.3,5,2025-02-27,Thursday ,27,2,1,2025,Pedro Henrique Pastor,Rodovia Sarah Andrade,Mangueiras,Sousa,PE,Paracetamol Suspensão Oral 50ml - Bayer,Vitaminas e Suplementos
440.94,2,2026-06-27,Saturday ,27,6,2,2026,Stella Cunha,Setor Ana Liz Caldeira,Céu Azul,Sá,RR,Sérum Vitamina C Huggies 50 Metros,Nutrição Infantil
103.9,2,2026-01-29,Thursday ,29,1,1,2026,Marcela Silva,Viaduto Ester Lopes,Conjunto Celso Machado,Lopes de Goiás,SE,Sabonete em Barra Aptamil 50 Metros,Higiene Pessoal
352.76,2,2026-04-12,Sunday   ,12,4,2,2026,Vinicius Cirino,Lago Carvalho,Nossa Senhora Da Conceição,Borges,PA,Shampoo Anticaspa Clear 90g,Antitérmicos
81.8,4,2025-07-23,Wednesday,23,7,3,2025,Isaque Santos,Quadra Carvalho,Ouro Preto,Vasconcelos de Minas,PA,Vacina contra Enxaqueca - Dose Única,Antitérmicos
406.38,3,2025-06-25,Wednesday,25,6,2,2025,Ana Sophia Vasconcelos,Avenida de Cassiano,Santa Rita,da Rocha,PI,Vacina contra Refluxo - Dose Única,Cuidados com o Cabelo
19.19,1,2024-10-03,Thursday ,3,10,4,2024,Maria Laura Pinto,Vale Vasconcelos,Comiteco,Cavalcanti de Correia,SP,Nimesulida 1g - 10 Comprimidos - Eurofarma,Produtos Ortopédicos
525.0500000000001,5,2024-09-26,Thursday ,26,9,3,2024,Alexia Cavalcanti,Vila de Duarte,Santa Amelia,Castro de Jesus,GO,Lenço Umedecido Huggies Tamanho G (32 un),Dermocosméticos
932.84,4,2025-12-23,Tuesday  ,23,12,4,2025,Léo Mendonça,Lagoa de Farias,Vila Jardim Montanhes,Rocha,RS,Vacina contra Epilepsia - Dose Única,Fitoterápicos
142.89,1,2025-08-31,Sunday   ,31,8,3,2025,Dante Vasconcelos,Favela de Mendes,Santa Rosa,Lopes dos Dourados,PB,Escitalopram 25mg - 30 Comprimidos - Bayer,Aparelhos Médicos
136,5,2025-08-28,Thursday ,28,8,3,2025,José Pedro da Rosa,Rodovia Anthony Gabriel Ramos,Alta Tensão 1ª Seção,Sousa,CE,Condicionador Hidratação Rexona 90g,Vitaminas e Suplementos
429.18,2,2025-10-30,Thursday ,30,10,4,2025,Dr. José Pacheco,Sítio Breno Rocha,Suzana,Machado,PE,Protetor Solar Corporal Needs 90g,Produtos Ortopédicos
309.48,2,2025-08-09,Saturday ,9,8,3,2025,João Felipe Mendes,Feira Rodrigues,Novo Santa Cecilia,Vasconcelos de Minas,PA,Escitalopram 1g - 10 Comprimidos - Medley (Genérico),Aparelhos Médicos
420.38,2,2026-09-03,Thursday ,3,9,3,2026,João Vitor Aragão,Distrito Mendes,Nova Suíça,Câmara do Galho,RO,Dipirona Sódica Pomada 30g - Bayer,Antidepressivos
216.06,3,2025-05-01,Thursday ,1,5,2,2025,Samuel Teixeira,Campo Henry Gabriel Nunes,Santa Terezinha,das Neves,MT,Cefalexina Gotas 20ml - Eurofarma,Saúde Bucal
104.12,1,2026-01-18,Sunday   ,18,1,1,2026,Manuella Guerra,Praça Vitor Garcia,Juliana,Araújo,MS,Pomada para Assaduras Panvel 200ml,Primeiros Socorros
209.12,4,2025-03-29,Saturday ,29,3,1,2025,Dr. Murilo Casa Grande,Vale Igor Dias,São Gonçalo,Barbosa dos Dourados,RN,Atenolol 50mg - 30 Comprimidos - Eurofarma,Higiene Pessoal
652.08,3,2025-12-02,Tuesday  ,2,12,4,2025,João Vitor Lopes,Vale Nathan Marques,Olaria,da Paz das Pedras,BA,Vacina contra Gastrite - Reforço,Antibióticos
447.44,4,2024-11-22,Friday   ,22,11,4,2024,Catarina Nogueira,Morro Brito,Santa Rita De Cássia,Lopes de Mendes,AM,Sabonete em Barra Dove FPS 70,Antibióticos
88.92,1,2026-02-19,Thursday ,19,2,1,2026,Lucca Moura,Rua de Dias,Nossa Senhora Do Rosário,Jesus,ES,Dipirona Sódica Gotas 20ml - Eurofarma,Produtos Ortopédicos
339.54,2,2025-11-29,Saturday ,29,11,4,2025,Luiz Gustavo Gonçalves,Aeroporto Nogueira,Chácara Leonina,Almeida Grande,AP,Enxaguante Bucal Rexona FPS 50,Dermocosméticos
282.09000000000003,3,2024-09-17,Tuesday  ,17,9,3,2024,Fernanda Cavalcanti,Chácara Sampaio,Vila Maria,Peixoto de Machado,RN,Vacina contra COVID-19 - Reforço,Primeiros Socorros
208.36,1,2024-09-30,Monday   ,30,9,3,2024,Cauã da Mota,Área Caleb Borges,Piraja,Araújo da Prata,RR,Vacina contra Câncer de Pulmão - Dose Única,Antialérgicos
44.14,2,2025-11-15,Saturday ,15,11,4,2025,Enrico Sales,Área Lorena Nogueira,São Gabriel,Sá,RR,Azitromicina 500mg - 20 Comprimidos - Neo Química (Genérico),Antitérmicos
672.3,3,2026-08-03,Monday   ,3,8,3,2026,Alexandre da Conceição,Vereda Maria Eduarda Moura,Pongelupe,Porto,GO,Água Micelar Needs FPS 50,Genéricos
430.71,3,2025-01-07,Tuesday  ,7,1,1,2025,Manuela Castro,Rua de Pacheco,Horto,da Rocha da Prata,RN,Diclofenaco 50mg - 30 Comprimidos - Aché,Produtos Ortopédicos
219.20000000000002,5,2025-11-09,Sunday   ,9,11,4,2025,Nicole Pastor,Praia Cavalcante,Piraja,Andrade Alegre,DF,Azitromicina 1g - 10 Comprimidos - Eurofarma,Antitérmicos
99.39000000000001,3,2026-01-30,Friday   ,30,1,1,2026,Dr. Heitor Vieira,Parque Camargo,Eymard,Nogueira de Rios,PR,Creme Hidratante Colgate 50g,Antibióticos
581.5,5,2026-05-28,Thursday ,28,5,2,2026,Luiz Felipe Gonçalves,Lago de das Neves,São Sebastião,Pacheco,TO,Diclofenaco 25mg - 30 Comprimidos - Aché,Anti-inflamatórios
193.22,1,2026-03-09,Monday   ,9,3,1,2026,Sr. Kaique Caldeira,Via de Albuquerque,Vila Santa Monica 2ª Seção,Cavalcanti,AL,Atenolol 25mg - 30 Comprimidos - Aché,Higiene Pessoal
241.96,4,2024-09-21,Saturday ,21,9,3,2024,Maitê Pires,Passarela de Fonseca,Andiroba,Duarte,AL,Lenço Umedecido CeraVe 400ml,Cuidados com o Cabelo
679.08,4,2025-12-31,Wednesday,31,12,4,2025,Caroline da Mata,Trecho Freitas,Cidade Jardim Taquaril,Pacheco,RR,Enxaguante Bucal Rexona FPS 50,Dermocosméticos
832.05,5,2025-06-08,Sunday   ,8,6,2,2025,Alice Guerra,Lagoa de Fernandes,Boa União 2ª Seção,Brito da Mata,BA,Pomada para Assaduras Rexona 400ml,Nutrição Infantil
33.56,1,2025-08-26,Tuesday  ,26,8,3,2025,Anthony Melo,Via Benjamim Cassiano,Vila Havaí,Siqueira do Campo,GO,Desodorante Roll-on Colgate 90g,Higiene Pessoal
935.64,4,2026-03-26,Thursday ,26,3,1,2026,Bryan Alves,Morro de da Cruz,Carlos Prates,Guerra de Minas,DF,Pantoprazol Pomada 30g - Medley (Genérico),Dermocosméticos
1001.35,5,2026-04-06,Monday   ,6,4,2,2026,Raquel Cavalcanti,Morro Moraes,Alto Caiçaras,da Rocha da Prata,RN,Hastes Flexíveis (Cotonetes) Nivea 50 Metros,Fitoterápicos
11.13,1,2024-12-02,Monday   ,2,12,4,2024,Thales Cunha,Rua Araújo,Carlos Prates,Mendes das Flores,AL,Enalapril Suspensão Oral 50ml - Neo Química (Genérico),Cuidados com o Cabelo
401.84,4,2026-04-03,Friday   ,3,4,2,2026,Camila Cassiano,Sítio Nogueira,Minaslandia,Alves,BA,Pantoprazol 500mg - 20 Comprimidos - Medley (Genérico),Antialérgicos
163.23,1,2026-02-25,Wednesday,25,2,1,2026,Jade da Conceição,Favela de Mendonça,Nossa Senhora Aparecida,Jesus,AP,Paracetamol 25mg - 30 Comprimidos - Medley (Genérico),Aparelhos Médicos
1016.15,5,2025-10-30,Thursday ,30,10,4,2025,Vitor Hugo Cirino,Fazenda de Castro,Havaí,Ramos,AC,Enxaguante Bucal Clear FPS 70,Saúde Bucal
404.64,3,2026-01-09,Friday   ,9,1,1,2026,Srta. Luísa Souza,Sítio de Moura,Vila Nova Cachoeirinha 3ª Seção,Cirino,RJ,Pomada para Assaduras G-Tech FPS 50,Higiene Pessoal
443.37,3,2025-10-16,Thursday ,16,10,4,2025,Julia Pimenta,Conjunto de da Mata,Providencia,da Paz das Flores,PR,Água Micelar CeraVe 90g,Primeiros Socorros
165.57,1,2026-04-16,Thursday ,16,4,2,2026,Rafaela Fernandes,Lago Campos,Copacabana,Alves,BA,Clonazepam Pomada 30g - Aché,Fraldas e Infantis
219.26,1,2026-07-29,Wednesday,29,7,3,2026,Gabriel Costa,Colônia João Gabriel Carvalho,São Geraldo,Duarte Verde,RO,Dipirona Sódica Pomada 30g - Medley (Genérico),Saúde Bucal
457.32,2,2026-03-14,Saturday ,14,3,1,2026,Rebeca Campos,Vereda Rafaela Sousa,Santa Branca,da Mota de Oliveira,RS,Pomada para Assaduras Listerine 400ml,Fitoterápicos
52.21,1,2026-04-21,Tuesday  ,21,4,2,2026,Maitê Andrade,Parque Erick Duarte,Pantanal,Fonseca de Cavalcante,AP,Tadalafila Suspensão Oral 50ml - EMS (Genérico),Vacinas
939.12,4,2026-08-20,Thursday ,20,8,3,2026,Júlia Lopes,Passarela Casa Grande,Céu Azul,Vieira de Minas,MT,Sabonete em Barra G-Tech 90g,Antibióticos
105,4,2025-07-22,Tuesday  ,22,7,3,2025,Sarah Fogaça,Morro Danilo Guerra,Aparecida 7ª Seção,Rezende,DF,Sérum Vitamina C Aptamil Tamanho M (40 un),Antibióticos
425.43,3,2026-07-25,Saturday ,25,7,3,2026,Calebe Azevedo,Alameda Pinto,Vila Nova Cachoeirinha 1ª Seção,Martins do Amparo,ES,Sildenafila Xarope 120ml - Eurofarma,Antialérgicos
62.91,3,2025-02-23,Sunday   ,23,2,1,2025,Isaac Cavalcanti,Quadra João Vitor Monteiro,Alto Caiçaras,Moura,BA,Fralda Descartável Nivea FPS 70,Homeopatia
27.44,1,2025-01-08,Wednesday,8,1,1,2025,Dr. Juan Barros,Sítio de Andrade,Conjunto Novo Dom Bosco,Siqueira do Amparo,BA,Curativos (Band-Aid) Sempre Livre 90g,Antitérmicos
651.8000000000001,5,2025-12-11,Thursday ,11,12,4,2025,Dr. Vitor Hugo da Cunha,Pátio Vinicius Rocha,Maravilha,Barros Grande,RJ,Loratadina Suspensão Oral 50ml - Neo Química (Genérico),Analgésicos
90.1,1,2025-08-20,Wednesday,20,8,3,2025,Luiz Felipe Vieira,Chácara Alana da Mota,Pongelupe,Caldeira,SE,Pantoprazol Pomada 30g - Eurofarma,Anti-inflamatórios
473.22,2,2024-11-11,Monday   ,11,11,4,2024,Letícia Albuquerque,Ladeira de Campos,Santa Amelia,da Costa de Melo,AL,Dipirona Sódica Xarope 120ml - Neo Química (Genérico),Antidepressivos
729.6899999999999,3,2026-05-28,Thursday ,28,5,2,2026,Carlos Eduardo Melo,Praia de Aparecida,Planalto,Macedo Alegre,RR,Sertralina Gotas 20ml - Eurofarma,Cuidados com o Cabelo
702.9300000000001,3,2025-04-23,Wednesday,23,4,2,2025,Sarah das Neves,Condomínio Emilly Andrade,Belmonte,Nogueira de Rios,PR,Protetor Solar Facial Pampers 90g,Antialérgicos
422.3,2,2026-05-24,Sunday   ,24,5,2,2026,Oliver da Rocha,Distrito Maria Cecília Viana,Santa Monica,Cavalcante da Serra,RJ,Clonazepam 25mg - 30 Comprimidos - Aché,Antialérgicos
488.48,2,2025-10-13,Monday   ,13,10,4,2025,Maria Isis Mendonça,Núcleo de Gomes,Nova Cintra,Alves do Oeste,SP,Sinvastatina Gotas 20ml - Medley (Genérico),Dermocosméticos
60.12,4,2024-11-04,Monday   ,4,11,4,2024,Srta. Bianca Cunha,Núcleo Cunha,São Salvador,da Rosa,MS,Vacina contra Pneumonia - Reforço,Produtos Ortopédicos
371,5,2024-11-20,Wednesday,20,11,4,2024,Dr. Lucas Machado,Feira Rhavi Montenegro,Prado,Cirino,RJ,Vacina contra Parkinson - Reforço,Fraldas e Infantis
37.94,1,2025-02-03,Monday   ,3,2,1,2025,Antônio Rios,Rodovia de Farias,Vila Fumec,Ramos,AC,Sertralina Xarope 120ml - Eurofarma,Fraldas e Infantis
652.92,4,2025-11-05,Wednesday,5,11,4,2025,Marcelo Santos,Residencial Evelyn Monteiro,Vila Das Oliveiras,Rios do Oeste,AP,Paracetamol 25mg - 30 Comprimidos - Medley (Genérico),Aparelhos Médicos
203.64,4,2024-11-06,Wednesday,6,11,4,2024,Cecilia Souza,Esplanada Yan Aparecida,Brasil Industrial,Cardoso,RO,Nimesulida Xarope 120ml - Medley (Genérico),Antidepressivos
209.12,4,2025-01-02,Thursday ,2,1,1,2025,Luana Cardoso,Vila Maria Eduarda da Luz,João Pinheiro,Moura,BA,Atenolol 50mg - 30 Comprimidos - Eurofarma,Higiene Pessoal
201.53,1,2025-05-04,Sunday   ,4,5,2,2025,Valentim Leão,Pátio Mendes,Atila De Paiva,Araújo,MS,Sabonete em Barra Clear 50g,Analgésicos
389.66999999999996,3,2026-05-25,Monday   ,25,5,2,2026,Isabel Farias,Ladeira de Cavalcante,Jaqueline,Marques Alegre,AL,Pomada para Assaduras G-Tech Tamanho M (40 un),Genéricos
157.85999999999999,3,2026-02-13,Friday   ,13,2,1,2026,Bruno Moraes,Trevo de Pereira,Flavio De Oliveira,Castro,CE,Amoxicilina 500mg - 20 Comprimidos - Eurofarma,Dermocosméticos
1095.05,5,2026-06-06,Saturday ,6,6,2,2026,Pedro Lucas Teixeira,Lagoa Cavalcanti,Camargos,Nunes,SP,Sérum Vitamina C Rexona 200ml,Vacinas
84.81,3,2026-06-19,Friday   ,19,6,2,2026,Olívia Moraes,Lago de Ferreira,Goiania,Alves de da Conceição,AC,Soro Fisiológico Bepantol Tamanho M (40 un),Analgésicos
1003.5500000000001,5,2024-11-22,Friday   ,22,11,4,2024,Luiz Felipe Casa Grande,Fazenda Ferreira,Bom Jesus,Pastor,MG,Clonazepam 1g - 10 Comprimidos - Neo Química (Genérico),Analgésicos
169.59,3,2026-01-02,Friday   ,2,1,1,2026,Dra. Ana Beatriz Costa,Sítio de Montenegro,Castelo,das Neves,MT,Enxaguante Bucal CeraVe 50g,Cuidados com o Cabelo
6.19,1,2025-03-06,Thursday ,6,3,1,2025,Davi Silva,Vereda Nascimento,Barro Preto,Barbosa dos Dourados,RN,Tadalafila 1g - 10 Comprimidos - Aché,Primeiros Socorros
897.75,5,2025-12-07,Sunday   ,7,12,4,2025,Dr. Bernardo da Cunha,Recanto de Macedo,Vila Primeiro De Maio,Rodrigues,TO,Paracetamol 1g - 10 Comprimidos - Aché,Primeiros Socorros
367.16,2,2024-10-10,Thursday ,10,10,4,2024,Enrico Sales,Área Lorena Nogueira,São Gabriel,Sá,RR,Protetor Solar Corporal Rexona 150ml,Antibióticos
84.63,1,2025-05-12,Monday   ,12,5,2,2025,Joaquim Pereira,Vila Helena Alves,Jatobá,Andrade Alegre,DF,Diclofenaco 25mg - 30 Comprimidos - Neo Química (Genérico),Anti-inflamatórios
196.65,1,2025-03-09,Sunday   ,9,3,1,2025,Luigi da Rosa,Via Ravi Lucca Cassiano,Lindéia,Dias,RR,Curativos (Band-Aid) G-Tech 90g,Aparelhos Médicos
1125.25,5,2025-11-11,Tuesday  ,11,11,4,2025,Dr. Benício Guerra,Estação de Cavalcanti,Universo,da Rocha,PI,Vacina contra Diabetes Tipo 2 - Reforço,Primeiros Socorros
694.24,4,2024-12-01,Sunday   ,1,12,4,2024,João Vitor Lopes,Vale Nathan Marques,Olaria,da Paz das Pedras,BA,Sérum Vitamina C Clear FPS 70,Fraldas e Infantis
74.49,3,2025-11-21,Friday   ,21,11,4,2025,Alana Porto,Rodovia de da Cruz,Marieta 2ª Seção,Sousa,PE,Creme Dental Colgate 150ml,Vacinas
876.04,4,2025-05-25,Sunday   ,25,5,2,2025,Davi Silva,Vereda Nascimento,Barro Preto,Barbosa dos Dourados,RN,Sérum Vitamina C Rexona 200ml,Vacinas
313.72,2,2025-06-04,Wednesday,4,6,2,2025,Julia Vargas,Núcleo Pires,Boa União 2ª Seção,Araújo da Prata,RR,Vacina contra Hepatite C - Reforço,Nutrição Infantil
28.01,1,2025-06-11,Wednesday,11,6,2,2025,Maria Cecília Casa Grande,Loteamento Marques,Santa Terezinha,Machado,PE,Vacina contra Hepatite C - Dose Única,Cuidados com o Cabelo
116.34,2,2024-11-25,Monday   ,25,11,4,2024,Daniel Moreira,Feira Amanda das Neves,Havaí,da Rocha da Prata,RN,Protetor Solar Corporal Bepantol 50 Metros,Vitaminas e Suplementos
642.36,4,2025-02-15,Saturday ,15,2,1,2025,Ana Laura Machado,Loteamento Azevedo,Taquaril,da Rocha do Amparo,RN,Metformina Suspensão Oral 50ml - Aché,Genéricos
391.08000000000004,3,2024-10-19,Saturday ,19,10,4,2024,Eloah Leão,Área Benjamin Rios,Caiçara - Adelaide,Nogueira de Rios,PR,Loratadina Suspensão Oral 50ml - Neo Química (Genérico),Analgésicos
82.32000000000001,3,2025-10-09,Thursday ,9,10,4,2025,Camila da Mata,Loteamento Lavínia Ferreira,Leonina,Freitas,RO,Curativos (Band-Aid) Sempre Livre 90g,Antitérmicos
97.71000000000001,3,2026-07-26,Sunday   ,26,7,3,2026,Danilo Montenegro,Distrito da Costa,São Jorge 1ª Seção,da Mata de Pereira,RR,Paracetamol 500mg - 20 Comprimidos - Eurofarma,Fitoterápicos
478.1,5,2025-07-14,Monday   ,14,7,3,2025,Leandro Jesus,Núcleo Caleb Borges,Novo São Lucas,Nunes,AC,Sabonete em Barra Huggies 200ml,Antitérmicos
610,5,2024-11-25,Monday   ,25,11,4,2024,Diego Moraes,Avenida Bruno Pastor,Buritis,Rocha,RS,Vacina contra Gripe - Reforço,Antidepressivos
270.92,2,2025-03-30,Sunday   ,30,3,1,2025,Agatha Mendonça,Praia de Guerra,Vila Jardim Leblon,da Luz de Ramos,SC,Vacina contra Refluxo - Dose Única,Cuidados com o Cabelo
43.84,1,2025-12-26,Friday   ,26,12,4,2025,Davi Gonçalves,Trevo de Moura,Calafate,Araújo,MS,Azitromicina 1g - 10 Comprimidos - Eurofarma,Antitérmicos
37.12,2,2026-01-14,Wednesday,14,1,1,2026,Rhavi Andrade,Viaduto Azevedo,Vila Independencia 3ª Seção,Alves,BA,Enalapril Gotas 20ml - Medley (Genérico),Dermocosméticos
1119.1,5,2025-04-11,Friday   ,11,4,2,2025,Dr. Carlos Eduardo Câmara,Sítio de Nunes,Lindéia,Brito,MT,Vacina contra Chikungunya - Dose Única,Vacinas
267.42,2,2024-11-09,Saturday ,9,11,4,2024,Danilo Teixeira,Residencial de Macedo,São Geraldo,Macedo Alegre,RR,Sildenafila 1g - 10 Comprimidos - Neo Química (Genérico),Anti-inflamatórios
475.26,2,2025-07-28,Monday   ,28,7,3,2025,Marina Nunes,Estação Lopes,Vila Nossa Senhora Do Rosário,da Cruz da Mata,PB,Vacina contra Arritmia - Reforço,Analgésicos
394.52,2,2024-10-20,Sunday   ,20,10,4,2024,José Miguel Oliveira,Praça Josué Macedo,Jardim Guanabara,Cassiano,SE,Paracetamol Suspensão Oral 50ml - Bayer,Vitaminas e Suplementos
365.28,2,2024-11-28,Thursday ,28,11,4,2024,Caio Barbosa,Lago de Pacheco,Vila Madre Gertrudes 4ª Seção,Barbosa,CE,Hastes Flexíveis (Cotonetes) Mió 150ml,Vitaminas e Suplementos
75.88,2,2026-09-06,Sunday   ,6,9,3,2026,Maria Alice Albuquerque,Chácara da Costa,Jardim Atlântico,da Rocha,PI,Sertralina Xarope 120ml - Eurofarma,Fraldas e Infantis
115.83,3,2025-02-11,Tuesday  ,11,2,1,2025,João Rios,Lago Maria Luísa da Rocha,Jardim América,Rodrigues,TO,Metformina Pomada 30g - Bayer,Genéricos
109.76,4,2026-05-06,Wednesday,6,5,2,2026,Vitória Ribeiro,Favela de Abreu,Santa Isabel,Silva de Minas,MA,Curativos (Band-Aid) Sempre Livre 90g,Antitérmicos
518.92,4,2025-05-26,Monday   ,26,5,2,2025,Heloísa Rezende,Aeroporto da Conceição,Indaiá,Vieira de Minas,MT,Losartana Potássica 500mg - 20 Comprimidos - Eurofarma,Primeiros Socorros
606.6899999999999,3,2025-05-29,Thursday ,29,5,2,2025,Brayan Almeida,Residencial Cunha,Mirante,Macedo Alegre,RR,Vacina contra Bipolaridade - Dose Única,Nutrição Infantil
154.94,2,2025-09-28,Sunday   ,28,9,3,2025,Clara Pimenta,Pátio de Peixoto,Esperança,Almeida Grande,AP,Curativos (Band-Aid) Huggies 150ml,Vitaminas e Suplementos
256.70000000000005,5,2026-08-03,Monday   ,3,8,3,2026,Calebe Rocha,Viela Oliver Gomes,João Alfredo,Castro,CE,Losartana Potássica 500mg - 20 Comprimidos - Bayer,Saúde Bucal
842.8,5,2026-09-08,Tuesday  ,8,9,3,2026,Luísa da Mata,Passarela Vitor Hugo da Cruz,Mantiqueira,Machado,PE,Losartana Potássica Pomada 30g - EMS (Genérico),Nutrição Infantil
272.61,3,2024-12-13,Friday   ,13,12,4,2024,Marcela Peixoto,Campo Luara Rezende,Ventosa,Machado da Serra,MS,Álcool em Gel 70% Pampers 50 Metros,Fraldas e Infantis
575.12,4,2025-11-26,Wednesday,26,11,4,2025,Manuela Castro,Rua de Pacheco,Horto,da Rocha da Prata,RN,Tadalafila Pomada 30g - Neo Química (Genérico),Produtos Ortopédicos
180.5,1,2025-09-08,Monday   ,8,9,3,2025,Joana Novais,Lago de Moraes,Manacas,Sá,RR,Enalapril 50mg - 30 Comprimidos - Eurofarma,Analgésicos
996.48,4,2026-04-30,Thursday ,30,4,2,2026,Brayan Pastor,Núcleo de Martins,Nova Gameleira,Freitas,RO,Tadalafila 25mg - 30 Comprimidos - Eurofarma,Antialérgicos
162.15,5,2025-01-10,Friday   ,10,1,1,2025,Dr. Kevin Pacheco,Conjunto de Teixeira,Confisco,da Mata dos Dourados,PR,Losartana Potássica 25mg - 30 Comprimidos - EMS (Genérico),Nutrição Infantil
453.1,5,2025-10-06,Monday   ,6,10,4,2025,Rebeca Cavalcante,Rua de Jesus,Alto Vera Cruz,Almeida das Pedras,PI,Amoxicilina Suspensão Oral 50ml - EMS (Genérico),Vacinas
157.85999999999999,3,2026-06-12,Friday   ,12,6,2,2026,Isadora Lopes,Distrito de Gomes,Acaba Mundo,Castro,RR,Amoxicilina 500mg - 20 Comprimidos - Eurofarma,Dermocosméticos
181.24,4,2025-05-18,Sunday   ,18,5,2,2025,João Miguel Viana,Praça da Paz,Vila Independencia 2ª Seção,Lopes dos Dourados,PB,Absorvente com Abas Bepantol 500ml,Analgésicos
467.82,2,2026-02-15,Sunday   ,15,2,1,2026,Luísa Cirino,Parque de Santos,Mangabeiras,Duarte Verde,RO,Pantoprazol Pomada 30g - Medley (Genérico),Dermocosméticos
27.44,1,2026-05-03,Sunday   ,3,5,2,2026,Nina Nunes,Trecho Brito,Inconfidência,Moura,BA,Curativos (Band-Aid) Sempre Livre 90g,Antitérmicos
622,5,2025-05-11,Sunday   ,11,5,2,2025,Matteo Rezende,Quadra Barros,Salgado Filho,Macedo Alegre,RR,Leite em Pó Infantil Sempre Livre 400ml,Antialérgicos
347.12,2,2024-11-25,Monday   ,25,11,4,2024,Eduardo Vasconcelos,Esplanada de Viana,João Alfredo,Moraes,DF,Sérum Vitamina C Clear FPS 70,Fraldas e Infantis
802.95,5,2025-02-13,Thursday ,13,2,1,2025,Théo Monteiro,Rodovia de Gonçalves,Mirtes,da Mata dos Dourados,PR,Metformina Suspensão Oral 50ml - Aché,Genéricos
1125.25,5,2025-03-10,Monday   ,10,3,1,2025,Carlos Eduardo Macedo,Condomínio Castro,Guarani,Costela do Oeste,MA,Vacina contra Diabetes Tipo 2 - Reforço,Primeiros Socorros
224.2,4,2025-09-07,Sunday   ,7,9,3,2025,Srta. Maria Luísa Barros,Jardim de Dias,Estrela,Barros,SC,Amoxicilina 1g - 10 Comprimidos - EMS (Genérico),Antidepressivos
233.42,1,2026-01-24,Saturday ,24,1,1,2026,Luiz Miguel Caldeira,Setor da Paz,Vila Do Pombal,Rocha,RS,Fralda Descartável G-Tech 200ml,Fitoterápicos
734.49,3,2025-03-07,Friday   ,7,3,1,2025,Ana Laura da Rocha,Sítio Marques,Mirante,Nunes,SE,Amoxicilina Xarope 120ml - Bayer,Antibióticos
641.4000000000001,3,2024-11-26,Tuesday  ,26,11,4,2024,Emilly Araújo,Distrito de Marques,Alta Tensão 1ª Seção,Barbosa,CE,Hidroclorotiazida 500mg - 20 Comprimidos - Eurofarma,Anti-inflamatórios
237.63,1,2026-06-01,Monday   ,1,6,2,2026,Sr. Luiz Gustavo Jesus,Lago Pinto,São José,Pereira do Oeste,MS,Condicionador Hidratação Panvel Tamanho G (32 un),Nutrição Infantil
112.04,4,2026-02-07,Saturday ,7,2,1,2026,Luna da Mota,Conjunto de Ramos,Vila São Geraldo,Cavalcante da Serra,RJ,Vacina contra Hepatite C - Dose Única,Cuidados com o Cabelo
81.03,3,2024-10-08,Tuesday  ,8,10,4,2024,Srta. Maria Flor Rezende,Fazenda Câmara,Maria Tereza,da Mata dos Dourados,PR,Ibuprofeno 25mg - 30 Comprimidos - Bayer,Dermocosméticos
71.4,4,2024-10-24,Thursday ,24,10,4,2024,Eloá Rodrigues,Vereda Carolina Porto,Vila Calafate,Alves de da Conceição,AC,Pomada para Assaduras Dove FPS 70,Fraldas e Infantis
205.36,4,2025-08-04,Monday   ,4,8,3,2025,Otávio Duarte,Ladeira Abreu,Santo Antônio,Ferreira de Ferreira,AC,Losartana Potássica 500mg - 20 Comprimidos - Bayer,Saúde Bucal
496.16,4,2025-12-08,Monday   ,8,12,4,2025,Arthur Miguel Cunha,Conjunto de Vargas,Nova Vista,Freitas Alegre,PB,Cefalexina 25mg - 30 Comprimidos - Neo Química (Genérico),Antitérmicos
131.25,5,2025-01-15,Wednesday,15,1,1,2025,Clara Borges,Pátio de Albuquerque,Pilar,Câmara de Casa Grande,AM,Sérum Vitamina C Aptamil Tamanho M (40 un),Antibióticos
87.62,2,2025-05-22,Thursday ,22,5,2,2025,Pedro Lucas Costela,Morro Alexia Duarte,Vila De Sá,Jesus,RR,Lenço Umedecido Colgate FPS 50,Analgésicos
191.69,1,2025-06-27,Friday   ,27,6,2,2025,Dr. Theodoro Rodrigues,Núcleo de Araújo,São Vicente,Almeida das Pedras,PI,Creme Dental Panvel 90g,Antitérmicos
189.75,3,2025-05-07,Wednesday,7,5,2,2025,Sr. Léo Freitas,Feira Porto,Santa Lúcia,Azevedo de Leão,MS,Curativos (Band-Aid) La Roche-Posay 400ml,Antibióticos
209.96,2,2025-04-11,Friday   ,11,4,2,2025,Pietro Pastor,Morro Viana,Vila Madre Gertrudes 4ª Seção,Câmara do Galho,RO,Água Micelar G-Tech FPS 70,Antibióticos
960.4,4,2025-10-09,Thursday ,9,10,4,2025,Dr. João Miguel da Paz,Vale Ramos,Vila São Francisco,da Luz,RS,Tadalafila 50mg - 30 Comprimidos - Neo Química (Genérico),Fitoterápicos
411.72,3,2026-04-04,Saturday ,4,4,2,2026,Srta. Larissa Rios,Esplanada de da Paz,São Luiz,Moura,SP,Azitromicina Xarope 120ml - EMS (Genérico),Genéricos
616.75,5,2025-10-17,Friday   ,17,10,4,2025,Dr. Theodoro Rodrigues,Núcleo de Araújo,São Vicente,Almeida das Pedras,PI,Pantoprazol Pomada 30g - Neo Química (Genérico),Anti-inflamatórios
490.79999999999995,3,2025-10-05,Sunday   ,5,10,4,2025,Ana Júlia Araújo,Passarela de Silveira,Garças,Vasconcelos do Campo,MG,Enalapril Suspensão Oral 50ml - Aché,Vitaminas e Suplementos
230.27,1,2025-02-22,Saturday ,22,2,1,2025,Dra. Bella Moura,Núcleo Erick Carvalho,Vila Coqueiral,das Neves,MT,Vacina contra Alzheimer - Reforço,Nutrição Infantil
705.5699999999999,3,2024-11-28,Thursday ,28,11,4,2024,Henrique Monteiro,Passarela Barros,Baleia,Aparecida,CE,Leite em Pó Infantil Huggies 90g,Homeopatia
489.64,2,2026-03-23,Monday   ,23,3,1,2026,Maria Clara Freitas,Rodovia da Mota,Vila Satélite,Montenegro Alegre,BA,Enalapril 500mg - 20 Comprimidos - EMS (Genérico),Saúde Bucal
690.68,4,2026-03-16,Monday   ,16,3,1,2026,Lavínia Silva,Trevo Léo Nunes,Vila Nova,Vargas,AL,Escitalopram 25mg - 30 Comprimidos - EMS (Genérico),Homeopatia
469.78,2,2025-05-24,Saturday ,24,5,2,2025,Alexandre da Conceição,Vereda Maria Eduarda Moura,Pongelupe,Porto,GO,Atenolol Xarope 120ml - Eurofarma,Fraldas e Infantis
1074.75,5,2025-10-08,Wednesday,8,10,4,2025,Alexandre da Conceição,Vereda Maria Eduarda Moura,Pongelupe,Porto,GO,Hidroclorotiazida 1g - 10 Comprimidos - Aché,Analgésicos
403.06,2,2024-09-24,Tuesday  ,24,9,3,2024,Luísa Gomes,Campo de Cirino,Jardim Leblon,Barbosa,DF,Sabonete em Barra Clear 50g,Analgésicos
57.7,1,2026-03-02,Monday   ,2,3,1,2026,Marcela da Cruz,Campo Santos,Belmonte,Siqueira do Amparo,BA,Pantoprazol Xarope 120ml - Aché,Nutrição Infantil
100.46,1,2026-05-15,Friday   ,15,5,2,2026,Camila da Mata,Loteamento Lavínia Ferreira,Leonina,Freitas,RO,Pantoprazol 500mg - 20 Comprimidos - Medley (Genérico),Antialérgicos
44.27,1,2026-07-07,Tuesday  ,7,7,3,2026,Rhavi Guerra,Residencial de Sales,Pindura Saia,Carvalho,DF,Enalapril 1g - 10 Comprimidos - Aché,Homeopatia
583.36,4,2024-11-10,Sunday   ,10,11,4,2024,Daniel Moreira,Feira Amanda das Neves,Havaí,da Rocha da Prata,RN,Paracetamol 500mg - 20 Comprimidos - Neo Química (Genérico),Homeopatia
201.12,4,2025-12-11,Thursday ,11,12,4,2025,Dr. Bruno Gomes,Ladeira Vieira,Vila Jardim Montanhes,da Paz das Pedras,BA,Metformina Gotas 20ml - Bayer,Saúde Bucal
457.48,2,2025-07-13,Sunday   ,13,7,3,2025,Vinicius Monteiro,Núcleo Cauã Rezende,Cônego Pinheiro 1ª Seção,da Paz das Flores,PR,Escitalopram Pomada 30g - Eurofarma,Anti-inflamatórios
199.05,5,2026-05-29,Friday   ,29,5,2,2026,Yago Ferreira,Vila Sá,Das Industrias I,Barros de Fernandes,RR,Tadalafila 25mg - 30 Comprimidos - Aché,Antitérmicos
718.1,5,2025-10-07,Tuesday  ,7,10,4,2025,Júlia Barros,Conjunto de Ribeiro,Capitão Eduardo,Brito da Mata,BA,Protetor Solar Corporal La Roche-Posay 90g,Aparelhos Médicos
904.5999999999999,5,2024-12-27,Friday   ,27,12,4,2024,Vinicius da Conceição,Largo de Duarte,Ermelinda,Machado,PE,Losartana Potássica 500mg - 20 Comprimidos - Medley (Genérico),Nutrição Infantil
900.2,4,2025-12-28,Sunday   ,28,12,4,2025,João Lucas Souza,Largo Moura,Cônego Pinheiro 2ª Seção,da Cruz da Mata,PB,Vacina contra Diabetes Tipo 2 - Reforço,Primeiros Socorros
574.28,4,2026-08-29,Saturday ,29,8,3,2026,Benjamin Nascimento,Estrada da Paz,Capitão Eduardo,Fernandes do Norte,RO,Diclofenaco 50mg - 30 Comprimidos - Aché,Produtos Ortopédicos
490.02,2,2025-11-22,Saturday ,22,11,4,2025,Emanuella da Luz,Travessa Castro,Esplanada,Alves de da Conceição,AC,Hidroclorotiazida 25mg - 30 Comprimidos - EMS (Genérico),Cuidados com o Cabelo
421.6,2,2025-12-27,Saturday ,27,12,4,2025,Dr. Gael Marques,Conjunto Julia Ferreira,Silveira,Alves do Oeste,SP,Lenço Umedecido G-Tech 500ml,Antidepressivos
57.95,5,2026-08-14,Friday   ,14,8,3,2026,Cecília Pires,Fazenda Theodoro da Luz,Vila São Rafael,Rezende,DF,Sildenafila 500mg - 20 Comprimidos - Eurofarma,Analgésicos
112.1,2,2025-12-08,Monday   ,8,12,4,2025,Dr. Thomas Abreu,Campo Gomes,Minaslandia,Macedo de Martins,PR,Amoxicilina 1g - 10 Comprimidos - EMS (Genérico),Antidepressivos
435.24,4,2025-11-15,Saturday ,15,11,4,2025,Maria Fernanda Rodrigues,Passarela Castro,Tirol,Pires,PE,Metformina Xarope 120ml - EMS (Genérico),Dermocosméticos
679.08,4,2026-07-22,Wednesday,22,7,3,2026,Bento Martins,Morro de da Paz,Conjunto Bonsucesso,Gonçalves do Sul,RO,Enxaguante Bucal Rexona FPS 50,Dermocosméticos
269.54999999999995,3,2024-10-08,Tuesday  ,8,10,4,2024,Maitê Montenegro,Residencial Fogaça,Vila Copacabana,Cassiano Verde,SE,Sildenafila Pomada 30g - Aché,Higiene Pessoal
87.62,2,2025-08-26,Tuesday  ,26,8,3,2025,Ana Sophia Castro,Alameda Teixeira,Ventosa,da Luz,RS,Lenço Umedecido Colgate FPS 50,Analgésicos
1044.55,5,2025-11-14,Friday   ,14,11,4,2025,Ágatha Silveira,Morro de Cunha,Vila Sumaré,Duarte,PI,Hastes Flexíveis (Cotonetes) Huggies 150ml,Antibióticos
235.8,1,2025-04-17,Thursday ,17,4,2,2025,Yago da Luz,Feira Guerra,Miramar,Siqueira do Norte,RO,Diclofenaco 500mg - 20 Comprimidos - Eurofarma,Antibióticos
1072.95,5,2024-10-22,Tuesday  ,22,10,4,2024,Vitor Hugo Azevedo,Recanto Agatha Freitas,Custodinha,Rocha das Pedras,AP,Protetor Solar Corporal Needs 90g,Produtos Ortopédicos
40.04,4,2025-03-04,Tuesday  ,4,3,1,2025,Melina Moura,Área de Novais,Aparecida,da Luz de Ramos,SC,Tadalafila Gotas 20ml - Medley (Genérico),Aparelhos Médicos
11.82,2,2025-06-18,Wednesday,18,6,2,2025,João Gabriel Garcia,Fazenda Aragão,Jaqueline,Fogaça do Amparo,PB,Omeprazol Suspensão Oral 50ml - EMS (Genérico),Saúde Bucal
1044.55,5,2024-09-30,Monday   ,30,9,3,2024,Dra. Heloisa Leão,Vila Moraes,Heliopolis,Martins de Gonçalves,RS,Hastes Flexíveis (Cotonetes) Huggies 150ml,Antibióticos
291.26,2,2025-08-10,Sunday   ,10,8,3,2025,Heloísa Cassiano,Parque de Jesus,Vila Nossa Senhora Do Rosário,Nogueira,PA,Losartana Potássica 50mg - 30 Comprimidos - Medley (Genérico),Antialérgicos
351.6,2,2025-08-28,Thursday ,28,8,3,2025,Alana Sales,Vila de Leão,Palmares,Sampaio das Flores,CE,Sertralina Suspensão Oral 50ml - Bayer,Antibióticos
288.96,2,2026-01-17,Saturday ,17,1,1,2026,Davi Miguel Moreira,Travessa Costela,Cruzeiro,da Rosa,AP,Hidroclorotiazida 500mg - 20 Comprimidos - Aché,Antidepressivos
15.03,1,2026-03-08,Sunday   ,8,3,1,2026,Marcela Cassiano,Jardim de Campos,Conjunto São Francisco De Assis,Aragão de Goiás,GO,Vacina contra Pneumonia - Reforço,Produtos Ortopédicos
343.76,2,2026-01-22,Thursday ,22,1,1,2026,Maria Alice Farias,Distrito de Pacheco,Marmiteiros,Silveira das Flores,PE,Pantoprazol 50mg - 30 Comprimidos - Eurofarma,Nutrição Infantil
454.35,5,2024-11-24,Sunday   ,24,11,4,2024,Maria Luísa Oliveira,Lagoa Lopes,Vila Oeste,Pereira,SP,Álcool em Gel 70% Pampers 50 Metros,Fraldas e Infantis
141.36,1,2026-07-05,Sunday   ,5,7,3,2026,Sra. Eloá Sousa,Lago de da Rosa,Vila Pinho,Araújo,MS,Clonazepam Xarope 120ml - EMS (Genérico),Vacinas
943.2,4,2025-04-24,Thursday ,24,4,2,2025,Cecilia Barbosa,Distrito de Nascimento,Paquetá,Moraes,DF,Diclofenaco 500mg - 20 Comprimidos - Eurofarma,Antibióticos
229.09,1,2025-04-09,Wednesday,9,4,2,2025,Arthur Miguel Araújo,Vereda Santos,Vila Nova Gameleira 2ª Seção,Jesus,RR,Clonazepam 1g - 10 Comprimidos - Bayer,Antitérmicos
674.08,4,2026-03-01,Sunday   ,1,3,1,2026,João Lima,Loteamento de Santos,Milionario,Sousa,PE,Creme Hidratante Johnson's Tamanho G (32 un),Antibióticos
207.88,2,2025-05-02,Friday   ,2,5,2,2025,Sr. Léo Freitas,Feira Porto,Santa Lúcia,Azevedo de Leão,MS,Clonazepam 500mg - 20 Comprimidos - Medley (Genérico),Dermocosméticos
91.74,3,2025-05-28,Wednesday,28,5,2,2025,Heitor Dias,Lago de da Rosa,Centro,da Rosa de Nascimento,PR,Fralda Descartável Colgate 50 Metros,Antidepressivos
383.44,2,2024-09-25,Wednesday,25,9,3,2024,Srta. Sarah da Cruz,Alameda de Nunes,Conjunto Novo Dom Bosco,Barbosa,DF,Creme Hidratante Listerine 500ml,Saúde Bucal
215.25,1,2024-10-16,Wednesday,16,10,4,2024,Marcela da Paz,Trecho Ana Julia da Mata,Santa Helena,da Costa de Melo,AL,Lenço Umedecido Mió FPS 50,Saúde Bucal
108.05,1,2025-06-15,Sunday   ,15,6,2,2025,Julia Pimenta,Conjunto de da Mata,Providencia,da Paz das Flores,PR,Condicionador Hidratação G-Tech FPS 50,Produtos Ortopédicos
674.95,5,2025-05-10,Saturday ,10,5,2,2025,Ana Sophia Vasconcelos,Avenida de Cassiano,Santa Rita,da Rocha,PI,Loratadina 25mg - 30 Comprimidos - Aché,Analgésicos
71.62,1,2026-04-02,Thursday ,2,4,2,2026,Maria Luísa Sá,Jardim Rodrigo Campos,Boa União 2ª Seção,Sampaio,SC,Desodorante Roll-on Nivea FPS 70,Anti-inflamatórios
608.28,4,2024-11-26,Tuesday  ,26,11,4,2024,Dr. Mathias Araújo,Morro de Novaes,Cabana Do Pai Tomás,da Costa de Melo,AL,Shampoo Anticaspa Mió 400ml,Homeopatia
772.88,4,2025-09-11,Thursday ,11,9,3,2025,Dr. Vitor Lopes,Loteamento Azevedo,Trevo,Barros de Fernandes,RR,Atenolol 25mg - 30 Comprimidos - Aché,Higiene Pessoal
71.72,1,2025-10-23,Thursday ,23,10,4,2025,Mariana Barros,Viaduto Ravy Correia,Vila Madre Gertrudes 4ª Seção,Montenegro,SC,Álcool em Gel 70% Aptamil FPS 50,Antibióticos
620.2,5,2026-05-26,Tuesday  ,26,5,2,2026,Yago da Luz,Feira Guerra,Miramar,Siqueira do Norte,RO,Cefalexina 25mg - 30 Comprimidos - Neo Química (Genérico),Antitérmicos
205.95,1,2024-11-09,Saturday ,9,11,4,2024,Clara Cavalcanti,Sítio Barbosa,Santo André,Aparecida,RS,Cefalexina 1g - 10 Comprimidos - Eurofarma,Antialérgicos
67.56,2,2025-05-09,Friday   ,9,5,2,2025,Sofia Garcia,Passarela Camargo,Madri,Costela do Oeste,MA,Losartana Potássica Suspensão Oral 50ml - Medley (Genérico),Cuidados com o Cabelo
35.27,1,2026-08-06,Thursday ,6,8,3,2026,Isabelly Souza,Jardim de Camargo,Leonina,Aragão do Galho,SC,Metformina Suspensão Oral 50ml - Medley (Genérico),Antidepressivos
236.57999999999998,3,2026-01-13,Tuesday  ,13,1,1,2026,Júlia das Neves,Estação Ana Carolina Vasconcelos,Senhor Dos Passos,Ferreira de Sampaio,PB,Vacina contra Resfriado - Dose Única,Cuidados com o Cabelo
35.13,1,2026-04-30,Thursday ,30,4,2,2026,Dra. Isabela Monteiro,Residencial Correia,Bandeirantes,Jesus,ES,Dipirona Sódica Xarope 120ml - EMS (Genérico),Aparelhos Médicos
21.51,1,2025-09-26,Friday   ,26,9,3,2025,Pietro Pastor,Morro Viana,Vila Madre Gertrudes 4ª Seção,Câmara do Galho,RO,Vacina contra Gastrite - Dose Única,Fitoterápicos
716.91,3,2026-01-02,Friday   ,2,1,1,2026,Sr. Diego Rezende,Vila Juan da Cruz,Corumbiara,Duarte,AL,Nimesulida 25mg - 30 Comprimidos - Aché,Dermocosméticos
493.64,2,2025-01-01,Wednesday,1,1,1,2025,Mariane Castro,Feira de da Mata,Vila Da Ária,Barros,SC,Vacina contra Esquizofrenia - Reforço,Cuidados com o Cabelo
140.44,4,2025-04-28,Monday   ,28,4,2,2025,Emanuella da Luz,Travessa Castro,Esplanada,Alves de da Conceição,AC,Omeprazol 50mg - 30 Comprimidos - EMS (Genérico),Fitoterápicos
216.1,2,2025-11-26,Wednesday,26,11,4,2025,Maria Eduarda Dias,Avenida Stella Dias,Vila Jardim São José,Sousa,TO,Condicionador Hidratação G-Tech FPS 50,Produtos Ortopédicos
134.53,1,2026-03-03,Tuesday  ,3,3,1,2026,João Rios,Lago Maria Luísa da Rocha,Jardim América,Rodrigues,TO,Ibuprofeno Gotas 20ml - Medley (Genérico),Antitérmicos
857,5,2026-03-06,Friday   ,6,3,1,2026,Maitê da Paz,Jardim Santos,São Francisco Das Chagas,Cavalcante da Serra,RJ,Shampoo Anticaspa Rexona 90g,Nutrição Infantil
717.28,4,2026-03-06,Friday   ,6,3,1,2026,Dra. Maria Vargas,Ladeira de Ramos,Paquetá,Cavalcante da Serra,RJ,Ibuprofeno Suspensão Oral 50ml - Medley (Genérico),Homeopatia
366.24,3,2026-02-28,Saturday ,28,2,1,2026,Leonardo Andrade,Largo Caldeira,Sion,Dias,RR,Vacina contra Dermatite - Reforço,Primeiros Socorros
114.85,5,2024-10-12,Saturday ,12,10,4,2024,Francisco Pinto,Morro João Miguel Andrade,São Luiz,Cassiano,SE,Termômetro Digital Mió FPS 70,Produtos Ortopédicos
720.48,4,2026-01-24,Saturday ,24,1,1,2026,Sra. Yasmin Fogaça,Sítio Vasconcelos,Jardim Atlântico,Sousa,TO,Vacina contra Linfoma - Dose Única,Vitaminas e Suplementos
432.02,2,2024-12-30,Monday   ,30,12,4,2024,Maria Liz Ferreira,Vereda de da Conceição,Vila Nova Dos Milionarios,da Cruz da Mata,PB,Curativos (Band-Aid) Clear FPS 50,Vacinas
314.52,2,2025-11-23,Sunday   ,23,11,4,2025,Clara Borges,Pátio de Albuquerque,Pilar,Câmara de Casa Grande,AM,Atenolol 50mg - 30 Comprimidos - Medley (Genérico),Anti-inflamatórios
445.02,2,2026-05-16,Saturday ,16,5,2,2026,Aurora Melo,Conjunto Raul Sampaio,Conjunto Serra Verde,Martins do Amparo,ES,Pomada para Assaduras Needs FPS 50,Antialérgicos
35.11,1,2026-02-10,Tuesday  ,10,2,1,2026,Mateus da Conceição,Praça Lunna Freitas,Itaipu,Nunes do Sul,MA,Omeprazol 50mg - 30 Comprimidos - EMS (Genérico),Fitoterápicos
1128.6499999999999,5,2024-12-27,Friday   ,27,12,4,2024,Oliver Correia,Viaduto Antonella Rocha,Varzea Da Palma,Porto,GO,Fluoxetina 500mg - 20 Comprimidos - Neo Química (Genérico),Antitérmicos
90.1,1,2025-09-08,Monday   ,8,9,3,2025,Pedro Henrique Fonseca,Praia Melo,Vila Jardim São José,Guerra de Minas,DF,Pantoprazol Pomada 30g - Eurofarma,Anti-inflamatórios
233.44,2,2025-08-14,Thursday ,14,8,3,2025,Sr. Benicio Novais,Vereda Liam Fogaça,Maria Goretti,Montenegro da Praia,PA,Clonazepam 25mg - 30 Comprimidos - Bayer,Higiene Pessoal
58.77,1,2026-04-18,Saturday ,18,4,2,2026,Oliver da Rocha,Distrito Maria Cecília Viana,Santa Monica,Cavalcante da Serra,RJ,Loratadina 1g - 10 Comprimidos - Neo Química (Genérico),Primeiros Socorros
471.6,2,2025-03-29,Saturday ,29,3,1,2025,Cecilia Souza,Esplanada Yan Aparecida,Brasil Industrial,Cardoso,RO,Diclofenaco 500mg - 20 Comprimidos - Eurofarma,Antibióticos
114.9,1,2026-08-06,Thursday ,6,8,3,2026,Luara Sampaio,Trevo Marina Montenegro,Itapoa,da Rosa,MS,Creme Hidratante Listerine 90g,Homeopatia
615.65,5,2026-04-10,Friday   ,10,4,2,2026,Ester Alves,Alameda Ana Laura da Cunha,Vila Minaslandia,Albuquerque das Flores,RN,Vacina contra Embolia - Dose Única,Antibióticos
180.06,2,2025-12-15,Monday   ,15,12,4,2025,Benicio Cunha,Chácara Maria Clara Jesus,São Luiz,Pastor,AP,Sérum Vitamina C Needs FPS 50,Vitaminas e Suplementos
122.08,1,2025-07-03,Thursday ,3,7,3,2025,Maria Liz Ferreira,Vereda de da Conceição,Vila Nova Dos Milionarios,da Cruz da Mata,PB,Vacina contra Dermatite - Reforço,Primeiros Socorros
511.70000000000005,5,2026-03-24,Tuesday  ,24,3,1,2026,Kamilly Sousa,Conjunto Almeida,Vila Nova Paraíso,da Cruz da Mata,PB,Sinvastatina Suspensão Oral 50ml - EMS (Genérico),Cuidados com o Cabelo
618.5999999999999,3,2026-06-11,Thursday ,11,6,2,2026,Maria Isis Leão,Jardim de Sampaio,Rio Branco,Macedo,AC,Cefalexina 50mg - 30 Comprimidos - Aché,Aparelhos Médicos
309.88,4,2026-04-09,Thursday ,9,4,2,2026,Bruna Sales,Lagoa de Cavalcante,Novo Tupi,Cavalcanti,AL,Curativos (Band-Aid) Huggies 150ml,Vitaminas e Suplementos
59.56,1,2025-09-28,Sunday   ,28,9,3,2025,Nicolas Moura,Sítio da Luz,Planalto,da Luz de Ramos,SC,Vacina contra Câncer de Próstata - Dose Única,Dermocosméticos
33.56,1,2026-01-10,Saturday ,10,1,1,2026,Sarah Castro,Viaduto Vitor Hugo Fogaça,Corumbiara,Nogueira,PA,Desodorante Roll-on Colgate 90g,Higiene Pessoal
58.32,2,2025-05-23,Friday   ,23,5,2,2025,Srta. Olívia Souza,Viaduto de Pacheco,Alto Barroca,Cirino,RJ,Sertralina 50mg - 30 Comprimidos - Neo Química (Genérico),Higiene Pessoal
748.9,5,2025-09-06,Saturday ,6,9,3,2025,Benjamim Pastor,Vale da Rocha,Bacurau,da Luz,RS,Metformina 500mg - 20 Comprimidos - Eurofarma,Primeiros Socorros
939.92,4,2025-03-09,Sunday   ,9,3,1,2025,Ana Cecília Gonçalves,Aeroporto Marcela Correia,Céu Azul,Costela do Oeste,MA,Enalapril Gotas 20ml - Bayer,Antitérmicos
361,2,2025-03-21,Friday   ,21,3,1,2025,Manuella Cirino,Travessa Pastor,Floresta,Cavalcanti,AL,Enalapril 50mg - 30 Comprimidos - Eurofarma,Analgésicos
374.96999999999997,3,2025-07-20,Sunday   ,20,7,3,2025,Francisco Cavalcanti,Praia Amanda Viana,Alto Das Antenas,Macedo do Sul,DF,Sérum Vitamina C Panvel FPS 70,Higiene Pessoal
762.44,4,2025-09-28,Sunday   ,28,9,3,2025,Dr. Guilherme Teixeira,Rua Felipe Peixoto,Nova Granada,Macedo do Sul,DF,Fluoxetina 25mg - 30 Comprimidos - Eurofarma,Fitoterápicos
383.38,2,2025-05-29,Thursday ,29,5,2,2025,Nina Peixoto,Fazenda Maria Cecília Mendonça,Colégio Batista,Martins,PA,Creme Dental Panvel 90g,Antitérmicos
607.59,3,2026-07-09,Thursday ,9,7,3,2026,Bárbara Oliveira,Fazenda Ramos,Mantiqueira,Macedo de Costa,RJ,Azitromicina 50mg - 30 Comprimidos - Medley (Genérico),Homeopatia
220.04999999999998,5,2026-01-25,Sunday   ,25,1,1,2026,Theo Cardoso,Lago de Araújo,Vitoria,da Mata dos Dourados,PR,Sertralina Gotas 20ml - Aché,Dermocosméticos
147.63,3,2025-12-18,Thursday ,18,12,4,2025,Isadora Martins,Praia Marques,Grajaú,da Mota do Campo,CE,Vacina contra Câncer de Próstata - Reforço,Nutrição Infantil
92.31,3,2025-04-23,Wednesday,23,4,2,2025,Raquel Cavalcanti,Morro Moraes,Alto Caiçaras,da Rocha da Prata,RN,Fluoxetina Gotas 20ml - Medley (Genérico),Aparelhos Médicos
1128.6499999999999,5,2026-01-16,Friday   ,16,1,1,2026,Alice Ramos,Lagoa Freitas,Distrito Industrial Do Jatoba,Fogaça do Amparo,PB,Fluoxetina 500mg - 20 Comprimidos - Neo Química (Genérico),Antitérmicos
131.52,3,2025-03-22,Saturday ,22,3,1,2025,Maria Isis Mendonça,Núcleo de Gomes,Nova Cintra,Alves do Oeste,SP,Azitromicina 1g - 10 Comprimidos - Eurofarma,Antitérmicos
112.1,2,2025-10-06,Monday   ,6,10,4,2025,Bento Teixeira,Via Emanuel Ferreira,Vila Paris,Nunes do Sul,MA,Amoxicilina 1g - 10 Comprimidos - EMS (Genérico),Antidepressivos
251.4,5,2025-07-12,Saturday ,12,7,3,2025,Murilo Cassiano,Esplanada Luísa Melo,Parque São Pedro,Castro,CE,Metformina Gotas 20ml - Bayer,Saúde Bucal
81.96000000000001,3,2025-05-05,Monday   ,5,5,2,2025,Sr. Dante da Mota,Núcleo João Miguel Casa Grande,Palmares,Casa Grande do Oeste,MT,Sabonete Líquido Vichy 500ml,Antitérmicos
361.84,2,2025-11-15,Saturday ,15,11,4,2025,Srta. Ester da Mata,Chácara de Silva,Novo Ouro Preto,Sampaio da Serra,MT,Losartana Potássica 500mg - 20 Comprimidos - Medley (Genérico),Nutrição Infantil
222.12,2,2024-09-18,Wednesday,18,9,3,2024,Heitor Vasconcelos,Parque Caldeira,Funcionários,Rocha,RS,Azitromicina Gotas 20ml - Eurofarma,Anti-inflamatórios
233.52,1,2026-02-06,Friday   ,6,2,1,2026,Ísis da Mota,Conjunto Clarice da Conceição,Cabana Do Pai Tomás,das Neves,MT,Creme Hidratante Colgate 150ml,Anti-inflamatórios
612.4499999999999,5,2025-12-02,Tuesday  ,2,12,4,2025,João Lucas Albuquerque,Trevo de Ramos,Nova Gameleira,Macedo,AC,Ibuprofeno Gotas 20ml - Aché,Vacinas
241.99,1,2026-02-13,Friday   ,13,2,1,2026,Bárbara Oliveira,Fazenda Ramos,Mantiqueira,Macedo de Costa,RJ,Escitalopram Suspensão Oral 50ml - Bayer,Nutrição Infantil
35.23,1,2025-09-20,Saturday ,20,9,3,2025,João Miguel Pereira,Feira de Ramos,Oeste,Cirino,RJ,Condicionador Hidratação G-Tech Tamanho G (32 un),Analgésicos
818,5,2026-01-08,Thursday ,8,1,1,2026,Brayan Pastor,Núcleo de Martins,Nova Gameleira,Freitas,RO,Enalapril Suspensão Oral 50ml - Aché,Vitaminas e Suplementos
507.8,5,2024-09-27,Friday   ,27,9,3,2024,Maria Eduarda Monteiro,Rua de Caldeira,Jatobá,Barros,TO,Nimesulida 25mg - 30 Comprimidos - Medley (Genérico),Antitérmicos
627.8,5,2025-10-11,Saturday ,11,10,4,2025,Matheus Dias,Sítio de Casa Grande,Santa Sofia,Lopes dos Dourados,PB,Metformina 25mg - 30 Comprimidos - Aché,Fraldas e Infantis
245.78,2,2026-04-01,Wednesday,1,4,2,2026,Maria Eduarda Vasconcelos,Núcleo Almeida,Vila Madre Gertrudes 3ª Seção,Araújo,MS,Paracetamol 50mg - 30 Comprimidos - Medley (Genérico),Nutrição Infantil
158.7,3,2024-12-14,Saturday ,14,12,4,2024,Isaac Cavalcanti,Quadra João Vitor Monteiro,Alto Caiçaras,Moura,BA,Fralda Descartável Vichy 150ml,Homeopatia
1095.05,5,2025-02-18,Tuesday  ,18,2,1,2025,Sophie Sampaio,Fazenda Jesus,Tupi A,da Luz,RS,Sérum Vitamina C Rexona 200ml,Vacinas
90.87,1,2025-07-21,Monday   ,21,7,3,2025,Pietra Andrade,Viela Freitas,Flavio Marques Lisboa,Pires,PE,Álcool em Gel 70% Pampers 50 Metros,Fraldas e Infantis
43.62,3,2025-05-21,Wednesday,21,5,2,2025,Leandro Fogaça,Via Enzo Gabriel Cavalcante,Santa Lúcia,Nunes,AC,Amoxicilina Gotas 20ml - Aché,Aparelhos Médicos
81.6,3,2025-02-22,Saturday ,22,2,1,2025,Sr. José Miguel Pimenta,Distrito de Marques,Coração Eucarístico,Cavalcanti de Correia,SP,Condicionador Hidratação Rexona 90g,Vitaminas e Suplementos
706.8000000000001,5,2026-07-02,Thursday ,2,7,3,2026,Ravy Sampaio,Praia Ana Clara Guerra,Minas Brasil,da Conceição,DF,Clonazepam Xarope 120ml - EMS (Genérico),Vacinas
520.4399999999999,3,2025-06-20,Friday   ,20,6,2,2025,José Miguel Oliveira,Praça Josué Macedo,Jardim Guanabara,Cassiano,SE,Fralda Descartável Clear FPS 50,Antibióticos
672.35,5,2026-05-24,Sunday   ,24,5,2,2026,Gabriela Montenegro,Rua Sophie da Rocha,Lagoa,Alves,BA,Nimesulida 50mg - 30 Comprimidos - EMS (Genérico),Anti-inflamatórios
223.82,1,2025-07-14,Monday   ,14,7,3,2025,Rafael Ribeiro,Quadra Fogaça,Novo Das Industrias,Monteiro,AP,Vacina contra Chikungunya - Dose Única,Vacinas
129.72,4,2025-08-17,Sunday   ,17,8,3,2025,Dr. José Pacheco,Sítio Breno Rocha,Suzana,Machado,PE,Losartana Potássica 25mg - 30 Comprimidos - EMS (Genérico),Nutrição Infantil
1002.4,5,2025-05-07,Wednesday,7,5,2,2025,Srta. Sophia Monteiro,Parque Levi Montenegro,Sagrada Família,Cirino,RJ,Metformina 25mg - 30 Comprimidos - EMS (Genérico),Cuidados com o Cabelo
784.3000000000001,5,2025-08-12,Tuesday  ,12,8,3,2025,Pedro Nunes,Praça de Barbosa,Vale Do Jatoba,Câmara do Galho,RO,Vacina contra Hepatite C - Reforço,Nutrição Infantil
401.13,3,2025-09-19,Friday   ,19,9,3,2025,Léo Silveira,Alameda de Carvalho,Jardim Atlântico,Rocha,PR,Sildenafila 1g - 10 Comprimidos - Neo Química (Genérico),Anti-inflamatórios
43.62,3,2026-03-29,Sunday   ,29,3,1,2026,Luiza Barbosa,Travessa Theodoro Vasconcelos,Madri,Rios,ES,Amoxicilina Gotas 20ml - Aché,Aparelhos Médicos
192.60000000000002,3,2026-04-23,Thursday ,23,4,2,2026,Sr. Lorenzo Barros,Condomínio de Barros,Vila Copacabana,Vasconcelos do Campo,MG,Condicionador Hidratação Johnson's FPS 50,Aparelhos Médicos
163.96,1,2025-03-07,Friday   ,7,3,1,2025,Augusto Novaes,Núcleo Vieira,Nova America,Gomes,AM,Hidroclorotiazida 500mg - 20 Comprimidos - Bayer,Primeiros Socorros
40.9,2,2025-10-10,Friday   ,10,10,4,2025,Maria Julia Viana,Sítio de Sampaio,Dom Silverio,Caldeira,SE,Vacina contra Enxaqueca - Dose Única,Antitérmicos
242.36,1,2025-12-05,Friday   ,5,12,4,2025,Sophia Garcia,Fazenda da Conceição,Mirtes,Nunes,SP,Atenolol 50mg - 30 Comprimidos - EMS (Genérico),Dermocosméticos
68.11,1,2025-07-22,Tuesday  ,22,7,3,2025,Allana Machado,Esplanada Maria Vitória Nunes,Marajó,Fogaça,BA,Omeprazol 25mg - 30 Comprimidos - Eurofarma,Higiene Pessoal
287.15,5,2025-12-13,Saturday ,13,12,4,2025,Maria Sophia Moreira,Lagoa Rhavi Albuquerque,Juliana,da Rocha do Amparo,RN,Azitromicina 50mg - 30 Comprimidos - Aché,Saúde Bucal
59.52,4,2026-03-01,Sunday   ,1,3,1,2026,João Felipe Carvalho,Favela Vargas,Itaipu,Aparecida,RS,Clonazepam Suspensão Oral 50ml - EMS (Genérico),Saúde Bucal
411.9,2,2025-07-03,Thursday ,3,7,3,2025,Marcos Vinicius Jesus,Distrito Leão,Xangri-Lá,da Mata dos Dourados,PR,Cefalexina 1g - 10 Comprimidos - Eurofarma,Antialérgicos
1202.9,5,2025-02-11,Tuesday  ,11,2,1,2025,Ravi Lucca Novais,Travessa Cassiano,Vila Maria,Machado da Serra,MS,Vacina contra Asma - Dose Única,Higiene Pessoal
242.44,2,2026-01-26,Monday   ,26,1,1,2026,Enzo Silva,Conjunto Gustavo Henrique da Rocha,Jardim Montanhês,Viana,TO,Lenço Umedecido Rexona FPS 50,Antibióticos
188.35,1,2024-12-13,Friday   ,13,12,4,2024,Sr. Fernando Mendonça,Núcleo Pastor,Eymard,Vasconcelos de Minas,PA,Omeprazol 500mg - 20 Comprimidos - EMS (Genérico),Vitaminas e Suplementos
352.76,2,2026-06-12,Friday   ,12,6,2,2026,José Miguel Oliveira,Praça Josué Macedo,Jardim Guanabara,Cassiano,SE,Shampoo Anticaspa Clear 90g,Antitérmicos
853.75,5,2026-07-03,Friday   ,3,7,3,2026,Igor da Mota,Viaduto de Pimenta,Nova Floresta,Farias da Prata,RN,Dipirona Sódica Pomada 30g - EMS (Genérico),Antitérmicos
291.9,3,2025-12-03,Wednesday,3,12,4,2025,Laís Cavalcante,Trecho de Castro,Aguas Claras,Vargas,AL,Fluoxetina Suspensão Oral 50ml - Medley (Genérico),Antidepressivos
340.09999999999997,5,2026-06-18,Thursday ,18,6,2,2026,Stephany Castro,Chácara Dom Freitas,Zilah Sposito,Montenegro,SC,Loratadina 500mg - 20 Comprimidos - EMS (Genérico),Cuidados com o Cabelo
770.5500000000001,5,2025-12-20,Saturday ,20,12,4,2025,Theo Cavalcanti,Trevo de Vieira,Garças,Montenegro Alegre,BA,Clonazepam 1g - 10 Comprimidos - EMS (Genérico),Antitérmicos
643.08,4,2025-05-01,Thursday ,1,5,2,2025,Gael Pastor,Parque da Cruz,Flavio De Oliveira,Oliveira Verde,CE,Vacina contra Hepatite A - Dose Única,Analgésicos
462.45,5,2026-03-02,Monday   ,2,3,1,2026,Rafaela Gomes,Morro Gonçalves,Parque São José,Souza,ES,Losartana Potássica Gotas 20ml - Medley (Genérico),Antitérmicos
834.7,5,2025-09-16,Tuesday  ,16,9,3,2025,João Felipe Mendes,Feira Rodrigues,Novo Santa Cecilia,Vasconcelos de Minas,PA,Fralda Descartável Mió 90g,Vitaminas e Suplementos
914.64,4,2024-10-15,Tuesday  ,15,10,4,2024,Gael Freitas,Vereda Léo Nogueira,Vila Maria,Porto,GO,Pomada para Assaduras Listerine 400ml,Fitoterápicos
245.79,1,2026-03-09,Monday   ,9,3,1,2026,Maria Laura Dias,Recanto Guerra,Conjunto Lagoa,Siqueira do Norte,RO,Diclofenaco 500mg - 20 Comprimidos - Neo Química (Genérico),Antidepressivos
606.1,5,2026-04-04,Saturday ,4,4,2,2026,João Lucas Melo,Área de Porto,Vila Califórnia,Carvalho,MT,Lenço Umedecido Rexona FPS 50,Antibióticos
148.4,2,2025-10-28,Tuesday  ,28,10,4,2025,Sra. Isis Pimenta,Setor Noah Câmara,Candelaria,Brito,MT,Vacina contra Parkinson - Reforço,Fraldas e Infantis
363.65999999999997,3,2025-08-07,Thursday ,7,8,3,2025,Ana Rodrigues,Passarela João Felipe Silva,Prado,Mendes das Flores,AL,Lenço Umedecido Rexona FPS 50,Antibióticos
132.03,3,2025-05-06,Tuesday  ,6,5,2,2025,Amanda Marques,Ladeira Porto,João Pinheiro,Marques Alegre,AL,Sertralina Gotas 20ml - Aché,Dermocosméticos
225.6,1,2025-11-26,Wednesday,26,11,4,2025,Dr. Ravi Castro,Jardim de Montenegro,Santa Cruz,Cassiano Verde,SE,Diclofenaco Xarope 120ml - Neo Química (Genérico),Primeiros Socorros
74.4,5,2026-01-14,Wednesday,14,1,1,2026,Juan Mendonça,Loteamento Valentina Andrade,Gutierrez,Nogueira,PA,Clonazepam Suspensão Oral 50ml - EMS (Genérico),Saúde Bucal
233.36,4,2026-05-07,Thursday ,7,5,2,2026,Sara Leão,Travessa de Siqueira,São João Batista,Câmara do Galho,RO,Tadalafila 25mg - 30 Comprimidos - EMS (Genérico),Dermocosméticos
446.15000000000003,5,2026-03-03,Tuesday  ,3,3,1,2026,Sra. Eloá Sousa,Lago de da Rosa,Vila Pinho,Araújo,MS,Álcool em Gel 70% Mió 90g,Analgésicos
824.8,4,2024-12-27,Friday   ,27,12,4,2024,Lucca Camargo,Estrada de Nascimento,Carlos Prates,Barbosa dos Dourados,RN,Cefalexina 50mg - 30 Comprimidos - Aché,Aparelhos Médicos
81.03,3,2026-09-10,Thursday ,10,9,3,2026,Lavínia Caldeira,Ladeira de Guerra,Gutierrez,Pereira,SP,Ibuprofeno 25mg - 30 Comprimidos - Bayer,Dermocosméticos
557.76,3,2026-07-27,Monday   ,27,7,3,2026,Gabrielly Sousa,Rodovia Cassiano,Estrela Do Oriente,Câmara de Casa Grande,AM,Creme Hidratante Bepantol FPS 50,Dermocosméticos
125.4,4,2025-09-27,Saturday ,27,9,3,2025,Dr. Heitor Vieira,Parque Camargo,Eymard,Nogueira de Rios,PR,Azitromicina Xarope 120ml - Medley (Genérico),Antibióticos
662.55,3,2026-03-16,Monday   ,16,3,1,2026,Nicole Gomes,Favela de Vasconcelos,Mantiqueira,Pires,AM,Água Micelar La Roche-Posay Tamanho M (40 un),Vitaminas e Suplementos
444.24,4,2024-12-14,Saturday ,14,12,4,2024,Henry Gabriel Vieira,Largo Thiago Ramos,Vila Antena,Cardoso,RO,Azitromicina Gotas 20ml - Eurofarma,Anti-inflamatórios
933.68,4,2025-07-22,Tuesday  ,22,7,3,2025,João Miguel Ferreira,Trecho Maya da Cruz,Ipe,Freitas Alegre,PB,Fralda Descartável G-Tech 200ml,Fitoterápicos
243.64,4,2026-02-26,Thursday ,26,2,1,2026,Larissa da Rosa,Residencial de Farias,Novo Ouro Preto,Alves,BA,Azitromicina 1g - 10 Comprimidos - EMS (Genérico),Dermocosméticos
105.23,1,2026-06-10,Wednesday,10,6,2,2026,Emanuella da Luz,Travessa Castro,Esplanada,Alves de da Conceição,AC,Protetor Solar Facial Panvel 200ml,Primeiros Socorros
330.4,2,2025-09-02,Tuesday  ,2,9,3,2025,Gabriela Peixoto,Via de Ribeiro,Lagoa,Caldeira,SE,Atenolol Suspensão Oral 50ml - EMS (Genérico),Antidepressivos
74.2,1,2025-06-09,Monday   ,9,6,2,2025,Ana Carolina Câmara,Jardim Laís Cunha,Califórnia,Duarte,PI,Vacina contra Parkinson - Reforço,Fraldas e Infantis
502.29999999999995,5,2026-04-30,Thursday ,30,4,2,2026,Enzo Gabriel Montenegro,Avenida Albuquerque,Vila Ipiranga,Machado,PE,Pantoprazol 500mg - 20 Comprimidos - Medley (Genérico),Antialérgicos
518.3,5,2025-02-14,Friday   ,14,2,1,2025,Diego Fernandes,Feira Viana,Vila Paraíso,Moraes,DF,Losartana Potássica Xarope 120ml - EMS (Genérico),Dermocosméticos
384.7,5,2025-10-05,Sunday   ,5,10,4,2025,Maria Sales,Quadra Ana Carolina Costa,Itaipu,Barros,SC,Tadalafila Suspensão Oral 50ml - Medley (Genérico),Antialérgicos
121.22,1,2025-09-04,Thursday ,4,9,3,2025,Ravi Lucca da Conceição,Morro Rezende,Universo,Duarte,AL,Lenço Umedecido Rexona FPS 50,Antibióticos
1037,5,2025-11-14,Friday   ,14,11,4,2025,Daniel Moreira,Feira Amanda das Neves,Havaí,da Rocha da Prata,RN,Nimesulida 25mg - 30 Comprimidos - Neo Química (Genérico),Higiene Pessoal
104.96,1,2025-02-17,Monday   ,17,2,1,2025,Ágatha Viana,Ladeira Lopes,Cidade Jardim,Barros de Fernandes,RR,Desodorante Aerosol Nivea 200ml,Primeiros Socorros
431.97,3,2026-07-27,Monday   ,27,7,3,2026,Vitor Gabriel Campos,Parque de Vasconcelos,Flamengo,Rocha,PR,Condicionador Hidratação Johnson's FPS 70,Fitoterápicos
507.8,5,2025-08-23,Saturday ,23,8,3,2025,Ágatha Viana,Ladeira Lopes,Cidade Jardim,Barros de Fernandes,RR,Nimesulida 25mg - 30 Comprimidos - Medley (Genérico),Antitérmicos
147.75,3,2026-02-17,Tuesday  ,17,2,1,2026,Sr. Fernando Mendonça,Núcleo Pastor,Eymard,Vasconcelos de Minas,PA,Hastes Flexíveis (Cotonetes) Pampers 500ml,Nutrição Infantil
990.08,4,2025-08-19,Tuesday  ,19,8,3,2025,Carlos Eduardo Mendonça,Praça de Peixoto,Belmonte,Siqueira do Campo,GO,Metformina Pomada 30g - EMS (Genérico),Produtos Ortopédicos
228.74,1,2025-09-10,Wednesday,10,9,3,2025,Henry da Paz,Rodovia Rodrigues,São Gabriel,Nunes do Sul,MA,Escitalopram Pomada 30g - Eurofarma,Anti-inflamatórios
328.54,2,2025-02-07,Friday   ,7,2,1,2025,Benicio Cunha,Chácara Maria Clara Jesus,São Luiz,Pastor,AP,Azitromicina Gotas 20ml - Aché,Primeiros Socorros
425.43,3,2025-01-19,Sunday   ,19,1,1,2025,Brayan Aparecida,Parque Costa,Vila Ecológica,Ferreira,AM,Sildenafila Xarope 120ml - Eurofarma,Antialérgicos
154.02,3,2026-03-02,Monday   ,2,3,1,2026,Giovanna Barbosa,Feira Nunes,Bandeirantes,Nogueira,PA,Losartana Potássica 500mg - 20 Comprimidos - Bayer,Saúde Bucal
347.12,2,2024-09-24,Tuesday  ,24,9,3,2024,Henrique Ferreira,Estação Barbosa,Custodinha,Machado da Serra,MS,Sérum Vitamina C Clear FPS 70,Fraldas e Infantis
328.54,2,2024-11-24,Sunday   ,24,11,4,2024,Sra. Cecília Gonçalves,Esplanada Leão,Belmonte,Almeida das Pedras,PI,Azitromicina Gotas 20ml - Aché,Primeiros Socorros
444.52,4,2025-10-18,Saturday ,18,10,4,2025,Raquel Novais,Viela Alana Carvalho,Alto Caiçaras,Martins,PA,Fluoxetina Xarope 120ml - Bayer,Antialérgicos
71.48,1,2024-09-14,Saturday ,14,9,3,2024,Josué Viana,Travessa de Souza,Alta Tensão 2ª Seção,Fonseca de Cavalcante,AP,Lenço Umedecido Sempre Livre Tamanho G (32 un),Anti-inflamatórios
80.24,2,2026-04-22,Wednesday,22,4,2,2026,Lavínia Moreira,Trevo de Martins,Conjunto Floramar,Rocha das Pedras,AP,Soro Fisiológico Panvel Tamanho M (40 un),Fitoterápicos
990.08,4,2025-05-05,Monday   ,5,5,2,2025,Pedro Henrique Aragão,Recanto Aurora Oliveira,Vila Nova Dos Milionarios,Mendes das Flores,AL,Metformina Pomada 30g - EMS (Genérico),Produtos Ortopédicos
243.93,1,2025-05-26,Monday   ,26,5,2,2025,Léo Sampaio,Vereda de Casa Grande,Carlos Prates,Cavalcante da Serra,RJ,Curativos (Band-Aid) CeraVe FPS 50,Nutrição Infantil
901.56,4,2024-12-14,Saturday ,14,12,4,2024,Benicio da Mota,Condomínio Vicente Aragão,Palmeiras,Fogaça do Amparo,PB,Soro Fisiológico Dove 150ml,Antidepressivos
38.61,1,2025-05-01,Thursday ,1,5,2,2025,João Gabriel Gonçalves,Esplanada de da Rocha,Vila Copasa,Sales,PE,Metformina Pomada 30g - Bayer,Genéricos
598.92,4,2025-05-11,Sunday   ,11,5,2,2025,Eduardo Cassiano,Vereda de Vasconcelos,Bonfim,da Rocha Alegre,RJ,Condicionador Hidratação Vichy FPS 50,Saúde Bucal
147.75,3,2025-01-13,Monday   ,13,1,1,2025,Mateus da Conceição,Praça Lunna Freitas,Itaipu,Nunes do Sul,MA,Hastes Flexíveis (Cotonetes) Pampers 500ml,Nutrição Infantil
676.8,3,2026-07-01,Wednesday,1,7,3,2026,Fernando da Rocha,Ladeira de Costa,Conjunto Serra Verde,Brito,MT,Diclofenaco Xarope 120ml - Neo Química (Genérico),Primeiros Socorros
457.48,2,2025-03-15,Saturday ,15,3,1,2025,Juan Ramos,Chácara Viana,Universo,Barros Grande,RJ,Escitalopram Pomada 30g - Eurofarma,Anti-inflamatórios
222.26,2,2025-06-17,Tuesday  ,17,6,2,2025,Vitor Barbosa,Recanto Farias,Acaba Mundo,Jesus,AP,Fluoxetina Xarope 120ml - Bayer,Antialérgicos
613.45,5,2025-11-20,Thursday ,20,11,4,2025,Mathias Costa,Área Ana Abreu,Álvaro Camargos,da Paz das Flores,PR,Amoxicilina 25mg - 30 Comprimidos - Bayer,Vitaminas e Suplementos
1151.3500000000001,5,2024-10-08,Tuesday  ,8,10,4,2024,Ana Cecília Souza,Chácara Maria Isis Araújo,Vila Paris,Lopes dos Dourados,PB,Vacina contra Alzheimer - Reforço,Nutrição Infantil
360.28,4,2025-04-18,Friday   ,18,4,2,2025,Yago Ferreira,Vila Sá,Das Industrias I,Barros de Fernandes,RR,Cefalexina Xarope 120ml - Aché,Produtos Ortopédicos
954.12,4,2026-03-06,Friday   ,6,3,1,2026,Leandro Pires,Praia de Fernandes,Cachoeirinha,Brito,MT,Condicionador Hidratação Needs Tamanho M (40 un),Genéricos
56.53,1,2025-05-20,Tuesday  ,20,5,2,2025,Vinicius Monteiro,Núcleo Cauã Rezende,Cônego Pinheiro 1ª Seção,da Paz das Flores,PR,Enxaguante Bucal CeraVe 50g,Cuidados com o Cabelo
90.62,2,2025-04-08,Tuesday  ,8,4,2,2025,Giovanna Barbosa,Feira Nunes,Bandeirantes,Nogueira,PA,Absorvente com Abas Bepantol 500ml,Analgésicos
12.38,2,2026-04-09,Thursday ,9,4,2,2026,Ana Melo,Área Juan Macedo,Renascença,Silva de Minas,MA,Tadalafila 1g - 10 Comprimidos - Aché,Primeiros Socorros
248.11,1,2025-08-18,Monday   ,18,8,3,2025,Maria Julia Vargas,Avenida José Rezende,Vila Maloca,Sales,PE,Loratadina Pomada 30g - Eurofarma,Nutrição Infantil
400.96,2,2026-04-27,Monday   ,27,4,2,2026,Guilherme Moreira,Condomínio de Monteiro,São Vicente,Barros,SC,Metformina 25mg - 30 Comprimidos - EMS (Genérico),Cuidados com o Cabelo
520.2,5,2024-12-02,Monday   ,2,12,4,2024,Benjamin Nascimento,Chácara Moraes,Olaria,Rocha,RS,Vacina contra Gripe - Dose Única,Dermocosméticos
714.5,5,2025-12-23,Tuesday  ,23,12,4,2025,Alice Ramos,Lagoa Freitas,Distrito Industrial Do Jatoba,Fogaça do Amparo,PB,Curativos (Band-Aid) Nivea 500ml,Vacinas
227.47,1,2025-07-21,Monday   ,21,7,3,2025,João Gabriel Gonçalves,Esplanada de da Rocha,Vila Copasa,Sales,PE,Absorvente com Abas Rexona FPS 70,Fitoterápicos
549.6500000000001,5,2026-01-01,Thursday ,1,1,1,2026,Marcela Novais,Rua Dante Fogaça,Lagoinha,da Costa,PE,Dipirona Sódica 1g - 10 Comprimidos - Bayer,Cuidados com o Cabelo
180.31,1,2026-07-11,Saturday ,11,7,3,2026,Mathias Ferreira,Estação de Jesus,Barão Homem De Melo 3ª Seção,Pastor,MG,Protetor Solar Facial La Roche-Posay FPS 70,Antitérmicos
124.64,1,2026-03-21,Saturday ,21,3,1,2026,Dr. Brayan Barros,Conjunto Carvalho,Vila Mantiqueira,Monteiro,AP,Escitalopram 25mg - 30 Comprimidos - Aché,Anti-inflamatórios
68.76,3,2026-02-01,Sunday   ,1,2,1,2026,Juan Gonçalves,Via Raul Correia,Marieta 2ª Seção,Porto,GO,Diclofenaco Gotas 20ml - Eurofarma,Produtos Ortopédicos
220.85,1,2026-08-19,Wednesday,19,8,3,2026,Nathan Sousa,Alameda Helena da Mota,Jonas Veiga,da Conceição,DF,Água Micelar La Roche-Posay Tamanho M (40 un),Vitaminas e Suplementos
619.52,4,2025-12-22,Monday   ,22,12,4,2025,Dr. Gael Marques,Conjunto Julia Ferreira,Silveira,Alves do Oeste,SP,Tadalafila 25mg - 30 Comprimidos - Neo Química (Genérico),Saúde Bucal
818.2,4,2026-01-28,Wednesday,28,1,1,2026,Clara Albuquerque,Via de da Cruz,Mariquinhas,Cardoso,AL,Escitalopram Xarope 120ml - Neo Química (Genérico),Vitaminas e Suplementos
122.16,2,2025-10-22,Wednesday,22,10,4,2025,Mariah Cardoso,Distrito Kevin Guerra,Itapoa,Lopes dos Dourados,PB,Condicionador Hidratação Nivea 50g,Fraldas e Infantis
113.82,3,2025-09-21,Sunday   ,21,9,3,2025,Srta. Isabelly Borges,Campo de da Cruz,Vila Madre Gertrudes 4ª Seção,Duarte,PI,Sertralina Xarope 120ml - Eurofarma,Fraldas e Infantis
159.36,2,2026-06-29,Monday   ,29,6,2,2026,Mariana Casa Grande,Campo de Mendes,Dona Clara,Rodrigues,TO,Sabonete Líquido Panvel 90g,Nutrição Infantil
717.28,4,2025-11-26,Wednesday,26,11,4,2025,Maria Fonseca,Setor Sampaio,Cidade Jardim,Freitas,RO,Ibuprofeno Suspensão Oral 50ml - Medley (Genérico),Homeopatia
437.40000000000003,5,2026-01-03,Saturday ,3,1,1,2026,Sophia Sampaio,Vale José Miguel Lima,Nova Esperança,Castro,CE,Fralda Descartável Aptamil 200ml,Anti-inflamatórios
413.45,5,2024-11-07,Thursday ,7,11,4,2024,Ana Beatriz Porto,Vila Câmara,Vera Cruz,Pimenta,ES,Paracetamol Pomada 30g - Medley (Genérico),Antitérmicos
594.16,4,2024-10-13,Sunday   ,13,10,4,2024,Caroline Pacheco,Pátio Rafael Fonseca,Vila Betânia,Albuquerque das Flores,RN,Atenolol Gotas 20ml - Neo Química (Genérico),Nutrição Infantil
98.82,2,2025-11-12,Wednesday,12,11,4,2025,João Cirino,Condomínio de Rezende,Esplanada,Lopes de Goiás,SE,Vacina contra Anemia - Reforço,Aparelhos Médicos
90.13,1,2025-05-20,Tuesday  ,20,5,2,2025,Stephany Vargas,Jardim Manuella Andrade,Tupi B,Ramos,AC,Desodorante Roll-on Sempre Livre 150ml,Vitaminas e Suplementos
725.97,3,2024-12-10,Tuesday  ,10,12,4,2024,Joana Sales,Distrito de Cunha,Vila Nova Dos Milionarios,da Paz de Sampaio,PE,Escitalopram Suspensão Oral 50ml - Bayer,Nutrição Infantil
701.73,3,2026-01-13,Tuesday  ,13,1,1,2026,Carlos Eduardo Nascimento,Lago Barbosa,Vila Nova Paraíso,Macedo de Martins,PR,Pantoprazol Pomada 30g - Medley (Genérico),Dermocosméticos
352.92,2,2026-05-02,Saturday ,2,5,2,2026,Agatha da Mota,Área Andrade,Lagoinha,Nunes,SE,Sabonete Líquido CeraVe 500ml,Fitoterápicos
105,4,2026-01-10,Saturday ,10,1,1,2026,Ana Vitória Pinto,Rua Sampaio,São Vicente,Machado,PE,Sérum Vitamina C Aptamil Tamanho M (40 un),Antibióticos
1184.75,5,2025-04-19,Saturday ,19,4,2,2025,Paulo Novais,Praia Leão,Mangabeiras,Araújo,MS,Metformina Pomada 30g - Medley (Genérico),Saúde Bucal
309.76,2,2025-02-14,Friday   ,14,2,1,2025,Dr. Kevin Pacheco,Conjunto de Teixeira,Confisco,da Mata dos Dourados,PR,Tadalafila 25mg - 30 Comprimidos - Neo Química (Genérico),Saúde Bucal
176.34,2,2026-01-26,Monday   ,26,1,1,2026,Diego das Neves,Viela da Paz,Vila Santa Rosa,Souza,ES,Curativos (Band-Aid) CeraVe 200ml,Nutrição Infantil
123.13,1,2025-03-10,Monday   ,10,3,1,2025,Ana Melo,Área Juan Macedo,Renascença,Silva de Minas,MA,Vacina contra Embolia - Dose Única,Antibióticos
280.25,5,2025-01-21,Tuesday  ,21,1,1,2025,Dr. Benício Macedo,Ladeira Benjamin Farias,Vista Do Sol,Vasconcelos de Minas,PA,Amoxicilina 1g - 10 Comprimidos - EMS (Genérico),Antidepressivos
358.64,2,2025-10-10,Friday   ,10,10,4,2025,Dra. Bruna Cirino,Viaduto de Cassiano,Baleia,Cassiano,SE,Ibuprofeno Suspensão Oral 50ml - Medley (Genérico),Homeopatia
302.26,2,2024-11-01,Friday   ,1,11,4,2024,Aylla Jesus,Rua Cassiano,Vila Jardim Leblon,Martins do Amparo,ES,Água Micelar Sempre Livre 50g,Vacinas
366.24,3,2025-03-31,Monday   ,31,3,1,2025,Leandro Jesus,Núcleo Caleb Borges,Novo São Lucas,Nunes,AC,Vacina contra Dermatite - Reforço,Primeiros Socorros
677.1899999999999,3,2026-02-23,Monday   ,23,2,1,2026,Manuela Aragão,Rodovia Gabriela Garcia,Zilah Sposito,da Mata de Pereira,RR,Fluoxetina 500mg - 20 Comprimidos - Neo Química (Genérico),Antitérmicos
176.04,4,2026-07-04,Saturday ,4,7,3,2026,Raquel Sousa,Residencial Ramos,Santa Rita,Montenegro,SC,Sertralina Gotas 20ml - Aché,Dermocosméticos
1159.2,5,2025-01-18,Saturday ,18,1,1,2025,Cecilia Sousa,Aeroporto Vicente Fernandes,Cônego Pinheiro 1ª Seção,Machado,PB,Vacina contra Linfoma - Reforço,Nutrição Infantil
810.12,4,2025-05-12,Monday   ,12,5,2,2025,Clarice Castro,Sítio Câmara,Vila Paris,Cavalcante da Serra,RJ,Azitromicina 50mg - 30 Comprimidos - Medley (Genérico),Homeopatia
541.5,3,2025-08-28,Thursday ,28,8,3,2025,Luana Cardoso,Vila Maria Eduarda da Luz,João Pinheiro,Moura,BA,Enalapril 50mg - 30 Comprimidos - Eurofarma,Analgésicos
510,5,2025-04-04,Friday   ,4,4,2,2025,Vitor Monteiro,Setor Ribeiro,São Gabriel,Rios,ES,Absorvente com Abas Bepantol 50g,Fraldas e Infantis
449.18,2,2025-03-14,Friday   ,14,3,1,2025,Juan Mendonça,Loteamento Valentina Andrade,Gutierrez,Nogueira,PA,Vacina contra Desnutrição - Dose Única,Homeopatia
643.08,4,2025-01-11,Saturday ,11,1,1,2025,Camila Martins,Ladeira Eduardo Novais,Serrano,Duarte Verde,RO,Vacina contra Hepatite A - Dose Única,Analgésicos
594.42,3,2025-01-17,Friday   ,17,1,1,2025,João Cirino,Condomínio de Rezende,Esplanada,Lopes de Goiás,SE,Sertralina 1g - 10 Comprimidos - Neo Química (Genérico),Aparelhos Médicos
159.66,2,2026-09-01,Tuesday  ,1,9,3,2026,Henry Dias,Área Pimenta,Cidade Jardim Taquaril,Lopes de Goiás,SE,Protetor Solar Facial Bepantol 150ml,Vacinas
421.5,3,2025-07-10,Thursday ,10,7,3,2025,Vitor Aragão,Passarela da Rosa,Conjunto Minas Caixa,Cavalcante,RR,Ibuprofeno 500mg - 20 Comprimidos - Bayer,Saúde Bucal
414.14,2,2025-10-04,Saturday ,4,10,4,2025,Bárbara Gomes,Viela Caldeira,Baleia,Brito da Mata,BA,Hidroclorotiazida Xarope 120ml - Neo Química (Genérico),Antitérmicos
254.54999999999998,5,2025-12-11,Thursday ,11,12,4,2025,Paulo Novais,Praia Leão,Mangabeiras,Araújo,MS,Nimesulida Xarope 120ml - Medley (Genérico),Antidepressivos
640.3499999999999,5,2025-03-25,Tuesday  ,25,3,1,2025,Luiz Felipe Vieira,Chácara Alana da Mota,Pongelupe,Caldeira,SE,Shampoo Anticaspa Colgate Tamanho G (32 un),Produtos Ortopédicos
344.70000000000005,3,2025-04-30,Wednesday,30,4,2,2025,Eloá Andrade,Conjunto de Nunes,São Gabriel,Novaes de Minas,PE,Creme Hidratante Listerine 90g,Homeopatia
104.04,1,2025-12-25,Thursday ,25,12,4,2025,José Vieira,Jardim Caio Araújo,Engenho Nogueira,Correia Grande,MA,Vacina contra Gripe - Dose Única,Dermocosméticos
968.44,4,2025-07-09,Wednesday,9,7,3,2025,Thomas Duarte,Viaduto das Neves,Lagoinha Leblon,Cavalcante da Serra,RJ,Álcool em Gel 70% Clear 50g,Saúde Bucal
469.96,2,2025-06-06,Friday   ,6,6,2,2025,Leonardo Andrade,Largo Caldeira,Sion,Dias,RR,Enalapril Gotas 20ml - Bayer,Antitérmicos
282.65,5,2025-02-28,Friday   ,28,2,1,2025,Théo Camargo,Rodovia Ferreira,Serra Verde,Barros de Fernandes,RR,Enxaguante Bucal CeraVe 50g,Cuidados com o Cabelo
25.46,1,2025-12-22,Monday   ,22,12,4,2025,Rodrigo Teixeira,Aeroporto de da Paz,Pirineus,Souza,ES,Azitromicina 50mg - 30 Comprimidos - EMS (Genérico),Antibióticos
105.8,2,2025-01-05,Sunday   ,5,1,1,2025,Maria da Conceição,Rua Ravi Cavalcante,Vila Canto Do Sabiá,Moraes do Galho,PA,Fralda Descartável Vichy 150ml,Homeopatia
481.77,3,2025-10-27,Monday   ,27,10,4,2025,Levi Câmara,Favela de Mendes,Funcionários,Nascimento de Azevedo,GO,Metformina Suspensão Oral 50ml - Aché,Genéricos
116.3,1,2025-10-18,Saturday ,18,10,4,2025,Maria Isis Ramos,Lagoa Abreu,Vila Santa Monica 1ª Seção,Macedo,AC,Diclofenaco 25mg - 30 Comprimidos - Aché,Anti-inflamatórios
676.92,4,2026-04-02,Thursday ,2,4,2,2026,Ana Julia Oliveira,Largo Manuela da Mota,Primeiro De Maio,da Paz das Flores,PR,Metformina 500mg - 20 Comprimidos - Medley (Genérico),Fraldas e Infantis
304.68,3,2024-12-11,Wednesday,11,12,4,2024,Isadora Lopes,Distrito de Gomes,Acaba Mundo,Castro,RR,Nimesulida 25mg - 30 Comprimidos - Medley (Genérico),Antitérmicos
191.1,1,2026-06-06,Saturday ,6,6,2,2026,Sr. Rafael Gonçalves,Passarela Noah Nogueira,Vila Jardim Leblon,da Rocha,PI,Diclofenaco Xarope 120ml - Eurofarma,Aparelhos Médicos
15.03,1,2025-07-02,Wednesday,2,7,3,2025,Dra. Emanuelly Monteiro,Trevo Alves,Santa Margarida,Casa Grande do Oeste,MT,Vacina contra Pneumonia - Reforço,Produtos Ortopédicos
1022.75,5,2026-05-26,Tuesday  ,26,5,2,2026,Diego Fernandes,Feira Viana,Vila Paraíso,Moraes,DF,Escitalopram Xarope 120ml - Neo Química (Genérico),Vitaminas e Suplementos
36.75,1,2026-09-07,Monday   ,7,9,3,2026,Ana Jesus,Vale de Cunha,Leonina,Azevedo de Minas,RJ,Tadalafila Pomada 30g - Aché,Vitaminas e Suplementos
47.32,4,2025-10-28,Tuesday  ,28,10,4,2025,Sr. João Vitor Sá,Ladeira de Sales,Novo Ouro Preto,Ribeiro,RS,Protetor Solar Corporal CeraVe Tamanho G (32 un),Aparelhos Médicos
182.37,1,2025-11-27,Thursday ,27,11,4,2025,Maria Luísa Castro,Rua Pimenta,Jardim Atlântico,Cavalcante da Serra,RJ,Protetor Solar Corporal Bepantol FPS 70,Homeopatia
45.54,2,2026-05-16,Saturday ,16,5,2,2026,Sr. Francisco Teixeira,Feira Sales,Santa Monica,Câmara do Galho,RO,Omeprazol 500mg - 20 Comprimidos - Eurofarma,Produtos Ortopédicos
29.14,2,2026-09-04,Friday   ,4,9,3,2026,Sr. Dante da Mota,Núcleo João Miguel Casa Grande,Palmares,Casa Grande do Oeste,MT,Cefalexina 500mg - 20 Comprimidos - Neo Química (Genérico),Produtos Ortopédicos
929.75,5,2025-09-26,Friday   ,26,9,3,2025,Enzo Martins,Feira Manuela Sampaio,Vila Da Paz,Brito,MT,Soro Fisiológico Panvel 200ml,Dermocosméticos
131.12,2,2025-08-27,Wednesday,27,8,3,2025,João Miguel Azevedo,Trevo Fonseca,Serra,Nogueira de Rios,PR,Losartana Potássica Suspensão Oral 50ml - Bayer,Saúde Bucal
938.8,4,2025-08-10,Sunday   ,10,8,3,2025,Olívia Mendonça,Quadra de Silveira,Jardim América,Sousa,TO,Omeprazol Pomada 30g - Neo Química (Genérico),Primeiros Socorros
151.96,2,2024-10-04,Friday   ,4,10,4,2024,Sofia Garcia,Passarela Camargo,Madri,Costela do Oeste,MA,Omeprazol 25mg - 30 Comprimidos - Bayer,Analgésicos
335.04,3,2025-05-03,Saturday ,3,5,2,2025,Lara Freitas,Loteamento Dante Mendes,Vila Da Amizade,Freitas,RO,Hidroclorotiazida Xarope 120ml - EMS (Genérico),Antidepressivos
129,1,2026-07-13,Monday   ,13,7,3,2026,João Lucas Melo,Área de Porto,Vila Califórnia,Carvalho,MT,Paracetamol 50mg - 30 Comprimidos - Bayer,Antibióticos
326.3,5,2026-01-09,Friday   ,9,1,1,2026,Ana Sophia Araújo,Quadra de Freitas,Virgínia,da Costa,PE,Hidroclorotiazida 1g - 10 Comprimidos - Medley (Genérico),Saúde Bucal
285.92,4,2026-04-13,Monday   ,13,4,2,2026,Ester Alves,Alameda Ana Laura da Cunha,Vila Minaslandia,Albuquerque das Flores,RN,Lenço Umedecido Sempre Livre Tamanho G (32 un),Anti-inflamatórios
205.72,2,2025-02-09,Sunday   ,9,2,1,2025,Gael Freitas,Vereda Léo Nogueira,Vila Maria,Porto,GO,Soro Fisiológico Rexona Tamanho G (32 un),Anti-inflamatórios
84.63,1,2025-05-30,Friday   ,30,5,2,2025,Elisa Vargas,Lagoa Jade da Paz,Suzana,da Costa de Melo,AL,Vacina contra Obesidade - Dose Única,Fraldas e Infantis
275.56,4,2025-10-29,Wednesday,29,10,4,2025,Dr. Bernardo da Cunha,Conjunto de Lopes,Floramar,Machado,PE,Nimesulida 1g - 10 Comprimidos - Aché,Vacinas
31.24,2,2025-01-22,Wednesday,22,1,1,2025,Juan Nascimento,Lagoa de Souza,Vila Copasa,Leão,RJ,Diclofenaco 50mg - 30 Comprimidos - Medley (Genérico),Vitaminas e Suplementos
229.85,1,2025-04-24,Thursday ,24,4,2,2025,Joaquim Caldeira,Feira de Siqueira,Apolonia,Lopes de Mendes,AM,Álcool em Gel 70% CeraVe 150ml,Genéricos
566.2,4,2025-03-08,Saturday ,8,3,1,2025,Srta. Kamilly Aragão,Viela Martins,Bonfim,Cardoso,RO,Amoxicilina Pomada 30g - Bayer,Vitaminas e Suplementos
364.74,2,2025-04-11,Friday   ,11,4,2,2025,Sara Martins,Loteamento Jade Casa Grande,Vista Do Sol,Macedo de Costa,RJ,Protetor Solar Corporal Bepantol FPS 70,Homeopatia
79.92,1,2025-02-15,Saturday ,15,2,1,2025,Dr. Bernardo da Cunha,Conjunto de Lopes,Floramar,Machado,PE,Desodorante Aerosol Rexona FPS 70,Genéricos
415.5,3,2026-07-13,Monday   ,13,7,3,2026,Nicole Pastor,Praia Cavalcante,Piraja,Andrade Alegre,DF,Loratadina Suspensão Oral 50ml - Bayer,Homeopatia
667.53,3,2025-01-18,Saturday ,18,1,1,2025,Dom Costa,Loteamento Josué Oliveira,Ambrosina,Andrade Alegre,DF,Pomada para Assaduras Needs FPS 50,Antialérgicos
173.27,1,2024-11-03,Sunday   ,3,11,4,2024,Pedro Miguel da Costa,Trevo Barbosa,Vila Dos Anjos,Alves de da Conceição,AC,Escitalopram 500mg - 20 Comprimidos - Medley (Genérico),Fitoterápicos
488.48,2,2026-02-15,Sunday   ,15,2,1,2026,Sr. Gael Carvalho,Parque Anthony Gabriel da Cruz,Pousada Santo Antonio,Gonçalves,MT,Sinvastatina Gotas 20ml - Medley (Genérico),Dermocosméticos
226.05,5,2024-10-24,Thursday ,24,10,4,2024,Rodrigo Abreu,Recanto Ferreira,Pirineus,Cavalcante da Serra,RJ,Vacina contra Osteoporose - Reforço,Antibióticos
197.06,1,2025-10-30,Thursday ,30,10,4,2025,João Gabriel Gonçalves,Esplanada de da Rocha,Vila Copasa,Sales,PE,Metformina 500mg - 20 Comprimidos - Bayer,Antitérmicos
488.64,2,2024-12-30,Monday   ,30,12,4,2024,Srta. Bianca Cunha,Núcleo Cunha,São Salvador,da Rosa,MS,Soro Fisiológico Johnson's Tamanho M (40 un),Primeiros Socorros
1184.75,5,2026-02-14,Saturday ,14,2,1,2026,José Miguel Vieira,Lagoa Julia Sampaio,Vitoria,Albuquerque do Norte,TO,Metformina Pomada 30g - Medley (Genérico),Saúde Bucal
976.96,4,2024-10-08,Tuesday  ,8,10,4,2024,Sra. Ana Carolina Brito,Estrada Lorenzo Borges,Oeste,Montenegro,SC,Sinvastatina Gotas 20ml - Medley (Genérico),Dermocosméticos
360.28,4,2025-06-14,Saturday ,14,6,2,2025,João Mendonça,Via Julia Castro,Estrela Do Oriente,Cassiano,SE,Cefalexina Xarope 120ml - Aché,Produtos Ortopédicos
606.6899999999999,3,2025-01-09,Thursday ,9,1,1,2025,Caroline Pires,Aeroporto Luísa Sales,Vila Engenho Nogueira,Rezende,GO,Vacina contra Bipolaridade - Dose Única,Nutrição Infantil
194.04,4,2024-10-09,Wednesday,9,10,4,2024,Sr. Dante Cunha,Vale Gabrielly Freitas,Frei Leopoldo,Montenegro,SC,Sérum Vitamina C Panvel 400ml,Fitoterápicos
1037,5,2024-11-06,Wednesday,6,11,4,2024,Dra. Maria Júlia Mendes,Trevo Sophie Farias,Vila Minaslandia,Vieira de Minas,MT,Nimesulida 25mg - 30 Comprimidos - Neo Química (Genérico),Higiene Pessoal
129.73,1,2024-12-06,Friday   ,6,12,4,2024,Dr. Lucas Gabriel Guerra,Favela Silva,Monte Azul,Albuquerque de Brito,GO,Losartana Potássica 500mg - 20 Comprimidos - Eurofarma,Primeiros Socorros
313.2,4,2026-01-06,Tuesday  ,6,1,1,2026,Sr. Ian Guerra,Estrada de Pacheco,Marajó,Farias da Prata,RN,Fluoxetina 50mg - 30 Comprimidos - Bayer,Saúde Bucal
208.91,1,2025-07-31,Thursday ,31,7,3,2025,Dr. Ravi Lucca Novaes,Núcleo Cavalcante,Taquaril,da Conceição da Serra,RR,Hastes Flexíveis (Cotonetes) Huggies 150ml,Antibióticos
198.14,1,2025-02-25,Tuesday  ,25,2,1,2025,Sr. Daniel Monteiro,Lagoa Anthony da Luz,Grota,Nunes,SP,Sertralina 1g - 10 Comprimidos - Neo Química (Genérico),Aparelhos Médicos
95.95,5,2025-06-20,Friday   ,20,6,2,2025,Ana Carolina Rios,Vila Vieira,Saudade,Vieira de Minas,MT,Nimesulida 1g - 10 Comprimidos - Eurofarma,Produtos Ortopédicos
142.15,1,2024-12-02,Monday   ,2,12,4,2024,Vitor Hugo Fogaça,Passarela Novaes,Cinquentenário,Freitas Alegre,PB,Amoxicilina Pomada 30g - Eurofarma,Vitaminas e Suplementos
325.74,2,2024-12-01,Sunday   ,1,12,4,2024,Henry da Paz,Rodovia Rodrigues,São Gabriel,Nunes do Sul,MA,Metformina 50mg - 30 Comprimidos - Bayer,Antialérgicos
259.46,2,2025-07-31,Thursday ,31,7,3,2025,Valentim Cunha,Rodovia de Fonseca,Parque São José,Macedo Alegre,RR,Losartana Potássica 500mg - 20 Comprimidos - Eurofarma,Primeiros Socorros
190.48,4,2026-04-11,Saturday ,11,4,2,2026,Lorenzo Barbosa,Lagoa Catarina Alves,Vila Jardim Alvorada,Cardoso,RO,Vacina contra Câncer de Mama - Dose Única,Cuidados com o Cabelo
694.24,4,2025-10-01,Wednesday,1,10,4,2025,Olívia Moraes,Lago de Ferreira,Goiania,Alves de da Conceição,AC,Sérum Vitamina C Clear FPS 70,Fraldas e Infantis
400.96,2,2025-02-17,Monday   ,17,2,1,2025,Diego da Rocha,Alameda Cardoso,Engenho Nogueira,Brito da Mata,BA,Metformina 25mg - 30 Comprimidos - EMS (Genérico),Cuidados com o Cabelo
484.68,3,2025-05-12,Monday   ,12,5,2,2025,Vitor Barbosa,Passarela Maria Fernanda da Cunha,Minaslandia,Barros de Fernandes,RR,Soro Fisiológico Nivea 50 Metros,Homeopatia
323.84,2,2025-02-06,Thursday ,6,2,1,2025,Levi Caldeira,Conjunto Barros,Marmiteiros,Duarte Verde,RO,Creme Hidratante Panvel FPS 50,Genéricos
58.17,1,2026-06-26,Friday   ,26,6,2,2026,Fernando da Rocha,Ladeira de Costa,Conjunto Serra Verde,Brito,MT,Protetor Solar Corporal Bepantol 50 Metros,Vitaminas e Suplementos
156.86,1,2025-09-21,Sunday   ,21,9,3,2025,Thomas da Mata,Setor Porto,Granja De Freitas,Alves,BA,Vacina contra Hepatite C - Reforço,Nutrição Infantil
707.75,5,2025-07-28,Monday   ,28,7,3,2025,Nicolas Ribeiro,Trevo Duarte,Conjunto Novo Dom Bosco,Albuquerque de Brito,GO,Amoxicilina Pomada 30g - Bayer,Vitaminas e Suplementos
100.68,3,2025-01-20,Monday   ,20,1,1,2025,Maria Eduarda Vasconcelos,Núcleo Almeida,Vila Madre Gertrudes 3ª Seção,Araújo,MS,Desodorante Roll-on Colgate 90g,Higiene Pessoal
109.76,4,2024-11-13,Wednesday,13,11,4,2024,Esther Machado,Vila Lucca Jesus,Cidade Jardim Taquaril,Nunes,SE,Curativos (Band-Aid) Sempre Livre 90g,Antitérmicos
549.88,4,2025-03-04,Tuesday  ,4,3,1,2025,Clara Cavalcanti,Sítio Barbosa,Santo André,Aparecida,RS,Paracetamol Gotas 20ml - Neo Química (Genérico),Anti-inflamatórios
1158.5,5,2024-10-20,Sunday   ,20,10,4,2024,Raquel Sousa,Residencial Ramos,Santa Rita,Montenegro,SC,Losartana Potássica 50mg - 30 Comprimidos - EMS (Genérico),Vitaminas e Suplementos
210.02,2,2025-08-06,Wednesday,6,8,3,2025,Benjamin Nascimento,Estrada da Paz,Capitão Eduardo,Fernandes do Norte,RO,Lenço Umedecido Huggies Tamanho G (32 un),Dermocosméticos
111.13,1,2026-01-29,Thursday ,29,1,1,2026,Sra. Jade Albuquerque,Condomínio de Casa Grande,Mirtes,Albuquerque,MG,Fluoxetina Xarope 120ml - Bayer,Antialérgicos
1216.1499999999999,5,2026-02-26,Thursday ,26,2,1,2026,Ravy Rios,Núcleo de da Cunha,Alta Tensão 1ª Seção,Brito,MS,Sertralina Gotas 20ml - Eurofarma,Cuidados com o Cabelo
21.18,1,2025-06-25,Wednesday,25,6,2,2025,Mateus Nunes,Sítio de Machado,Petropolis,Barbosa,DF,Nimesulida 25mg - 30 Comprimidos - Bayer,Antitérmicos
643.77,3,2026-05-21,Thursday ,21,5,2,2026,Pedro Nunes,Praça de Barbosa,Vale Do Jatoba,Câmara do Galho,RO,Protetor Solar Corporal Needs 90g,Produtos Ortopédicos
627.8,5,2025-08-03,Sunday   ,3,8,3,2025,Júlia Viana,Passarela Sabrina Câmara,São Sebastião,Barros,TO,Metformina 25mg - 30 Comprimidos - Aché,Fraldas e Infantis
622.2,3,2026-02-20,Friday   ,20,2,1,2026,Juan Mendonça,Loteamento Valentina Andrade,Gutierrez,Nogueira,PA,Nimesulida 25mg - 30 Comprimidos - Neo Química (Genérico),Higiene Pessoal
729.2,5,2024-12-02,Monday   ,2,12,4,2024,Luiz Miguel Caldeira,Setor da Paz,Vila Do Pombal,Rocha,RS,Paracetamol 500mg - 20 Comprimidos - Neo Química (Genérico),Homeopatia
722.4,5,2025-08-20,Wednesday,20,8,3,2025,Maria Júlia Casa Grande,Avenida Albuquerque,Conjunto Califórnia Ii,Melo,MA,Hidroclorotiazida 500mg - 20 Comprimidos - Aché,Antidepressivos
473.22,2,2025-07-05,Saturday ,5,7,3,2025,Leonardo Freitas,Trevo Noah Monteiro,Conjunto Paulo Vi,Viana,TO,Dipirona Sódica Xarope 120ml - Neo Química (Genérico),Antidepressivos
28.27,1,2024-12-21,Saturday ,21,12,4,2024,Dr. Yuri Moraes,Núcleo Gabriel Montenegro,Lourdes,Martins do Amparo,ES,Soro Fisiológico Bepantol Tamanho M (40 un),Analgésicos
78.3,1,2024-11-22,Friday   ,22,11,4,2024,Diego Alves,Área Maria Albuquerque,Jardim América,Barbosa dos Dourados,RN,Fluoxetina 50mg - 30 Comprimidos - Bayer,Saúde Bucal
194.46,1,2026-03-11,Wednesday,11,3,1,2026,Rhavi Ramos,Conjunto Macedo,São Francisco,Câmara de Casa Grande,AM,Clonazepam Suspensão Oral 50ml - Medley (Genérico),Vitaminas e Suplementos
386.15999999999997,3,2025-01-22,Wednesday,22,1,1,2025,Nina Nunes,Trecho Brito,Inconfidência,Moura,BA,Álcool em Gel 70% La Roche-Posay 50g,Antibióticos
279.56,4,2025-07-03,Thursday ,3,7,3,2025,Aylla Jesus,Rua Cassiano,Vila Jardim Leblon,Martins do Amparo,ES,Desodorante Aerosol G-Tech 400ml,Antidepressivos
823.32,4,2025-05-28,Wednesday,28,5,2,2025,Ana Clara Machado,Campo Heloisa Moura,São Paulo,Moura,SP,Curativos (Band-Aid) Mió 200ml,Produtos Ortopédicos
699.08,4,2025-09-27,Saturday ,27,9,3,2025,Dra. Bruna Cirino,Viaduto de Cassiano,Baleia,Cassiano,SE,Losartana Potássica Suspensão Oral 50ml - Aché,Vitaminas e Suplementos
283.62,2,2024-11-13,Wednesday,13,11,4,2024,Leandro Garcia,Conjunto Maria Isis Azevedo,Itaipu,Duarte,DF,Sildenafila Xarope 120ml - Eurofarma,Antialérgicos
36.76,4,2026-02-16,Monday   ,16,2,1,2026,Vicente Rocha,Vale Joana Dias,Minaslandia,Ramos,AC,Pantoprazol Gotas 20ml - Medley (Genérico),Fitoterápicos
236.95,1,2024-10-30,Wednesday,30,10,4,2024,João Felipe Gomes,Núcleo Laura Leão,Corumbiara,Gomes,AM,Metformina Pomada 30g - Medley (Genérico),Saúde Bucal
262.86,3,2024-10-04,Friday   ,4,10,4,2024,Aurora Melo,Conjunto Raul Sampaio,Conjunto Serra Verde,Martins do Amparo,ES,Sildenafila 25mg - 30 Comprimidos - Medley (Genérico),Antialérgicos
267.06,3,2025-02-15,Saturday ,15,2,1,2025,Maria Vitória Fonseca,Ladeira de Sousa,Vila Canto Do Sabiá,Cavalcante da Serra,RJ,Lenço Umedecido Aptamil FPS 50,Dermocosméticos
218.7,1,2024-11-21,Thursday ,21,11,4,2024,Isabel Martins,Loteamento Lopes,Santa Margarida,Barbosa,AP,Vacina contra Infecção Urinária - Dose Única,Vitaminas e Suplementos
709.83,3,2026-02-10,Tuesday  ,10,2,1,2026,Dr. Vitor Gabriel Costela,Praia de da Mata,Gameleira,Monteiro,AP,Dipirona Sódica Xarope 120ml - Neo Química (Genérico),Antidepressivos
93.05,1,2026-08-05,Wednesday,5,8,3,2026,Dr. Benício Macedo,Ladeira Benjamin Farias,Vista Do Sol,Vasconcelos de Minas,PA,Escitalopram Gotas 20ml - EMS (Genérico),Antialérgicos
177.08,4,2026-02-16,Monday   ,16,2,1,2026,Dra. Manuela da Mota,Lago de Casa Grande,Conjunto Taquaril,Barros de Fernandes,RR,Enalapril 1g - 10 Comprimidos - Aché,Homeopatia
73.5,2,2025-12-08,Monday   ,8,12,4,2025,Henry Vieira,Praça Matteo Ramos,Leonina,Pacheco de Novaes,PR,Tadalafila Pomada 30g - Aché,Vitaminas e Suplementos
449.34000000000003,3,2025-11-05,Wednesday,5,11,4,2025,Maria Vitória Fonseca,Ladeira de Sousa,Vila Canto Do Sabiá,Cavalcante da Serra,RJ,Metformina 500mg - 20 Comprimidos - Eurofarma,Primeiros Socorros
175.24,4,2026-06-20,Saturday ,20,6,2,2026,Gael Freitas,Vereda Léo Nogueira,Vila Maria,Porto,GO,Lenço Umedecido Colgate FPS 50,Analgésicos
383.38,2,2026-06-02,Tuesday  ,2,6,2,2026,João Pedro Barbosa,Sítio de Cunha,Alto Dos Pinheiros,da Mata de Pereira,RR,Creme Dental Panvel 90g,Antitérmicos
252.5,5,2026-08-17,Monday   ,17,8,3,2026,Maria Júlia Andrade,Estação Raul Albuquerque,Conjunto Novo Dom Bosco,Pastor,MG,Metformina Pomada 30g - Aché,Fraldas e Infantis
372.12,3,2025-04-20,Sunday   ,20,4,2,2025,João Miguel Cunha,Morro de Fernandes,Conjunto Novo Dom Bosco,da Cunha,AM,Cefalexina 25mg - 30 Comprimidos - Neo Química (Genérico),Antitérmicos
295.58,2,2026-06-18,Thursday ,18,6,2,2026,Srta. Eloá Nascimento,Residencial Cassiano,Heliopolis,Vieira de Minas,PB,Água Micelar CeraVe 90g,Primeiros Socorros
185.24,4,2026-05-13,Wednesday,13,5,2,2026,Isaque Santos,Quadra Carvalho,Ouro Preto,Vasconcelos de Minas,PA,Metformina Xarope 120ml - Eurofarma,Antidepressivos
180.2,2,2026-06-12,Friday   ,12,6,2,2026,Emanuella da Luz,Travessa Castro,Esplanada,Alves de da Conceição,AC,Pantoprazol Pomada 30g - Eurofarma,Anti-inflamatórios
406.46,2,2026-09-12,Saturday ,12,9,3,2026,Bárbara Gomes,Viela Caldeira,Baleia,Brito da Mata,BA,Enxaguante Bucal Clear FPS 70,Saúde Bucal
324.05,5,2026-01-13,Tuesday  ,13,1,1,2026,Pedro Henrique Duarte,Rodovia de Freitas,Vila Da Luz,Guerra de Minas,DF,Vacina contra Hipotensão - Reforço,Antidepressivos
430.9,2,2026-05-21,Thursday ,21,5,2,2026,Mariane Fogaça,Vereda Bryan Ramos,Alta Tensão 1ª Seção,Barbosa,AP,Vacina contra Gota - Dose Única,Antidepressivos
408,4,2025-02-09,Sunday   ,9,2,1,2025,Ravi Lucca da Mota,Recanto Ana Carolina Santos,Bandeirantes,Brito da Mata,BA,Absorvente com Abas Bepantol 50g,Fraldas e Infantis
122.89,1,2025-09-20,Saturday ,20,9,3,2025,Paulo Duarte,Loteamento da Mota,Pindura Saia,Sousa,CE,Paracetamol 50mg - 30 Comprimidos - Medley (Genérico),Nutrição Infantil
105.69,3,2026-01-11,Sunday   ,11,1,1,2026,Luísa da Mata,Passarela Vitor Hugo da Cruz,Mantiqueira,Machado,PE,Condicionador Hidratação G-Tech Tamanho G (32 un),Analgésicos
445.02,2,2025-06-10,Tuesday  ,10,6,2,2025,Noah Pereira,Estação de Marques,Vila Petropolis,da Costa,PE,Pomada para Assaduras Needs FPS 50,Antialérgicos
727.3499999999999,3,2025-04-03,Thursday ,3,4,2,2025,Srta. Esther da Conceição,Trecho Breno das Neves,Leonina,Cavalcanti de Correia,SP,Ibuprofeno Suspensão Oral 50ml - Eurofarma,Anti-inflamatórios
30.41,1,2025-11-01,Saturday ,1,11,4,2025,Júlia Barros,Conjunto de Ribeiro,Capitão Eduardo,Brito da Mata,BA,Sildenafila 25mg - 30 Comprimidos - EMS (Genérico),Primeiros Socorros
358.64,2,2025-11-28,Friday   ,28,11,4,2025,Maria Clara Andrade,Área Lucca Pinto,Serra,Viana,TO,Ibuprofeno Suspensão Oral 50ml - Medley (Genérico),Homeopatia
148.23,3,2026-02-08,Sunday   ,8,2,1,2026,Daniel Vargas,Colônia de Peixoto,Outro,Cavalcante,RR,Vacina contra Anemia - Reforço,Aparelhos Médicos
47.55,5,2026-03-12,Thursday ,12,3,1,2026,Dra. Bárbara da Luz,Viela de Pastor,Ermelinda,Peixoto das Flores,RJ,Dipirona Sódica Gotas 20ml - EMS (Genérico),Aparelhos Médicos
162.85,5,2025-03-18,Tuesday  ,18,3,1,2025,Mirella das Neves,Loteamento Sales,Vila Jardim Montanhes,Nunes,AC,Paracetamol 500mg - 20 Comprimidos - Eurofarma,Fitoterápicos
137.18,1,2026-08-15,Saturday ,15,8,3,2026,Sr. Diego Rezende,Vila Juan da Cruz,Corumbiara,Duarte,AL,Fluoxetina 1g - 10 Comprimidos - Bayer,Fraldas e Infantis
877.24,4,2026-06-16,Tuesday  ,16,6,2,2026,Dra. Lívia Cirino,Parque Pinto,Garças,Gonçalves das Pedras,PR,Fio Dental Listerine Tamanho M (40 un),Cuidados com o Cabelo
102.86,1,2025-04-25,Friday   ,25,4,2,2025,Benício Garcia,Alameda Gonçalves,Vitoria Da Conquista,Almeida das Pedras,PI,Soro Fisiológico Rexona Tamanho G (32 un),Anti-inflamatórios
728.15,5,2026-09-07,Monday   ,7,9,3,2026,Sra. Ana Lívia Porto,Passarela da Rosa,Palmeiras,Sá,RR,Losartana Potássica 50mg - 30 Comprimidos - Medley (Genérico),Antialérgicos
182.84,2,2026-03-31,Tuesday  ,31,3,1,2026,Otto Barbosa,Parque Ana Luiza Sampaio,João Pinheiro,Machado,PB,Losartana Potássica Pomada 30g - Bayer,Nutrição Infantil
356.08,4,2025-04-27,Sunday   ,27,4,2,2025,Fernanda Lima,Via Enzo da Conceição,Novo Aarão Reis,Marques Alegre,AL,Lenço Umedecido Aptamil FPS 50,Dermocosméticos
384.7,5,2025-06-14,Saturday ,14,6,2,2025,Paulo Rocha,Lago Aparecida,Nossa Senhora De Fátima,Campos,PE,Tadalafila Suspensão Oral 50ml - Medley (Genérico),Antialérgicos
478.1,5,2025-07-28,Monday   ,28,7,3,2025,Sr. Lorenzo Barros,Condomínio de Barros,Vila Copacabana,Vasconcelos do Campo,MG,Sabonete em Barra Huggies 200ml,Antitérmicos
1137.35,5,2026-05-03,Sunday   ,3,5,2,2026,Cauê Fonseca,Parque Sales,Carlos Prates,Sales,PE,Absorvente com Abas Rexona FPS 70,Fitoterápicos
274.45,5,2026-01-28,Wednesday,28,1,1,2026,Danilo Cunha,Vale Novais,Vila Nova Cachoeirinha 2ª Seção,Pires,AM,Nimesulida 1g - 10 Comprimidos - Neo Química (Genérico),Nutrição Infantil
27.4,4,2026-05-08,Friday   ,8,5,2,2026,Pietro da Mata,Ladeira Gael Henrique da Rosa,Itapoa,Brito,MS,Omeprazol 50mg - 30 Comprimidos - Bayer,Vitaminas e Suplementos
720.3499999999999,5,2025-03-18,Tuesday  ,18,3,1,2025,Bella Mendes,Condomínio de Duarte,Boa Viagem,Pacheco,RR,Sérum Vitamina C Johnson's 150ml,Antibióticos
174.45,5,2026-07-09,Thursday ,9,7,3,2026,Ana Siqueira,Campo Pietra Garcia,Unidas,Pacheco,RR,Cefalexina 50mg - 30 Comprimidos - Eurofarma,Antibióticos
33.17,1,2025-08-04,Monday   ,4,8,3,2025,Leonardo Cardoso,Feira de Câmara,Pirineus,Viana,TO,Paracetamol Pomada 30g - Bayer,Anti-inflamatórios
455.84,4,2025-05-05,Monday   ,5,5,2,2025,Ryan Vargas,Condomínio Diego Rezende,Conjunto Paulo Vi,Pimenta,ES,Sildenafila 50mg - 30 Comprimidos - Aché,Antidepressivos
808.1,5,2025-11-27,Thursday ,27,11,4,2025,Yago Montenegro,Ladeira de Rocha,Vila Santa Monica 2ª Seção,Souza,ES,Atenolol Xarope 120ml - Aché,Fraldas e Infantis
652.56,4,2026-01-20,Tuesday  ,20,1,1,2026,João Vitor Lopes,Vale Nathan Marques,Olaria,da Paz das Pedras,BA,Creme Dental Clear 50g,Antidepressivos
992.2,5,2026-01-20,Tuesday  ,20,1,1,2026,Maria Julia Vargas,Avenida José Rezende,Vila Maloca,Sales,PE,Metformina 1g - 10 Comprimidos - Medley (Genérico),Antitérmicos
484.86,3,2024-12-13,Friday   ,13,12,4,2024,Pedro Mendonça,Aeroporto José Miguel Ramos,Santa Maria,da Conceição,DF,Atenolol Xarope 120ml - Aché,Fraldas e Infantis
184.98,2,2026-09-11,Friday   ,11,9,3,2026,Davi Luiz Carvalho,Praça Bruno Vasconcelos,Nova Esperança,Moura,BA,Losartana Potássica Gotas 20ml - Medley (Genérico),Antitérmicos
106.53,1,2025-02-12,Wednesday,12,2,1,2025,Augusto Novaes,Núcleo Vieira,Nova America,Gomes,AM,Enalapril 50mg - 30 Comprimidos - Medley (Genérico),Higiene Pessoal
26.98,1,2024-12-15,Sunday   ,15,12,4,2024,Levi Cardoso,Chácara Alana Farias,Cidade Jardim,Campos,PE,Sabonete Líquido Huggies FPS 70,Antitérmicos
313.2,4,2025-07-20,Sunday   ,20,7,3,2025,Mathias Silveira,Recanto da Paz,Beija Flor,Pereira,SP,Fluoxetina 50mg - 30 Comprimidos - Bayer,Saúde Bucal
727.52,4,2026-08-02,Sunday   ,2,8,3,2026,Letícia Araújo,Conjunto Ana Julia Câmara,São Vicente,Aparecida,RS,Azitromicina Suspensão Oral 50ml - Neo Química (Genérico),Vacinas
313.72,2,2025-08-23,Saturday ,23,8,3,2025,Luísa Rios,Sítio Cunha,Pantanal,Melo,MA,Vacina contra Hepatite C - Reforço,Nutrição Infantil
181.88,1,2026-02-02,Monday   ,2,2,1,2026,Maria Cecília Casa Grande,Loteamento Marques,Santa Terezinha,Machado,PE,Azitromicina Suspensão Oral 50ml - Neo Química (Genérico),Vacinas
391.5,5,2025-08-17,Sunday   ,17,8,3,2025,Manuela Monteiro,Favela Pereira,Paraíso,Martins,PA,Fluoxetina 50mg - 30 Comprimidos - Bayer,Saúde Bucal
180.2,2,2026-04-17,Friday   ,17,4,2,2026,Sra. Eloá Sousa,Lago de da Rosa,Vila Pinho,Araújo,MS,Pantoprazol Pomada 30g - Eurofarma,Anti-inflamatórios
156.86,1,2025-03-07,Friday   ,7,3,1,2025,Maria Clara Cirino,Esplanada de Cavalcanti,Vila Satélite,das Neves,MT,Vacina contra Hepatite C - Reforço,Nutrição Infantil
288.93,3,2024-12-02,Monday   ,2,12,4,2024,Bianca Andrade,Favela Moraes,Universitário,Gonçalves do Sul,RO,Azitromicina 25mg - 30 Comprimidos - Neo Química (Genérico),Higiene Pessoal
154.74,1,2026-01-04,Sunday   ,4,1,1,2026,Ana Lívia Ferreira,Praça Vargas,Jardim Vitoria,Cavalcante,RR,Escitalopram 1g - 10 Comprimidos - Medley (Genérico),Aparelhos Médicos
314.42,2,2025-08-08,Friday   ,8,8,3,2025,Maitê Novaes,Passarela de Almeida,Xodo-Marize,Gonçalves do Sul,RO,Vacina contra Psoríase - Dose Única,Higiene Pessoal
33.17,1,2025-09-20,Saturday ,20,9,3,2025,Diego Alves,Área Maria Albuquerque,Jardim América,Barbosa dos Dourados,RN,Paracetamol Pomada 30g - Bayer,Anti-inflamatórios
102.86,1,2026-08-27,Thursday ,27,8,3,2026,Luara Sampaio,Trevo Marina Montenegro,Itapoa,da Rosa,MS,Soro Fisiológico Rexona Tamanho G (32 un),Anti-inflamatórios
30.900000000000002,3,2024-10-02,Wednesday,2,10,4,2024,Enzo Pereira,Rodovia Rocha,São Gonçalo,Albuquerque,MG,Água Micelar Nivea 500ml,Homeopatia
360.28,4,2026-09-03,Thursday ,3,9,3,2026,Ana Vitória Guerra,Campo Emanuella Campos,Vila Piratininga Venda Nova,Alves do Oeste,SP,Cefalexina Xarope 120ml - Aché,Produtos Ortopédicos
131.43,3,2025-06-16,Monday   ,16,6,2,2025,Yasmin Macedo,Lagoa Jade da Paz,Pindura Saia,Barros,TO,Lenço Umedecido Colgate FPS 50,Analgésicos
229.2,4,2025-07-15,Tuesday  ,15,7,3,2025,Maya das Neves,Jardim de Oliveira,Vila Atila De Paiva,Vasconcelos do Campo,MG,Pantoprazol Gotas 20ml - Eurofarma,Primeiros Socorros
261.04,4,2026-04-20,Monday   ,20,4,2,2026,João Lucas Melo,Passarela Sabrina Guerra,Virgínia,da Rocha Alegre,RJ,Hidroclorotiazida 1g - 10 Comprimidos - Medley (Genérico),Saúde Bucal
297.08,2,2024-10-10,Thursday ,10,10,4,2024,Ana Jesus,Vale de Cunha,Leonina,Azevedo de Minas,RJ,Atenolol Gotas 20ml - Neo Química (Genérico),Nutrição Infantil
301.84999999999997,5,2026-02-21,Saturday ,21,2,1,2026,João Miguel Pereira,Feira de Ramos,Oeste,Cirino,RJ,Hidroclorotiazida Xarope 120ml - Bayer,Cuidados com o Cabelo
786.6,4,2026-03-18,Wednesday,18,3,1,2026,Mirella das Neves,Loteamento Sales,Vila Jardim Montanhes,Nunes,AC,Curativos (Band-Aid) G-Tech 90g,Aparelhos Médicos
515.64,3,2026-04-24,Friday   ,24,4,2,2026,Luísa Pires,Viaduto Luiz Gustavo Siqueira,Conjunto Serra Verde,Ribeiro,RS,Pantoprazol 50mg - 30 Comprimidos - Eurofarma,Nutrição Infantil
228.66,1,2025-06-07,Saturday ,7,6,2,2025,Rhavi Guerra,Residencial de Sales,Pindura Saia,Carvalho,DF,Pomada para Assaduras Listerine 400ml,Fitoterápicos
366.54,3,2024-09-15,Sunday   ,15,9,3,2024,Vitor Aragão,Passarela da Rosa,Conjunto Minas Caixa,Cavalcante,RR,Escitalopram Gotas 20ml - Neo Química (Genérico),Vitaminas e Suplementos
266.2,4,2025-12-14,Sunday   ,14,12,4,2025,Nicolas Moura,Sítio da Luz,Planalto,da Luz de Ramos,SC,Ibuprofeno 1g - 10 Comprimidos - Bayer,Anti-inflamatórios
138.78,3,2025-07-24,Thursday ,24,7,3,2025,Luna Barros,Conjunto Sara Silveira,Vila Betânia,Moura,BA,Vacina contra Parkinson - Dose Única,Fraldas e Infantis
333.39,3,2025-01-30,Thursday ,30,1,1,2025,Otávio Freitas,Passarela Larissa Lopes,Vila Nova Gameleira 3ª Seção,Cavalcante,RR,Fluoxetina Xarope 120ml - Bayer,Antialérgicos
241.99,1,2026-04-11,Saturday ,11,4,2,2026,Dr. Emanuel Barbosa,Distrito Cavalcante,Vila Calafate,da Rocha,PI,Escitalopram Suspensão Oral 50ml - Bayer,Nutrição Infantil
666.0600000000001,3,2025-01-11,Saturday ,11,1,1,2025,Valentim da Luz,Jardim Porto,Vila Inestan,Leão,RJ,Losartana Potássica 500mg - 20 Comprimidos - EMS (Genérico),Genéricos
197.25,5,2024-12-29,Sunday   ,29,12,4,2024,José Pedro Albuquerque,Lago da Rocha,Floramar,Farias da Prata,RN,Metformina 25mg - 30 Comprimidos - Eurofarma,Antibióticos
1086.8000000000002,5,2024-11-06,Wednesday,6,11,4,2024,Antony Garcia,Feira Albuquerque,São Jorge 1ª Seção,Andrade Alegre,DF,Metformina 1g - 10 Comprimidos - Neo Química (Genérico),Aparelhos Médicos
140.82,3,2026-01-19,Monday   ,19,1,1,2026,Sr. José Miguel Pimenta,Distrito de Marques,Coração Eucarístico,Cavalcanti de Correia,SP,Dipirona Sódica 50mg - 30 Comprimidos - EMS (Genérico),Saúde Bucal
111.51,1,2026-07-14,Tuesday  ,14,7,3,2026,Ayla Castro,Campo de da Rosa,Vila São Geraldo,Casa Grande do Oeste,MT,Vacina contra Insuficiência Renal - Reforço,Fitoterápicos
357.40000000000003,5,2026-03-07,Saturday ,7,3,1,2026,Rodrigo Machado,Lago Thomas Nogueira,Fernão Dias,Duarte,PI,Lenço Umedecido Sempre Livre Tamanho G (32 un),Anti-inflamatórios
455.68,4,2025-08-22,Friday   ,22,8,3,2025,Mathias Silveira,Recanto da Paz,Beija Flor,Pereira,SP,Hidroclorotiazida 500mg - 20 Comprimidos - Medley (Genérico),Saúde Bucal
933.68,4,2025-02-12,Wednesday,12,2,1,2025,Sr. Cauã Garcia,Aeroporto Alexia Barros,Mineirão,Pereira do Oeste,MS,Fralda Descartável G-Tech 200ml,Fitoterápicos
928.56,4,2026-09-05,Saturday ,5,9,3,2026,Cecilia Guerra,Fazenda de da Paz,Candelaria,Lopes de Goiás,SE,Creme Hidratante G-Tech 400ml,Primeiros Socorros
46.94,1,2025-01-14,Tuesday  ,14,1,1,2025,Amanda Marques,Ladeira Porto,João Pinheiro,Marques Alegre,AL,Dipirona Sódica 50mg - 30 Comprimidos - EMS (Genérico),Saúde Bucal
102.34,1,2025-10-02,Thursday ,2,10,4,2025,Zoe Pimenta,Via da Conceição,Santo Agostinho,Cirino,RJ,Sinvastatina Suspensão Oral 50ml - EMS (Genérico),Cuidados com o Cabelo
529.59,3,2026-04-15,Wednesday,15,4,2,2026,Ravy Aragão,Rua Ravi Lucca Carvalho,Cidade Jardim,Ferreira de Ferreira,AC,Loratadina Xarope 120ml - Aché,Fraldas e Infantis
616.3499999999999,3,2026-01-17,Saturday ,17,1,1,2026,Ravy Aragão,Rua Ravi Lucca Carvalho,Cidade Jardim,Ferreira de Ferreira,AC,Paracetamol Xarope 120ml - Medley (Genérico),Nutrição Infantil
191.24,2,2025-07-01,Tuesday  ,1,7,3,2025,Dr. Leandro Moreira,Esplanada de Dias,Cidade Jardim,Câmara de Casa Grande,AM,Sabonete em Barra Huggies 200ml,Antitérmicos
484.56,4,2026-03-18,Wednesday,18,3,1,2026,Henrique Monteiro,Passarela Barros,Baleia,Aparecida,CE,Vacina contra Dengue - Dose Única,Vacinas
859.4,5,2025-02-06,Thursday ,6,2,1,2025,Otávio Duarte,Ladeira Abreu,Santo Antônio,Ferreira de Ferreira,AC,Pantoprazol 50mg - 30 Comprimidos - Eurofarma,Nutrição Infantil
76.76,4,2025-07-21,Monday   ,21,7,3,2025,Anthony Gabriel Siqueira,Trecho Cirino,Vila São Gabriel,Nunes do Sul,MA,Nimesulida 1g - 10 Comprimidos - Eurofarma,Produtos Ortopédicos
483.06000000000006,3,2026-05-15,Friday   ,15,5,2,2026,Maria Luísa da Cunha,Ladeira Câmara,Esplanada,Gonçalves das Pedras,PR,Escitalopram Gotas 20ml - Eurofarma,Antibióticos
162.16,1,2026-08-31,Monday   ,31,8,3,2026,João Gabriel Rodrigues,Setor Luana Aragão,Manacas,Rios,AP,Tadalafila Suspensão Oral 50ml - Bayer,Homeopatia
49.16,2,2025-10-21,Tuesday  ,21,10,4,2025,Davi Luiz Carvalho,Praça Bruno Vasconcelos,Nova Esperança,Moura,BA,Protetor Solar Facial G-Tech Tamanho M (40 un),Cuidados com o Cabelo
1050.95,5,2024-09-20,Friday   ,20,9,3,2024,Sra. Fernanda Campos,Condomínio de Nunes,Vila Jardim Leblon,Duarte Verde,RO,Dipirona Sódica Pomada 30g - Bayer,Antidepressivos
104.85,5,2025-10-07,Tuesday  ,7,10,4,2025,Kaique Cassiano,Viela Azevedo,São Vicente,Cavalcanti de Correia,SP,Fralda Descartável Nivea FPS 70,Homeopatia
444.52,4,2026-04-11,Saturday ,11,4,2,2026,Milena da Mota,Parque Davi Lucca Brito,Barroca,Nascimento de Azevedo,GO,Fluoxetina Xarope 120ml - Bayer,Antialérgicos
297.8,5,2026-06-19,Friday   ,19,6,2,2026,Samuel Câmara,Recanto Luiz Gustavo Freitas,Vila Batik,Casa Grande,AC,Vacina contra Câncer de Próstata - Dose Única,Dermocosméticos
676.92,4,2026-01-31,Saturday ,31,1,1,2026,Sr. Rafael Gonçalves,Passarela Noah Nogueira,Vila Jardim Leblon,da Rocha,PI,Metformina 500mg - 20 Comprimidos - Medley (Genérico),Fraldas e Infantis
901.56,4,2025-05-14,Wednesday,14,5,2,2025,Vitória Ribeiro,Favela de Abreu,Santa Isabel,Silva de Minas,MA,Soro Fisiológico Dove 150ml,Antidepressivos
245.38,2,2024-12-27,Friday   ,27,12,4,2024,Sra. Maria da Rosa,Vila Bella Cassiano,Canaa,Silva de Minas,MA,Amoxicilina 25mg - 30 Comprimidos - Bayer,Vitaminas e Suplementos
371.84,2,2026-05-29,Friday   ,29,5,2,2026,Apollo da Paz,Vereda de Fernandes,Madri,Silveira,BA,Creme Hidratante Bepantol FPS 50,Dermocosméticos
77.58,3,2026-05-01,Friday   ,1,5,2,2026,Stephany Moura,Parque Anthony Gabriel Silveira,Das Industrias I,Barros de Fernandes,RR,Cefalexina 25mg - 30 Comprimidos - Eurofarma,Primeiros Socorros
537.88,4,2025-11-19,Wednesday,19,11,4,2025,Maria Luiza Borges,Lago da Luz,Universitário,Câmara de Casa Grande,AM,Nimesulida 50mg - 30 Comprimidos - EMS (Genérico),Anti-inflamatórios
308.2,4,2025-01-13,Monday   ,13,1,1,2025,Sra. Ana Carolina Brito,Estrada Lorenzo Borges,Oeste,Montenegro,SC,Sérum Vitamina C Pampers 400ml,Antidepressivos
866.9499999999999,5,2026-04-23,Thursday ,23,4,2,2026,Cecília Pires,Fazenda Theodoro da Luz,Vila São Rafael,Rezende,DF,Atenolol Xarope 120ml - Medley (Genérico),Fitoterápicos
529.38,3,2025-09-02,Tuesday  ,2,9,3,2025,Rael Montenegro,Trecho de Teixeira,Xodo-Marize,Moura,SP,Sabonete Líquido CeraVe 500ml,Fitoterápicos
52.400000000000006,5,2026-03-26,Thursday ,26,3,1,2026,Bárbara Oliveira,Fazenda Ramos,Mantiqueira,Macedo de Costa,RJ,Condicionador Hidratação Vichy 90g,Vacinas
64.29,1,2024-12-05,Thursday ,5,12,4,2024,Maria Helena Camargo,Estrada Cassiano,Ambrosina,Novaes de Minas,PE,Sérum Vitamina C Listerine FPS 70,Antialérgicos
58.16,4,2026-04-19,Sunday   ,19,4,2,2026,Josué Viana,Travessa de Souza,Alta Tensão 2ª Seção,Fonseca de Cavalcante,AP,Amoxicilina Gotas 20ml - Aché,Aparelhos Médicos
489.96,4,2025-03-21,Friday   ,21,3,1,2025,Ana Laura Machado,Loteamento Azevedo,Taquaril,da Rocha do Amparo,RN,Ibuprofeno Gotas 20ml - Aché,Vacinas
105.33,3,2024-10-26,Saturday ,26,10,4,2024,Pedro Miguel da Paz,Fazenda Barbosa,Vitoria Da Conquista,Rios,ES,Omeprazol 50mg - 30 Comprimidos - EMS (Genérico),Fitoterápicos
1166.05,5,2025-03-03,Monday   ,3,3,1,2025,Laura Sá,Recanto de Araújo,Tres Marias,Duarte,AL,Vacina contra Epilepsia - Dose Única,Fitoterápicos
226.05,5,2026-08-06,Thursday ,6,8,3,2026,Arthur Miguel Araújo,Vereda Santos,Vila Nova Gameleira 2ª Seção,Jesus,RR,Vacina contra Osteoporose - Reforço,Antibióticos
386.15999999999997,3,2025-03-19,Wednesday,19,3,1,2025,Ana Beatriz Porto,Vila Câmara,Vera Cruz,Pimenta,ES,Álcool em Gel 70% La Roche-Posay 50g,Antibióticos
1018.7,5,2025-09-27,Saturday ,27,9,3,2025,Paulo Duarte,Loteamento da Mota,Pindura Saia,Sousa,CE,Leite em Pó Infantil Rexona 150ml,Analgésicos
827.36,4,2026-07-27,Monday   ,27,7,3,2026,Ester Porto,Rodovia de Pastor,São João,Borges,BA,Paracetamol 25mg - 30 Comprimidos - Aché,Antibióticos
707.4,5,2025-12-01,Monday   ,1,12,4,2025,Joaquim Andrade,Núcleo Luiz Fernando Nascimento,Barro Preto,Siqueira do Amparo,BA,Vacina contra Depressão - Dose Única,Produtos Ortopédicos
205.95,1,2025-11-28,Friday   ,28,11,4,2025,Clara Albuquerque,Via de da Cruz,Mariquinhas,Cardoso,AL,Cefalexina 1g - 10 Comprimidos - Eurofarma,Antialérgicos
261.32,4,2025-06-14,Saturday ,14,6,2,2025,Dr. Gael Henrique Montenegro,Via Gomes,São Gonçalo,Jesus,ES,Atenolol 25mg - 30 Comprimidos - Neo Química (Genérico),Cuidados com o Cabelo
133.03,1,2025-09-07,Sunday   ,7,9,3,2025,Mathias Freitas,Rua Luiz Gustavo Viana,Jardim Alvorada,Cassiano,SE,Sertralina 1g - 10 Comprimidos - Aché,Primeiros Socorros
986.3,5,2025-04-30,Wednesday,30,4,2,2025,Igor da Cruz,Colônia Martins,Monsenhor Messias,Cavalcante da Serra,RJ,Paracetamol Suspensão Oral 50ml - Bayer,Vitaminas e Suplementos
346.64,2,2025-08-29,Friday   ,29,8,3,2025,Joana Câmara,Núcleo Ana Laura da Mota,Vila Vista Alegre,Sampaio,SC,Vacina contra Diabetes Tipo 1 - Dose Única,Antidepressivos
130.36,1,2025-01-17,Friday   ,17,1,1,2025,Ryan Vargas,Condomínio Diego Rezende,Conjunto Paulo Vi,Pimenta,ES,Loratadina Suspensão Oral 50ml - Neo Química (Genérico),Analgésicos
137.78,2,2024-10-28,Monday   ,28,10,4,2024,Maria Julia da Costa,Fazenda Clara Pinto,Juliana,Rios,ES,Nimesulida 1g - 10 Comprimidos - Aché,Vacinas
152.05,5,2025-04-10,Thursday ,10,4,2,2025,Ester Porto,Rodovia de Pastor,São João,Borges,BA,Sildenafila 25mg - 30 Comprimidos - EMS (Genérico),Primeiros Socorros
229.8,2,2024-11-09,Saturday ,9,11,4,2024,Marcela Peixoto,Campo Luara Rezende,Ventosa,Machado da Serra,MS,Creme Hidratante Listerine 90g,Homeopatia
72.72,4,2024-10-04,Friday   ,4,10,4,2024,Léo Sampaio,Vereda de Casa Grande,Carlos Prates,Cavalcante da Serra,RJ,Termômetro Digital Vichy 50 Metros,Aparelhos Médicos
400.96,2,2024-10-22,Tuesday  ,22,10,4,2024,Jade da Conceição,Favela de Mendonça,Nossa Senhora Aparecida,Jesus,AP,Metformina 25mg - 30 Comprimidos - EMS (Genérico),Cuidados com o Cabelo
172.89,1,2024-09-27,Friday   ,27,9,3,2024,Brayan Almeida,Residencial Cunha,Mirante,Macedo Alegre,RR,Diclofenaco Suspensão Oral 50ml - Aché,Primeiros Socorros
122.69,1,2025-03-09,Sunday   ,9,3,1,2025,Srta. Lavínia Gomes,Vereda de Leão,Granja De Freitas,Rocha das Pedras,AP,Amoxicilina 25mg - 30 Comprimidos - Bayer,Vitaminas e Suplementos
57.16,4,2026-03-13,Friday   ,13,3,1,2026,Luiz Fernando Cassiano,Viela Aparecida,Nossa Senhora Da Conceição,Andrade Alegre,DF,Enalapril Pomada 30g - Eurofarma,Anti-inflamatórios
742.65,5,2026-01-24,Saturday ,24,1,1,2026,Arthur Miguel Cunha,Conjunto de Vargas,Nova Vista,Freitas Alegre,PB,Amoxicilina 500mg - 20 Comprimidos - EMS (Genérico),Saúde Bucal
532.9,5,2024-12-08,Sunday   ,8,12,4,2024,Rebeca Melo,Quadra de das Neves,Vila Nova Dos Milionarios,Machado,PE,Água Micelar Colgate 50g,Fitoterápicos
446.15000000000003,5,2026-08-30,Sunday   ,30,8,3,2026,Levi Almeida,Largo Castro,Flamengo,Cardoso,AL,Álcool em Gel 70% Mió 90g,Analgésicos
707.75,5,2025-11-07,Friday   ,7,11,4,2025,Bryan Cavalcanti,Sítio Carvalho,Marilandia,Macedo de Costa,RJ,Amoxicilina Pomada 30g - Bayer,Vitaminas e Suplementos
97.71000000000001,3,2024-10-21,Monday   ,21,10,4,2024,Dr. Thomas Almeida,Fazenda Luiz Fernando Azevedo,Petropolis,Carvalho,MT,Paracetamol 500mg - 20 Comprimidos - Eurofarma,Fitoterápicos
201.03,1,2025-09-04,Thursday ,4,9,3,2025,Maria Laura Cunha,Conjunto de Moraes,São Pedro,Lopes de Mendes,AM,Escitalopram Suspensão Oral 50ml - EMS (Genérico),Vitaminas e Suplementos
106.32,3,2025-09-08,Monday   ,8,9,3,2025,Bento Teixeira,Via Emanuel Ferreira,Vila Paris,Nunes do Sul,MA,Nimesulida Xarope 120ml - Eurofarma,Dermocosméticos
169.17000000000002,3,2025-07-05,Saturday ,5,7,3,2025,João Miguel Ferreira,Trecho Maya da Cruz,Ipe,Freitas Alegre,PB,Diclofenaco 50mg - 30 Comprimidos - Eurofarma,Antidepressivos
400.24,2,2025-12-01,Monday   ,1,12,4,2025,Maria Luiza das Neves,Ladeira de Rocha,Diamante,Duarte,MA,Vacina contra Artrite - Dose Única,Produtos Ortopédicos
183.75,5,2025-02-20,Thursday ,20,2,1,2025,Vitor Hugo Cirino,Fazenda de Castro,Havaí,Ramos,AC,Tadalafila Pomada 30g - Aché,Vitaminas e Suplementos
286.92,2,2025-10-19,Sunday   ,19,10,4,2025,Lavínia Moreira,Trevo de Martins,Conjunto Floramar,Rocha das Pedras,AP,Sinvastatina 500mg - 20 Comprimidos - Neo Química (Genérico),Fitoterápicos
371.84,2,2025-01-28,Tuesday  ,28,1,1,2025,Srta. Maria Flor Rezende,Fazenda Câmara,Maria Tereza,da Mata dos Dourados,PR,Creme Hidratante Bepantol FPS 50,Dermocosméticos
154.02,3,2026-09-06,Sunday   ,6,9,3,2026,Carlos Eduardo Ribeiro,Rodovia Santos,Boa Viagem,Pires,AM,Losartana Potássica 500mg - 20 Comprimidos - Bayer,Saúde Bucal
589.95,3,2024-09-16,Monday   ,16,9,3,2024,Diego da Rocha,Alameda Cardoso,Engenho Nogueira,Brito da Mata,BA,Curativos (Band-Aid) G-Tech 90g,Aparelhos Médicos
950.52,4,2025-07-19,Saturday ,19,7,3,2025,Vinicius da Conceição,Largo de Duarte,Ermelinda,Machado,PE,Vacina contra Arritmia - Reforço,Analgésicos
124.99,1,2025-04-26,Saturday ,26,4,2,2025,Rhavi Guerra,Residencial de Sales,Pindura Saia,Carvalho,DF,Sérum Vitamina C Panvel FPS 70,Higiene Pessoal
394.26,3,2026-04-25,Saturday ,25,4,2,2026,Lucca Camargo,Estrada de Nascimento,Carlos Prates,Barbosa dos Dourados,RN,Sérum Vitamina C Listerine Tamanho M (40 un),Genéricos
234.31,1,2025-06-07,Saturday ,7,6,2,2025,Arthur Gabriel Araújo,Praça de Souza,Aguas Claras,Casa Grande do Oeste,MT,Protetor Solar Facial Pampers 90g,Antialérgicos
69.78,2,2024-12-18,Wednesday,18,12,4,2024,Joana Sales,Distrito de Cunha,Vila Nova Dos Milionarios,da Paz de Sampaio,PE,Cefalexina 50mg - 30 Comprimidos - Eurofarma,Antibióticos
701.73,3,2025-11-10,Monday   ,10,11,4,2025,João Lucas Souza,Largo Moura,Cônego Pinheiro 2ª Seção,da Cruz da Mata,PB,Pantoprazol Pomada 30g - Medley (Genérico),Dermocosméticos
772.12,4,2025-11-26,Wednesday,26,11,4,2025,Anna Liz Cassiano,Lagoa de Jesus,Casa Branca,Pacheco,RR,Nimesulida Gotas 20ml - Bayer,Genéricos
967.92,4,2025-09-16,Tuesday  ,16,9,3,2025,Daniela Freitas,Alameda de Peixoto,Novo Santa Cecilia,Viana,TO,Escitalopram Suspensão Oral 50ml - Eurofarma,Vitaminas e Suplementos
386.06,2,2025-01-10,Friday   ,10,1,1,2025,Daniel Azevedo,Distrito Nicole Casa Grande,Ambrosina,Araújo,MS,Nimesulida Gotas 20ml - Bayer,Genéricos
231.55,5,2025-05-19,Monday   ,19,5,2,2025,Hellena Cunha,Núcleo Ian Rezende,Capitão Eduardo,Novaes de Minas,PE,Metformina Xarope 120ml - Eurofarma,Antidepressivos
543.72,3,2026-07-15,Wednesday,15,7,3,2026,Maria Eduarda Dias,Avenida Stella Dias,Vila Jardim São José,Sousa,TO,Cefalexina Suspensão Oral 50ml - Medley (Genérico),Vacinas
54.54,1,2025-06-08,Sunday   ,8,6,2,2025,Mariah Cardoso,Distrito Kevin Guerra,Itapoa,Lopes dos Dourados,PB,Protetor Solar Facial Nivea 50 Metros,Aparelhos Médicos
403.59000000000003,3,2025-03-03,Monday   ,3,3,1,2025,Calebe Rocha,Viela Oliver Gomes,João Alfredo,Castro,CE,Ibuprofeno Gotas 20ml - Medley (Genérico),Antitérmicos
134.9,5,2026-08-24,Monday   ,24,8,3,2026,João Gabriel Garcia,Fazenda Aragão,Jaqueline,Fogaça do Amparo,PB,Sabonete Líquido Huggies FPS 70,Antitérmicos
590.34,3,2025-12-21,Sunday   ,21,12,4,2025,Sr. João Vitor Sá,Ladeira de Sales,Novo Ouro Preto,Ribeiro,RS,Vacina contra Cirrose - Reforço,Analgésicos
97.02,2,2026-03-30,Monday   ,30,3,1,2026,Bella Correia,Morro Leão,Jonas Veiga,Souza,ES,Sérum Vitamina C Panvel 400ml,Fitoterápicos
601.59,3,2024-10-17,Thursday ,17,10,4,2024,Fernanda Cavalcanti,Chácara Sampaio,Vila Maria,Peixoto de Machado,RN,Vacina contra Conjuntivite - Dose Única,Antidepressivos
241.48,4,2025-01-16,Thursday ,16,1,1,2025,Danilo Teixeira,Residencial de Macedo,São Geraldo,Macedo Alegre,RR,Hidroclorotiazida Xarope 120ml - Bayer,Cuidados com o Cabelo
464.28,2,2025-03-12,Wednesday,12,3,1,2025,Diego das Neves,Viela da Paz,Vila Santa Rosa,Souza,ES,Creme Hidratante G-Tech 400ml,Primeiros Socorros
470.58000000000004,3,2026-06-15,Monday   ,15,6,2,2026,Maria Fernanda Castro,Condomínio Cauã Brito,Vila Puc,Correia Grande,MA,Vacina contra Hepatite C - Reforço,Nutrição Infantil
189.7,5,2025-07-11,Friday   ,11,7,3,2025,Dr. José Fogaça,Sítio de Pastor,Vila Santo Antônio,Duarte,MA,Sertralina Xarope 120ml - Eurofarma,Fraldas e Infantis
104.12,1,2024-12-16,Monday   ,16,12,4,2024,Igor da Mota,Viaduto de Pimenta,Nova Floresta,Farias da Prata,RN,Pomada para Assaduras Panvel 200ml,Primeiros Socorros
105.9,5,2025-09-15,Monday   ,15,9,3,2025,Luiz Henrique da Mata,Esplanada Eduarda Cunha,Horto Florestal,Duarte,AL,Nimesulida 25mg - 30 Comprimidos - Bayer,Antitérmicos
581.5,5,2025-11-29,Saturday ,29,11,4,2025,João Vitor Lopes,Vale Nathan Marques,Olaria,da Paz das Pedras,BA,Diclofenaco 25mg - 30 Comprimidos - Aché,Anti-inflamatórios
1125.25,5,2026-04-24,Friday   ,24,4,2,2026,Isaac Brito,Sítio Maitê Cavalcanti,Vila Nova Cachoeirinha 1ª Seção,Rios,AP,Vacina contra Diabetes Tipo 2 - Reforço,Primeiros Socorros
527.48,4,2026-02-14,Saturday ,14,2,1,2026,João Guilherme Costela,Estação Rael Borges,Alto Caiçaras,da Rocha do Amparo,RN,Curativos (Band-Aid) Needs 400ml,Anti-inflamatórios
465.25,5,2025-09-04,Thursday ,4,9,3,2025,Juan Gonçalves,Via Raul Correia,Marieta 2ª Seção,Porto,GO,Escitalopram Gotas 20ml - EMS (Genérico),Antialérgicos
180.26,2,2026-05-15,Friday   ,15,5,2,2026,Caleb da Cunha,Parque Camila Pires,Ouro Minas,Porto,GO,Desodorante Roll-on Sempre Livre 150ml,Vitaminas e Suplementos
72.85,5,2026-09-08,Tuesday  ,8,9,3,2026,Srta. Maria Flor Rezende,Fazenda Câmara,Maria Tereza,da Mata dos Dourados,PR,Cefalexina 500mg - 20 Comprimidos - Neo Química (Genérico),Produtos Ortopédicos
693.28,4,2024-10-16,Wednesday,16,10,4,2024,Eduardo Almeida,Quadra de Pereira,Horto,Dias,RR,Vacina contra Diabetes Tipo 1 - Dose Única,Antidepressivos
1086.8000000000002,5,2025-07-09,Wednesday,9,7,3,2025,Yan Garcia,Passarela José Miguel Pinto,Nova Granada,da Paz de Sampaio,PE,Vacina contra Gastrite - Reforço,Antibióticos
104.12,1,2026-08-16,Sunday   ,16,8,3,2026,Ana Oliveira,Pátio de Azevedo,Universo,Pastor,AP,Pomada para Assaduras Panvel 200ml,Primeiros Socorros
338.52,4,2026-05-26,Tuesday  ,26,5,2,2026,Dr. Antony Cavalcanti,Sítio Lorena Fernandes,Vila Da Luz,da Mata dos Dourados,PR,Diclofenaco 25mg - 30 Comprimidos - Neo Química (Genérico),Anti-inflamatórios
107.92,4,2024-11-08,Friday   ,8,11,4,2024,Dra. Maria Vargas,Ladeira de Ramos,Paquetá,Cavalcante da Serra,RJ,Sabonete Líquido Huggies FPS 70,Antitérmicos
486.48,3,2025-10-16,Thursday ,16,10,4,2025,Dr. Lucas Gabriel Guerra,Favela Silva,Monte Azul,Albuquerque de Brito,GO,Tadalafila Suspensão Oral 50ml - Bayer,Homeopatia
565.44,4,2025-02-16,Sunday   ,16,2,1,2025,Dra. Emanuelly Monteiro,Trevo Alves,Santa Margarida,Casa Grande do Oeste,MT,Clonazepam Xarope 120ml - EMS (Genérico),Vacinas
488.32,4,2026-09-01,Tuesday  ,1,9,3,2026,Guilherme Moreira,Condomínio de Monteiro,São Vicente,Barros,SC,Vacina contra Dermatite - Reforço,Primeiros Socorros
934.08,4,2025-11-23,Sunday   ,23,11,4,2025,Luara Aragão,Núcleo Milena Macedo,Conjunto Paulo Vi,da Costa do Galho,CE,Creme Hidratante Colgate 150ml,Anti-inflamatórios
355.38,2,2024-10-24,Thursday ,24,10,4,2024,Cauê Pastor,Jardim Juliana da Conceição,Tres Marias,Caldeira,SE,Diclofenaco Xarope 120ml - Medley (Genérico),Primeiros Socorros
545.64,3,2026-08-27,Thursday ,27,8,3,2026,Pedro Mendonça,Aeroporto José Miguel Ramos,Santa Maria,da Conceição,DF,Azitromicina Suspensão Oral 50ml - Neo Química (Genérico),Vacinas
498.78,3,2026-03-02,Monday   ,2,3,1,2026,Brayan Castro,Condomínio Bruno Araújo,São Gabriel,Borges,BA,Sildenafila 1g - 10 Comprimidos - EMS (Genérico),Antitérmicos
646.48,4,2026-09-02,Wednesday,2,9,3,2026,Sra. Ayla Garcia,Esplanada de da Rosa,Jatobá,da Costa de Melo,AL,Atenolol Xarope 120ml - Aché,Fraldas e Infantis
202.6,4,2025-06-28,Saturday ,28,6,2,2025,Lara Teixeira,Favela de Pires,Vila Pinho,Nunes do Sul,MA,Sertralina Xarope 120ml - Neo Química (Genérico),Produtos Ortopédicos
133.48,4,2026-06-22,Monday   ,22,6,2,2026,Ísis da Costa,Favela Liam Câmara,Minas Caixa,Sales,PE,Protetor Solar Corporal Needs Tamanho M (40 un),Antibióticos
59.22,1,2025-05-19,Monday   ,19,5,2,2025,Isabel Farias,Ladeira de Cavalcante,Jaqueline,Marques Alegre,AL,Vacina contra Dengue - Reforço,Analgésicos
347.02,2,2026-06-06,Saturday ,6,6,2,2026,João Gabriel Rodrigues,Setor Luana Aragão,Manacas,Rios,AP,Sertralina Xarope 120ml - EMS (Genérico),Saúde Bucal
169.26,2,2026-01-23,Friday   ,23,1,1,2026,Ana Júlia Fonseca,Lago Sales,União,Duarte,AL,Vacina contra Obesidade - Dose Única,Fraldas e Infantis
25.86,1,2025-05-29,Thursday ,29,5,2,2025,Gael Henrique Ferreira,Residencial de Câmara,Europa,Rodrigues,TO,Cefalexina 25mg - 30 Comprimidos - Eurofarma,Primeiros Socorros
643.71,3,2026-03-19,Thursday ,19,3,1,2026,Bianca Andrade,Favela Moraes,Universitário,Gonçalves do Sul,RO,Escitalopram 25mg - 30 Comprimidos - Neo Química (Genérico),Fraldas e Infantis
172.29,3,2025-11-02,Sunday   ,2,11,4,2025,Maria Fernanda Castro,Condomínio Cauã Brito,Vila Puc,Correia Grande,MA,Azitromicina 50mg - 30 Comprimidos - Aché,Saúde Bucal
207.88,2,2025-03-17,Monday   ,17,3,1,2025,Ágatha Viana,Ladeira Lopes,Cidade Jardim,Barros de Fernandes,RR,Clonazepam 500mg - 20 Comprimidos - Medley (Genérico),Dermocosméticos
183.22,1,2025-08-19,Tuesday  ,19,8,3,2025,Fernanda Lima,Via Enzo da Conceição,Novo Aarão Reis,Marques Alegre,AL,Metformina 1g - 10 Comprimidos - Bayer,Genéricos
361.15000000000003,5,2026-05-07,Thursday ,7,5,2,2026,Antônio Rios,Rodovia de Farias,Vila Fumec,Ramos,AC,Dipirona Sódica Gotas 20ml - Bayer,Antitérmicos
182.64,1,2025-04-05,Saturday ,5,4,2,2025,Apollo Lima,Loteamento Correia,Boa União 2ª Seção,Machado,PB,Hastes Flexíveis (Cotonetes) Mió 150ml,Vitaminas e Suplementos
690.68,4,2024-11-01,Friday   ,1,11,4,2024,Natália Barbosa,Trecho Vargas,Cruzeiro,Brito da Mata,BA,Escitalopram 25mg - 30 Comprimidos - EMS (Genérico),Homeopatia
1021.25,5,2025-01-31,Friday   ,31,1,1,2025,Gael Peixoto,Via de Silveira,Urca,Almeida das Pedras,PI,Vacina contra Zika - Dose Única,Primeiros Socorros
206.84,1,2025-01-19,Sunday   ,19,1,1,2025,João Lucas Melo,Passarela Sabrina Guerra,Virgínia,da Rocha Alegre,RJ,Paracetamol 25mg - 30 Comprimidos - Aché,Antibióticos
473.22,2,2026-08-23,Sunday   ,23,8,3,2026,Luiz Fernando Cassiano,Viela Aparecida,Nossa Senhora Da Conceição,Andrade Alegre,DF,Dipirona Sódica Xarope 120ml - Neo Química (Genérico),Antidepressivos
51.34,1,2025-01-11,Saturday ,11,1,1,2025,Dr. Leandro Moreira,Esplanada de Dias,Cidade Jardim,Câmara de Casa Grande,AM,Losartana Potássica 500mg - 20 Comprimidos - Bayer,Saúde Bucal
913.04,4,2026-03-29,Sunday   ,29,3,1,2026,Evelyn Silva,Vila de Pires,Das Industrias I,Barbosa,AP,Curativos (Band-Aid) Pampers 400ml,Aparelhos Médicos
1069.1,5,2025-01-19,Sunday   ,19,1,1,2025,Luiz Felipe Casa Grande,Fazenda Ferreira,Bom Jesus,Pastor,MG,Nimesulida 500mg - 20 Comprimidos - Aché,Antidepressivos
100.46,1,2026-06-18,Thursday ,18,6,2,2026,Vicente Fogaça,Travessa de Rios,Mirtes,Freitas,RO,Pantoprazol 500mg - 20 Comprimidos - Medley (Genérico),Antialérgicos
67.12,2,2025-10-06,Monday   ,6,10,4,2025,Pietra Andrade,Viela Freitas,Flavio Marques Lisboa,Pires,PE,Desodorante Roll-on Colgate 90g,Higiene Pessoal
30.58,1,2025-12-12,Friday   ,12,12,4,2025,Dr. Eduardo Novais,Recanto Correia,Vila Batik,da Mota de Oliveira,RS,Fralda Descartável Colgate 50 Metros,Antidepressivos
66.55,1,2025-12-17,Wednesday,17,12,4,2025,José Miguel Vieira,Lagoa Julia Sampaio,Vitoria,Albuquerque do Norte,TO,Ibuprofeno 1g - 10 Comprimidos - Bayer,Anti-inflamatórios
18.43,1,2025-03-03,Monday   ,3,3,1,2025,Srta. Luísa Souza,Sítio de Moura,Vila Nova Cachoeirinha 3ª Seção,Cirino,RJ,Cefalexina 50mg - 30 Comprimidos - EMS (Genérico),Antitérmicos
591.78,3,2024-09-21,Saturday ,21,9,3,2024,Dra. Lívia Cirino,Parque Pinto,Garças,Gonçalves das Pedras,PR,Hidroclorotiazida Suspensão Oral 50ml - Bayer,Antidepressivos
54.8,4,2026-06-08,Monday   ,8,6,2,2026,Sr. Dante da Mota,Núcleo João Miguel Casa Grande,Palmares,Casa Grande do Oeste,MT,Ibuprofeno 50mg - 30 Comprimidos - Eurofarma,Antitérmicos
518.92,4,2024-11-18,Monday   ,18,11,4,2024,Isaque Cunha,Estrada de Sales,Cachoeirinha,Sousa,PE,Losartana Potássica 500mg - 20 Comprimidos - Eurofarma,Primeiros Socorros
84.03,3,2025-08-31,Sunday   ,31,8,3,2025,Srta. Isabelly Sampaio,Vale Rios,Independência,Barros de Sousa,RS,Vacina contra Hepatite C - Dose Única,Cuidados com o Cabelo
235.8,4,2025-03-05,Wednesday,5,3,1,2025,Laís da Rocha,Viela de Araújo,Confisco,Fernandes do Norte,RO,Diclofenaco Suspensão Oral 50ml - EMS (Genérico),Higiene Pessoal
264.5,5,2026-01-02,Friday   ,2,1,1,2026,Alícia Machado,Viaduto Castro,Jardim Do Vale,da Mota de Oliveira,RS,Fralda Descartável Vichy 150ml,Homeopatia
23.66,2,2026-06-14,Sunday   ,14,6,2,2026,Dra. Aurora Cunha,Feira Manuela Azevedo,Bandeirantes,Martins de Gonçalves,RS,Protetor Solar Corporal CeraVe Tamanho G (32 un),Aparelhos Médicos
226.05,5,2025-12-23,Tuesday  ,23,12,4,2025,Ana Oliveira,Pátio de Azevedo,Universo,Pastor,AP,Vacina contra Osteoporose - Reforço,Antibióticos
464.64,3,2025-10-08,Wednesday,8,10,4,2025,Fernanda Lima,Via Enzo da Conceição,Novo Aarão Reis,Marques Alegre,AL,Tadalafila 25mg - 30 Comprimidos - Neo Química (Genérico),Saúde Bucal
1002.4,5,2025-11-13,Thursday ,13,11,4,2025,Vinicius da Luz,Praça Isabella da Mota,Palmares,Oliveira Verde,CE,Metformina 25mg - 30 Comprimidos - EMS (Genérico),Cuidados com o Cabelo
167.24,2,2025-01-07,Tuesday  ,7,1,1,2025,Ana Sophia Castro,Alameda Teixeira,Ventosa,da Luz,RS,Nimesulida Suspensão Oral 50ml - Neo Química (Genérico),Produtos Ortopédicos
1054,5,2025-05-24,Saturday ,24,5,2,2025,Calebe Mendes,Alameda Maria Alice Novais,Nova Vista,da Paz das Pedras,BA,Lenço Umedecido G-Tech 500ml,Antidepressivos
1174.4499999999998,5,2025-12-09,Tuesday  ,9,12,4,2025,Vinicius Cirino,Lago Carvalho,Nossa Senhora Da Conceição,Borges,PA,Atenolol Xarope 120ml - Eurofarma,Fraldas e Infantis
246.96,2,2024-09-13,Friday   ,13,9,3,2024,Ana Vitória da Conceição,Vale Sabrina da Costa,Vila Pilar,Machado,PB,Sérum Vitamina C Mió 400ml,Antitérmicos
176.85000000000002,3,2024-11-25,Monday   ,25,11,4,2024,Benjamin Nascimento,Chácara Moraes,Olaria,Rocha,RS,Diclofenaco Suspensão Oral 50ml - EMS (Genérico),Higiene Pessoal
45.21,1,2026-04-09,Thursday ,9,4,2,2026,Juan Silveira,Praia Cirino,Céu Azul,Ferreira,AM,Vacina contra Osteoporose - Reforço,Antibióticos
612.75,3,2026-01-12,Monday   ,12,1,1,2026,Júlia das Neves,Estação Ana Carolina Vasconcelos,Senhor Dos Passos,Ferreira de Sampaio,PB,Vacina contra Zika - Dose Única,Primeiros Socorros
682.28,4,2025-12-26,Friday   ,26,12,4,2025,Lavínia Sousa,Praia Cavalcanti,Cruzeiro,Nogueira,PA,Amoxicilina Suspensão Oral 50ml - Eurofarma,Vacinas
94.2,2,2025-11-21,Friday   ,21,11,4,2025,Francisco Cavalcanti,Praia Amanda Viana,Alto Das Antenas,Macedo do Sul,DF,Amoxicilina 1g - 10 Comprimidos - Aché,Produtos Ortopédicos
155.13,3,2026-04-06,Monday   ,6,4,2,2026,Cauê Pastor,Jardim Juliana da Conceição,Tres Marias,Caldeira,SE,Metformina 25mg - 30 Comprimidos - Medley (Genérico),Higiene Pessoal
718.2,4,2024-09-20,Friday   ,20,9,3,2024,Sra. Sophie Almeida,Quadra de Correia,Jonas Veiga,Pacheco,RR,Paracetamol 1g - 10 Comprimidos - Aché,Primeiros Socorros
358.75,5,2026-03-24,Tuesday  ,24,3,1,2026,Fernanda Lima,Via Enzo da Conceição,Novo Aarão Reis,Marques Alegre,AL,Vacina contra Cirrose - Dose Única,Aparelhos Médicos
216.01,1,2026-05-31,Sunday   ,31,5,2,2026,Sr. Matheus Ribeiro,Área de Mendes,Monte São José,Barros Grande,RJ,Curativos (Band-Aid) Clear FPS 50,Vacinas
742.5600000000001,3,2026-02-05,Thursday ,5,2,1,2026,Bianca Gonçalves,Núcleo de da Cruz,Lagoa,Cassiano do Oeste,PB,Metformina Pomada 30g - EMS (Genérico),Produtos Ortopédicos
320.86,2,2026-03-19,Thursday ,19,3,1,2026,Diego Pacheco,Passarela Catarina Costa,Marajó,da Paz das Pedras,BA,Omeprazol Suspensão Oral 50ml - Eurofarma,Anti-inflamatórios
111.21,1,2025-06-08,Sunday   ,8,6,2,2025,Luiz Miguel Ribeiro,Lago Cardoso,Conjunto Taquaril,Moraes,DF,Sérum Vitamina C Huggies 90g,Saúde Bucal
633.52,4,2026-03-11,Wednesday,11,3,1,2026,Dra. Manuela Vargas,Distrito de Borges,Vila São Gabriel,Silveira,BA,Vacina contra Hipertensão - Reforço,Antibióticos
297.12,4,2025-05-09,Friday   ,9,5,2,2025,Léo Mendonça,Lagoa de Farias,Vila Jardim Montanhes,Rocha,RS,Vacina contra Depressão - Reforço,Dermocosméticos
234.78,1,2024-12-02,Monday   ,2,12,4,2024,Felipe Pinto,Sítio Correia,Vila Nova Paraíso,Martins,PA,Sabonete em Barra G-Tech 90g,Antibióticos
114.9,1,2025-05-22,Thursday ,22,5,2,2025,Vinicius da Conceição,Largo de Duarte,Ermelinda,Machado,PE,Creme Hidratante Listerine 90g,Homeopatia
199.66,2,2024-12-01,Sunday   ,1,12,4,2024,João Lucas Souza,Largo Moura,Cônego Pinheiro 2ª Seção,da Cruz da Mata,PB,Sildenafila 1g - 10 Comprimidos - Eurofarma,Antidepressivos
292.22,2,2024-12-22,Sunday   ,22,12,4,2024,Ana Liz Casa Grande,Lago Brenda Farias,Vila Copacabana,Gonçalves das Pedras,PR,Lenço Umedecido Colgate 50g,Homeopatia
29.55,5,2025-10-29,Wednesday,29,10,4,2025,Dr. Mathias Araújo,Morro de Novaes,Cabana Do Pai Tomás,da Costa de Melo,AL,Omeprazol Suspensão Oral 50ml - EMS (Genérico),Saúde Bucal
716.91,3,2024-12-29,Sunday   ,29,12,4,2024,José Vieira,Jardim Caio Araújo,Engenho Nogueira,Correia Grande,MA,Nimesulida 25mg - 30 Comprimidos - Aché,Dermocosméticos
633.52,4,2024-11-06,Wednesday,6,11,4,2024,Sra. Isis Pimenta,Setor Noah Câmara,Candelaria,Brito,MT,Vacina contra Hipertensão - Reforço,Antibióticos
105.24,2,2025-02-03,Monday   ,3,2,1,2025,Cecilia da Conceição,Praia de Teixeira,Flamengo,Viana,TO,Amoxicilina 500mg - 20 Comprimidos - Eurofarma,Dermocosméticos
223.72,2,2026-01-28,Wednesday,28,1,1,2026,Benjamin Nascimento,Estrada da Paz,Capitão Eduardo,Fernandes do Norte,RO,Sabonete em Barra Dove FPS 70,Antibióticos
430.5,2,2025-01-05,Sunday   ,5,1,1,2025,Dr. Ryan Cavalcante,Parque Luigi Borges,Alta Tensão 1ª Seção,da Rocha Alegre,RJ,Lenço Umedecido Mió FPS 50,Saúde Bucal
679.08,4,2025-03-07,Friday   ,7,3,1,2025,Danilo Teixeira,Residencial de Macedo,São Geraldo,Macedo Alegre,RR,Enxaguante Bucal Rexona FPS 50,Dermocosméticos
45.949999999999996,5,2025-12-28,Sunday   ,28,12,4,2025,João Gabriel Guerra,Jardim Isaac Fonseca,Jardim Montanhês,da Costa de Melo,AL,Pantoprazol Gotas 20ml - Medley (Genérico),Fitoterápicos
859.05,5,2025-11-17,Monday   ,17,11,4,2025,Dra. Maria Júlia Mendes,Trevo Sophie Farias,Vila Minaslandia,Vieira de Minas,MT,Enxaguante Bucal Sempre Livre 400ml,Genéricos
407.48,2,2025-01-17,Friday   ,17,1,1,2025,Vitor Hugo Fogaça,Passarela Novaes,Cinquentenário,Freitas Alegre,PB,Leite em Pó Infantil Rexona 150ml,Analgésicos
82.32000000000001,3,2025-10-31,Friday   ,31,10,4,2025,Catarina Nogueira,Morro Brito,Santa Rita De Cássia,Lopes de Mendes,AM,Curativos (Band-Aid) Sempre Livre 90g,Antitérmicos
238.1,5,2026-03-04,Wednesday,4,3,1,2026,Ana Sophia Vasconcelos,Avenida de Cassiano,Santa Rita,da Rocha,PI,Vacina contra Câncer de Mama - Dose Única,Cuidados com o Cabelo
675.42,3,2026-06-24,Wednesday,24,6,2,2026,Murilo Cassiano,Esplanada Luísa Melo,Parque São Pedro,Castro,CE,Creme Hidratante Rexona 50 Metros,Saúde Bucal
649.84,4,2026-05-23,Saturday ,23,5,2,2026,Benicio Novais,Lago Dias,Petropolis,da Cruz da Mata,PB,Protetor Solar Corporal Sempre Livre 50 Metros,Aparelhos Médicos
735.72,4,2025-12-13,Saturday ,13,12,4,2025,Sra. Fernanda Costela,Estação Camargo,Venda Nova,Azevedo de Leão,MS,Condicionador Hidratação Bepantol 90g,Produtos Ortopédicos
681.66,3,2026-07-06,Monday   ,6,7,3,2026,Amanda Monteiro,Conjunto de Barros,Tupi B,Duarte,DF,Fluoxetina 500mg - 20 Comprimidos - Medley (Genérico),Dermocosméticos
35.13,1,2024-12-14,Saturday ,14,12,4,2024,Dr. Kevin Pacheco,Conjunto de Teixeira,Confisco,da Mata dos Dourados,PR,Dipirona Sódica Xarope 120ml - EMS (Genérico),Aparelhos Médicos
489.41999999999996,3,2026-02-20,Friday   ,20,2,1,2026,Sarah Castro,Viaduto Vitor Hugo Fogaça,Corumbiara,Nogueira,PA,Creme Dental Clear 50g,Antidepressivos
440.94,2,2024-12-27,Friday   ,27,12,4,2024,Camila da Mata,Loteamento Lavínia Ferreira,Leonina,Freitas,RO,Sérum Vitamina C Huggies 50 Metros,Nutrição Infantil
491.88,3,2024-09-24,Tuesday  ,24,9,3,2024,Sra. Heloisa Gomes,Vereda Bruna Mendes,Capitão Eduardo,Martins do Amparo,ES,Hidroclorotiazida 500mg - 20 Comprimidos - Bayer,Primeiros Socorros
315.44,4,2026-09-08,Tuesday  ,8,9,3,2026,Luiz Gustavo Gomes,Chácara João Lucas Brito,Jatobá,da Rocha da Prata,RN,Vacina contra Resfriado - Dose Única,Cuidados com o Cabelo
1012.65,5,2026-08-09,Sunday   ,9,8,3,2026,Maria Abreu,Vila Luiz Miguel Aparecida,Horto,da Luz de Ramos,SC,Azitromicina 50mg - 30 Comprimidos - Medley (Genérico),Homeopatia
230.8,4,2026-03-19,Thursday ,19,3,1,2026,Ana Laura Ramos,Fazenda de Sampaio,Horto,Barros de Fernandes,RR,Pantoprazol Xarope 120ml - Aché,Nutrição Infantil
102.25,5,2025-12-06,Saturday ,6,12,4,2025,Sr. Augusto Freitas,Esplanada Mendonça,Santa Efigênia,Jesus,RR,Vacina contra Enxaqueca - Dose Única,Antitérmicos
623.2,5,2025-03-26,Wednesday,26,3,1,2025,Caroline Carvalho,Quadra da Luz,Mariano De Abreu,Farias da Prata,RN,Escitalopram 25mg - 30 Comprimidos - Aché,Anti-inflamatórios
189.7,5,2025-02-10,Monday   ,10,2,1,2025,Sophia Costa,Esplanada Liz Marques,Vila Copacabana,Novaes de Minas,PE,Sertralina Xarope 120ml - Eurofarma,Fraldas e Infantis
110.25,3,2025-03-29,Saturday ,29,3,1,2025,Sra. Heloísa Gomes,Chácara Liam Moraes,Vila São Francisco,da Mota do Campo,CE,Tadalafila Pomada 30g - Aché,Vitaminas e Suplementos
749.36,4,2025-01-18,Saturday ,18,1,1,2025,Juan Caldeira,Quadra de Costela,Gutierrez,Duarte,MA,Atenolol 1g - 10 Comprimidos - Neo Química (Genérico),Analgésicos
1216.1499999999999,5,2026-01-05,Monday   ,5,1,1,2026,João Vitor Aragão,Distrito Mendes,Nova Suíça,Câmara do Galho,RO,Sertralina Gotas 20ml - Eurofarma,Cuidados com o Cabelo
734.32,4,2025-10-29,Wednesday,29,10,4,2025,Oliver Correia,Viaduto Antonella Rocha,Varzea Da Palma,Porto,GO,Protetor Solar Corporal Rexona 150ml,Antibióticos
1226.1,5,2026-08-13,Thursday ,13,8,3,2026,Pedro Miguel da Costa,Trevo Barbosa,Vila Dos Anjos,Alves de da Conceição,AC,Sertralina 50mg - 30 Comprimidos - Bayer,Antibióticos
114.2,2,2025-01-05,Sunday   ,5,1,1,2025,Lucas Gabriel Almeida,Travessa Freitas,Vila Nova Cachoeirinha 1ª Seção,da Cruz da Mata,PB,Tadalafila 500mg - 20 Comprimidos - Aché,Aparelhos Médicos
49.25,1,2025-06-10,Tuesday  ,10,6,2,2025,Dra. Isabel Cavalcanti,Feira de Vargas,Bela Vitoria,Souza,ES,Hastes Flexíveis (Cotonetes) Pampers 500ml,Nutrição Infantil
696.42,3,2025-05-08,Thursday ,8,5,2,2025,João Lucas Souza,Largo Moura,Cônego Pinheiro 2ª Seção,da Cruz da Mata,PB,Creme Hidratante G-Tech 400ml,Primeiros Socorros
123.48,1,2026-01-22,Thursday ,22,1,1,2026,João Gabriel Garcia,Fazenda Aragão,Jaqueline,Fogaça do Amparo,PB,Sérum Vitamina C Mió 400ml,Antitérmicos
263.74,2,2026-04-28,Tuesday  ,28,4,2,2026,Calebe Souza,Aeroporto Benjamin Ribeiro,Vila Vista Alegre,Castro,RR,Curativos (Band-Aid) Needs 400ml,Anti-inflamatórios
102.62,1,2025-12-30,Tuesday  ,30,12,4,2025,Luan Vargas,Passarela de Sá,Vila Primeiro De Maio,da Paz das Pedras,BA,Vacina contra Alzheimer - Dose Única,Antialérgicos
390.5,5,2026-06-02,Tuesday  ,2,6,2,2026,Ravi Lucca Sales,Trecho Felipe Santos,Conjunto Floramar,Pacheco de Novaes,PR,Diclofenaco Pomada 30g - Medley (Genérico),Dermocosméticos
314.68,2,2026-01-11,Sunday   ,11,1,1,2026,Melissa Barbosa,Via Azevedo,Coração De Jesus,Alves de da Conceição,AC,Hastes Flexíveis (Cotonetes) Johnson's 200ml,Higiene Pessoal
44.52,4,2025-12-31,Wednesday,31,12,4,2025,Srta. Nina Fonseca,Esplanada de Teixeira,Maria Tereza,Macedo do Sul,DF,Enalapril Suspensão Oral 50ml - Neo Química (Genérico),Cuidados com o Cabelo
913.04,4,2026-07-20,Monday   ,20,7,3,2026,Ana Melo,Área Juan Macedo,Renascença,Silva de Minas,MA,Curativos (Band-Aid) Pampers 400ml,Aparelhos Médicos
873.85,5,2026-06-15,Monday   ,15,6,2,2026,Olivia Azevedo,Praça de Freitas,Conjunto Califórnia I,das Neves,MT,Losartana Potássica Suspensão Oral 50ml - Aché,Vitaminas e Suplementos
584.8,4,2025-01-05,Sunday   ,5,1,1,2025,Leonardo Pimenta,Loteamento Barros,São João,da Costa do Galho,CE,Fio Dental Sempre Livre FPS 70,Saúde Bucal
188.35,1,2025-12-07,Sunday   ,7,12,4,2025,Isabela Cassiano,Praça de Pinto,Silveira,da Paz das Flores,PR,Omeprazol 500mg - 20 Comprimidos - EMS (Genérico),Vitaminas e Suplementos
105.24,2,2025-02-06,Thursday ,6,2,1,2025,Eloá Andrade,Conjunto de Nunes,São Gabriel,Novaes de Minas,PE,Amoxicilina 500mg - 20 Comprimidos - Eurofarma,Dermocosméticos
452,5,2026-07-27,Monday   ,27,7,3,2026,Henry Gabriel Siqueira,Trecho Laís Alves,Conjunto Jatoba,Rezende,DF,Fluoxetina Gotas 20ml - Aché,Fraldas e Infantis
248.07,3,2026-07-26,Sunday   ,26,7,3,2026,Leonardo Pimenta,Loteamento Barros,São João,da Costa do Galho,CE,Paracetamol Pomada 30g - Medley (Genérico),Antitérmicos
91.68,4,2025-04-04,Friday   ,4,4,2,2025,Sr. Davi Novaes,Feira de Alves,Barão Homem De Melo 1ª Seção,Montenegro,SC,Diclofenaco Gotas 20ml - Eurofarma,Produtos Ortopédicos
13.7,1,2025-10-30,Thursday ,30,10,4,2025,Ana Clara Machado,Campo Heloisa Moura,São Paulo,Moura,SP,Ibuprofeno 50mg - 30 Comprimidos - Eurofarma,Antitérmicos
61.08,1,2026-06-29,Monday   ,29,6,2,2026,Joana Silveira,Alameda Yan Correia,Jardim Dos Comerciarios,Almeida Grande,AP,Condicionador Hidratação Nivea 50g,Fraldas e Infantis
64.2,1,2024-10-21,Monday   ,21,10,4,2024,Marcelo da Rocha,Recanto de Moreira,Vila Tirol,Pastor,MG,Condicionador Hidratação Johnson's FPS 50,Aparelhos Médicos
126.57,1,2026-06-14,Sunday   ,14,6,2,2026,Lucas Gabriel Almeida,Travessa Freitas,Vila Nova Cachoeirinha 1ª Seção,da Cruz da Mata,PB,Enalapril 500mg - 20 Comprimidos - Medley (Genérico),Analgésicos
734.32,4,2025-02-20,Thursday ,20,2,1,2025,Kevin Nunes,Parque Lunna Borges,Vila Madre Gertrudes 1ª Seção,Barbosa,DF,Protetor Solar Corporal Rexona 150ml,Antibióticos
1122.95,5,2024-12-09,Monday   ,9,12,4,2024,Isabel Câmara,Esplanada Almeida,Jardim Felicidade,Macedo de Costa,RJ,Vacina contra Desnutrição - Dose Única,Homeopatia
547.11,3,2025-02-10,Monday   ,10,2,1,2025,Bruna Sales,Lagoa de Cavalcante,Novo Tupi,Cavalcanti,AL,Protetor Solar Corporal Bepantol FPS 70,Homeopatia
735.66,3,2025-03-26,Wednesday,26,3,1,2025,Cauã Cavalcanti,Loteamento de Cardoso,Providencia,Borges,BA,Sertralina 50mg - 30 Comprimidos - Bayer,Antibióticos
1011.35,5,2026-05-29,Friday   ,29,5,2,2026,Liz Moraes,Vale Yago Andrade,Vila Mangueiras,Nunes,SP,Pantoprazol 1g - 10 Comprimidos - Bayer,Cuidados com o Cabelo
1221.6,5,2026-01-24,Saturday ,24,1,1,2026,Ana Laura da Rocha,Sítio Marques,Mirante,Nunes,SE,Soro Fisiológico Johnson's Tamanho M (40 un),Primeiros Socorros
60.91,1,2025-09-24,Wednesday,24,9,3,2025,Alana Peixoto,Vereda de Aragão,Glória,da Costa,PE,Azitromicina 1g - 10 Comprimidos - EMS (Genérico),Dermocosméticos
56.85,1,2025-07-28,Monday   ,28,7,3,2025,Danilo Montenegro,Distrito da Costa,São Jorge 1ª Seção,da Mata de Pereira,RR,Fluoxetina Xarope 120ml - Medley (Genérico),Dermocosméticos
123.13,1,2024-10-24,Thursday ,24,10,4,2024,Levi Caldeira,Conjunto Barros,Marmiteiros,Duarte Verde,RO,Vacina contra Embolia - Dose Única,Antibióticos
116.66,2,2026-08-22,Saturday ,22,8,3,2026,Ana Julia Pereira,Parque Benício Cassiano,Vila Piratininga,Leão,RJ,Loratadina 25mg - 30 Comprimidos - Neo Química (Genérico),Nutrição Infantil
280.25,5,2025-04-07,Monday   ,7,4,2,2025,João Lucas Albuquerque,Trevo de Ramos,Nova Gameleira,Macedo,AC,Amoxicilina 1g - 10 Comprimidos - EMS (Genérico),Antidepressivos
46.36,4,2026-08-18,Tuesday  ,18,8,3,2026,Emanuel Cavalcanti,Setor Pietro Cirino,Cruzeiro,da Rosa de Nascimento,PR,Sildenafila 500mg - 20 Comprimidos - Eurofarma,Analgésicos
96.31,1,2026-07-03,Friday   ,3,7,3,2026,Asafe da Rocha,Rua Novais,Carlos Prates,Montenegro da Praia,PA,Azitromicina 25mg - 30 Comprimidos - Neo Química (Genérico),Higiene Pessoal
127.38,1,2026-03-01,Sunday   ,1,3,1,2026,Caroline Carvalho,Quadra da Luz,Mariano De Abreu,Farias da Prata,RN,Vacina contra Insônia - Reforço,Homeopatia
285.92,4,2025-04-28,Monday   ,28,4,2,2025,Théo Cardoso,Núcleo Mendes,Ipe,Duarte,DF,Lenço Umedecido Sempre Livre Tamanho G (32 un),Anti-inflamatórios
504.81000000000006,3,2026-05-23,Saturday ,23,5,2,2026,Rafaela Fernandes,Lago Campos,Copacabana,Alves,BA,Pomada para Assaduras Mió 500ml,Vacinas
105.24,2,2026-08-07,Friday   ,7,8,3,2026,Brayan Almeida,Residencial Cunha,Mirante,Macedo Alegre,RR,Amoxicilina 500mg - 20 Comprimidos - Eurofarma,Dermocosméticos
575.88,3,2025-09-26,Friday   ,26,9,3,2025,Maitê Andrade,Parque Erick Duarte,Pantanal,Fonseca de Cavalcante,AP,Hidroclorotiazida 25mg - 30 Comprimidos - Medley (Genérico),Antitérmicos
706.8000000000001,5,2026-01-25,Sunday   ,25,1,1,2026,Bruno Moraes,Trevo de Pereira,Flavio De Oliveira,Castro,CE,Clonazepam Xarope 120ml - EMS (Genérico),Vacinas
802.84,4,2026-07-13,Monday   ,13,7,3,2026,Isaac Jesus,Trecho de Guerra,Esplanada,Gonçalves do Sul,RO,Clonazepam 1g - 10 Comprimidos - Neo Química (Genérico),Analgésicos
6.28,1,2025-05-05,Monday   ,5,5,2,2025,Dra. Clarice Peixoto,Ladeira Duarte,Jardim Do Vale,Brito,MS,Omeprazol Gotas 20ml - Bayer,Antidepressivos
346.26,3,2025-12-27,Saturday ,27,12,4,2025,Gustavo Henrique Campos,Avenida Cecilia Garcia,Alto Caiçaras,Lopes dos Dourados,PB,Creme Dental Sempre Livre FPS 50,Analgésicos
749.36,4,2025-06-13,Friday   ,13,6,2,2025,Isabelly Santos,Travessa Yago Porto,Betânia,Cirino,RJ,Atenolol 1g - 10 Comprimidos - Neo Química (Genérico),Analgésicos
51.5,5,2026-09-04,Friday   ,4,9,3,2026,Carlos Eduardo Moura,Núcleo Almeida,Vila Cemig,da Rocha Alegre,RJ,Água Micelar Nivea 500ml,Homeopatia
980.88,4,2025-06-14,Saturday ,14,6,2,2025,Benício Rezende,Recanto Campos,Prado,Pastor,MG,Sertralina 50mg - 30 Comprimidos - Bayer,Antibióticos
414.14,2,2026-01-28,Wednesday,28,1,1,2026,Bianca Andrade,Lago de Martins,Lajedo,Carvalho,MT,Hidroclorotiazida Xarope 120ml - Neo Química (Genérico),Antitérmicos
965.15,5,2026-02-19,Thursday ,19,2,1,2026,Ravi Martins,Fazenda de Costela,Acaiaca,Aragão de Goiás,GO,Nimesulida Gotas 20ml - Bayer,Genéricos
474.06000000000006,3,2025-05-17,Saturday ,17,5,2,2025,Thales Santos,Conjunto Câmara,Santa Rosa,da Mata dos Dourados,PR,Omeprazol 25mg - 30 Comprimidos - Medley (Genérico),Nutrição Infantil
789.04,4,2026-03-13,Friday   ,13,3,1,2026,Alana Sales,Vila de Leão,Palmares,Sampaio das Flores,CE,Paracetamol Suspensão Oral 50ml - Bayer,Vitaminas e Suplementos
166.26,1,2026-04-07,Tuesday  ,7,4,2,2026,Dr. Marcelo Melo,Vale Nathan Albuquerque,Tirol,Cavalcanti,AL,Sildenafila 1g - 10 Comprimidos - EMS (Genérico),Antitérmicos
668.88,3,2025-03-24,Monday   ,24,3,1,2025,Maria da Conceição,Rua Ravi Cavalcante,Vila Canto Do Sabiá,Moraes do Galho,PA,Losartana Potássica Suspensão Oral 50ml - Eurofarma,Dermocosméticos
476.61,3,2026-06-17,Wednesday,17,6,2,2026,Luísa Gomes,Campo de Cirino,Jardim Leblon,Barbosa,DF,Vacina contra Refluxo - Reforço,Dermocosméticos
895.28,4,2025-09-21,Sunday   ,21,9,3,2025,Rhavi Ramos,Conjunto Macedo,São Francisco,Câmara de Casa Grande,AM,Vacina contra Chikungunya - Dose Única,Vacinas
55.29,3,2025-04-25,Friday   ,25,4,2,2025,Maysa Fogaça,Viaduto Bruno Moreira,Jardim Felicidade,Aparecida,RS,Cefalexina 50mg - 30 Comprimidos - EMS (Genérico),Antitérmicos
534.84,4,2025-09-22,Monday   ,22,9,3,2025,Lavínia Sousa,Praia Cavalcanti,Cruzeiro,Nogueira,PA,Sildenafila 1g - 10 Comprimidos - Neo Química (Genérico),Anti-inflamatórios
674.08,4,2025-05-06,Tuesday  ,6,5,2,2025,Julia Vargas,Núcleo Pires,Boa União 2ª Seção,Araújo da Prata,RR,Creme Hidratante Johnson's Tamanho G (32 un),Antibióticos
218.29999999999998,5,2025-04-07,Monday   ,7,4,2,2025,Igor da Mota,Viaduto de Pimenta,Nova Floresta,Farias da Prata,RN,Hidroclorotiazida Gotas 20ml - Medley (Genérico),Aparelhos Médicos
129.3,5,2025-02-16,Sunday   ,16,2,1,2025,Davi Lucca Lopes,Vila Maitê Novaes,Boa União 2ª Seção,Vieira de Minas,PB,Cefalexina 25mg - 30 Comprimidos - Eurofarma,Primeiros Socorros
236.88,4,2024-11-21,Thursday ,21,11,4,2024,Fernando Pereira,Setor Santos,Novo São Lucas,Vargas,AL,Vacina contra Dengue - Reforço,Analgésicos
695.52,3,2026-02-10,Tuesday  ,10,2,1,2026,Sophia Costa,Esplanada Liz Marques,Vila Copacabana,Novaes de Minas,PE,Vacina contra Linfoma - Reforço,Nutrição Infantil
477.06,2,2025-10-02,Thursday ,2,10,4,2025,Daniela Pires,Largo Mateus Garcia,Ermelinda,Ferreira do Amparo,AC,Condicionador Hidratação Needs Tamanho M (40 un),Genéricos
601.59,3,2024-12-15,Sunday   ,15,12,4,2024,Calebe Rocha,Viela Oliver Gomes,João Alfredo,Castro,CE,Vacina contra Conjuntivite - Dose Única,Antidepressivos
703.2,4,2025-06-12,Thursday ,12,6,2,2025,Oliver da Rocha,Distrito Maria Cecília Viana,Santa Monica,Cavalcante da Serra,RJ,Sertralina Suspensão Oral 50ml - Bayer,Antibióticos
742.5600000000001,3,2025-10-14,Tuesday  ,14,10,4,2025,Fernando Pereira,Setor Santos,Novo São Lucas,Vargas,AL,Metformina Pomada 30g - EMS (Genérico),Produtos Ortopédicos
162.16,1,2025-06-23,Monday   ,23,6,2,2025,Theo Cavalcanti,Trevo de Vieira,Garças,Montenegro Alegre,BA,Tadalafila Suspensão Oral 50ml - Bayer,Homeopatia
231.29999999999998,5,2026-06-02,Tuesday  ,2,6,2,2026,Ana Clara Moura,Lagoa de Albuquerque,Vila Copacabana,Gonçalves,MT,Vacina contra Parkinson - Dose Única,Fraldas e Infantis
939.12,4,2026-09-09,Wednesday,9,9,3,2026,Lorenzo Ferreira,Campo Renan da Paz,Alípio De Melo,da Costa,PE,Sabonete em Barra G-Tech 90g,Antibióticos
233.91,1,2026-02-11,Wednesday,11,2,1,2026,Ester Vasconcelos,Favela de da Rocha,Corumbiara,Castro de Jesus,GO,Pantoprazol Pomada 30g - Medley (Genérico),Dermocosméticos
293.85,5,2026-03-26,Thursday ,26,3,1,2026,Arthur Miguel Dias,Parque Kaique da Cruz,Santa Lúcia,Brito da Mata,BA,Loratadina 1g - 10 Comprimidos - Neo Química (Genérico),Primeiros Socorros
248.72,4,2026-03-09,Monday   ,9,3,1,2026,Diogo das Neves,Praça da Conceição,Nova Vista,Barros,SC,Pantoprazol 500mg - 20 Comprimidos - Bayer,Fitoterápicos
241.98,1,2024-10-30,Wednesday,30,10,4,2024,Leandro Fogaça,Via Enzo Gabriel Cavalcante,Santa Lúcia,Nunes,AC,Escitalopram Suspensão Oral 50ml - Eurofarma,Vitaminas e Suplementos
196.84,4,2025-11-08,Saturday ,8,11,4,2025,Sophia Santos,Condomínio de da Rosa,Barão Homem De Melo 3ª Seção,Barros de Sousa,RS,Vacina contra Câncer de Próstata - Reforço,Nutrição Infantil
178.68,3,2025-03-10,Monday   ,10,3,1,2025,Marcela Correia,Ladeira de Ribeiro,Esperança,da Costa,PR,Vacina contra Câncer de Próstata - Dose Única,Dermocosméticos
89.85,1,2025-10-24,Friday   ,24,10,4,2025,Raul Sampaio,Núcleo Carvalho,Vila Madre Gertrudes 1ª Seção,da Costa,PR,Sildenafila Pomada 30g - Aché,Higiene Pessoal
162.46,1,2026-05-25,Monday   ,25,5,2,2026,Maria Luísa da Cunha,Ladeira Câmara,Esplanada,Gonçalves das Pedras,PR,Protetor Solar Corporal Sempre Livre 50 Metros,Aparelhos Médicos
209.02,1,2024-11-12,Tuesday  ,12,11,4,2024,Isaac Brito,Sítio Maitê Cavalcanti,Vila Nova Cachoeirinha 1ª Seção,Rios,AP,Creme Hidratante Mió 90g,Nutrição Infantil
141.48,1,2025-09-18,Thursday ,18,9,3,2025,Rael Dias,Feira da Luz,Vila São Gabriel Jacui,da Rosa,AP,Vacina contra Depressão - Dose Única,Produtos Ortopédicos
969.44,4,2025-05-05,Monday   ,5,5,2,2025,Emilly Araújo,Distrito de Marques,Alta Tensão 1ª Seção,Barbosa,CE,Atenolol 50mg - 30 Comprimidos - EMS (Genérico),Dermocosméticos
117.32,4,2024-12-28,Saturday ,28,12,4,2024,Vitória Sampaio,Rodovia de Lopes,Vila Tirol,Moraes,DF,Condicionador Hidratação Huggies 400ml,Antialérgicos
676.48,4,2026-04-01,Wednesday,1,4,2,2026,Joana Novais,Lago de Moraes,Manacas,Sá,RR,Vacina contra Diabetes Tipo 1 - Reforço,Analgésicos
818.2,4,2026-08-26,Wednesday,26,8,3,2026,Gabrielly Lopes,Área de Lima,Vila Formosa,Machado da Serra,MS,Escitalopram Xarope 120ml - Neo Química (Genérico),Vitaminas e Suplementos
226.05,5,2025-01-22,Wednesday,22,1,1,2025,Elisa Brito,Praia Maria Julia Cavalcanti,Ribeiro De Abreu,Moraes do Galho,PA,Vacina contra Osteoporose - Reforço,Antibióticos
173.27,1,2025-08-13,Wednesday,13,8,3,2025,Asafe Melo,Parque João Vitor Lopes,Guaratã,Sá,RR,Escitalopram 500mg - 20 Comprimidos - Medley (Genérico),Fitoterápicos
144.48,1,2026-02-08,Sunday   ,8,2,1,2026,Ravi Lucca da Conceição,Morro Rezende,Universo,Duarte,AL,Hidroclorotiazida 500mg - 20 Comprimidos - Aché,Antidepressivos
539.96,4,2026-07-24,Friday   ,24,7,3,2026,Maitê Pires,Passarela de Fonseca,Andiroba,Duarte,AL,Loratadina 25mg - 30 Comprimidos - Aché,Analgésicos
194.43,3,2026-01-30,Friday   ,30,1,1,2026,Anthony Gabriel Siqueira,Trecho Cirino,Vila São Gabriel,Nunes do Sul,MA,Vacina contra Hipotensão - Reforço,Antidepressivos
296.56,2,2025-11-29,Saturday ,29,11,4,2025,Sra. Eloah Nascimento,Morro de Macedo,Vila Da Paz,Barros,TO,Pantoprazol 50mg - 30 Comprimidos - Bayer,Saúde Bucal
503.72,4,2024-09-23,Monday   ,23,9,3,2024,Dr. Thomas Abreu,Campo Gomes,Minaslandia,Macedo de Martins,PR,Soro Fisiológico CeraVe 150ml,Homeopatia
81.03,3,2025-01-31,Friday   ,31,1,1,2025,Dr. Murilo Casa Grande,Vale Igor Dias,São Gonçalo,Barbosa dos Dourados,RN,Ibuprofeno 25mg - 30 Comprimidos - Bayer,Dermocosméticos
699.08,4,2025-07-06,Sunday   ,6,7,3,2025,Srta. Elisa Mendes,Distrito de Vieira,Braúnas,Ferreira de Sampaio,PB,Losartana Potássica Suspensão Oral 50ml - Aché,Vitaminas e Suplementos
